=== TABLE: busy ===agent_id,type,GpuTime,WallTime,Busy
1,GPU,105645177,2775015508,0.0380701213003816

=== TABLE: rocpd_info_kernel_symbol ===id,guid,nid,pid,code_object_id,kernel_name,display_name,kernel_object,kernarg_segment_size,kernarg_segment_alignment,group_segment_size,private_segment_size,sgpr_count,arch_vgpr_count,accum_vgpr_count,extdata
1,00003ca6-1b52-7b52-92d5-664333880026,1655282045,1291809,1,__amd_rocclr_initHeap.kd,__amd_rocclr_initHeap,130715340104448,24,16,0,0,128,16,0,"{""size"":88,""kernel_id"":1,""code_object_id"":1,""kernel_name"":""__amd_rocclr_initHeap.kd"",""kernel_object"":130715340104448,""kernarg_segment_size"":24,""kernarg_segment_alignment"":16,""group_segment_size"":0,""private_segment_size"":0,""sgpr_count"":128,""arch_vgpr_count"":16,""accum_vgpr_count"":0,""kernel_code_entry_byte_offset"":16896,""kernel_address"":{""handle"":130715340121344},""formatted_kernel_name"":""__amd_rocclr_initHeap"",""demangled_kernel_name"":""__amd_rocclr_initHeap.kd"",""truncated_kernel_name"":""__amd_rocclr_initHeap.kd""}"
2,00003ca6-1b52-7b52-92d5-664333880026,1655282045,1291809,1,__amd_rocclr_streamOpsDecrement.kd,__amd_rocclr_streamOpsDecrement,130715340104320,24,16,0,0,128,8,0,"{""size"":88,""kernel_id"":2,""code_object_id"":1,""kernel_name"":""__amd_rocclr_streamOpsDecrement.kd"",""kernel_object"":130715340104320,""kernarg_segment_size"":24,""kernarg_segment_alignment"":16,""group_segment_size"":0,""private_segment_size"":0,""sgpr_count"":128,""arch_vgpr_count"":8,""accum_vgpr_count"":0,""kernel_code_entry_byte_offset"":16000,""kernel_address"":{""handle"":130715340120320},""formatted_kernel_name"":""__amd_rocclr_streamOpsDecrement"",""demangled_kernel_name"":""__amd_rocclr_streamOpsDecrement.kd"",""truncated_kernel_name"":""__amd_rocclr_streamOpsDecrement.kd""}"
3,00003ca6-1b52-7b52-92d5-664333880026,1655282045,1291809,1,__amd_rocclr_fillBufferAligned.kd,__amd_rocclr_fillBufferAligned,130715340103424,40,16,0,0,128,16,0,"{""size"":88,""kernel_id"":3,""code_object_id"":1,""kernel_name"":""__amd_rocclr_fillBufferAligned.kd"",""kernel_object"":130715340103424,""kernarg_segment_size"":40,""kernarg_segment_alignment"":16,""group_segment_size"":0,""private_segment_size"":0,""sgpr_count"":128,""arch_vgpr_count"":16,""accum_vgpr_count"":0,""kernel_code_entry_byte_offset"":5376,""kernel_address"":{""handle"":130715340108800},""formatted_kernel_name"":""__amd_rocclr_fillBufferAligned"",""demangled_kernel_name"":""__amd_rocclr_fillBufferAligned.kd"",""truncated_kernel_name"":""__amd_rocclr_fillBufferAligned.kd""}"
4,00003ca6-1b52-7b52-92d5-664333880026,1655282045,1291809,1,__amd_rocclr_streamOpsIncrement.kd,__amd_rocclr_streamOpsIncrement,130715340104256,24,16,0,0,128,8,0,"{""size"":88,""kernel_id"":4,""code_object_id"":1,""kernel_name"":""__amd_rocclr_streamOpsIncrement.kd"",""kernel_object"":130715340104256,""kernarg_segment_size"":24,""kernarg_segment_alignment"":16,""group_segment_size"":0,""private_segment_size"":0,""sgpr_count"":128,""arch_vgpr_count"":8,""accum_vgpr_count"":0,""kernel_code_entry_byte_offset"":15808,""kernel_address"":{""handle"":130715340120064},""formatted_kernel_name"":""__amd_rocclr_streamOpsIncrement"",""demangled_kernel_name"":""__amd_rocclr_streamOpsIncrement.kd"",""truncated_kernel_name"":""__amd_rocclr_streamOpsIncrement.kd""}"
5,00003ca6-1b52-7b52-92d5-664333880026,1655282045,1291809,1,__amd_rocclr_fillBufferAligned2D.kd,__amd_rocclr_fillBufferAligned2D,130715340103488,336,16,0,0,128,8,0,"{""size"":88,""kernel_id"":5,""code_object_id"":1,""kernel_name"":""__amd_rocclr_fillBufferAligned2D.kd"",""kernel_object"":130715340103488,""kernarg_segment_size"":336,""kernarg_segment_alignment"":16,""group_segment_size"":0,""private_segment_size"":0,""sgpr_count"":128,""arch_vgpr_count"":8,""accum_vgpr_count"":0,""kernel_code_entry_byte_offset"":6848,""kernel_address"":{""handle"":130715340110336},""formatted_kernel_name"":""__amd_rocclr_fillBufferAligned2D"",""demangled_kernel_name"":""__amd_rocclr_fillBufferAligned2D.kd"",""truncated_kernel_name"":""__amd_rocclr_fillBufferAligned2D.kd""}"
6,00003ca6-1b52-7b52-92d5-664333880026,1655282045,1291809,1,__amd_rocclr_copyBufferToImage.kd,__amd_rocclr_copyBufferToImage,130715340104064,416,16,0,0,128,16,0,"{""size"":88,""kernel_id"":6,""code_object_id"":1,""kernel_name"":""__amd_rocclr_copyBufferToImage.kd"",""kernel_object"":130715340104064,""kernarg_segment_size"":416,""kernarg_segment_alignment"":16,""group_segment_size"":0,""private_segment_size"":0,""sgpr_count"":128,""arch_vgpr_count"":16,""accum_vgpr_count"":0,""kernel_code_entry_byte_offset"":13184,""kernel_address"":{""handle"":130715340117248},""formatted_kernel_name"":""__amd_rocclr_copyBufferToImage"",""demangled_kernel_name"":""__amd_rocclr_copyBufferToImage.kd"",""truncated_kernel_name"":""__amd_rocclr_copyBufferToImage.kd""}"
7,00003ca6-1b52-7b52-92d5-664333880026,1655282045,1291809,1,__amd_rocclr_copyBuffer.kd,__amd_rocclr_copyBuffer,130715340103552,48,16,0,0,128,16,0,"{""size"":88,""kernel_id"":7,""code_object_id"":1,""kernel_name"":""__amd_rocclr_copyBuffer.kd"",""kernel_object"":130715340103552,""kernarg_segment_size"":48,""kernarg_segment_alignment"":16,""group_segment_size"":0,""private_segment_size"":0,""sgpr_count"":128,""arch_vgpr_count"":16,""accum_vgpr_count"":0,""kernel_code_entry_byte_offset"":7552,""kernel_address"":{""handle"":130715340111104},""formatted_kernel_name"":""__amd_rocclr_copyBuffer"",""demangled_kernel_name"":""__amd_rocclr_copyBuffer.kd"",""truncated_kernel_name"":""__amd_rocclr_copyBuffer.kd""}"
8,00003ca6-1b52-7b52-92d5-664333880026,1655282045,1291809,1,__amd_rocclr_copyBufferAligned.kd,__amd_rocclr_copyBufferAligned,130715340103616,304,16,0,0,128,8,0,"{""size"":88,""kernel_id"":8,""code_object_id"":1,""kernel_name"":""__amd_rocclr_copyBufferAligned.kd"",""kernel_object"":130715340103616,""kernarg_segment_size"":304,""kernarg_segment_alignment"":16,""group_segment_size"":0,""private_segment_size"":0,""sgpr_count"":128,""arch_vgpr_count"":8,""accum_vgpr_count"":0,""kernel_code_entry_byte_offset"":8256,""kernel_address"":{""handle"":130715340111872},""formatted_kernel_name"":""__amd_rocclr_copyBufferAligned"",""demangled_kernel_name"":""__amd_rocclr_copyBufferAligned.kd"",""truncated_kernel_name"":""__amd_rocclr_copyBufferAligned.kd""}"
9,00003ca6-1b52-7b52-92d5-664333880026,1655282045,1291809,1,__amd_rocclr_streamOpsWait.kd,__amd_rocclr_streamOpsWait,130715340104384,40,16,0,0,128,8,0,"{""size"":88,""kernel_id"":9,""code_object_id"":1,""kernel_name"":""__amd_rocclr_streamOpsWait.kd"",""kernel_object"":130715340104384,""kernarg_segment_size"":40,""kernarg_segment_alignment"":16,""group_segment_size"":0,""private_segment_size"":0,""sgpr_count"":128,""arch_vgpr_count"":8,""accum_vgpr_count"":0,""kernel_code_entry_byte_offset"":16192,""kernel_address"":{""handle"":130715340120576},""formatted_kernel_name"":""__amd_rocclr_streamOpsWait"",""demangled_kernel_name"":""__amd_rocclr_streamOpsWait.kd"",""truncated_kernel_name"":""__amd_rocclr_streamOpsWait.kd""}"
10,00003ca6-1b52-7b52-92d5-664333880026,1655282045,1291809,1,__amd_rocclr_copyImage.kd,__amd_rocclr_copyImage,130715340103936,320,16,0,0,128,8,0,"{""size"":88,""kernel_id"":10,""code_object_id"":1,""kernel_name"":""__amd_rocclr_copyImage.kd"",""kernel_object"":130715340103936,""kernarg_segment_size"":320,""kernarg_segment_alignment"":16,""group_segment_size"":0,""private_segment_size"":0,""sgpr_count"":128,""arch_vgpr_count"":8,""accum_vgpr_count"":0,""kernel_code_entry_byte_offset"":12288,""kernel_address"":{""handle"":130715340116224},""formatted_kernel_name"":""__amd_rocclr_copyImage"",""demangled_kernel_name"":""__amd_rocclr_copyImage.kd"",""truncated_kernel_name"":""__amd_rocclr_copyImage.kd""}"
11,00003ca6-1b52-7b52-92d5-664333880026,1655282045,1291809,1,__amd_rocclr_copyBufferRect.kd,__amd_rocclr_copyBufferRect,130715340103680,384,16,0,0,128,16,0,"{""size"":88,""kernel_id"":11,""code_object_id"":1,""kernel_name"":""__amd_rocclr_copyBufferRect.kd"",""kernel_object"":130715340103680,""kernarg_segment_size"":384,""kernarg_segment_alignment"":16,""group_segment_size"":0,""private_segment_size"":0,""sgpr_count"":128,""arch_vgpr_count"":16,""accum_vgpr_count"":0,""kernel_code_entry_byte_offset"":8704,""kernel_address"":{""handle"":130715340112384},""formatted_kernel_name"":""__amd_rocclr_copyBufferRect"",""demangled_kernel_name"":""__amd_rocclr_copyBufferRect.kd"",""truncated_kernel_name"":""__amd_rocclr_copyBufferRect.kd""}"
12,00003ca6-1b52-7b52-92d5-664333880026,1655282045,1291809,1,__amd_rocclr_copyImage1DA.kd,__amd_rocclr_copyImage1DA,130715340104000,320,16,0,0,128,8,0,"{""size"":88,""kernel_id"":12,""code_object_id"":1,""kernel_name"":""__amd_rocclr_copyImage1DA.kd"",""kernel_object"":130715340104000,""kernarg_segment_size"":320,""kernarg_segment_alignment"":16,""group_segment_size"":0,""private_segment_size"":0,""sgpr_count"":128,""arch_vgpr_count"":8,""accum_vgpr_count"":0,""kernel_code_entry_byte_offset"":12736,""kernel_address"":{""handle"":130715340116736},""formatted_kernel_name"":""__amd_rocclr_copyImage1DA"",""demangled_kernel_name"":""__amd_rocclr_copyImage1DA.kd"",""truncated_kernel_name"":""__amd_rocclr_copyImage1DA.kd""}"
13,00003ca6-1b52-7b52-92d5-664333880026,1655282045,1291809,1,__amd_rocclr_streamOpsWrite.kd,__amd_rocclr_streamOpsWrite,130715340104192,24,16,0,0,128,8,0,"{""size"":88,""kernel_id"":13,""code_object_id"":1,""kernel_name"":""__amd_rocclr_streamOpsWrite.kd"",""kernel_object"":130715340104192,""kernarg_segment_size"":24,""kernarg_segment_alignment"":16,""group_segment_size"":0,""private_segment_size"":0,""sgpr_count"":128,""arch_vgpr_count"":8,""accum_vgpr_count"":0,""kernel_code_entry_byte_offset"":15616,""kernel_address"":{""handle"":130715340119808},""formatted_kernel_name"":""__amd_rocclr_streamOpsWrite"",""demangled_kernel_name"":""__amd_rocclr_streamOpsWrite.kd"",""truncated_kernel_name"":""__amd_rocclr_streamOpsWrite.kd""}"
14,00003ca6-1b52-7b52-92d5-664333880026,1655282045,1291809,1,__amd_rocclr_copyBufferRectAligned.kd,__amd_rocclr_copyBufferRectAligned,130715340103744,384,16,0,0,128,16,0,"{""size"":88,""kernel_id"":14,""code_object_id"":1,""kernel_name"":""__amd_rocclr_copyBufferRectAligned.kd"",""kernel_object"":130715340103744,""kernarg_segment_size"":384,""kernarg_segment_alignment"":16,""group_segment_size"":0,""private_segment_size"":0,""sgpr_count"":128,""arch_vgpr_count"":16,""accum_vgpr_count"":0,""kernel_code_entry_byte_offset"":9152,""kernel_address"":{""handle"":130715340112896},""formatted_kernel_name"":""__amd_rocclr_copyBufferRectAligned"",""demangled_kernel_name"":""__amd_rocclr_copyBufferRectAligned.kd"",""truncated_kernel_name"":""__amd_rocclr_copyBufferRectAligned.kd""}"
15,00003ca6-1b52-7b52-92d5-664333880026,1655282045,1291809,1,__amd_rocclr_batchMemOp.kd,__amd_rocclr_batchMemOp,130715340103808,272,16,0,0,128,8,0,"{""size"":88,""kernel_id"":15,""code_object_id"":1,""kernel_name"":""__amd_rocclr_batchMemOp.kd"",""kernel_object"":130715340103808,""kernarg_segment_size"":272,""kernarg_segment_alignment"":16,""group_segment_size"":0,""private_segment_size"":0,""sgpr_count"":128,""arch_vgpr_count"":8,""accum_vgpr_count"":0,""kernel_code_entry_byte_offset"":9856,""kernel_address"":{""handle"":130715340113664},""formatted_kernel_name"":""__amd_rocclr_batchMemOp"",""demangled_kernel_name"":""__amd_rocclr_batchMemOp.kd"",""truncated_kernel_name"":""__amd_rocclr_batchMemOp.kd""}"
16,00003ca6-1b52-7b52-92d5-664333880026,1655282045,1291809,1,__amd_rocclr_fillImage.kd,__amd_rocclr_fillImage,130715340103872,360,16,0,0,128,16,0,"{""size"":88,""kernel_id"":16,""code_object_id"":1,""kernel_name"":""__amd_rocclr_fillImage.kd"",""kernel_object"":130715340103872,""kernarg_segment_size"":360,""kernarg_segment_alignment"":16,""group_segment_size"":0,""private_segment_size"":0,""sgpr_count"":128,""arch_vgpr_count"":16,""accum_vgpr_count"":0,""kernel_code_entry_byte_offset"":11584,""kernel_address"":{""handle"":130715340115456},""formatted_kernel_name"":""__amd_rocclr_fillImage"",""demangled_kernel_name"":""__amd_rocclr_fillImage.kd"",""truncated_kernel_name"":""__amd_rocclr_fillImage.kd""}"
17,00003ca6-1b52-7b52-92d5-664333880026,1655282045,1291809,1,__amd_rocclr_copyImageToBuffer.kd,__amd_rocclr_copyImageToBuffer,130715340104128,416,16,0,0,128,16,0,"{""size"":88,""kernel_id"":17,""code_object_id"":1,""kernel_name"":""__amd_rocclr_copyImageToBuffer.kd"",""kernel_object"":130715340104128,""kernarg_segment_size"":416,""kernarg_segment_alignment"":16,""group_segment_size"":0,""private_segment_size"":0,""sgpr_count"":128,""arch_vgpr_count"":16,""accum_vgpr_count"":0,""kernel_code_entry_byte_offset"":14400,""kernel_address"":{""handle"":130715340118528},""formatted_kernel_name"":""__amd_rocclr_copyImageToBuffer"",""demangled_kernel_name"":""__amd_rocclr_copyImageToBuffer.kd"",""truncated_kernel_name"":""__amd_rocclr_copyImageToBuffer.kd""}"
18,00003ca6-1b52-7b52-92d5-664333880026,1655282045,1291809,2,gemm_gate_up_mq4g256_lloyd_wmma.kd,gemm_gate_up_mq4g256_lloyd_wmma,130715339982784,56,16,512,0,128,96,0,"{""size"":88,""kernel_id"":18,""code_object_id"":2,""kernel_name"":""gemm_gate_up_mq4g256_lloyd_wmma.kd"",""kernel_object"":130715339982784,""kernarg_segment_size"":56,""kernarg_segment_alignment"":16,""group_segment_size"":512,""private_segment_size"":0,""sgpr_count"":128,""arch_vgpr_count"":96,""accum_vgpr_count"":0,""kernel_code_entry_byte_offset"":4160,""kernel_address"":{""handle"":130715339986944},""formatted_kernel_name"":""gemm_gate_up_mq4g256_lloyd_wmma"",""demangled_kernel_name"":""gemm_gate_up_mq4g256_lloyd_wmma.kd"",""truncated_kernel_name"":""gemm_gate_up_mq4g256_lloyd_wmma.kd""}"
19,00003ca6-1b52-7b52-92d5-664333880026,1655282045,1291809,3,gemm_hfq4g256_residual_fp16.kd,gemm_hfq4g256_residual_fp16,130715336182272,36,16,0,0,128,104,0,"{""size"":88,""kernel_id"":19,""code_object_id"":3,""kernel_name"":""gemm_hfq4g256_residual_fp16.kd"",""kernel_object"":130715336182272,""kernarg_segment_size"":36,""kernarg_segment_alignment"":16,""group_segment_size"":0,""private_segment_size"":0,""sgpr_count"":128,""arch_vgpr_count"":104,""accum_vgpr_count"":0,""kernel_code_entry_byte_offset"":4608,""kernel_address"":{""handle"":130715336186880},""formatted_kernel_name"":""gemm_hfq4g256_residual_fp16"",""demangled_kernel_name"":""gemm_hfq4g256_residual_fp16.kd"",""truncated_kernel_name"":""gemm_hfq4g256_residual_fp16.kd""}"
20,00003ca6-1b52-7b52-92d5-664333880026,1655282045,1291809,3,convert_f32_to_f16.kd,convert_f32_to_f16,130715336182208,20,16,0,0,128,8,0,"{""size"":88,""kernel_id"":20,""code_object_id"":3,""kernel_name"":""convert_f32_to_f16.kd"",""kernel_object"":130715336182208,""kernarg_segment_size"":20,""kernarg_segment_alignment"":16,""group_segment_size"":0,""private_segment_size"":0,""sgpr_count"":128,""arch_vgpr_count"":8,""accum_vgpr_count"":0,""kernel_code_entry_byte_offset"":4416,""kernel_address"":{""handle"":130715336186624},""formatted_kernel_name"":""convert_f32_to_f16"",""demangled_kernel_name"":""convert_f32_to_f16.kd"",""truncated_kernel_name"":""convert_f32_to_f16.kd""}"
21,00003ca6-1b52-7b52-92d5-664333880026,1655282045,1291809,4,gemm_gate_up_mq4g256_lloyd_wmma.kd,gemm_gate_up_mq4g256_lloyd_wmma,130715259914176,56,16,512,0,128,96,0,"{""size"":88,""kernel_id"":21,""code_object_id"":4,""kernel_name"":""gemm_gate_up_mq4g256_lloyd_wmma.kd"",""kernel_object"":130715259914176,""kernarg_segment_size"":56,""kernarg_segment_alignment"":16,""group_segment_size"":512,""private_segment_size"":0,""sgpr_count"":128,""arch_vgpr_count"":96,""accum_vgpr_count"":0,""kernel_code_entry_byte_offset"":4160,""kernel_address"":{""handle"":130715259918336},""formatted_kernel_name"":""gemm_gate_up_mq4g256_lloyd_wmma"",""demangled_kernel_name"":""gemm_gate_up_mq4g256_lloyd_wmma.kd"",""truncated_kernel_name"":""gemm_gate_up_mq4g256_lloyd_wmma.kd""}"
22,00003ca6-1b52-7b52-92d5-664333880026,1655282045,1291809,5,gemm_hfq4g256_residual_fp16.kd,gemm_hfq4g256_residual_fp16,130715135068672,36,16,0,0,128,104,0,"{""size"":88,""kernel_id"":22,""code_object_id"":5,""kernel_name"":""gemm_hfq4g256_residual_fp16.kd"",""kernel_object"":130715135068672,""kernarg_segment_size"":36,""kernarg_segment_alignment"":16,""group_segment_size"":0,""private_segment_size"":0,""sgpr_count"":128,""arch_vgpr_count"":104,""accum_vgpr_count"":0,""kernel_code_entry_byte_offset"":4608,""kernel_address"":{""handle"":130715135073280},""formatted_kernel_name"":""gemm_hfq4g256_residual_fp16"",""demangled_kernel_name"":""gemm_hfq4g256_residual_fp16.kd"",""truncated_kernel_name"":""gemm_hfq4g256_residual_fp16.kd""}"
23,00003ca6-1b52-7b52-92d5-664333880026,1655282045,1291809,5,convert_f32_to_f16.kd,convert_f32_to_f16,130715135068608,20,16,0,0,128,8,0,"{""size"":88,""kernel_id"":23,""code_object_id"":5,""kernel_name"":""convert_f32_to_f16.kd"",""kernel_object"":130715135068608,""kernarg_segment_size"":20,""kernarg_segment_alignment"":16,""group_segment_size"":0,""private_segment_size"":0,""sgpr_count"":128,""arch_vgpr_count"":8,""accum_vgpr_count"":0,""kernel_code_entry_byte_offset"":4416,""kernel_address"":{""handle"":130715135073024},""formatted_kernel_name"":""convert_f32_to_f16"",""demangled_kernel_name"":""convert_f32_to_f16.kd"",""truncated_kernel_name"":""convert_f32_to_f16.kd""}"
24,00003ca6-1b52-7b52-92d5-664333880026,1655282045,1291809,6,gemm_gate_up_mq4g256_lloyd_wmma.kd,gemm_gate_up_mq4g256_lloyd_wmma,130715135002560,56,16,512,0,128,96,0,"{""size"":88,""kernel_id"":24,""code_object_id"":6,""kernel_name"":""gemm_gate_up_mq4g256_lloyd_wmma.kd"",""kernel_object"":130715135002560,""kernarg_segment_size"":56,""kernarg_segment_alignment"":16,""group_segment_size"":512,""private_segment_size"":0,""sgpr_count"":128,""arch_vgpr_count"":96,""accum_vgpr_count"":0,""kernel_code_entry_byte_offset"":4160,""kernel_address"":{""handle"":130715135006720},""formatted_kernel_name"":""gemm_gate_up_mq4g256_lloyd_wmma"",""demangled_kernel_name"":""gemm_gate_up_mq4g256_lloyd_wmma.kd"",""truncated_kernel_name"":""gemm_gate_up_mq4g256_lloyd_wmma.kd""}"
25,00003ca6-1b52-7b52-92d5-664333880026,1655282045,1291809,7,gemm_hfq4g256_residual_fp16.kd,gemm_hfq4g256_residual_fp16,130715134921216,36,16,0,0,128,104,0,"{""size"":88,""kernel_id"":25,""code_object_id"":7,""kernel_name"":""gemm_hfq4g256_residual_fp16.kd"",""kernel_object"":130715134921216,""kernarg_segment_size"":36,""kernarg_segment_alignment"":16,""group_segment_size"":0,""private_segment_size"":0,""sgpr_count"":128,""arch_vgpr_count"":104,""accum_vgpr_count"":0,""kernel_code_entry_byte_offset"":4608,""kernel_address"":{""handle"":130715134925824},""formatted_kernel_name"":""gemm_hfq4g256_residual_fp16"",""demangled_kernel_name"":""gemm_hfq4g256_residual_fp16.kd"",""truncated_kernel_name"":""gemm_hfq4g256_residual_fp16.kd""}"
26,00003ca6-1b52-7b52-92d5-664333880026,1655282045,1291809,7,convert_f32_to_f16.kd,convert_f32_to_f16,130715134921152,20,16,0,0,128,8,0,"{""size"":88,""kernel_id"":26,""code_object_id"":7,""kernel_name"":""convert_f32_to_f16.kd"",""kernel_object"":130715134921152,""kernarg_segment_size"":20,""kernarg_segment_alignment"":16,""group_segment_size"":0,""private_segment_size"":0,""sgpr_count"":128,""arch_vgpr_count"":8,""accum_vgpr_count"":0,""kernel_code_entry_byte_offset"":4416,""kernel_address"":{""handle"":130715134925568},""formatted_kernel_name"":""convert_f32_to_f16"",""demangled_kernel_name"":""convert_f32_to_f16.kd"",""truncated_kernel_name"":""convert_f32_to_f16.kd""}"

=== TABLE: rocpd_info_pmc ===id,guid,nid,pid,agent_id,target_arch,event_code,instance_id,name,symbol,description,long_description,component,units,value_type,block,expression,is_constant,is_derived,extdata
3101,00003ca6-1b52-7b52-92d5-664333880026,1655282045,1291809,1,GPU,,,SQ_BUSY_CYCLES,SQ_BUSY_CYCLES,"Number of clock cycles there are active waves in a shader engine (as reported by the distributed sequencer). This value does not denote the number of active waves, only the clock cycle in which any wave is present in a SE. This value is returned on a per-shader engine basis in clock cycles.","",rocm,"",ABS,SQ,"",0,0,"{""size"":312,""id"":{""handle"":36767},""type"":2,""cpu_cores_count"":0,""simd_count"":80,""mem_banks_count"":1,""caches_count"":86,""io_links_count"":1,""cpu_core_id_base"":0,""simd_id_base"":2147487744,""max_waves_per_simd"":16,""lds_size_in_kb"":64,""gds_size_in_kb"":0,""num_gws"":64,""wave_front_size"":32,""num_xcc"":1,""cu_count"":40,""array_count"":4,""num_shader_banks"":2,""simd_arrays_per_engine"":2,""cu_per_simd_array"":10,""simd_per_cu"":2,""max_slots_scratch_cu"":32,""gfx_target_version"":110501,""vendor_id"":4098,""device_id"":5510,""location_id"":50432,""domain"":0,""drm_render_minor"":128,""num_sdma_engines"":1,""num_sdma_xgmi_engines"":0,""num_sdma_queues_per_engine"":6,""num_cp_queues"":8,""max_engine_clk_ccompute"":5187,""max_engine_clk_fcompute"":2900,""sdma_fw_version"":{""uCodeSDMA"":14,""uCodeRes"":0},""fw_version"":{""uCode"":32,""Major"":0,""Minor"":0,""Stepping"":0},""capability"":{""HotPluggable"":0,""HSAMMUPresent"":0,""SharedWithGraphics"":0,""QueueSizePowerOfTwo"":0,""QueueSize32bit"":0,""QueueIdleEvent"":0,""VALimit"":0,""WatchPointsSupported"":1,""WatchPointsTotalBits"":2,""DoorbellType"":2,""AQLQueueDoubleMap"":0,""DebugTrapSupported"":1,""WaveLaunchTrapOverrideSupported"":1,""WaveLaunchModeSupported"":1,""PreciseMemoryOperationsSupported"":0,""DEPRECATED_SRAM_EDCSupport"":0,""Mem_EDCSupport"":0,""RASEventNotify"":0,""ASICRevision"":0,""SRAM_EDCSupport"":0,""SVMAPISupported"":1,""CoherentHostAccess"":0,""DebugSupportedFirmware"":1},""cu_per_engine"":20,""max_waves_per_cu"":32,""family_id"":150,""workgroup_max_size"":1024,""grid_max_size"":4294967295,""local_mem_size"":0,""hive_id"":0,""gpu_id"":35128,""workgroup_max_dim"":{""x"":1024,""y"":1024,""z"":1024},""grid_max_dim"":{""x"":2147483647,""y"":65535,""z"":65535},""name"":""gfx1151"",""vendor_name"":""AMD"",""product_name"":""Radeon 8060S Graphics"",""model_name"":""ip discovery"",""node_id"":1,""logical_node_id"":1,""logical_node_type_id"":0,""runtime_visibility"":{""hsa"":1,""hip"":1,""rccl"":1,""rocdecode"":1},""uuid"":{""bytes"":{""value0"":0,""value1"":0,""value2"":0,""value3"":0,""value4"":0,""value5"":0,""value6"":0,""value7"":0,""value8"":0,""value9"":0,""value10"":0,""value11"":0,""value12"":0,""value13"":0,""value14"":0,""value15"":0}},""mem_banks"":[{""heap_type"":1,""flags"":{""HotPluggable"":0,""NonVolatile"":0},""width"":256,""mem_clk_max"":1000,""size_in_bytes"":137438953472}],""caches"":[{""processor_id_low"":2147487744,""size"":32,""level"":1,""cache_line_size"":128,""cache_lines_per_tag"":0,""association"":0,""latency"":0,""type"":{""Data"":1,""Instruction"":0,""CPU"":0,""HSACU"":1}},{""processor_id_low"":2147487745,""size"":32,""level"":1,""cache_line_size"":128,""cache_lines_per_tag"":0,""association"":0,""latency"":0,""type"":{""Data"":1,""Instruction"":0,""CPU"":0,""HSACU"":1}},{""processor_id_low"":2147487746,""size"":32,""level"":1,""cache_line_size"":128,""cache_lines_per_tag"":0,""association"":0,""latency"":0,""type"":{""Data"":1,""Instruction"":0,""CPU"":0,""HSACU"":1}},{""processor_id_low"":2147487747,""size"":32,""level"":1,""cache_line_size"":128,""cache_lines_per_tag"":0,""association"":0,""latency"":0,""type"":{""Data"":1,""Instruction"":0,""CPU"":0,""HSACU"":1}},{""processor_id_low"":2147487748,""size"":32,""level"":1,""cache_line_size"":128,""cache_lines_per_tag"":0,""association"":0,""latency"":0,""type"":{""Data"":1,""Instruction"":0,""CPU"":0,""HSACU"":1}},{""processor_id_low"":2147487749,""size"":32,""level"":1,""cache_line_size"":128,""cache_lines_per_tag"":0,""association"":0,""latency"":0,""type"":{""Data"":1,""Instruction"":0,""CPU"":0,""HSACU"":1}},{""processor_id_low"":2147487750,""size"":32,""level"":1,""cache_line_size"":128,""cache_lines_per_tag"":0,""association"":0,""latency"":0,""type"":{""Data"":1,""Instruction"":0,""CPU"":0,""HSACU"":1}},{""processor_id_low"":2147487751,""size"":32,""level"":1,""cache_line_size"":128,""cache_lines_per_tag"":0,""association"":0,""latency"":0,""type"":{""Data"":1,""Instruction"":0,""CPU"":0,""HSACU"":1}},{""processor_id_low"":2147487752,""size"":32,""level"":1,""cache_line_size"":128,""cache_lines_per_tag"":0,""association"":0,""latency"":0,""type"":{""Data"":1,""Instruction"":0,""CPU"":0,""HSACU"":1}},{""processor_id_low"":2147487753,""size"":32,""level"":1,""cache_line_size"":128,""cache_lines_per_tag"":0,""association"":0,""latency"":0,""type"":{""Data"":1,""Instruction"":0,""CPU"":0,""HSACU"":1}},{""processor_id_low"":2147487754,""size"":32,""level"":1,""cache_line_size"":128,""cache_lines_per_tag"":0,""association"":0,""latency"":0,""type"":{""Data"":1,""Instruction"":0,""CPU"":0,""HSACU"":1}},{""processor_id_low"":2147487755,""size"":32,""level"":1,""cache_line_size"":128,""cache_lines_per_tag"":0,""association"":0,""latency"":0,""type"":{""Data"":1,""Instruction"":0,""CPU"":0,""HSACU"":1}},{""processor_id_low"":2147487756,""size"":32,""level"":1,""cache_line_size"":128,""cache_lines_per_tag"":0,""association"":0,""latency"":0,""type"":{""Data"":1,""Instruction"":0,""CPU"":0,""HSACU"":1}},{""processor_id_low"":2147487757,""size"":32,""level"":1,""cache_line_size"":128,""cache_lines_per_tag"":0,""association"":0,""latency"":0,""type"":{""Data"":1,""Instruction"":0,""CPU"":0,""HSACU"":1}},{""processor_id_low"":2147487758,""size"":32,""level"":1,""cache_line_size"":128,""cache_lines_per_tag"":0,""association"":0,""latency"":0,""type"":{""Data"":1,""Instruction"":0,""CPU"":0,""HSACU"":1}},{""processor_id_low"":2147487759,""size"":32,""level"":1,""cache_line_size"":128,""cache_lines_per_tag"":0,""association"":0,""latency"":0,""type"":{""Data"":1,""Instruction"":0,""CPU"":0,""HSACU"":1}},{""processor_id_low"":2147487760,""size"":32,""level"":1,""cache_line_size"":128,""cache_lines_per_tag"":0,""association"":0,""latency"":0,""type"":{""Data"":1,""Instruction"":0,""CPU"":0,""HSACU"":1}},{""processor_id_low"":2147487761,""size"":32,""level"":1,""cache_line_size"":128,""cache_lines_per_tag"":0,""association"":0,""latency"":0,""type"":{""Data"":1,""Instruction"":0,""CPU"":0,""HSACU"":1}},{""processor_id_low"":2147487762,""size"":32,""level"":1,""cache_line_size"":128,""cache_lines_per_tag"":0,""association"":0,""latency"":0,""type"":{""Data"":1,""Instruction"":0,""CPU"":0,""HSACU"":1}},{""processor_id_low"":2147487763,""size"":32,""level"":1,""cache_line_size"":128,""cache_lines_per_tag"":0,""association"":0,""latency"":0,""type"":{""Data"":1,""Instruction"":0,""CPU"":0,""HSACU"":1}},{""processor_id_low"":2147487764,""size"":32,""level"":1,""cache_line_size"":128,""cache_lines_per_tag"":0,""association"":0,""latency"":0,""type"":{""Data"":1,""Instruction"":0,""CPU"":0,""HSACU"":1}},{""processor_id_low"":2147487765,""size"":32,""level"":1,""cache_line_size"":128,""cache_lines_per_tag"":0,""association"":0,""latency"":0,""type"":{""Data"":1,""Instruction"":0,""CPU"":0,""HSACU"":1}},{""processor_id_low"":2147487766,""size"":32,""level"":1,""cache_line_size"":128,""cache_lines_per_tag"":0,""association"":0,""latency"":0,""type"":{""Data"":1,""Instruction"":0,""CPU"":0,""HSACU"":1}},{""processor_id_low"":2147487767,""size"":32,""level"":1,""cache_line_size"":128,""cache_lines_per_tag"":0,""association"":0,""latency"":0,""type"":{""Data"":1,""Instruction"":0,""CPU"":0,""HSACU"":1}},{""processor_id_low"":2147487768,""size"":32,""level"":1,""cache_line_size"":128,""cache_lines_per_tag"":0,""association"":0,""latency"":0,""type"":{""Data"":1,""Instruction"":0,""CPU"":0,""HSACU"":1}},{""processor_id_low"":2147487769,""size"":32,""level"":1,""cache_line_size"":128,""cache_lines_per_tag"":0,""association"":0,""latency"":0,""type"":{""Data"":1,""Instruction"":0,""CPU"":0,""HSACU"":1}},{""processor_id_low"":2147487770,""size"":32,""level"":1,""cache_line_size"":128,""cache_lines_per_tag"":0,""association"":0,""latency"":0,""type"":{""Data"":1,""Instruction"":0,""CPU"":0,""HSACU"":1}},{""processor_id_low"":2147487771,""size"":32,""level"":1,""cache_line_size"":128,""cache_lines_per_tag"":0,""association"":0,""latency"":0,""type"":{""Data"":1,""Instruction"":0,""CPU"":0,""HSACU"":1}},{""processor_id_low"":2147487772,""size"":32,""level"":1,""cache_line_size"":128,""cache_lines_per_tag"":0,""association"":0,""latency"":0,""type"":{""Data"":1,""Instruction"":0,""CPU"":0,""HSACU"":1}},{""processor_id_low"":2147487773,""size"":32,""level"":1,""cache_line_size"":128,""cache_lines_per_tag"":0,""association"":0,""latency"":0,""type"":{""Data"":1,""Instruction"":0,""CPU"":0,""HSACU"":1}},{""processor_id_low"":2147487774,""size"":32,""level"":1,""cache_line_size"":128,""cache_lines_per_tag"":0,""association"":0,""latency"":0,""type"":{""Data"":1,""Instruction"":0,""CPU"":0,""HSACU"":1}},{""processor_id_low"":2147487775,""size"":32,""level"":1,""cache_line_size"":128,""cache_lines_per_tag"":0,""association"":0,""latency"":0,""type"":{""Data"":1,""Instruction"":0,""CPU"":0,""HSACU"":1}},{""processor_id_low"":2147487776,""size"":32,""level"":1,""cache_line_size"":128,""cache_lines_per_tag"":0,""association"":0,""latency"":0,""type"":{""Data"":1,""Instruction"":0,""CPU"":0,""HSACU"":1}},{""processor_id_low"":2147487777,""size"":32,""level"":1,""cache_line_size"":128,""cache_lines_per_tag"":0,""association"":0,""latency"":0,""type"":{""Data"":1,""Instruction"":0,""CPU"":0,""HSACU"":1}},{""processor_id_low"":2147487778,""size"":32,""level"":1,""cache_line_size"":128,""cache_lines_per_tag"":0,""association"":0,""latency"":0,""type"":{""Data"":1,""Instruction"":0,""CPU"":0,""HSACU"":1}},{""processor_id_low"":2147487779,""size"":32,""level"":1,""cache_line_size"":128,""cache_lines_per_tag"":0,""association"":0,""latency"":0,""type"":{""Data"":1,""Instruction"":0,""CPU"":0,""HSACU"":1}},{""processor_id_low"":2147487780,""size"":32,""level"":1,""cache_line_size"":128,""cache_lines_per_tag"":0,""association"":0,""latency"":0,""type"":{""Data"":1,""Instruction"":0,""CPU"":0,""HSACU"":1}},{""processor_id_low"":2147487781,""size"":32,""level"":1,""cache_line_size"":128,""cache_lines_per_tag"":0,""association"":0,""latency"":0,""type"":{""Data"":1,""Instruction"":0,""CPU"":0,""HSACU"":1}},{""processor_id_low"":2147487782,""size"":32,""level"":1,""cache_line_size"":128,""cache_lines_per_tag"":0,""association"":0,""latency"":0,""type"":{""Data"":1,""Instruction"":0,""CPU"":0,""HSACU"":1}},{""processor_id_low"":2147487783,""size"":32,""level"":1,""cache_line_size"":128,""cache_lines_per_tag"":0,""association"":0,""latency"":0,""type"":{""Data"":1,""Instruction"":0,""CPU"":0,""HSACU"":1}},{""processor_id_low"":2147487744,""size"":32,""level"":1,""cache_line_size"":128,""cache_lines_per_tag"":0,""association"":0,""latency"":0,""type"":{""Data"":0,""Instruction"":1,""CPU"":0,""HSACU"":1}},{""processor_id_low"":2147487746,""size"":32,""level"":1,""cache_line_size"":128,""cache_lines_per_tag"":0,""association"":0,""latency"":0,""type"":{""Data"":0,""Instruction"":1,""CPU"":0,""HSACU"":1}},{""processor_id_low"":2147487748,""size"":32,""level"":1,""cache_line_size"":128,""cache_lines_per_tag"":0,""association"":0,""latency"":0,""type"":{""Data"":0,""Instruction"":1,""CPU"":0,""HSACU"":1}},{""processor_id_low"":2147487750,""size"":32,""level"":1,""cache_line_size"":128,""cache_lines_per_tag"":0,""association"":0,""latency"":0,""type"":{""Data"":0,""Instruction"":1,""CPU"":0,""HSACU"":1}},{""processor_id_low"":2147487752,""size"":32,""level"":1,""cache_line_size"":128,""cache_lines_per_tag"":0,""association"":0,""latency"":0,""type"":{""Data"":0,""Instruction"":1,""CPU"":0,""HSACU"":1}},{""processor_id_low"":2147487754,""size"":32,""level"":1,""cache_line_size"":128,""cache_lines_per_tag"":0,""association"":0,""latency"":0,""type"":{""Data"":0,""Instruction"":1,""CPU"":0,""HSACU"":1}},{""processor_id_low"":2147487756,""size"":32,""level"":1,""cache_line_size"":128,""cache_lines_per_tag"":0,""association"":0,""latency"":0,""type"":{""Data"":0,""Instruction"":1,""CPU"":0,""HSACU"":1}},{""processor_id_low"":2147487758,""size"":32,""level"":1,""cache_line_size"":128,""cache_lines_per_tag"":0,""association"":0,""latency"":0,""type"":{""Data"":0,""Instruction"":1,""CPU"":0,""HSACU"":1}},{""processor_id_low"":2147487760,""size"":32,""level"":1,""cache_line_size"":128,""cache_lines_per_tag"":0,""association"":0,""latency"":0,""type"":{""Data"":0,""Instruction"":1,""CPU"":0,""HSACU"":1}},{""processor_id_low"":2147487762,""size"":32,""level"":1,""cache_line_size"":128,""cache_lines_per_tag"":0,""association"":0,""latency"":0,""type"":{""Data"":0,""Instruction"":1,""CPU"":0,""HSACU"":1}},{""processor_id_low"":2147487764,""size"":32,""level"":1,""cache_line_size"":128,""cache_lines_per_tag"":0,""association"":0,""latency"":0,""type"":{""Data"":0,""Instruction"":1,""CPU"":0,""HSACU"":1}},{""processor_id_low"":2147487766,""size"":32,""level"":1,""cache_line_size"":128,""cache_lines_per_tag"":0,""association"":0,""latency"":0,""type"":{""Data"":0,""Instruction"":1,""CPU"":0,""HSACU"":1}},{""processor_id_low"":2147487768,""size"":32,""level"":1,""cache_line_size"":128,""cache_lines_per_tag"":0,""association"":0,""latency"":0,""type"":{""Data"":0,""Instruction"":1,""CPU"":0,""HSACU"":1}},{""processor_id_low"":2147487770,""size"":32,""level"":1,""cache_line_size"":128,""cache_lines_per_tag"":0,""association"":0,""latency"":0,""type"":{""Data"":0,""Instruction"":1,""CPU"":0,""HSACU"":1}},{""processor_id_low"":2147487772,""size"":32,""level"":1,""cache_line_size"":128,""cache_lines_per_tag"":0,""association"":0,""latency"":0,""type"":{""Data"":0,""Instruction"":1,""CPU"":0,""HSACU"":1}},{""processor_id_low"":2147487774,""size"":32,""level"":1,""cache_line_size"":128,""cache_lines_per_tag"":0,""association"":0,""latency"":0,""type"":{""Data"":0,""Instruction"":1,""CPU"":0,""HSACU"":1}},{""processor_id_low"":2147487776,""size"":32,""level"":1,""cache_line_size"":128,""cache_lines_per_tag"":0,""association"":0,""latency"":0,""type"":{""Data"":0,""Instruction"":1,""CPU"":0,""HSACU"":1}},{""processor_id_low"":2147487778,""size"":32,""level"":1,""cache_line_size"":128,""cache_lines_per_tag"":0,""association"":0,""latency"":0,""type"":{""Data"":0,""Instruction"":1,""CPU"":0,""HSACU"":1}},{""processor_id_low"":2147487780,""size"":32,""level"":1,""cache_line_size"":128,""cache_lines_per_tag"":0,""association"":0,""latency"":0,""type"":{""Data"":0,""Instruction"":1,""CPU"":0,""HSACU"":1}},{""processor_id_low"":2147487782,""size"":32,""level"":1,""cache_line_size"":128,""cache_lines_per_tag"":0,""association"":0,""latency"":0,""type"":{""Data"":0,""Instruction"":1,""CPU"":0,""HSACU"":1}},{""processor_id_low"":2147487744,""size"":16,""level"":1,""cache_line_size"":64,""cache_lines_per_tag"":0,""association"":0,""latency"":0,""type"":{""Data"":1,""Instruction"":0,""CPU"":0,""HSACU"":1}},{""processor_id_low"":2147487746,""size"":16,""level"":1,""cache_line_size"":64,""cache_lines_per_tag"":0,""association"":0,""latency"":0,""type"":{""Data"":1,""Instruction"":0,""CPU"":0,""HSACU"":1}},{""processor_id_low"":2147487748,""size"":16,""level"":1,""cache_line_size"":64,""cache_lines_per_tag"":0,""association"":0,""latency"":0,""type"":{""Data"":1,""Instruction"":0,""CPU"":0,""HSACU"":1}},{""processor_id_low"":2147487750,""size"":16,""level"":1,""cache_line_size"":64,""cache_lines_per_tag"":0,""association"":0,""latency"":0,""type"":{""Data"":1,""Instruction"":0,""CPU"":0,""HSACU"":1}},{""processor_id_low"":2147487752,""size"":16,""level"":1,""cache_line_size"":64,""cache_lines_per_tag"":0,""association"":0,""latency"":0,""type"":{""Data"":1,""Instruction"":0,""CPU"":0,""HSACU"":1}},{""processor_id_low"":2147487754,""size"":16,""level"":1,""cache_line_size"":64,""cache_lines_per_tag"":0,""association"":0,""latency"":0,""type"":{""Data"":1,""Instruction"":0,""CPU"":0,""HSACU"":1}},{""processor_id_low"":2147487756,""size"":16,""level"":1,""cache_line_size"":64,""cache_lines_per_tag"":0,""association"":0,""latency"":0,""type"":{""Data"":1,""Instruction"":0,""CPU"":0,""HSACU"":1}},{""processor_id_low"":2147487758,""size"":16,""level"":1,""cache_line_size"":64,""cache_lines_per_tag"":0,""association"":0,""latency"":0,""type"":{""Data"":1,""Instruction"":0,""CPU"":0,""HSACU"":1}},{""processor_id_low"":2147487760,""size"":16,""level"":1,""cache_line_size"":64,""cache_lines_per_tag"":0,""association"":0,""latency"":0,""type"":{""Data"":1,""Instruction"":0,""CPU"":0,""HSACU"":1}},{""processor_id_low"":2147487762,""size"":16,""level"":1,""cache_line_size"":64,""cache_lines_per_tag"":0,""association"":0,""latency"":0,""type"":{""Data"":1,""Instruction"":0,""CPU"":0,""HSACU"":1}},{""processor_id_low"":2147487764,""size"":16,""level"":1,""cache_line_size"":64,""cache_lines_per_tag"":0,""association"":0,""latency"":0,""type"":{""Data"":1,""Instruction"":0,""CPU"":0,""HSACU"":1}},{""processor_id_low"":2147487766,""size"":16,""level"":1,""cache_line_size"":64,""cache_lines_per_tag"":0,""association"":0,""latency"":0,""type"":{""Data"":1,""Instruction"":0,""CPU"":0,""HSACU"":1}},{""processor_id_low"":2147487768,""size"":16,""level"":1,""cache_line_size"":64,""cache_lines_per_tag"":0,""association"":0,""latency"":0,""type"":{""Data"":1,""Instruction"":0,""CPU"":0,""HSACU"":1}},{""processor_id_low"":2147487770,""size"":16,""level"":1,""cache_line_size"":64,""cache_lines_per_tag"":0,""association"":0,""latency"":0,""type"":{""Data"":1,""Instruction"":0,""CPU"":0,""HSACU"":1}},{""processor_id_low"":2147487772,""size"":16,""level"":1,""cache_line_size"":64,""cache_lines_per_tag"":0,""association"":0,""latency"":0,""type"":{""Data"":1,""Instruction"":0,""CPU"":0,""HSACU"":1}},{""processor_id_low"":2147487774,""size"":16,""level"":1,""cache_line_size"":64,""cache_lines_per_tag"":0,""association"":0,""latency"":0,""type"":{""Data"":1,""Instruction"":0,""CPU"":0,""HSACU"":1}},{""processor_id_low"":2147487776,""size"":16,""level"":1,""cache_line_size"":64,""cache_lines_per_tag"":0,""association"":0,""latency"":0,""type"":{""Data"":1,""Instruction"":0,""CPU"":0,""HSACU"":1}},{""processor_id_low"":2147487778,""size"":16,""level"":1,""cache_line_size"":64,""cache_lines_per_tag"":0,""association"":0,""latency"":0,""type"":{""Data"":1,""Instruction"":0,""CPU"":0,""HSACU"":1}},{""processor_id_low"":2147487780,""size"":16,""level"":1,""cache_line_size"":64,""cache_lines_per_tag"":0,""association"":0,""latency"":0,""type"":{""Data"":1,""Instruction"":0,""CPU"":0,""HSACU"":1}},{""processor_id_low"":2147487782,""size"":16,""level"":1,""cache_line_size"":64,""cache_lines_per_tag"":0,""association"":0,""latency"":0,""type"":{""Data"":1,""Instruction"":0,""CPU"":0,""HSACU"":1}},{""processor_id_low"":2147487744,""size"":256,""level"":1,""cache_line_size"":128,""cache_lines_per_tag"":0,""association"":0,""latency"":0,""type"":{""Data"":1,""Instruction"":0,""CPU"":0,""HSACU"":1}},{""processor_id_low"":2147487754,""size"":256,""level"":1,""cache_line_size"":128,""cache_lines_per_tag"":0,""association"":0,""latency"":0,""type"":{""Data"":1,""Instruction"":0,""CPU"":0,""HSACU"":1}},{""processor_id_low"":2147487764,""size"":256,""level"":1,""cache_line_size"":128,""cache_lines_per_tag"":0,""association"":0,""latency"":0,""type"":{""Data"":1,""Instruction"":0,""CPU"":0,""HSACU"":1}},{""processor_id_low"":2147487774,""size"":256,""level"":1,""cache_line_size"":128,""cache_lines_per_tag"":0,""association"":0,""latency"":0,""type"":{""Data"":1,""Instruction"":0,""CPU"":0,""HSACU"":1}},{""processor_id_low"":2147487744,""size"":2048,""level"":2,""cache_line_size"":128,""cache_lines_per_tag"":0,""association"":0,""latency"":0,""type"":{""Data"":1,""Instruction"":0,""CPU"":0,""HSACU"":1}},{""processor_id_low"":2147487744,""size"":32768,""level"":3,""cache_line_size"":64,""cache_lines_per_tag"":0,""association"":0,""latency"":0,""type"":{""Data"":1,""Instruction"":0,""CPU"":0,""HSACU"":1}}],""io_links"":[{""type"":2,""version_major"":0,""version_minor"":0,""node_from"":1,""node_to"":0,""weight"":20,""min_latency"":0,""max_latency"":0,""min_bandwidth"":0,""max_bandwidth"":32000,""recommended_transfer_size"":0,""flags"":{""Override"":1,""NonCoherent"":0,""NoAtomics32bit"":0,""NoAtomics64bit"":0,""NoPeerToPeerDMA"":0}}],""gpu_index"":0}"
8070450532247928832,00003ca6-1b52-7b52-92d5-664333880026,1655282045,1291809,,,,,KFD_EVENT_PAGE_MIGRATE,KFD_EVENT_PAGE_MIGRATE,"KFD page migration events","",rocm,"",ABS,KFD,,0,0,{}
8070450532247928833,00003ca6-1b52-7b52-92d5-664333880026,1655282045,1291809,,,,,KFD_EVENT_PAGE_FAULT,KFD_EVENT_PAGE_FAULT,"KFD page fault events","",rocm,"",ABS,KFD,,0,0,{}
8070450532247928834,00003ca6-1b52-7b52-92d5-664333880026,1655282045,1291809,,,,,KFD_EVENT_QUEUE,KFD_EVENT_QUEUE,"KFD queue eviction/restore events","",rocm,"",ABS,KFD,,0,0,{}
8070450532247928835,00003ca6-1b52-7b52-92d5-664333880026,1655282045,1291809,,,,,KFD_EVENT_UNMAP_FROM_GPU,KFD_EVENT_UNMAP_FROM_GPU,"KFD unmap from GPU events","",rocm,"",ABS,KFD,,0,0,{}
8070450532247928836,00003ca6-1b52-7b52-92d5-664333880026,1655282045,1291809,,,,,KFD_EVENT_DROPPED_EVENTS,KFD_EVENT_DROPPED_EVENTS,"KFD dropped_events events","",rocm,"",ABS,KFD,,0,0,{}
8070450532247928837,00003ca6-1b52-7b52-92d5-664333880026,1655282045,1291809,,,,,KFD_PAGE_MIGRATE,KFD_PAGE_MIGRATE,"KFD page migration paired records","",rocm,"",ABS,KFD,,0,0,{}
8070450532247928838,00003ca6-1b52-7b52-92d5-664333880026,1655282045,1291809,,,,,KFD_PAGE_FAULT,KFD_PAGE_FAULT,"KFD page fault paired records","",rocm,"",ABS,KFD,,0,0,{}
8070450532247928839,00003ca6-1b52-7b52-92d5-664333880026,1655282045,1291809,,,,,KFD_QUEUE,KFD_QUEUE,"KFD queue eviction/restore paired records","",rocm,"",ABS,KFD,,0,0,{}

=== TABLE: rocpd_pmc_event ===id,guid,event_id,pmc_id,value,extdata
1,00003ca6-1b52-7b52-92d5-664333880026,1,3101,62904.0,{}
2,00003ca6-1b52-7b52-92d5-664333880026,1,3101,62880.0,{}
3,00003ca6-1b52-7b52-92d5-664333880026,1,3101,62872.0,{}
4,00003ca6-1b52-7b52-92d5-664333880026,1,3101,62774.0,{}
5,00003ca6-1b52-7b52-92d5-664333880026,1,3101,62836.0,{}
6,00003ca6-1b52-7b52-92d5-664333880026,1,3101,62900.0,{}
7,00003ca6-1b52-7b52-92d5-664333880026,1,3101,62943.0,{}
8,00003ca6-1b52-7b52-92d5-664333880026,1,3101,63044.0,{}
9,00003ca6-1b52-7b52-92d5-664333880026,1,3101,63046.0,{}
10,00003ca6-1b52-7b52-92d5-664333880026,1,3101,62832.0,{}
11,00003ca6-1b52-7b52-92d5-664333880026,1,3101,62907.0,{}
12,00003ca6-1b52-7b52-92d5-664333880026,1,3101,62907.0,{}
13,00003ca6-1b52-7b52-92d5-664333880026,1,3101,62912.0,{}
14,00003ca6-1b52-7b52-92d5-664333880026,1,3101,62907.0,{}
15,00003ca6-1b52-7b52-92d5-664333880026,1,3101,62901.0,{}
16,00003ca6-1b52-7b52-92d5-664333880026,1,3101,63145.0,{}
17,00003ca6-1b52-7b52-92d5-664333880026,1,3101,62946.0,{}
18,00003ca6-1b52-7b52-92d5-664333880026,1,3101,63195.0,{}
19,00003ca6-1b52-7b52-92d5-664333880026,1,3101,63271.0,{}
20,00003ca6-1b52-7b52-92d5-664333880026,1,3101,63309.0,{}
21,00003ca6-1b52-7b52-92d5-664333880026,2,3101,56770.0,{}
22,00003ca6-1b52-7b52-92d5-664333880026,2,3101,56189.0,{}
23,00003ca6-1b52-7b52-92d5-664333880026,2,3101,56714.0,{}
24,00003ca6-1b52-7b52-92d5-664333880026,2,3101,56739.0,{}
25,00003ca6-1b52-7b52-92d5-664333880026,2,3101,53625.0,{}
26,00003ca6-1b52-7b52-92d5-664333880026,2,3101,56942.0,{}
27,00003ca6-1b52-7b52-92d5-664333880026,2,3101,57076.0,{}
28,00003ca6-1b52-7b52-92d5-664333880026,2,3101,57094.0,{}
29,00003ca6-1b52-7b52-92d5-664333880026,2,3101,56948.0,{}
30,00003ca6-1b52-7b52-92d5-664333880026,2,3101,57206.0,{}
31,00003ca6-1b52-7b52-92d5-664333880026,2,3101,54822.0,{}
32,00003ca6-1b52-7b52-92d5-664333880026,2,3101,56737.0,{}
33,00003ca6-1b52-7b52-92d5-664333880026,2,3101,56745.0,{}
34,00003ca6-1b52-7b52-92d5-664333880026,2,3101,56738.0,{}
35,00003ca6-1b52-7b52-92d5-664333880026,2,3101,55083.0,{}
36,00003ca6-1b52-7b52-92d5-664333880026,2,3101,56969.0,{}
37,00003ca6-1b52-7b52-92d5-664333880026,2,3101,56899.0,{}
38,00003ca6-1b52-7b52-92d5-664333880026,2,3101,56961.0,{}
39,00003ca6-1b52-7b52-92d5-664333880026,2,3101,56975.0,{}
40,00003ca6-1b52-7b52-92d5-664333880026,2,3101,56983.0,{}
41,00003ca6-1b52-7b52-92d5-664333880026,3,3101,13127.0,{}
42,00003ca6-1b52-7b52-92d5-664333880026,3,3101,15081.0,{}
43,00003ca6-1b52-7b52-92d5-664333880026,3,3101,15062.0,{}
44,00003ca6-1b52-7b52-92d5-664333880026,3,3101,14988.0,{}
45,00003ca6-1b52-7b52-92d5-664333880026,3,3101,14807.0,{}
46,00003ca6-1b52-7b52-92d5-664333880026,3,3101,15073.0,{}
47,00003ca6-1b52-7b52-92d5-664333880026,3,3101,15040.0,{}
48,00003ca6-1b52-7b52-92d5-664333880026,3,3101,14937.0,{}
49,00003ca6-1b52-7b52-92d5-664333880026,3,3101,14966.0,{}
50,00003ca6-1b52-7b52-92d5-664333880026,3,3101,14877.0,{}
51,00003ca6-1b52-7b52-92d5-664333880026,3,3101,14812.0,{}
52,00003ca6-1b52-7b52-92d5-664333880026,3,3101,14765.0,{}
53,00003ca6-1b52-7b52-92d5-664333880026,3,3101,14378.0,{}
54,00003ca6-1b52-7b52-92d5-664333880026,3,3101,14734.0,{}
55,00003ca6-1b52-7b52-92d5-664333880026,3,3101,14979.0,{}
56,00003ca6-1b52-7b52-92d5-664333880026,3,3101,13523.0,{}
57,00003ca6-1b52-7b52-92d5-664333880026,3,3101,14361.0,{}
58,00003ca6-1b52-7b52-92d5-664333880026,3,3101,14357.0,{}
59,00003ca6-1b52-7b52-92d5-664333880026,3,3101,14810.0,{}
60,00003ca6-1b52-7b52-92d5-664333880026,3,3101,14486.0,{}
61,00003ca6-1b52-7b52-92d5-664333880026,4,3101,15321888.0,{}
62,00003ca6-1b52-7b52-92d5-664333880026,4,3101,15131677.0,{}
63,00003ca6-1b52-7b52-92d5-664333880026,4,3101,15145639.0,{}
64,00003ca6-1b52-7b52-92d5-664333880026,4,3101,15213590.0,{}
65,00003ca6-1b52-7b52-92d5-664333880026,4,3101,15174345.0,{}
66,00003ca6-1b52-7b52-92d5-664333880026,4,3101,15160319.0,{}
67,00003ca6-1b52-7b52-92d5-664333880026,4,3101,15415336.0,{}
68,00003ca6-1b52-7b52-92d5-664333880026,4,3101,15385911.0,{}
69,00003ca6-1b52-7b52-92d5-664333880026,4,3101,15567097.0,{}
70,00003ca6-1b52-7b52-92d5-664333880026,4,3101,15487909.0,{}
71,00003ca6-1b52-7b52-92d5-664333880026,4,3101,16646251.0,{}
72,00003ca6-1b52-7b52-92d5-664333880026,4,3101,16568709.0,{}
73,00003ca6-1b52-7b52-92d5-664333880026,4,3101,16735033.0,{}
74,00003ca6-1b52-7b52-92d5-664333880026,4,3101,16645845.0,{}
75,00003ca6-1b52-7b52-92d5-664333880026,4,3101,16917039.0,{}
76,00003ca6-1b52-7b52-92d5-664333880026,4,3101,16862843.0,{}
77,00003ca6-1b52-7b52-92d5-664333880026,4,3101,16654365.0,{}
78,00003ca6-1b52-7b52-92d5-664333880026,4,3101,16745598.0,{}
79,00003ca6-1b52-7b52-92d5-664333880026,4,3101,16761599.0,{}
80,00003ca6-1b52-7b52-92d5-664333880026,4,3101,16537628.0,{}
81,00003ca6-1b52-7b52-92d5-664333880026,5,3101,12612207.0,{}
82,00003ca6-1b52-7b52-92d5-664333880026,5,3101,12818846.0,{}
83,00003ca6-1b52-7b52-92d5-664333880026,5,3101,12762560.0,{}
84,00003ca6-1b52-7b52-92d5-664333880026,5,3101,12547294.0,{}
85,00003ca6-1b52-7b52-92d5-664333880026,5,3101,12602061.0,{}
86,00003ca6-1b52-7b52-92d5-664333880026,5,3101,12599794.0,{}
87,00003ca6-1b52-7b52-92d5-664333880026,5,3101,12640390.0,{}
88,00003ca6-1b52-7b52-92d5-664333880026,5,3101,12703665.0,{}
89,00003ca6-1b52-7b52-92d5-664333880026,5,3101,12592985.0,{}
90,00003ca6-1b52-7b52-92d5-664333880026,5,3101,12672187.0,{}
91,00003ca6-1b52-7b52-92d5-664333880026,5,3101,13690976.0,{}
92,00003ca6-1b52-7b52-92d5-664333880026,5,3101,13359731.0,{}
93,00003ca6-1b52-7b52-92d5-664333880026,5,3101,13428441.0,{}
94,00003ca6-1b52-7b52-92d5-664333880026,5,3101,13745278.0,{}
95,00003ca6-1b52-7b52-92d5-664333880026,5,3101,13482872.0,{}
96,00003ca6-1b52-7b52-92d5-664333880026,5,3101,13859380.0,{}
97,00003ca6-1b52-7b52-92d5-664333880026,5,3101,13745242.0,{}
98,00003ca6-1b52-7b52-92d5-664333880026,5,3101,13752660.0,{}
99,00003ca6-1b52-7b52-92d5-664333880026,5,3101,13840662.0,{}
100,00003ca6-1b52-7b52-92d5-664333880026,5,3101,13898125.0,{}
101,00003ca6-1b52-7b52-92d5-664333880026,6,3101,13509929.0,{}
102,00003ca6-1b52-7b52-92d5-664333880026,6,3101,13466028.0,{}
103,00003ca6-1b52-7b52-92d5-664333880026,6,3101,13417406.0,{}
104,00003ca6-1b52-7b52-92d5-664333880026,6,3101,13464201.0,{}
105,00003ca6-1b52-7b52-92d5-664333880026,6,3101,13431783.0,{}
106,00003ca6-1b52-7b52-92d5-664333880026,6,3101,13605714.0,{}
107,00003ca6-1b52-7b52-92d5-664333880026,6,3101,13599848.0,{}
108,00003ca6-1b52-7b52-92d5-664333880026,6,3101,13617535.0,{}
109,00003ca6-1b52-7b52-92d5-664333880026,6,3101,13101318.0,{}
110,00003ca6-1b52-7b52-92d5-664333880026,6,3101,13634046.0,{}
111,00003ca6-1b52-7b52-92d5-664333880026,6,3101,12250378.0,{}
112,00003ca6-1b52-7b52-92d5-664333880026,6,3101,12222647.0,{}
113,00003ca6-1b52-7b52-92d5-664333880026,6,3101,12219246.0,{}
114,00003ca6-1b52-7b52-92d5-664333880026,6,3101,12231837.0,{}
115,00003ca6-1b52-7b52-92d5-664333880026,6,3101,12249771.0,{}
116,00003ca6-1b52-7b52-92d5-664333880026,6,3101,12592295.0,{}
117,00003ca6-1b52-7b52-92d5-664333880026,6,3101,12381490.0,{}
118,00003ca6-1b52-7b52-92d5-664333880026,6,3101,12456948.0,{}
119,00003ca6-1b52-7b52-92d5-664333880026,6,3101,12366948.0,{}
120,00003ca6-1b52-7b52-92d5-664333880026,6,3101,12207420.0,{}
121,00003ca6-1b52-7b52-92d5-664333880026,7,3101,13389816.0,{}
122,00003ca6-1b52-7b52-92d5-664333880026,7,3101,13376896.0,{}
123,00003ca6-1b52-7b52-92d5-664333880026,7,3101,13389059.0,{}
124,00003ca6-1b52-7b52-92d5-664333880026,7,3101,13383388.0,{}
125,00003ca6-1b52-7b52-92d5-664333880026,7,3101,13331284.0,{}
126,00003ca6-1b52-7b52-92d5-664333880026,7,3101,13671484.0,{}
127,00003ca6-1b52-7b52-92d5-664333880026,7,3101,13579280.0,{}
128,00003ca6-1b52-7b52-92d5-664333880026,7,3101,13746307.0,{}
129,00003ca6-1b52-7b52-92d5-664333880026,7,3101,13677927.0,{}
130,00003ca6-1b52-7b52-92d5-664333880026,7,3101,13525220.0,{}
131,00003ca6-1b52-7b52-92d5-664333880026,7,3101,12817197.0,{}
132,00003ca6-1b52-7b52-92d5-664333880026,7,3101,12823839.0,{}
133,00003ca6-1b52-7b52-92d5-664333880026,7,3101,12851937.0,{}
134,00003ca6-1b52-7b52-92d5-664333880026,7,3101,12884488.0,{}
135,00003ca6-1b52-7b52-92d5-664333880026,7,3101,12856713.0,{}
136,00003ca6-1b52-7b52-92d5-664333880026,7,3101,12351026.0,{}
137,00003ca6-1b52-7b52-92d5-664333880026,7,3101,12433502.0,{}
138,00003ca6-1b52-7b52-92d5-664333880026,7,3101,12756047.0,{}
139,00003ca6-1b52-7b52-92d5-664333880026,7,3101,12411890.0,{}
140,00003ca6-1b52-7b52-92d5-664333880026,7,3101,12751332.0,{}
141,00003ca6-1b52-7b52-92d5-664333880026,8,3101,13710028.0,{}
142,00003ca6-1b52-7b52-92d5-664333880026,8,3101,13694273.0,{}
143,00003ca6-1b52-7b52-92d5-664333880026,8,3101,13589807.0,{}
144,00003ca6-1b52-7b52-92d5-664333880026,8,3101,13716467.0,{}
145,00003ca6-1b52-7b52-92d5-664333880026,8,3101,13706095.0,{}
146,00003ca6-1b52-7b52-92d5-664333880026,8,3101,13701409.0,{}
147,00003ca6-1b52-7b52-92d5-664333880026,8,3101,13699980.0,{}
148,00003ca6-1b52-7b52-92d5-664333880026,8,3101,13697799.0,{}
149,00003ca6-1b52-7b52-92d5-664333880026,8,3101,13708120.0,{}
150,00003ca6-1b52-7b52-92d5-664333880026,8,3101,13706219.0,{}
151,00003ca6-1b52-7b52-92d5-664333880026,8,3101,13797520.0,{}
152,00003ca6-1b52-7b52-92d5-664333880026,8,3101,13865682.0,{}
153,00003ca6-1b52-7b52-92d5-664333880026,8,3101,13955759.0,{}
154,00003ca6-1b52-7b52-92d5-664333880026,8,3101,14294514.0,{}
155,00003ca6-1b52-7b52-92d5-664333880026,8,3101,13795836.0,{}
156,00003ca6-1b52-7b52-92d5-664333880026,8,3101,13843344.0,{}
157,00003ca6-1b52-7b52-92d5-664333880026,8,3101,14181585.0,{}
158,00003ca6-1b52-7b52-92d5-664333880026,8,3101,13399313.0,{}
159,00003ca6-1b52-7b52-92d5-664333880026,8,3101,13447976.0,{}
160,00003ca6-1b52-7b52-92d5-664333880026,8,3101,13473865.0,{}
161,00003ca6-1b52-7b52-92d5-664333880026,9,3101,13555004.0,{}
162,00003ca6-1b52-7b52-92d5-664333880026,9,3101,13114049.0,{}
163,00003ca6-1b52-7b52-92d5-664333880026,9,3101,13369077.0,{}
164,00003ca6-1b52-7b52-92d5-664333880026,9,3101,12965240.0,{}
165,00003ca6-1b52-7b52-92d5-664333880026,9,3101,13007190.0,{}
166,00003ca6-1b52-7b52-92d5-664333880026,9,3101,13503479.0,{}
167,00003ca6-1b52-7b52-92d5-664333880026,9,3101,13650495.0,{}
168,00003ca6-1b52-7b52-92d5-664333880026,9,3101,13645989.0,{}
169,00003ca6-1b52-7b52-92d5-664333880026,9,3101,13644885.0,{}
170,00003ca6-1b52-7b52-92d5-664333880026,9,3101,13500751.0,{}
171,00003ca6-1b52-7b52-92d5-664333880026,9,3101,12613981.0,{}
172,00003ca6-1b52-7b52-92d5-664333880026,9,3101,12644971.0,{}
173,00003ca6-1b52-7b52-92d5-664333880026,9,3101,12640973.0,{}
174,00003ca6-1b52-7b52-92d5-664333880026,9,3101,12613903.0,{}
175,00003ca6-1b52-7b52-92d5-664333880026,9,3101,12680867.0,{}
176,00003ca6-1b52-7b52-92d5-664333880026,9,3101,12654057.0,{}
177,00003ca6-1b52-7b52-92d5-664333880026,9,3101,12639438.0,{}
178,00003ca6-1b52-7b52-92d5-664333880026,9,3101,12628469.0,{}
179,00003ca6-1b52-7b52-92d5-664333880026,9,3101,12676964.0,{}
180,00003ca6-1b52-7b52-92d5-664333880026,9,3101,12651568.0,{}
181,00003ca6-1b52-7b52-92d5-664333880026,10,3101,12764179.0,{}
182,00003ca6-1b52-7b52-92d5-664333880026,10,3101,12525405.0,{}
183,00003ca6-1b52-7b52-92d5-664333880026,10,3101,12641556.0,{}
184,00003ca6-1b52-7b52-92d5-664333880026,10,3101,12631057.0,{}
185,00003ca6-1b52-7b52-92d5-664333880026,10,3101,12826387.0,{}
186,00003ca6-1b52-7b52-92d5-664333880026,10,3101,12637954.0,{}
187,00003ca6-1b52-7b52-92d5-664333880026,10,3101,12800625.0,{}
188,00003ca6-1b52-7b52-92d5-664333880026,10,3101,12827663.0,{}
189,00003ca6-1b52-7b52-92d5-664333880026,10,3101,12607500.0,{}
190,00003ca6-1b52-7b52-92d5-664333880026,10,3101,12670010.0,{}
191,00003ca6-1b52-7b52-92d5-664333880026,10,3101,13543487.0,{}
192,00003ca6-1b52-7b52-92d5-664333880026,10,3101,13600193.0,{}
193,00003ca6-1b52-7b52-92d5-664333880026,10,3101,13551936.0,{}
194,00003ca6-1b52-7b52-92d5-664333880026,10,3101,13585220.0,{}
195,00003ca6-1b52-7b52-92d5-664333880026,10,3101,13402484.0,{}
196,00003ca6-1b52-7b52-92d5-664333880026,10,3101,13571551.0,{}
197,00003ca6-1b52-7b52-92d5-664333880026,10,3101,13487948.0,{}
198,00003ca6-1b52-7b52-92d5-664333880026,10,3101,13492795.0,{}
199,00003ca6-1b52-7b52-92d5-664333880026,10,3101,13521425.0,{}
200,00003ca6-1b52-7b52-92d5-664333880026,10,3101,13330192.0,{}
201,00003ca6-1b52-7b52-92d5-664333880026,11,3101,12696607.0,{}
202,00003ca6-1b52-7b52-92d5-664333880026,11,3101,12683870.0,{}
203,00003ca6-1b52-7b52-92d5-664333880026,11,3101,12523956.0,{}
204,00003ca6-1b52-7b52-92d5-664333880026,11,3101,12968713.0,{}
205,00003ca6-1b52-7b52-92d5-664333880026,11,3101,12755175.0,{}
206,00003ca6-1b52-7b52-92d5-664333880026,11,3101,13017698.0,{}
207,00003ca6-1b52-7b52-92d5-664333880026,11,3101,12983933.0,{}
208,00003ca6-1b52-7b52-92d5-664333880026,11,3101,13065875.0,{}
209,00003ca6-1b52-7b52-92d5-664333880026,11,3101,12879142.0,{}
210,00003ca6-1b52-7b52-92d5-664333880026,11,3101,13030693.0,{}
211,00003ca6-1b52-7b52-92d5-664333880026,11,3101,14225352.0,{}
212,00003ca6-1b52-7b52-92d5-664333880026,11,3101,14106016.0,{}
213,00003ca6-1b52-7b52-92d5-664333880026,11,3101,14233456.0,{}
214,00003ca6-1b52-7b52-92d5-664333880026,11,3101,14214454.0,{}
215,00003ca6-1b52-7b52-92d5-664333880026,11,3101,14086198.0,{}
216,00003ca6-1b52-7b52-92d5-664333880026,11,3101,13912664.0,{}
217,00003ca6-1b52-7b52-92d5-664333880026,11,3101,13923310.0,{}
218,00003ca6-1b52-7b52-92d5-664333880026,11,3101,13784050.0,{}
219,00003ca6-1b52-7b52-92d5-664333880026,11,3101,13946119.0,{}
220,00003ca6-1b52-7b52-92d5-664333880026,11,3101,13829950.0,{}
221,00003ca6-1b52-7b52-92d5-664333880026,12,3101,13565599.0,{}
222,00003ca6-1b52-7b52-92d5-664333880026,12,3101,13573175.0,{}
223,00003ca6-1b52-7b52-92d5-664333880026,12,3101,13598370.0,{}
224,00003ca6-1b52-7b52-92d5-664333880026,12,3101,13552434.0,{}
225,00003ca6-1b52-7b52-92d5-664333880026,12,3101,13270899.0,{}
226,00003ca6-1b52-7b52-92d5-664333880026,12,3101,13259075.0,{}
227,00003ca6-1b52-7b52-92d5-664333880026,12,3101,13104652.0,{}
228,00003ca6-1b52-7b52-92d5-664333880026,12,3101,13969520.0,{}
229,00003ca6-1b52-7b52-92d5-664333880026,12,3101,13747422.0,{}
230,00003ca6-1b52-7b52-92d5-664333880026,12,3101,13113336.0,{}
231,00003ca6-1b52-7b52-92d5-664333880026,12,3101,12998032.0,{}
232,00003ca6-1b52-7b52-92d5-664333880026,12,3101,12768461.0,{}
233,00003ca6-1b52-7b52-92d5-664333880026,12,3101,12975691.0,{}
234,00003ca6-1b52-7b52-92d5-664333880026,12,3101,12992356.0,{}
235,00003ca6-1b52-7b52-92d5-664333880026,12,3101,12819031.0,{}
236,00003ca6-1b52-7b52-92d5-664333880026,12,3101,13124071.0,{}
237,00003ca6-1b52-7b52-92d5-664333880026,12,3101,12940333.0,{}
238,00003ca6-1b52-7b52-92d5-664333880026,12,3101,12844840.0,{}
239,00003ca6-1b52-7b52-92d5-664333880026,12,3101,13047608.0,{}
240,00003ca6-1b52-7b52-92d5-664333880026,12,3101,13124177.0,{}
241,00003ca6-1b52-7b52-92d5-664333880026,13,3101,13089142.0,{}
242,00003ca6-1b52-7b52-92d5-664333880026,13,3101,13087289.0,{}
243,00003ca6-1b52-7b52-92d5-664333880026,13,3101,13097723.0,{}
244,00003ca6-1b52-7b52-92d5-664333880026,13,3101,13104711.0,{}
245,00003ca6-1b52-7b52-92d5-664333880026,13,3101,13101840.0,{}
246,00003ca6-1b52-7b52-92d5-664333880026,13,3101,13107925.0,{}
247,00003ca6-1b52-7b52-92d5-664333880026,13,3101,13133361.0,{}
248,00003ca6-1b52-7b52-92d5-664333880026,13,3101,13153925.0,{}
249,00003ca6-1b52-7b52-92d5-664333880026,13,3101,13142550.0,{}
250,00003ca6-1b52-7b52-92d5-664333880026,13,3101,13135269.0,{}
251,00003ca6-1b52-7b52-92d5-664333880026,13,3101,13719270.0,{}
252,00003ca6-1b52-7b52-92d5-664333880026,13,3101,13984705.0,{}
253,00003ca6-1b52-7b52-92d5-664333880026,13,3101,13929674.0,{}
254,00003ca6-1b52-7b52-92d5-664333880026,13,3101,13965799.0,{}
255,00003ca6-1b52-7b52-92d5-664333880026,13,3101,13962334.0,{}
256,00003ca6-1b52-7b52-92d5-664333880026,13,3101,13603236.0,{}
257,00003ca6-1b52-7b52-92d5-664333880026,13,3101,13522460.0,{}
258,00003ca6-1b52-7b52-92d5-664333880026,13,3101,13571441.0,{}
259,00003ca6-1b52-7b52-92d5-664333880026,13,3101,13595731.0,{}
260,00003ca6-1b52-7b52-92d5-664333880026,13,3101,13642495.0,{}
261,00003ca6-1b52-7b52-92d5-664333880026,14,3101,14624568.0,{}
262,00003ca6-1b52-7b52-92d5-664333880026,14,3101,14588384.0,{}
263,00003ca6-1b52-7b52-92d5-664333880026,14,3101,14658722.0,{}
264,00003ca6-1b52-7b52-92d5-664333880026,14,3101,14638137.0,{}
265,00003ca6-1b52-7b52-92d5-664333880026,14,3101,14642808.0,{}
266,00003ca6-1b52-7b52-92d5-664333880026,14,3101,14390283.0,{}
267,00003ca6-1b52-7b52-92d5-664333880026,14,3101,14443580.0,{}
268,00003ca6-1b52-7b52-92d5-664333880026,14,3101,14603045.0,{}
269,00003ca6-1b52-7b52-92d5-664333880026,14,3101,14604454.0,{}
270,00003ca6-1b52-7b52-92d5-664333880026,14,3101,14575076.0,{}
271,00003ca6-1b52-7b52-92d5-664333880026,14,3101,13299980.0,{}
272,00003ca6-1b52-7b52-92d5-664333880026,14,3101,13144060.0,{}
273,00003ca6-1b52-7b52-92d5-664333880026,14,3101,13119965.0,{}
274,00003ca6-1b52-7b52-92d5-664333880026,14,3101,13316164.0,{}
275,00003ca6-1b52-7b52-92d5-664333880026,14,3101,13304726.0,{}
276,00003ca6-1b52-7b52-92d5-664333880026,14,3101,12221594.0,{}
277,00003ca6-1b52-7b52-92d5-664333880026,14,3101,12883049.0,{}
278,00003ca6-1b52-7b52-92d5-664333880026,14,3101,12453977.0,{}
279,00003ca6-1b52-7b52-92d5-664333880026,14,3101,12383384.0,{}
280,00003ca6-1b52-7b52-92d5-664333880026,14,3101,12345186.0,{}
281,00003ca6-1b52-7b52-92d5-664333880026,15,3101,13844123.0,{}
282,00003ca6-1b52-7b52-92d5-664333880026,15,3101,13658118.0,{}
283,00003ca6-1b52-7b52-92d5-664333880026,15,3101,13776092.0,{}
284,00003ca6-1b52-7b52-92d5-664333880026,15,3101,13713396.0,{}
285,00003ca6-1b52-7b52-92d5-664333880026,15,3101,13770331.0,{}
286,00003ca6-1b52-7b52-92d5-664333880026,15,3101,14142588.0,{}
287,00003ca6-1b52-7b52-92d5-664333880026,15,3101,14062341.0,{}
288,00003ca6-1b52-7b52-92d5-664333880026,15,3101,14018929.0,{}
289,00003ca6-1b52-7b52-92d5-664333880026,15,3101,14088703.0,{}
290,00003ca6-1b52-7b52-92d5-664333880026,15,3101,14049766.0,{}
291,00003ca6-1b52-7b52-92d5-664333880026,15,3101,12799827.0,{}
292,00003ca6-1b52-7b52-92d5-664333880026,15,3101,12380814.0,{}
293,00003ca6-1b52-7b52-92d5-664333880026,15,3101,12691373.0,{}
294,00003ca6-1b52-7b52-92d5-664333880026,15,3101,12582434.0,{}
295,00003ca6-1b52-7b52-92d5-664333880026,15,3101,12518883.0,{}
296,00003ca6-1b52-7b52-92d5-664333880026,15,3101,12619652.0,{}
297,00003ca6-1b52-7b52-92d5-664333880026,15,3101,12615443.0,{}
298,00003ca6-1b52-7b52-92d5-664333880026,15,3101,12514527.0,{}
299,00003ca6-1b52-7b52-92d5-664333880026,15,3101,12597786.0,{}
300,00003ca6-1b52-7b52-92d5-664333880026,15,3101,12755354.0,{}
301,00003ca6-1b52-7b52-92d5-664333880026,16,3101,13462630.0,{}
302,00003ca6-1b52-7b52-92d5-664333880026,16,3101,13398323.0,{}
303,00003ca6-1b52-7b52-92d5-664333880026,16,3101,13442816.0,{}
304,00003ca6-1b52-7b52-92d5-664333880026,16,3101,13420929.0,{}
305,00003ca6-1b52-7b52-92d5-664333880026,16,3101,13416065.0,{}
306,00003ca6-1b52-7b52-92d5-664333880026,16,3101,13525072.0,{}
307,00003ca6-1b52-7b52-92d5-664333880026,16,3101,13529942.0,{}
308,00003ca6-1b52-7b52-92d5-664333880026,16,3101,13382593.0,{}
309,00003ca6-1b52-7b52-92d5-664333880026,16,3101,13533265.0,{}
310,00003ca6-1b52-7b52-92d5-664333880026,16,3101,13390582.0,{}
311,00003ca6-1b52-7b52-92d5-664333880026,16,3101,12365096.0,{}
312,00003ca6-1b52-7b52-92d5-664333880026,16,3101,12382227.0,{}
313,00003ca6-1b52-7b52-92d5-664333880026,16,3101,12358915.0,{}
314,00003ca6-1b52-7b52-92d5-664333880026,16,3101,12384739.0,{}
315,00003ca6-1b52-7b52-92d5-664333880026,16,3101,12458319.0,{}
316,00003ca6-1b52-7b52-92d5-664333880026,16,3101,12433600.0,{}
317,00003ca6-1b52-7b52-92d5-664333880026,16,3101,12492834.0,{}
318,00003ca6-1b52-7b52-92d5-664333880026,16,3101,12448297.0,{}
319,00003ca6-1b52-7b52-92d5-664333880026,16,3101,12415088.0,{}
320,00003ca6-1b52-7b52-92d5-664333880026,16,3101,12459827.0,{}
321,00003ca6-1b52-7b52-92d5-664333880026,17,3101,6341.0,{}
322,00003ca6-1b52-7b52-92d5-664333880026,17,3101,6300.0,{}
323,00003ca6-1b52-7b52-92d5-664333880026,17,3101,6310.0,{}
324,00003ca6-1b52-7b52-92d5-664333880026,17,3101,6288.0,{}
325,00003ca6-1b52-7b52-92d5-664333880026,17,3101,6271.0,{}
326,00003ca6-1b52-7b52-92d5-664333880026,17,3101,6262.0,{}
327,00003ca6-1b52-7b52-92d5-664333880026,17,3101,6254.0,{}
328,00003ca6-1b52-7b52-92d5-664333880026,17,3101,6390.0,{}
329,00003ca6-1b52-7b52-92d5-664333880026,17,3101,6399.0,{}
330,00003ca6-1b52-7b52-92d5-664333880026,17,3101,6410.0,{}
331,00003ca6-1b52-7b52-92d5-664333880026,17,3101,6310.0,{}
332,00003ca6-1b52-7b52-92d5-664333880026,17,3101,6314.0,{}
333,00003ca6-1b52-7b52-92d5-664333880026,17,3101,6323.0,{}
334,00003ca6-1b52-7b52-92d5-664333880026,17,3101,6302.0,{}
335,00003ca6-1b52-7b52-92d5-664333880026,17,3101,6299.0,{}
336,00003ca6-1b52-7b52-92d5-664333880026,17,3101,6355.0,{}
337,00003ca6-1b52-7b52-92d5-664333880026,17,3101,6375.0,{}
338,00003ca6-1b52-7b52-92d5-664333880026,17,3101,6277.0,{}
339,00003ca6-1b52-7b52-92d5-664333880026,17,3101,6301.0,{}
340,00003ca6-1b52-7b52-92d5-664333880026,17,3101,6487.0,{}
341,00003ca6-1b52-7b52-92d5-664333880026,18,3101,5343.0,{}
342,00003ca6-1b52-7b52-92d5-664333880026,18,3101,5326.0,{}
343,00003ca6-1b52-7b52-92d5-664333880026,18,3101,5298.0,{}
344,00003ca6-1b52-7b52-92d5-664333880026,18,3101,5267.0,{}
345,00003ca6-1b52-7b52-92d5-664333880026,18,3101,5307.0,{}
346,00003ca6-1b52-7b52-92d5-664333880026,18,3101,5127.0,{}
347,00003ca6-1b52-7b52-92d5-664333880026,18,3101,5061.0,{}
348,00003ca6-1b52-7b52-92d5-664333880026,18,3101,5259.0,{}
349,00003ca6-1b52-7b52-92d5-664333880026,18,3101,5268.0,{}
350,00003ca6-1b52-7b52-92d5-664333880026,18,3101,5277.0,{}
351,00003ca6-1b52-7b52-92d5-664333880026,18,3101,5189.0,{}
352,00003ca6-1b52-7b52-92d5-664333880026,18,3101,5298.0,{}
353,00003ca6-1b52-7b52-92d5-664333880026,18,3101,5303.0,{}
354,00003ca6-1b52-7b52-92d5-664333880026,18,3101,5171.0,{}
355,00003ca6-1b52-7b52-92d5-664333880026,18,3101,5290.0,{}
356,00003ca6-1b52-7b52-92d5-664333880026,18,3101,5223.0,{}
357,00003ca6-1b52-7b52-92d5-664333880026,18,3101,5229.0,{}
358,00003ca6-1b52-7b52-92d5-664333880026,18,3101,5099.0,{}
359,00003ca6-1b52-7b52-92d5-664333880026,18,3101,5118.0,{}
360,00003ca6-1b52-7b52-92d5-664333880026,18,3101,5258.0,{}
361,00003ca6-1b52-7b52-92d5-664333880026,19,3101,33939.0,{}
362,00003ca6-1b52-7b52-92d5-664333880026,19,3101,34288.0,{}
363,00003ca6-1b52-7b52-92d5-664333880026,19,3101,34546.0,{}
364,00003ca6-1b52-7b52-92d5-664333880026,19,3101,33934.0,{}
365,00003ca6-1b52-7b52-92d5-664333880026,19,3101,33756.0,{}
366,00003ca6-1b52-7b52-92d5-664333880026,19,3101,34370.0,{}
367,00003ca6-1b52-7b52-92d5-664333880026,19,3101,34280.0,{}
368,00003ca6-1b52-7b52-92d5-664333880026,19,3101,34649.0,{}
369,00003ca6-1b52-7b52-92d5-664333880026,19,3101,34311.0,{}
370,00003ca6-1b52-7b52-92d5-664333880026,19,3101,34448.0,{}
371,00003ca6-1b52-7b52-92d5-664333880026,19,3101,34451.0,{}
372,00003ca6-1b52-7b52-92d5-664333880026,19,3101,34664.0,{}
373,00003ca6-1b52-7b52-92d5-664333880026,19,3101,34472.0,{}
374,00003ca6-1b52-7b52-92d5-664333880026,19,3101,34248.0,{}
375,00003ca6-1b52-7b52-92d5-664333880026,19,3101,34531.0,{}
376,00003ca6-1b52-7b52-92d5-664333880026,19,3101,33701.0,{}
377,00003ca6-1b52-7b52-92d5-664333880026,19,3101,33729.0,{}
378,00003ca6-1b52-7b52-92d5-664333880026,19,3101,34519.0,{}
379,00003ca6-1b52-7b52-92d5-664333880026,19,3101,34379.0,{}
380,00003ca6-1b52-7b52-92d5-664333880026,19,3101,33951.0,{}
381,00003ca6-1b52-7b52-92d5-664333880026,20,3101,3362363.0,{}
382,00003ca6-1b52-7b52-92d5-664333880026,20,3101,3417859.0,{}
383,00003ca6-1b52-7b52-92d5-664333880026,20,3101,3521141.0,{}
384,00003ca6-1b52-7b52-92d5-664333880026,20,3101,3712550.0,{}
385,00003ca6-1b52-7b52-92d5-664333880026,20,3101,3394488.0,{}
386,00003ca6-1b52-7b52-92d5-664333880026,20,3101,3394386.0,{}
387,00003ca6-1b52-7b52-92d5-664333880026,20,3101,3713655.0,{}
388,00003ca6-1b52-7b52-92d5-664333880026,20,3101,3378703.0,{}
389,00003ca6-1b52-7b52-92d5-664333880026,20,3101,3409491.0,{}
390,00003ca6-1b52-7b52-92d5-664333880026,20,3101,3733501.0,{}
391,00003ca6-1b52-7b52-92d5-664333880026,20,3101,3210588.0,{}
392,00003ca6-1b52-7b52-92d5-664333880026,20,3101,3207680.0,{}
393,00003ca6-1b52-7b52-92d5-664333880026,20,3101,3125212.0,{}
394,00003ca6-1b52-7b52-92d5-664333880026,20,3101,3158450.0,{}
395,00003ca6-1b52-7b52-92d5-664333880026,20,3101,3243124.0,{}
396,00003ca6-1b52-7b52-92d5-664333880026,20,3101,3184651.0,{}
397,00003ca6-1b52-7b52-92d5-664333880026,20,3101,3121495.0,{}
398,00003ca6-1b52-7b52-92d5-664333880026,20,3101,3162638.0,{}
399,00003ca6-1b52-7b52-92d5-664333880026,20,3101,3328373.0,{}
400,00003ca6-1b52-7b52-92d5-664333880026,20,3101,3307277.0,{}
401,00003ca6-1b52-7b52-92d5-664333880026,21,3101,3123549.0,{}
402,00003ca6-1b52-7b52-92d5-664333880026,21,3101,3284873.0,{}
403,00003ca6-1b52-7b52-92d5-664333880026,21,3101,3168869.0,{}
404,00003ca6-1b52-7b52-92d5-664333880026,21,3101,3467311.0,{}
405,00003ca6-1b52-7b52-92d5-664333880026,21,3101,3130459.0,{}
406,00003ca6-1b52-7b52-92d5-664333880026,21,3101,2653512.0,{}
407,00003ca6-1b52-7b52-92d5-664333880026,21,3101,2710202.0,{}
408,00003ca6-1b52-7b52-92d5-664333880026,21,3101,2650910.0,{}
409,00003ca6-1b52-7b52-92d5-664333880026,21,3101,2647808.0,{}
410,00003ca6-1b52-7b52-92d5-664333880026,21,3101,2649636.0,{}
411,00003ca6-1b52-7b52-92d5-664333880026,21,3101,2642419.0,{}
412,00003ca6-1b52-7b52-92d5-664333880026,21,3101,2684793.0,{}
413,00003ca6-1b52-7b52-92d5-664333880026,21,3101,2635038.0,{}
414,00003ca6-1b52-7b52-92d5-664333880026,21,3101,2685503.0,{}
415,00003ca6-1b52-7b52-92d5-664333880026,21,3101,2661276.0,{}
416,00003ca6-1b52-7b52-92d5-664333880026,21,3101,2679924.0,{}
417,00003ca6-1b52-7b52-92d5-664333880026,21,3101,2670058.0,{}
418,00003ca6-1b52-7b52-92d5-664333880026,21,3101,2668634.0,{}
419,00003ca6-1b52-7b52-92d5-664333880026,21,3101,2637600.0,{}
420,00003ca6-1b52-7b52-92d5-664333880026,21,3101,2686623.0,{}
421,00003ca6-1b52-7b52-92d5-664333880026,22,3101,3276075.0,{}
422,00003ca6-1b52-7b52-92d5-664333880026,22,3101,3215432.0,{}
423,00003ca6-1b52-7b52-92d5-664333880026,22,3101,3223179.0,{}
424,00003ca6-1b52-7b52-92d5-664333880026,22,3101,3255826.0,{}
425,00003ca6-1b52-7b52-92d5-664333880026,22,3101,3211277.0,{}
426,00003ca6-1b52-7b52-92d5-664333880026,22,3101,2753832.0,{}
427,00003ca6-1b52-7b52-92d5-664333880026,22,3101,2805007.0,{}
428,00003ca6-1b52-7b52-92d5-664333880026,22,3101,2770698.0,{}
429,00003ca6-1b52-7b52-92d5-664333880026,22,3101,2775701.0,{}
430,00003ca6-1b52-7b52-92d5-664333880026,22,3101,2632584.0,{}
431,00003ca6-1b52-7b52-92d5-664333880026,22,3101,3099058.0,{}
432,00003ca6-1b52-7b52-92d5-664333880026,22,3101,3059047.0,{}
433,00003ca6-1b52-7b52-92d5-664333880026,22,3101,2671891.0,{}
434,00003ca6-1b52-7b52-92d5-664333880026,22,3101,3072234.0,{}
435,00003ca6-1b52-7b52-92d5-664333880026,22,3101,2925000.0,{}
436,00003ca6-1b52-7b52-92d5-664333880026,22,3101,2688069.0,{}
437,00003ca6-1b52-7b52-92d5-664333880026,22,3101,2713464.0,{}
438,00003ca6-1b52-7b52-92d5-664333880026,22,3101,2700133.0,{}
439,00003ca6-1b52-7b52-92d5-664333880026,22,3101,2705301.0,{}
440,00003ca6-1b52-7b52-92d5-664333880026,22,3101,2699614.0,{}
441,00003ca6-1b52-7b52-92d5-664333880026,23,3101,2814042.0,{}
442,00003ca6-1b52-7b52-92d5-664333880026,23,3101,2812422.0,{}
443,00003ca6-1b52-7b52-92d5-664333880026,23,3101,3262200.0,{}
444,00003ca6-1b52-7b52-92d5-664333880026,23,3101,3378556.0,{}
445,00003ca6-1b52-7b52-92d5-664333880026,23,3101,3309124.0,{}
446,00003ca6-1b52-7b52-92d5-664333880026,23,3101,2812853.0,{}
447,00003ca6-1b52-7b52-92d5-664333880026,23,3101,3401592.0,{}
448,00003ca6-1b52-7b52-92d5-664333880026,23,3101,2812909.0,{}
449,00003ca6-1b52-7b52-92d5-664333880026,23,3101,3382171.0,{}
450,00003ca6-1b52-7b52-92d5-664333880026,23,3101,3415645.0,{}
451,00003ca6-1b52-7b52-92d5-664333880026,23,3101,3563192.0,{}
452,00003ca6-1b52-7b52-92d5-664333880026,23,3101,3577379.0,{}
453,00003ca6-1b52-7b52-92d5-664333880026,23,3101,3569617.0,{}
454,00003ca6-1b52-7b52-92d5-664333880026,23,3101,3560975.0,{}
455,00003ca6-1b52-7b52-92d5-664333880026,23,3101,2831557.0,{}
456,00003ca6-1b52-7b52-92d5-664333880026,23,3101,3033352.0,{}
457,00003ca6-1b52-7b52-92d5-664333880026,23,3101,3010705.0,{}
458,00003ca6-1b52-7b52-92d5-664333880026,23,3101,3082886.0,{}
459,00003ca6-1b52-7b52-92d5-664333880026,23,3101,3055155.0,{}
460,00003ca6-1b52-7b52-92d5-664333880026,23,3101,2854525.0,{}
461,00003ca6-1b52-7b52-92d5-664333880026,24,3101,2658205.0,{}
462,00003ca6-1b52-7b52-92d5-664333880026,24,3101,2659822.0,{}
463,00003ca6-1b52-7b52-92d5-664333880026,24,3101,2687428.0,{}
464,00003ca6-1b52-7b52-92d5-664333880026,24,3101,2522175.0,{}
465,00003ca6-1b52-7b52-92d5-664333880026,24,3101,2517517.0,{}
466,00003ca6-1b52-7b52-92d5-664333880026,24,3101,3064388.0,{}
467,00003ca6-1b52-7b52-92d5-664333880026,24,3101,3127896.0,{}
468,00003ca6-1b52-7b52-92d5-664333880026,24,3101,3071375.0,{}
469,00003ca6-1b52-7b52-92d5-664333880026,24,3101,3088148.0,{}
470,00003ca6-1b52-7b52-92d5-664333880026,24,3101,3138867.0,{}
471,00003ca6-1b52-7b52-92d5-664333880026,24,3101,2749743.0,{}
472,00003ca6-1b52-7b52-92d5-664333880026,24,3101,2710892.0,{}
473,00003ca6-1b52-7b52-92d5-664333880026,24,3101,2637045.0,{}
474,00003ca6-1b52-7b52-92d5-664333880026,24,3101,2695750.0,{}
475,00003ca6-1b52-7b52-92d5-664333880026,24,3101,2625721.0,{}
476,00003ca6-1b52-7b52-92d5-664333880026,24,3101,2739903.0,{}
477,00003ca6-1b52-7b52-92d5-664333880026,24,3101,2629935.0,{}
478,00003ca6-1b52-7b52-92d5-664333880026,24,3101,2785740.0,{}
479,00003ca6-1b52-7b52-92d5-664333880026,24,3101,2638524.0,{}
480,00003ca6-1b52-7b52-92d5-664333880026,24,3101,2640373.0,{}
481,00003ca6-1b52-7b52-92d5-664333880026,25,3101,2970264.0,{}
482,00003ca6-1b52-7b52-92d5-664333880026,25,3101,3380075.0,{}
483,00003ca6-1b52-7b52-92d5-664333880026,25,3101,3385482.0,{}
484,00003ca6-1b52-7b52-92d5-664333880026,25,3101,3365329.0,{}
485,00003ca6-1b52-7b52-92d5-664333880026,25,3101,3382464.0,{}
486,00003ca6-1b52-7b52-92d5-664333880026,25,3101,2901018.0,{}
487,00003ca6-1b52-7b52-92d5-664333880026,25,3101,2944945.0,{}
488,00003ca6-1b52-7b52-92d5-664333880026,25,3101,2939118.0,{}
489,00003ca6-1b52-7b52-92d5-664333880026,25,3101,2939770.0,{}
490,00003ca6-1b52-7b52-92d5-664333880026,25,3101,2942884.0,{}
491,00003ca6-1b52-7b52-92d5-664333880026,25,3101,3071725.0,{}
492,00003ca6-1b52-7b52-92d5-664333880026,25,3101,2630263.0,{}
493,00003ca6-1b52-7b52-92d5-664333880026,25,3101,3026814.0,{}
494,00003ca6-1b52-7b52-92d5-664333880026,25,3101,3034629.0,{}
495,00003ca6-1b52-7b52-92d5-664333880026,25,3101,2814410.0,{}
496,00003ca6-1b52-7b52-92d5-664333880026,25,3101,2628685.0,{}
497,00003ca6-1b52-7b52-92d5-664333880026,25,3101,3071096.0,{}
498,00003ca6-1b52-7b52-92d5-664333880026,25,3101,3075294.0,{}
499,00003ca6-1b52-7b52-92d5-664333880026,25,3101,2738038.0,{}
500,00003ca6-1b52-7b52-92d5-664333880026,25,3101,2718577.0,{}
501,00003ca6-1b52-7b52-92d5-664333880026,26,3101,3064615.0,{}
502,00003ca6-1b52-7b52-92d5-664333880026,26,3101,2615197.0,{}
503,00003ca6-1b52-7b52-92d5-664333880026,26,3101,2698001.0,{}
504,00003ca6-1b52-7b52-92d5-664333880026,26,3101,2836736.0,{}
505,00003ca6-1b52-7b52-92d5-664333880026,26,3101,2797616.0,{}
506,00003ca6-1b52-7b52-92d5-664333880026,26,3101,2909155.0,{}
507,00003ca6-1b52-7b52-92d5-664333880026,26,3101,3106888.0,{}
508,00003ca6-1b52-7b52-92d5-664333880026,26,3101,2904594.0,{}
509,00003ca6-1b52-7b52-92d5-664333880026,26,3101,2984679.0,{}
510,00003ca6-1b52-7b52-92d5-664333880026,26,3101,3096010.0,{}
511,00003ca6-1b52-7b52-92d5-664333880026,26,3101,2624733.0,{}
512,00003ca6-1b52-7b52-92d5-664333880026,26,3101,3069526.0,{}
513,00003ca6-1b52-7b52-92d5-664333880026,26,3101,3199776.0,{}
514,00003ca6-1b52-7b52-92d5-664333880026,26,3101,2603854.0,{}
515,00003ca6-1b52-7b52-92d5-664333880026,26,3101,3194046.0,{}
516,00003ca6-1b52-7b52-92d5-664333880026,26,3101,2652636.0,{}
517,00003ca6-1b52-7b52-92d5-664333880026,26,3101,3256769.0,{}
518,00003ca6-1b52-7b52-92d5-664333880026,26,3101,3251678.0,{}
519,00003ca6-1b52-7b52-92d5-664333880026,26,3101,3242061.0,{}
520,00003ca6-1b52-7b52-92d5-664333880026,26,3101,3267648.0,{}
521,00003ca6-1b52-7b52-92d5-664333880026,27,3101,3173909.0,{}
522,00003ca6-1b52-7b52-92d5-664333880026,27,3101,3177439.0,{}
523,00003ca6-1b52-7b52-92d5-664333880026,27,3101,3180310.0,{}
524,00003ca6-1b52-7b52-92d5-664333880026,27,3101,3026695.0,{}
525,00003ca6-1b52-7b52-92d5-664333880026,27,3101,3175532.0,{}
526,00003ca6-1b52-7b52-92d5-664333880026,27,3101,3579282.0,{}
527,00003ca6-1b52-7b52-92d5-664333880026,27,3101,3828598.0,{}
528,00003ca6-1b52-7b52-92d5-664333880026,27,3101,3552866.0,{}
529,00003ca6-1b52-7b52-92d5-664333880026,27,3101,3831071.0,{}
530,00003ca6-1b52-7b52-92d5-664333880026,27,3101,3545703.0,{}
531,00003ca6-1b52-7b52-92d5-664333880026,27,3101,3221232.0,{}
532,00003ca6-1b52-7b52-92d5-664333880026,27,3101,2932800.0,{}
533,00003ca6-1b52-7b52-92d5-664333880026,27,3101,2930042.0,{}
534,00003ca6-1b52-7b52-92d5-664333880026,27,3101,2933707.0,{}
535,00003ca6-1b52-7b52-92d5-664333880026,27,3101,2955356.0,{}
536,00003ca6-1b52-7b52-92d5-664333880026,27,3101,3605255.0,{}
537,00003ca6-1b52-7b52-92d5-664333880026,27,3101,3534767.0,{}
538,00003ca6-1b52-7b52-92d5-664333880026,27,3101,3594383.0,{}
539,00003ca6-1b52-7b52-92d5-664333880026,27,3101,3596440.0,{}
540,00003ca6-1b52-7b52-92d5-664333880026,27,3101,3850129.0,{}
541,00003ca6-1b52-7b52-92d5-664333880026,28,3101,2971933.0,{}
542,00003ca6-1b52-7b52-92d5-664333880026,28,3101,3016322.0,{}
543,00003ca6-1b52-7b52-92d5-664333880026,28,3101,3023508.0,{}
544,00003ca6-1b52-7b52-92d5-664333880026,28,3101,2984205.0,{}
545,00003ca6-1b52-7b52-92d5-664333880026,28,3101,2976105.0,{}
546,00003ca6-1b52-7b52-92d5-664333880026,28,3101,3344743.0,{}
547,00003ca6-1b52-7b52-92d5-664333880026,28,3101,3369474.0,{}
548,00003ca6-1b52-7b52-92d5-664333880026,28,3101,3345921.0,{}
549,00003ca6-1b52-7b52-92d5-664333880026,28,3101,3301890.0,{}
550,00003ca6-1b52-7b52-92d5-664333880026,28,3101,3332225.0,{}
551,00003ca6-1b52-7b52-92d5-664333880026,28,3101,2733061.0,{}
552,00003ca6-1b52-7b52-92d5-664333880026,28,3101,2762599.0,{}
553,00003ca6-1b52-7b52-92d5-664333880026,28,3101,2630412.0,{}
554,00003ca6-1b52-7b52-92d5-664333880026,28,3101,2761142.0,{}
555,00003ca6-1b52-7b52-92d5-664333880026,28,3101,2739437.0,{}
556,00003ca6-1b52-7b52-92d5-664333880026,28,3101,3201256.0,{}
557,00003ca6-1b52-7b52-92d5-664333880026,28,3101,2907870.0,{}
558,00003ca6-1b52-7b52-92d5-664333880026,28,3101,3196925.0,{}
559,00003ca6-1b52-7b52-92d5-664333880026,28,3101,3195241.0,{}
560,00003ca6-1b52-7b52-92d5-664333880026,28,3101,3142244.0,{}
561,00003ca6-1b52-7b52-92d5-664333880026,29,3101,2759183.0,{}
562,00003ca6-1b52-7b52-92d5-664333880026,29,3101,2760571.0,{}
563,00003ca6-1b52-7b52-92d5-664333880026,29,3101,2757528.0,{}
564,00003ca6-1b52-7b52-92d5-664333880026,29,3101,2684844.0,{}
565,00003ca6-1b52-7b52-92d5-664333880026,29,3101,2706393.0,{}
566,00003ca6-1b52-7b52-92d5-664333880026,29,3101,3253297.0,{}
567,00003ca6-1b52-7b52-92d5-664333880026,29,3101,2675476.0,{}
568,00003ca6-1b52-7b52-92d5-664333880026,29,3101,3269703.0,{}
569,00003ca6-1b52-7b52-92d5-664333880026,29,3101,3273730.0,{}
570,00003ca6-1b52-7b52-92d5-664333880026,29,3101,3231705.0,{}
571,00003ca6-1b52-7b52-92d5-664333880026,29,3101,2761111.0,{}
572,00003ca6-1b52-7b52-92d5-664333880026,29,3101,2898797.0,{}
573,00003ca6-1b52-7b52-92d5-664333880026,29,3101,2736125.0,{}
574,00003ca6-1b52-7b52-92d5-664333880026,29,3101,3270121.0,{}
575,00003ca6-1b52-7b52-92d5-664333880026,29,3101,3100496.0,{}
576,00003ca6-1b52-7b52-92d5-664333880026,29,3101,3311468.0,{}
577,00003ca6-1b52-7b52-92d5-664333880026,29,3101,3176550.0,{}
578,00003ca6-1b52-7b52-92d5-664333880026,29,3101,3216293.0,{}
579,00003ca6-1b52-7b52-92d5-664333880026,29,3101,2769756.0,{}
580,00003ca6-1b52-7b52-92d5-664333880026,29,3101,3311221.0,{}
581,00003ca6-1b52-7b52-92d5-664333880026,30,3101,2623135.0,{}
582,00003ca6-1b52-7b52-92d5-664333880026,30,3101,2885820.0,{}
583,00003ca6-1b52-7b52-92d5-664333880026,30,3101,3430627.0,{}
584,00003ca6-1b52-7b52-92d5-664333880026,30,3101,3169335.0,{}
585,00003ca6-1b52-7b52-92d5-664333880026,30,3101,3371776.0,{}
586,00003ca6-1b52-7b52-92d5-664333880026,30,3101,2589793.0,{}
587,00003ca6-1b52-7b52-92d5-664333880026,30,3101,2749914.0,{}
588,00003ca6-1b52-7b52-92d5-664333880026,30,3101,2871512.0,{}
589,00003ca6-1b52-7b52-92d5-664333880026,30,3101,2735986.0,{}
590,00003ca6-1b52-7b52-92d5-664333880026,30,3101,2594678.0,{}
591,00003ca6-1b52-7b52-92d5-664333880026,30,3101,2807766.0,{}
592,00003ca6-1b52-7b52-92d5-664333880026,30,3101,2807623.0,{}
593,00003ca6-1b52-7b52-92d5-664333880026,30,3101,2812629.0,{}
594,00003ca6-1b52-7b52-92d5-664333880026,30,3101,2814465.0,{}
595,00003ca6-1b52-7b52-92d5-664333880026,30,3101,2806141.0,{}
596,00003ca6-1b52-7b52-92d5-664333880026,30,3101,2913183.0,{}
597,00003ca6-1b52-7b52-92d5-664333880026,30,3101,3040894.0,{}
598,00003ca6-1b52-7b52-92d5-664333880026,30,3101,3405149.0,{}
599,00003ca6-1b52-7b52-92d5-664333880026,30,3101,3347279.0,{}
600,00003ca6-1b52-7b52-92d5-664333880026,30,3101,3270835.0,{}
601,00003ca6-1b52-7b52-92d5-664333880026,31,3101,3473760.0,{}
602,00003ca6-1b52-7b52-92d5-664333880026,31,3101,2829150.0,{}
603,00003ca6-1b52-7b52-92d5-664333880026,31,3101,3231250.0,{}
604,00003ca6-1b52-7b52-92d5-664333880026,31,3101,2999013.0,{}
605,00003ca6-1b52-7b52-92d5-664333880026,31,3101,3081308.0,{}
606,00003ca6-1b52-7b52-92d5-664333880026,31,3101,2625701.0,{}
607,00003ca6-1b52-7b52-92d5-664333880026,31,3101,2628702.0,{}
608,00003ca6-1b52-7b52-92d5-664333880026,31,3101,2626095.0,{}
609,00003ca6-1b52-7b52-92d5-664333880026,31,3101,2627860.0,{}
610,00003ca6-1b52-7b52-92d5-664333880026,31,3101,2830405.0,{}
611,00003ca6-1b52-7b52-92d5-664333880026,31,3101,2662031.0,{}
612,00003ca6-1b52-7b52-92d5-664333880026,31,3101,2768985.0,{}
613,00003ca6-1b52-7b52-92d5-664333880026,31,3101,2692517.0,{}
614,00003ca6-1b52-7b52-92d5-664333880026,31,3101,2711198.0,{}
615,00003ca6-1b52-7b52-92d5-664333880026,31,3101,2717838.0,{}
616,00003ca6-1b52-7b52-92d5-664333880026,31,3101,2658443.0,{}
617,00003ca6-1b52-7b52-92d5-664333880026,31,3101,2666984.0,{}
618,00003ca6-1b52-7b52-92d5-664333880026,31,3101,2685186.0,{}
619,00003ca6-1b52-7b52-92d5-664333880026,31,3101,2738426.0,{}
620,00003ca6-1b52-7b52-92d5-664333880026,31,3101,2686433.0,{}
621,00003ca6-1b52-7b52-92d5-664333880026,32,3101,2652031.0,{}
622,00003ca6-1b52-7b52-92d5-664333880026,32,3101,2645126.0,{}
623,00003ca6-1b52-7b52-92d5-664333880026,32,3101,3269082.0,{}
624,00003ca6-1b52-7b52-92d5-664333880026,32,3101,3271277.0,{}
625,00003ca6-1b52-7b52-92d5-664333880026,32,3101,3263343.0,{}
626,00003ca6-1b52-7b52-92d5-664333880026,32,3101,2554515.0,{}
627,00003ca6-1b52-7b52-92d5-664333880026,32,3101,3054770.0,{}
628,00003ca6-1b52-7b52-92d5-664333880026,32,3101,3010214.0,{}
629,00003ca6-1b52-7b52-92d5-664333880026,32,3101,3011299.0,{}
630,00003ca6-1b52-7b52-92d5-664333880026,32,3101,2634650.0,{}
631,00003ca6-1b52-7b52-92d5-664333880026,32,3101,2642973.0,{}
632,00003ca6-1b52-7b52-92d5-664333880026,32,3101,2671935.0,{}
633,00003ca6-1b52-7b52-92d5-664333880026,32,3101,2498816.0,{}
634,00003ca6-1b52-7b52-92d5-664333880026,32,3101,2599671.0,{}
635,00003ca6-1b52-7b52-92d5-664333880026,32,3101,2500880.0,{}
636,00003ca6-1b52-7b52-92d5-664333880026,32,3101,3423741.0,{}
637,00003ca6-1b52-7b52-92d5-664333880026,32,3101,3364842.0,{}
638,00003ca6-1b52-7b52-92d5-664333880026,32,3101,3287299.0,{}
639,00003ca6-1b52-7b52-92d5-664333880026,32,3101,3283712.0,{}
640,00003ca6-1b52-7b52-92d5-664333880026,32,3101,3404072.0,{}
641,00003ca6-1b52-7b52-92d5-664333880026,33,3101,5963.0,{}
642,00003ca6-1b52-7b52-92d5-664333880026,33,3101,5957.0,{}
643,00003ca6-1b52-7b52-92d5-664333880026,33,3101,5974.0,{}
644,00003ca6-1b52-7b52-92d5-664333880026,33,3101,5950.0,{}
645,00003ca6-1b52-7b52-92d5-664333880026,33,3101,5941.0,{}
646,00003ca6-1b52-7b52-92d5-664333880026,33,3101,5999.0,{}
647,00003ca6-1b52-7b52-92d5-664333880026,33,3101,6023.0,{}
648,00003ca6-1b52-7b52-92d5-664333880026,33,3101,6227.0,{}
649,00003ca6-1b52-7b52-92d5-664333880026,33,3101,6252.0,{}
650,00003ca6-1b52-7b52-92d5-664333880026,33,3101,6259.0,{}
651,00003ca6-1b52-7b52-92d5-664333880026,33,3101,5993.0,{}
652,00003ca6-1b52-7b52-92d5-664333880026,33,3101,5976.0,{}
653,00003ca6-1b52-7b52-92d5-664333880026,33,3101,5958.0,{}
654,00003ca6-1b52-7b52-92d5-664333880026,33,3101,5939.0,{}
655,00003ca6-1b52-7b52-92d5-664333880026,33,3101,5915.0,{}
656,00003ca6-1b52-7b52-92d5-664333880026,33,3101,6003.0,{}
657,00003ca6-1b52-7b52-92d5-664333880026,33,3101,6191.0,{}
658,00003ca6-1b52-7b52-92d5-664333880026,33,3101,6235.0,{}
659,00003ca6-1b52-7b52-92d5-664333880026,33,3101,6258.0,{}
660,00003ca6-1b52-7b52-92d5-664333880026,33,3101,6288.0,{}
661,00003ca6-1b52-7b52-92d5-664333880026,34,3101,3531.0,{}
662,00003ca6-1b52-7b52-92d5-664333880026,34,3101,3539.0,{}
663,00003ca6-1b52-7b52-92d5-664333880026,34,3101,3540.0,{}
664,00003ca6-1b52-7b52-92d5-664333880026,34,3101,3548.0,{}
665,00003ca6-1b52-7b52-92d5-664333880026,34,3101,3643.0,{}
666,00003ca6-1b52-7b52-92d5-664333880026,34,3101,3391.0,{}
667,00003ca6-1b52-7b52-92d5-664333880026,34,3101,3430.0,{}
668,00003ca6-1b52-7b52-92d5-664333880026,34,3101,3589.0,{}
669,00003ca6-1b52-7b52-92d5-664333880026,34,3101,3591.0,{}
670,00003ca6-1b52-7b52-92d5-664333880026,34,3101,3582.0,{}
671,00003ca6-1b52-7b52-92d5-664333880026,34,3101,3564.0,{}
672,00003ca6-1b52-7b52-92d5-664333880026,34,3101,3576.0,{}
673,00003ca6-1b52-7b52-92d5-664333880026,34,3101,3489.0,{}
674,00003ca6-1b52-7b52-92d5-664333880026,34,3101,3442.0,{}
675,00003ca6-1b52-7b52-92d5-664333880026,34,3101,3358.0,{}
676,00003ca6-1b52-7b52-92d5-664333880026,34,3101,3337.0,{}
677,00003ca6-1b52-7b52-92d5-664333880026,34,3101,3600.0,{}
678,00003ca6-1b52-7b52-92d5-664333880026,34,3101,3565.0,{}
679,00003ca6-1b52-7b52-92d5-664333880026,34,3101,3558.0,{}
680,00003ca6-1b52-7b52-92d5-664333880026,34,3101,3568.0,{}
681,00003ca6-1b52-7b52-92d5-664333880026,35,3101,7129.0,{}
682,00003ca6-1b52-7b52-92d5-664333880026,35,3101,7173.0,{}
683,00003ca6-1b52-7b52-92d5-664333880026,35,3101,7405.0,{}
684,00003ca6-1b52-7b52-92d5-664333880026,35,3101,7440.0,{}
685,00003ca6-1b52-7b52-92d5-664333880026,35,3101,7383.0,{}
686,00003ca6-1b52-7b52-92d5-664333880026,35,3101,7070.0,{}
687,00003ca6-1b52-7b52-92d5-664333880026,35,3101,7181.0,{}
688,00003ca6-1b52-7b52-92d5-664333880026,35,3101,7506.0,{}
689,00003ca6-1b52-7b52-92d5-664333880026,35,3101,7497.0,{}
690,00003ca6-1b52-7b52-92d5-664333880026,35,3101,7466.0,{}
691,00003ca6-1b52-7b52-92d5-664333880026,35,3101,6898.0,{}
692,00003ca6-1b52-7b52-92d5-664333880026,35,3101,7199.0,{}
693,00003ca6-1b52-7b52-92d5-664333880026,35,3101,7385.0,{}
694,00003ca6-1b52-7b52-92d5-664333880026,35,3101,7452.0,{}
695,00003ca6-1b52-7b52-92d5-664333880026,35,3101,6682.0,{}
696,00003ca6-1b52-7b52-92d5-664333880026,35,3101,7134.0,{}
697,00003ca6-1b52-7b52-92d5-664333880026,35,3101,7174.0,{}
698,00003ca6-1b52-7b52-92d5-664333880026,35,3101,7527.0,{}
699,00003ca6-1b52-7b52-92d5-664333880026,35,3101,7523.0,{}
700,00003ca6-1b52-7b52-92d5-664333880026,35,3101,7468.0,{}
701,00003ca6-1b52-7b52-92d5-664333880026,36,3101,6879882.0,{}
702,00003ca6-1b52-7b52-92d5-664333880026,36,3101,7469844.0,{}
703,00003ca6-1b52-7b52-92d5-664333880026,36,3101,7224225.0,{}
704,00003ca6-1b52-7b52-92d5-664333880026,36,3101,6880303.0,{}
705,00003ca6-1b52-7b52-92d5-664333880026,36,3101,6876392.0,{}
706,00003ca6-1b52-7b52-92d5-664333880026,36,3101,7219651.0,{}
707,00003ca6-1b52-7b52-92d5-664333880026,36,3101,7473100.0,{}
708,00003ca6-1b52-7b52-92d5-664333880026,36,3101,7481366.0,{}
709,00003ca6-1b52-7b52-92d5-664333880026,36,3101,7359888.0,{}
710,00003ca6-1b52-7b52-92d5-664333880026,36,3101,7401596.0,{}
711,00003ca6-1b52-7b52-92d5-664333880026,36,3101,6528681.0,{}
712,00003ca6-1b52-7b52-92d5-664333880026,36,3101,6312679.0,{}
713,00003ca6-1b52-7b52-92d5-664333880026,36,3101,6407100.0,{}
714,00003ca6-1b52-7b52-92d5-664333880026,36,3101,6463569.0,{}
715,00003ca6-1b52-7b52-92d5-664333880026,36,3101,6469798.0,{}
716,00003ca6-1b52-7b52-92d5-664333880026,36,3101,6845196.0,{}
717,00003ca6-1b52-7b52-92d5-664333880026,36,3101,6842917.0,{}
718,00003ca6-1b52-7b52-92d5-664333880026,36,3101,6960517.0,{}
719,00003ca6-1b52-7b52-92d5-664333880026,36,3101,6956737.0,{}
720,00003ca6-1b52-7b52-92d5-664333880026,36,3101,6875849.0,{}
721,00003ca6-1b52-7b52-92d5-664333880026,37,3101,6290540.0,{}
722,00003ca6-1b52-7b52-92d5-664333880026,37,3101,5975793.0,{}
723,00003ca6-1b52-7b52-92d5-664333880026,37,3101,5797490.0,{}
724,00003ca6-1b52-7b52-92d5-664333880026,37,3101,6173930.0,{}
725,00003ca6-1b52-7b52-92d5-664333880026,37,3101,5810048.0,{}
726,00003ca6-1b52-7b52-92d5-664333880026,37,3101,6133219.0,{}
727,00003ca6-1b52-7b52-92d5-664333880026,37,3101,6454061.0,{}
728,00003ca6-1b52-7b52-92d5-664333880026,37,3101,5703101.0,{}
729,00003ca6-1b52-7b52-92d5-664333880026,37,3101,5705805.0,{}
730,00003ca6-1b52-7b52-92d5-664333880026,37,3101,5521875.0,{}
731,00003ca6-1b52-7b52-92d5-664333880026,37,3101,5679800.0,{}
732,00003ca6-1b52-7b52-92d5-664333880026,37,3101,5682377.0,{}
733,00003ca6-1b52-7b52-92d5-664333880026,37,3101,5688274.0,{}
734,00003ca6-1b52-7b52-92d5-664333880026,37,3101,5693485.0,{}
735,00003ca6-1b52-7b52-92d5-664333880026,37,3101,5689674.0,{}
736,00003ca6-1b52-7b52-92d5-664333880026,37,3101,5275178.0,{}
737,00003ca6-1b52-7b52-92d5-664333880026,37,3101,5131293.0,{}
738,00003ca6-1b52-7b52-92d5-664333880026,37,3101,5222417.0,{}
739,00003ca6-1b52-7b52-92d5-664333880026,37,3101,4934190.0,{}
740,00003ca6-1b52-7b52-92d5-664333880026,37,3101,4940346.0,{}
741,00003ca6-1b52-7b52-92d5-664333880026,38,3101,5440965.0,{}
742,00003ca6-1b52-7b52-92d5-664333880026,38,3101,5421819.0,{}
743,00003ca6-1b52-7b52-92d5-664333880026,38,3101,5438724.0,{}
744,00003ca6-1b52-7b52-92d5-664333880026,38,3101,5434490.0,{}
745,00003ca6-1b52-7b52-92d5-664333880026,38,3101,5438593.0,{}
746,00003ca6-1b52-7b52-92d5-664333880026,38,3101,5758331.0,{}
747,00003ca6-1b52-7b52-92d5-664333880026,38,3101,4675927.0,{}
748,00003ca6-1b52-7b52-92d5-664333880026,38,3101,5752997.0,{}
749,00003ca6-1b52-7b52-92d5-664333880026,38,3101,5753757.0,{}
750,00003ca6-1b52-7b52-92d5-664333880026,38,3101,5760613.0,{}
751,00003ca6-1b52-7b52-92d5-664333880026,38,3101,4768431.0,{}
752,00003ca6-1b52-7b52-92d5-664333880026,38,3101,4506374.0,{}
753,00003ca6-1b52-7b52-92d5-664333880026,38,3101,5211730.0,{}
754,00003ca6-1b52-7b52-92d5-664333880026,38,3101,4674336.0,{}
755,00003ca6-1b52-7b52-92d5-664333880026,38,3101,4654687.0,{}
756,00003ca6-1b52-7b52-92d5-664333880026,38,3101,5440408.0,{}
757,00003ca6-1b52-7b52-92d5-664333880026,38,3101,4802672.0,{}
758,00003ca6-1b52-7b52-92d5-664333880026,38,3101,5439172.0,{}
759,00003ca6-1b52-7b52-92d5-664333880026,38,3101,5438403.0,{}
760,00003ca6-1b52-7b52-92d5-664333880026,38,3101,5437814.0,{}
761,00003ca6-1b52-7b52-92d5-664333880026,39,3101,4829103.0,{}
762,00003ca6-1b52-7b52-92d5-664333880026,39,3101,4774969.0,{}
763,00003ca6-1b52-7b52-92d5-664333880026,39,3101,4830799.0,{}
764,00003ca6-1b52-7b52-92d5-664333880026,39,3101,4741115.0,{}
765,00003ca6-1b52-7b52-92d5-664333880026,39,3101,4814905.0,{}
766,00003ca6-1b52-7b52-92d5-664333880026,39,3101,4934165.0,{}
767,00003ca6-1b52-7b52-92d5-664333880026,39,3101,5056777.0,{}
768,00003ca6-1b52-7b52-92d5-664333880026,39,3101,4918680.0,{}
769,00003ca6-1b52-7b52-92d5-664333880026,39,3101,4974026.0,{}
770,00003ca6-1b52-7b52-92d5-664333880026,39,3101,4983719.0,{}
771,00003ca6-1b52-7b52-92d5-664333880026,39,3101,5891398.0,{}
772,00003ca6-1b52-7b52-92d5-664333880026,39,3101,5902393.0,{}
773,00003ca6-1b52-7b52-92d5-664333880026,39,3101,5910633.0,{}
774,00003ca6-1b52-7b52-92d5-664333880026,39,3101,5445775.0,{}
775,00003ca6-1b52-7b52-92d5-664333880026,39,3101,5670937.0,{}
776,00003ca6-1b52-7b52-92d5-664333880026,39,3101,5389689.0,{}
777,00003ca6-1b52-7b52-92d5-664333880026,39,3101,5983622.0,{}
778,00003ca6-1b52-7b52-92d5-664333880026,39,3101,5984572.0,{}
779,00003ca6-1b52-7b52-92d5-664333880026,39,3101,5390394.0,{}
780,00003ca6-1b52-7b52-92d5-664333880026,39,3101,5390333.0,{}
781,00003ca6-1b52-7b52-92d5-664333880026,40,3101,6168704.0,{}
782,00003ca6-1b52-7b52-92d5-664333880026,40,3101,6140007.0,{}
783,00003ca6-1b52-7b52-92d5-664333880026,40,3101,6175771.0,{}
784,00003ca6-1b52-7b52-92d5-664333880026,40,3101,6161047.0,{}
785,00003ca6-1b52-7b52-92d5-664333880026,40,3101,6142372.0,{}
786,00003ca6-1b52-7b52-92d5-664333880026,40,3101,5681911.0,{}
787,00003ca6-1b52-7b52-92d5-664333880026,40,3101,5341600.0,{}
788,00003ca6-1b52-7b52-92d5-664333880026,40,3101,5674301.0,{}
789,00003ca6-1b52-7b52-92d5-664333880026,40,3101,5683258.0,{}
790,00003ca6-1b52-7b52-92d5-664333880026,40,3101,5680985.0,{}
791,00003ca6-1b52-7b52-92d5-664333880026,40,3101,5793880.0,{}
792,00003ca6-1b52-7b52-92d5-664333880026,40,3101,5799121.0,{}
793,00003ca6-1b52-7b52-92d5-664333880026,40,3101,5822820.0,{}
794,00003ca6-1b52-7b52-92d5-664333880026,40,3101,5749420.0,{}
795,00003ca6-1b52-7b52-92d5-664333880026,40,3101,5811849.0,{}
796,00003ca6-1b52-7b52-92d5-664333880026,40,3101,5283982.0,{}
797,00003ca6-1b52-7b52-92d5-664333880026,40,3101,5495938.0,{}
798,00003ca6-1b52-7b52-92d5-664333880026,40,3101,5280255.0,{}
799,00003ca6-1b52-7b52-92d5-664333880026,40,3101,5503958.0,{}
800,00003ca6-1b52-7b52-92d5-664333880026,40,3101,5398785.0,{}
801,00003ca6-1b52-7b52-92d5-664333880026,41,3101,5596307.0,{}
802,00003ca6-1b52-7b52-92d5-664333880026,41,3101,5681322.0,{}
803,00003ca6-1b52-7b52-92d5-664333880026,41,3101,5673836.0,{}
804,00003ca6-1b52-7b52-92d5-664333880026,41,3101,5675224.0,{}
805,00003ca6-1b52-7b52-92d5-664333880026,41,3101,5674088.0,{}
806,00003ca6-1b52-7b52-92d5-664333880026,41,3101,5420148.0,{}
807,00003ca6-1b52-7b52-92d5-664333880026,41,3101,5419834.0,{}
808,00003ca6-1b52-7b52-92d5-664333880026,41,3101,5421681.0,{}
809,00003ca6-1b52-7b52-92d5-664333880026,41,3101,5418752.0,{}
810,00003ca6-1b52-7b52-92d5-664333880026,41,3101,5419485.0,{}
811,00003ca6-1b52-7b52-92d5-664333880026,41,3101,4894175.0,{}
812,00003ca6-1b52-7b52-92d5-664333880026,41,3101,4874847.0,{}
813,00003ca6-1b52-7b52-92d5-664333880026,41,3101,4896568.0,{}
814,00003ca6-1b52-7b52-92d5-664333880026,41,3101,4886425.0,{}
815,00003ca6-1b52-7b52-92d5-664333880026,41,3101,4901031.0,{}
816,00003ca6-1b52-7b52-92d5-664333880026,41,3101,5224169.0,{}
817,00003ca6-1b52-7b52-92d5-664333880026,41,3101,5015403.0,{}
818,00003ca6-1b52-7b52-92d5-664333880026,41,3101,5013339.0,{}
819,00003ca6-1b52-7b52-92d5-664333880026,41,3101,5374403.0,{}
820,00003ca6-1b52-7b52-92d5-664333880026,41,3101,5021555.0,{}
821,00003ca6-1b52-7b52-92d5-664333880026,42,3101,4560422.0,{}
822,00003ca6-1b52-7b52-92d5-664333880026,42,3101,4674487.0,{}
823,00003ca6-1b52-7b52-92d5-664333880026,42,3101,4630648.0,{}
824,00003ca6-1b52-7b52-92d5-664333880026,42,3101,4634209.0,{}
825,00003ca6-1b52-7b52-92d5-664333880026,42,3101,4785462.0,{}
826,00003ca6-1b52-7b52-92d5-664333880026,42,3101,5024331.0,{}
827,00003ca6-1b52-7b52-92d5-664333880026,42,3101,5026401.0,{}
828,00003ca6-1b52-7b52-92d5-664333880026,42,3101,5028092.0,{}
829,00003ca6-1b52-7b52-92d5-664333880026,42,3101,5024062.0,{}
830,00003ca6-1b52-7b52-92d5-664333880026,42,3101,5023282.0,{}
831,00003ca6-1b52-7b52-92d5-664333880026,42,3101,5019361.0,{}
832,00003ca6-1b52-7b52-92d5-664333880026,42,3101,5028066.0,{}
833,00003ca6-1b52-7b52-92d5-664333880026,42,3101,5027804.0,{}
834,00003ca6-1b52-7b52-92d5-664333880026,42,3101,4521353.0,{}
835,00003ca6-1b52-7b52-92d5-664333880026,42,3101,5031725.0,{}
836,00003ca6-1b52-7b52-92d5-664333880026,42,3101,4220201.0,{}
837,00003ca6-1b52-7b52-92d5-664333880026,42,3101,4369246.0,{}
838,00003ca6-1b52-7b52-92d5-664333880026,42,3101,4428509.0,{}
839,00003ca6-1b52-7b52-92d5-664333880026,42,3101,4316972.0,{}
840,00003ca6-1b52-7b52-92d5-664333880026,42,3101,4405683.0,{}
841,00003ca6-1b52-7b52-92d5-664333880026,43,3101,5454001.0,{}
842,00003ca6-1b52-7b52-92d5-664333880026,43,3101,5574158.0,{}
843,00003ca6-1b52-7b52-92d5-664333880026,43,3101,5451993.0,{}
844,00003ca6-1b52-7b52-92d5-664333880026,43,3101,5544902.0,{}
845,00003ca6-1b52-7b52-92d5-664333880026,43,3101,5499919.0,{}
846,00003ca6-1b52-7b52-92d5-664333880026,43,3101,5526959.0,{}
847,00003ca6-1b52-7b52-92d5-664333880026,43,3101,5209145.0,{}
848,00003ca6-1b52-7b52-92d5-664333880026,43,3101,5530122.0,{}
849,00003ca6-1b52-7b52-92d5-664333880026,43,3101,5338771.0,{}
850,00003ca6-1b52-7b52-92d5-664333880026,43,3101,5524923.0,{}
851,00003ca6-1b52-7b52-92d5-664333880026,43,3101,5827907.0,{}
852,00003ca6-1b52-7b52-92d5-664333880026,43,3101,5908269.0,{}
853,00003ca6-1b52-7b52-92d5-664333880026,43,3101,5633838.0,{}
854,00003ca6-1b52-7b52-92d5-664333880026,43,3101,5555938.0,{}
855,00003ca6-1b52-7b52-92d5-664333880026,43,3101,5753841.0,{}
856,00003ca6-1b52-7b52-92d5-664333880026,43,3101,5579132.0,{}
857,00003ca6-1b52-7b52-92d5-664333880026,43,3101,5580941.0,{}
858,00003ca6-1b52-7b52-92d5-664333880026,43,3101,5573560.0,{}
859,00003ca6-1b52-7b52-92d5-664333880026,43,3101,5210987.0,{}
860,00003ca6-1b52-7b52-92d5-664333880026,43,3101,5576728.0,{}
861,00003ca6-1b52-7b52-92d5-664333880026,44,3101,5615218.0,{}
862,00003ca6-1b52-7b52-92d5-664333880026,44,3101,5504713.0,{}
863,00003ca6-1b52-7b52-92d5-664333880026,44,3101,5518599.0,{}
864,00003ca6-1b52-7b52-92d5-664333880026,44,3101,5608796.0,{}
865,00003ca6-1b52-7b52-92d5-664333880026,44,3101,5141188.0,{}
866,00003ca6-1b52-7b52-92d5-664333880026,44,3101,5515166.0,{}
867,00003ca6-1b52-7b52-92d5-664333880026,44,3101,5495086.0,{}
868,00003ca6-1b52-7b52-92d5-664333880026,44,3101,5514030.0,{}
869,00003ca6-1b52-7b52-92d5-664333880026,44,3101,5514328.0,{}
870,00003ca6-1b52-7b52-92d5-664333880026,44,3101,5507330.0,{}
871,00003ca6-1b52-7b52-92d5-664333880026,44,3101,5510655.0,{}
872,00003ca6-1b52-7b52-92d5-664333880026,44,3101,5512265.0,{}
873,00003ca6-1b52-7b52-92d5-664333880026,44,3101,5503553.0,{}
874,00003ca6-1b52-7b52-92d5-664333880026,44,3101,5120523.0,{}
875,00003ca6-1b52-7b52-92d5-664333880026,44,3101,5511602.0,{}
876,00003ca6-1b52-7b52-92d5-664333880026,44,3101,5597794.0,{}
877,00003ca6-1b52-7b52-92d5-664333880026,44,3101,5641301.0,{}
878,00003ca6-1b52-7b52-92d5-664333880026,44,3101,5490148.0,{}
879,00003ca6-1b52-7b52-92d5-664333880026,44,3101,5140138.0,{}
880,00003ca6-1b52-7b52-92d5-664333880026,44,3101,5613074.0,{}
881,00003ca6-1b52-7b52-92d5-664333880026,45,3101,5469732.0,{}
882,00003ca6-1b52-7b52-92d5-664333880026,45,3101,5228561.0,{}
883,00003ca6-1b52-7b52-92d5-664333880026,45,3101,5330016.0,{}
884,00003ca6-1b52-7b52-92d5-664333880026,45,3101,5465060.0,{}
885,00003ca6-1b52-7b52-92d5-664333880026,45,3101,5395035.0,{}
886,00003ca6-1b52-7b52-92d5-664333880026,45,3101,5284827.0,{}
887,00003ca6-1b52-7b52-92d5-664333880026,45,3101,5439449.0,{}
888,00003ca6-1b52-7b52-92d5-664333880026,45,3101,5438842.0,{}
889,00003ca6-1b52-7b52-92d5-664333880026,45,3101,5436995.0,{}
890,00003ca6-1b52-7b52-92d5-664333880026,45,3101,5434539.0,{}
891,00003ca6-1b52-7b52-92d5-664333880026,45,3101,5428009.0,{}
892,00003ca6-1b52-7b52-92d5-664333880026,45,3101,5472871.0,{}
893,00003ca6-1b52-7b52-92d5-664333880026,45,3101,5491035.0,{}
894,00003ca6-1b52-7b52-92d5-664333880026,45,3101,5350158.0,{}
895,00003ca6-1b52-7b52-92d5-664333880026,45,3101,5334018.0,{}
896,00003ca6-1b52-7b52-92d5-664333880026,45,3101,5113309.0,{}
897,00003ca6-1b52-7b52-92d5-664333880026,45,3101,5229147.0,{}
898,00003ca6-1b52-7b52-92d5-664333880026,45,3101,5111929.0,{}
899,00003ca6-1b52-7b52-92d5-664333880026,45,3101,5262510.0,{}
900,00003ca6-1b52-7b52-92d5-664333880026,45,3101,5286664.0,{}
901,00003ca6-1b52-7b52-92d5-664333880026,46,3101,5221547.0,{}
902,00003ca6-1b52-7b52-92d5-664333880026,46,3101,5227528.0,{}
903,00003ca6-1b52-7b52-92d5-664333880026,46,3101,5347240.0,{}
904,00003ca6-1b52-7b52-92d5-664333880026,46,3101,5425055.0,{}
905,00003ca6-1b52-7b52-92d5-664333880026,46,3101,5434690.0,{}
906,00003ca6-1b52-7b52-92d5-664333880026,46,3101,5801458.0,{}
907,00003ca6-1b52-7b52-92d5-664333880026,46,3101,5867674.0,{}
908,00003ca6-1b52-7b52-92d5-664333880026,46,3101,5500059.0,{}
909,00003ca6-1b52-7b52-92d5-664333880026,46,3101,5764734.0,{}
910,00003ca6-1b52-7b52-92d5-664333880026,46,3101,5583910.0,{}
911,00003ca6-1b52-7b52-92d5-664333880026,46,3101,5713627.0,{}
912,00003ca6-1b52-7b52-92d5-664333880026,46,3101,5751572.0,{}
913,00003ca6-1b52-7b52-92d5-664333880026,46,3101,5444351.0,{}
914,00003ca6-1b52-7b52-92d5-664333880026,46,3101,5565574.0,{}
915,00003ca6-1b52-7b52-92d5-664333880026,46,3101,5511466.0,{}
916,00003ca6-1b52-7b52-92d5-664333880026,46,3101,5623808.0,{}
917,00003ca6-1b52-7b52-92d5-664333880026,46,3101,5606937.0,{}
918,00003ca6-1b52-7b52-92d5-664333880026,46,3101,5624105.0,{}
919,00003ca6-1b52-7b52-92d5-664333880026,46,3101,5616796.0,{}
920,00003ca6-1b52-7b52-92d5-664333880026,46,3101,5625647.0,{}
921,00003ca6-1b52-7b52-92d5-664333880026,47,3101,4630720.0,{}
922,00003ca6-1b52-7b52-92d5-664333880026,47,3101,4585009.0,{}
923,00003ca6-1b52-7b52-92d5-664333880026,47,3101,4733710.0,{}
924,00003ca6-1b52-7b52-92d5-664333880026,47,3101,4570374.0,{}
925,00003ca6-1b52-7b52-92d5-664333880026,47,3101,4576693.0,{}
926,00003ca6-1b52-7b52-92d5-664333880026,47,3101,4957151.0,{}
927,00003ca6-1b52-7b52-92d5-664333880026,47,3101,4952588.0,{}
928,00003ca6-1b52-7b52-92d5-664333880026,47,3101,4947221.0,{}
929,00003ca6-1b52-7b52-92d5-664333880026,47,3101,4955885.0,{}
930,00003ca6-1b52-7b52-92d5-664333880026,47,3101,4953467.0,{}
931,00003ca6-1b52-7b52-92d5-664333880026,47,3101,4244721.0,{}
932,00003ca6-1b52-7b52-92d5-664333880026,47,3101,4252755.0,{}
933,00003ca6-1b52-7b52-92d5-664333880026,47,3101,4125727.0,{}
934,00003ca6-1b52-7b52-92d5-664333880026,47,3101,4136941.0,{}
935,00003ca6-1b52-7b52-92d5-664333880026,47,3101,4153146.0,{}
936,00003ca6-1b52-7b52-92d5-664333880026,47,3101,4943891.0,{}
937,00003ca6-1b52-7b52-92d5-664333880026,47,3101,4925237.0,{}
938,00003ca6-1b52-7b52-92d5-664333880026,47,3101,4916301.0,{}
939,00003ca6-1b52-7b52-92d5-664333880026,47,3101,4912212.0,{}
940,00003ca6-1b52-7b52-92d5-664333880026,47,3101,4935863.0,{}
941,00003ca6-1b52-7b52-92d5-664333880026,48,3101,5448276.0,{}
942,00003ca6-1b52-7b52-92d5-664333880026,48,3101,5449020.0,{}
943,00003ca6-1b52-7b52-92d5-664333880026,48,3101,5229242.0,{}
944,00003ca6-1b52-7b52-92d5-664333880026,48,3101,5389073.0,{}
945,00003ca6-1b52-7b52-92d5-664333880026,48,3101,4852606.0,{}
946,00003ca6-1b52-7b52-92d5-664333880026,48,3101,5448557.0,{}
947,00003ca6-1b52-7b52-92d5-664333880026,48,3101,5450099.0,{}
948,00003ca6-1b52-7b52-92d5-664333880026,48,3101,5446220.0,{}
949,00003ca6-1b52-7b52-92d5-664333880026,48,3101,5449971.0,{}
950,00003ca6-1b52-7b52-92d5-664333880026,48,3101,5450632.0,{}
951,00003ca6-1b52-7b52-92d5-664333880026,48,3101,5184987.0,{}
952,00003ca6-1b52-7b52-92d5-664333880026,48,3101,5115591.0,{}
953,00003ca6-1b52-7b52-92d5-664333880026,48,3101,5108942.0,{}
954,00003ca6-1b52-7b52-92d5-664333880026,48,3101,5137304.0,{}
955,00003ca6-1b52-7b52-92d5-664333880026,48,3101,5221502.0,{}
956,00003ca6-1b52-7b52-92d5-664333880026,48,3101,5475942.0,{}
957,00003ca6-1b52-7b52-92d5-664333880026,48,3101,5518718.0,{}
958,00003ca6-1b52-7b52-92d5-664333880026,48,3101,5533223.0,{}
959,00003ca6-1b52-7b52-92d5-664333880026,48,3101,5566978.0,{}
960,00003ca6-1b52-7b52-92d5-664333880026,48,3101,5532086.0,{}

=== TABLE: top_kernels ===name,total_calls,total_duration,average,percentage
gemm_gate_up_mq4g256_lloyd_wmma,39,105536.063,2706.052,99.8967165344425
__amd_rocclr_fillBufferAligned,6,88.155,14.692,0.0834444150725404
convert_f32_to_f16,3,20.959,6.986,0.0198390504850023

