=== TABLE: busy ===agent_id,type,GpuTime,WallTime,Busy
1,GPU,106479926,2738217979,0.0388865776269888

=== TABLE: rocpd_info_kernel_symbol ===id,guid,nid,pid,code_object_id,kernel_name,display_name,kernel_object,kernarg_segment_size,kernarg_segment_alignment,group_segment_size,private_segment_size,sgpr_count,arch_vgpr_count,accum_vgpr_count,extdata
1,00003ca5-f808-7808-83ea-1b1d187d408a,1655282045,1291691,1,__amd_rocclr_initHeap.kd,__amd_rocclr_initHeap,137243393057536,24,16,0,0,128,16,0,"{""size"":88,""kernel_id"":1,""code_object_id"":1,""kernel_name"":""__amd_rocclr_initHeap.kd"",""kernel_object"":137243393057536,""kernarg_segment_size"":24,""kernarg_segment_alignment"":16,""group_segment_size"":0,""private_segment_size"":0,""sgpr_count"":128,""arch_vgpr_count"":16,""accum_vgpr_count"":0,""kernel_code_entry_byte_offset"":16896,""kernel_address"":{""handle"":137243393074432},""formatted_kernel_name"":""__amd_rocclr_initHeap"",""demangled_kernel_name"":""__amd_rocclr_initHeap.kd"",""truncated_kernel_name"":""__amd_rocclr_initHeap.kd""}"
2,00003ca5-f808-7808-83ea-1b1d187d408a,1655282045,1291691,1,__amd_rocclr_streamOpsWait.kd,__amd_rocclr_streamOpsWait,137243393057472,40,16,0,0,128,8,0,"{""size"":88,""kernel_id"":2,""code_object_id"":1,""kernel_name"":""__amd_rocclr_streamOpsWait.kd"",""kernel_object"":137243393057472,""kernarg_segment_size"":40,""kernarg_segment_alignment"":16,""group_segment_size"":0,""private_segment_size"":0,""sgpr_count"":128,""arch_vgpr_count"":8,""accum_vgpr_count"":0,""kernel_code_entry_byte_offset"":16192,""kernel_address"":{""handle"":137243393073664},""formatted_kernel_name"":""__amd_rocclr_streamOpsWait"",""demangled_kernel_name"":""__amd_rocclr_streamOpsWait.kd"",""truncated_kernel_name"":""__amd_rocclr_streamOpsWait.kd""}"
3,00003ca5-f808-7808-83ea-1b1d187d408a,1655282045,1291691,1,__amd_rocclr_streamOpsDecrement.kd,__amd_rocclr_streamOpsDecrement,137243393057408,24,16,0,0,128,8,0,"{""size"":88,""kernel_id"":3,""code_object_id"":1,""kernel_name"":""__amd_rocclr_streamOpsDecrement.kd"",""kernel_object"":137243393057408,""kernarg_segment_size"":24,""kernarg_segment_alignment"":16,""group_segment_size"":0,""private_segment_size"":0,""sgpr_count"":128,""arch_vgpr_count"":8,""accum_vgpr_count"":0,""kernel_code_entry_byte_offset"":16000,""kernel_address"":{""handle"":137243393073408},""formatted_kernel_name"":""__amd_rocclr_streamOpsDecrement"",""demangled_kernel_name"":""__amd_rocclr_streamOpsDecrement.kd"",""truncated_kernel_name"":""__amd_rocclr_streamOpsDecrement.kd""}"
4,00003ca5-f808-7808-83ea-1b1d187d408a,1655282045,1291691,1,__amd_rocclr_streamOpsIncrement.kd,__amd_rocclr_streamOpsIncrement,137243393057344,24,16,0,0,128,8,0,"{""size"":88,""kernel_id"":4,""code_object_id"":1,""kernel_name"":""__amd_rocclr_streamOpsIncrement.kd"",""kernel_object"":137243393057344,""kernarg_segment_size"":24,""kernarg_segment_alignment"":16,""group_segment_size"":0,""private_segment_size"":0,""sgpr_count"":128,""arch_vgpr_count"":8,""accum_vgpr_count"":0,""kernel_code_entry_byte_offset"":15808,""kernel_address"":{""handle"":137243393073152},""formatted_kernel_name"":""__amd_rocclr_streamOpsIncrement"",""demangled_kernel_name"":""__amd_rocclr_streamOpsIncrement.kd"",""truncated_kernel_name"":""__amd_rocclr_streamOpsIncrement.kd""}"
5,00003ca5-f808-7808-83ea-1b1d187d408a,1655282045,1291691,1,__amd_rocclr_fillBufferAligned.kd,__amd_rocclr_fillBufferAligned,137243393056512,40,16,0,0,128,16,0,"{""size"":88,""kernel_id"":5,""code_object_id"":1,""kernel_name"":""__amd_rocclr_fillBufferAligned.kd"",""kernel_object"":137243393056512,""kernarg_segment_size"":40,""kernarg_segment_alignment"":16,""group_segment_size"":0,""private_segment_size"":0,""sgpr_count"":128,""arch_vgpr_count"":16,""accum_vgpr_count"":0,""kernel_code_entry_byte_offset"":5376,""kernel_address"":{""handle"":137243393061888},""formatted_kernel_name"":""__amd_rocclr_fillBufferAligned"",""demangled_kernel_name"":""__amd_rocclr_fillBufferAligned.kd"",""truncated_kernel_name"":""__amd_rocclr_fillBufferAligned.kd""}"
6,00003ca5-f808-7808-83ea-1b1d187d408a,1655282045,1291691,1,__amd_rocclr_fillBufferAligned2D.kd,__amd_rocclr_fillBufferAligned2D,137243393056576,336,16,0,0,128,8,0,"{""size"":88,""kernel_id"":6,""code_object_id"":1,""kernel_name"":""__amd_rocclr_fillBufferAligned2D.kd"",""kernel_object"":137243393056576,""kernarg_segment_size"":336,""kernarg_segment_alignment"":16,""group_segment_size"":0,""private_segment_size"":0,""sgpr_count"":128,""arch_vgpr_count"":8,""accum_vgpr_count"":0,""kernel_code_entry_byte_offset"":6848,""kernel_address"":{""handle"":137243393063424},""formatted_kernel_name"":""__amd_rocclr_fillBufferAligned2D"",""demangled_kernel_name"":""__amd_rocclr_fillBufferAligned2D.kd"",""truncated_kernel_name"":""__amd_rocclr_fillBufferAligned2D.kd""}"
7,00003ca5-f808-7808-83ea-1b1d187d408a,1655282045,1291691,1,__amd_rocclr_copyBuffer.kd,__amd_rocclr_copyBuffer,137243393056640,48,16,0,0,128,16,0,"{""size"":88,""kernel_id"":7,""code_object_id"":1,""kernel_name"":""__amd_rocclr_copyBuffer.kd"",""kernel_object"":137243393056640,""kernarg_segment_size"":48,""kernarg_segment_alignment"":16,""group_segment_size"":0,""private_segment_size"":0,""sgpr_count"":128,""arch_vgpr_count"":16,""accum_vgpr_count"":0,""kernel_code_entry_byte_offset"":7552,""kernel_address"":{""handle"":137243393064192},""formatted_kernel_name"":""__amd_rocclr_copyBuffer"",""demangled_kernel_name"":""__amd_rocclr_copyBuffer.kd"",""truncated_kernel_name"":""__amd_rocclr_copyBuffer.kd""}"
8,00003ca5-f808-7808-83ea-1b1d187d408a,1655282045,1291691,1,__amd_rocclr_batchMemOp.kd,__amd_rocclr_batchMemOp,137243393056896,272,16,0,0,128,8,0,"{""size"":88,""kernel_id"":8,""code_object_id"":1,""kernel_name"":""__amd_rocclr_batchMemOp.kd"",""kernel_object"":137243393056896,""kernarg_segment_size"":272,""kernarg_segment_alignment"":16,""group_segment_size"":0,""private_segment_size"":0,""sgpr_count"":128,""arch_vgpr_count"":8,""accum_vgpr_count"":0,""kernel_code_entry_byte_offset"":9856,""kernel_address"":{""handle"":137243393066752},""formatted_kernel_name"":""__amd_rocclr_batchMemOp"",""demangled_kernel_name"":""__amd_rocclr_batchMemOp.kd"",""truncated_kernel_name"":""__amd_rocclr_batchMemOp.kd""}"
9,00003ca5-f808-7808-83ea-1b1d187d408a,1655282045,1291691,1,__amd_rocclr_copyBufferAligned.kd,__amd_rocclr_copyBufferAligned,137243393056704,304,16,0,0,128,8,0,"{""size"":88,""kernel_id"":9,""code_object_id"":1,""kernel_name"":""__amd_rocclr_copyBufferAligned.kd"",""kernel_object"":137243393056704,""kernarg_segment_size"":304,""kernarg_segment_alignment"":16,""group_segment_size"":0,""private_segment_size"":0,""sgpr_count"":128,""arch_vgpr_count"":8,""accum_vgpr_count"":0,""kernel_code_entry_byte_offset"":8256,""kernel_address"":{""handle"":137243393064960},""formatted_kernel_name"":""__amd_rocclr_copyBufferAligned"",""demangled_kernel_name"":""__amd_rocclr_copyBufferAligned.kd"",""truncated_kernel_name"":""__amd_rocclr_copyBufferAligned.kd""}"
10,00003ca5-f808-7808-83ea-1b1d187d408a,1655282045,1291691,1,__amd_rocclr_copyImageToBuffer.kd,__amd_rocclr_copyImageToBuffer,137243393057216,416,16,0,0,128,16,0,"{""size"":88,""kernel_id"":10,""code_object_id"":1,""kernel_name"":""__amd_rocclr_copyImageToBuffer.kd"",""kernel_object"":137243393057216,""kernarg_segment_size"":416,""kernarg_segment_alignment"":16,""group_segment_size"":0,""private_segment_size"":0,""sgpr_count"":128,""arch_vgpr_count"":16,""accum_vgpr_count"":0,""kernel_code_entry_byte_offset"":14400,""kernel_address"":{""handle"":137243393071616},""formatted_kernel_name"":""__amd_rocclr_copyImageToBuffer"",""demangled_kernel_name"":""__amd_rocclr_copyImageToBuffer.kd"",""truncated_kernel_name"":""__amd_rocclr_copyImageToBuffer.kd""}"
11,00003ca5-f808-7808-83ea-1b1d187d408a,1655282045,1291691,1,__amd_rocclr_copyImage.kd,__amd_rocclr_copyImage,137243393057024,320,16,0,0,128,8,0,"{""size"":88,""kernel_id"":11,""code_object_id"":1,""kernel_name"":""__amd_rocclr_copyImage.kd"",""kernel_object"":137243393057024,""kernarg_segment_size"":320,""kernarg_segment_alignment"":16,""group_segment_size"":0,""private_segment_size"":0,""sgpr_count"":128,""arch_vgpr_count"":8,""accum_vgpr_count"":0,""kernel_code_entry_byte_offset"":12288,""kernel_address"":{""handle"":137243393069312},""formatted_kernel_name"":""__amd_rocclr_copyImage"",""demangled_kernel_name"":""__amd_rocclr_copyImage.kd"",""truncated_kernel_name"":""__amd_rocclr_copyImage.kd""}"
12,00003ca5-f808-7808-83ea-1b1d187d408a,1655282045,1291691,1,__amd_rocclr_copyBufferRect.kd,__amd_rocclr_copyBufferRect,137243393056768,384,16,0,0,128,16,0,"{""size"":88,""kernel_id"":12,""code_object_id"":1,""kernel_name"":""__amd_rocclr_copyBufferRect.kd"",""kernel_object"":137243393056768,""kernarg_segment_size"":384,""kernarg_segment_alignment"":16,""group_segment_size"":0,""private_segment_size"":0,""sgpr_count"":128,""arch_vgpr_count"":16,""accum_vgpr_count"":0,""kernel_code_entry_byte_offset"":8704,""kernel_address"":{""handle"":137243393065472},""formatted_kernel_name"":""__amd_rocclr_copyBufferRect"",""demangled_kernel_name"":""__amd_rocclr_copyBufferRect.kd"",""truncated_kernel_name"":""__amd_rocclr_copyBufferRect.kd""}"
13,00003ca5-f808-7808-83ea-1b1d187d408a,1655282045,1291691,1,__amd_rocclr_copyBufferToImage.kd,__amd_rocclr_copyBufferToImage,137243393057152,416,16,0,0,128,16,0,"{""size"":88,""kernel_id"":13,""code_object_id"":1,""kernel_name"":""__amd_rocclr_copyBufferToImage.kd"",""kernel_object"":137243393057152,""kernarg_segment_size"":416,""kernarg_segment_alignment"":16,""group_segment_size"":0,""private_segment_size"":0,""sgpr_count"":128,""arch_vgpr_count"":16,""accum_vgpr_count"":0,""kernel_code_entry_byte_offset"":13184,""kernel_address"":{""handle"":137243393070336},""formatted_kernel_name"":""__amd_rocclr_copyBufferToImage"",""demangled_kernel_name"":""__amd_rocclr_copyBufferToImage.kd"",""truncated_kernel_name"":""__amd_rocclr_copyBufferToImage.kd""}"
14,00003ca5-f808-7808-83ea-1b1d187d408a,1655282045,1291691,1,__amd_rocclr_copyBufferRectAligned.kd,__amd_rocclr_copyBufferRectAligned,137243393056832,384,16,0,0,128,16,0,"{""size"":88,""kernel_id"":14,""code_object_id"":1,""kernel_name"":""__amd_rocclr_copyBufferRectAligned.kd"",""kernel_object"":137243393056832,""kernarg_segment_size"":384,""kernarg_segment_alignment"":16,""group_segment_size"":0,""private_segment_size"":0,""sgpr_count"":128,""arch_vgpr_count"":16,""accum_vgpr_count"":0,""kernel_code_entry_byte_offset"":9152,""kernel_address"":{""handle"":137243393065984},""formatted_kernel_name"":""__amd_rocclr_copyBufferRectAligned"",""demangled_kernel_name"":""__amd_rocclr_copyBufferRectAligned.kd"",""truncated_kernel_name"":""__amd_rocclr_copyBufferRectAligned.kd""}"
15,00003ca5-f808-7808-83ea-1b1d187d408a,1655282045,1291691,1,__amd_rocclr_fillImage.kd,__amd_rocclr_fillImage,137243393056960,360,16,0,0,128,16,0,"{""size"":88,""kernel_id"":15,""code_object_id"":1,""kernel_name"":""__amd_rocclr_fillImage.kd"",""kernel_object"":137243393056960,""kernarg_segment_size"":360,""kernarg_segment_alignment"":16,""group_segment_size"":0,""private_segment_size"":0,""sgpr_count"":128,""arch_vgpr_count"":16,""accum_vgpr_count"":0,""kernel_code_entry_byte_offset"":11584,""kernel_address"":{""handle"":137243393068544},""formatted_kernel_name"":""__amd_rocclr_fillImage"",""demangled_kernel_name"":""__amd_rocclr_fillImage.kd"",""truncated_kernel_name"":""__amd_rocclr_fillImage.kd""}"
16,00003ca5-f808-7808-83ea-1b1d187d408a,1655282045,1291691,1,__amd_rocclr_copyImage1DA.kd,__amd_rocclr_copyImage1DA,137243393057088,320,16,0,0,128,8,0,"{""size"":88,""kernel_id"":16,""code_object_id"":1,""kernel_name"":""__amd_rocclr_copyImage1DA.kd"",""kernel_object"":137243393057088,""kernarg_segment_size"":320,""kernarg_segment_alignment"":16,""group_segment_size"":0,""private_segment_size"":0,""sgpr_count"":128,""arch_vgpr_count"":8,""accum_vgpr_count"":0,""kernel_code_entry_byte_offset"":12736,""kernel_address"":{""handle"":137243393069824},""formatted_kernel_name"":""__amd_rocclr_copyImage1DA"",""demangled_kernel_name"":""__amd_rocclr_copyImage1DA.kd"",""truncated_kernel_name"":""__amd_rocclr_copyImage1DA.kd""}"
17,00003ca5-f808-7808-83ea-1b1d187d408a,1655282045,1291691,1,__amd_rocclr_streamOpsWrite.kd,__amd_rocclr_streamOpsWrite,137243393057280,24,16,0,0,128,8,0,"{""size"":88,""kernel_id"":17,""code_object_id"":1,""kernel_name"":""__amd_rocclr_streamOpsWrite.kd"",""kernel_object"":137243393057280,""kernarg_segment_size"":24,""kernarg_segment_alignment"":16,""group_segment_size"":0,""private_segment_size"":0,""sgpr_count"":128,""arch_vgpr_count"":8,""accum_vgpr_count"":0,""kernel_code_entry_byte_offset"":15616,""kernel_address"":{""handle"":137243393072896},""formatted_kernel_name"":""__amd_rocclr_streamOpsWrite"",""demangled_kernel_name"":""__amd_rocclr_streamOpsWrite.kd"",""truncated_kernel_name"":""__amd_rocclr_streamOpsWrite.kd""}"
18,00003ca5-f808-7808-83ea-1b1d187d408a,1655282045,1291691,2,gemm_gate_up_mq4g256_lloyd_wmma.kd,gemm_gate_up_mq4g256_lloyd_wmma,137243392903104,56,16,512,0,128,96,0,"{""size"":88,""kernel_id"":18,""code_object_id"":2,""kernel_name"":""gemm_gate_up_mq4g256_lloyd_wmma.kd"",""kernel_object"":137243392903104,""kernarg_segment_size"":56,""kernarg_segment_alignment"":16,""group_segment_size"":512,""private_segment_size"":0,""sgpr_count"":128,""arch_vgpr_count"":96,""accum_vgpr_count"":0,""kernel_code_entry_byte_offset"":4160,""kernel_address"":{""handle"":137243392907264},""formatted_kernel_name"":""gemm_gate_up_mq4g256_lloyd_wmma"",""demangled_kernel_name"":""gemm_gate_up_mq4g256_lloyd_wmma.kd"",""truncated_kernel_name"":""gemm_gate_up_mq4g256_lloyd_wmma.kd""}"
19,00003ca5-f808-7808-83ea-1b1d187d408a,1655282045,1291691,3,gemm_hfq4g256_residual_fp16.kd,gemm_hfq4g256_residual_fp16,137243392821760,36,16,0,0,128,104,0,"{""size"":88,""kernel_id"":19,""code_object_id"":3,""kernel_name"":""gemm_hfq4g256_residual_fp16.kd"",""kernel_object"":137243392821760,""kernarg_segment_size"":36,""kernarg_segment_alignment"":16,""group_segment_size"":0,""private_segment_size"":0,""sgpr_count"":128,""arch_vgpr_count"":104,""accum_vgpr_count"":0,""kernel_code_entry_byte_offset"":4608,""kernel_address"":{""handle"":137243392826368},""formatted_kernel_name"":""gemm_hfq4g256_residual_fp16"",""demangled_kernel_name"":""gemm_hfq4g256_residual_fp16.kd"",""truncated_kernel_name"":""gemm_hfq4g256_residual_fp16.kd""}"
20,00003ca5-f808-7808-83ea-1b1d187d408a,1655282045,1291691,3,convert_f32_to_f16.kd,convert_f32_to_f16,137243392821696,20,16,0,0,128,8,0,"{""size"":88,""kernel_id"":20,""code_object_id"":3,""kernel_name"":""convert_f32_to_f16.kd"",""kernel_object"":137243392821696,""kernarg_segment_size"":20,""kernarg_segment_alignment"":16,""group_segment_size"":0,""private_segment_size"":0,""sgpr_count"":128,""arch_vgpr_count"":8,""accum_vgpr_count"":0,""kernel_code_entry_byte_offset"":4416,""kernel_address"":{""handle"":137243392826112},""formatted_kernel_name"":""convert_f32_to_f16"",""demangled_kernel_name"":""convert_f32_to_f16.kd"",""truncated_kernel_name"":""convert_f32_to_f16.kd""}"
21,00003ca5-f808-7808-83ea-1b1d187d408a,1655282045,1291691,4,gemm_gate_up_mq4g256_lloyd_wmma.kd,gemm_gate_up_mq4g256_lloyd_wmma,137243392608192,56,16,512,0,128,96,0,"{""size"":88,""kernel_id"":21,""code_object_id"":4,""kernel_name"":""gemm_gate_up_mq4g256_lloyd_wmma.kd"",""kernel_object"":137243392608192,""kernarg_segment_size"":56,""kernarg_segment_alignment"":16,""group_segment_size"":512,""private_segment_size"":0,""sgpr_count"":128,""arch_vgpr_count"":96,""accum_vgpr_count"":0,""kernel_code_entry_byte_offset"":4160,""kernel_address"":{""handle"":137243392612352},""formatted_kernel_name"":""gemm_gate_up_mq4g256_lloyd_wmma"",""demangled_kernel_name"":""gemm_gate_up_mq4g256_lloyd_wmma.kd"",""truncated_kernel_name"":""gemm_gate_up_mq4g256_lloyd_wmma.kd""}"
22,00003ca5-f808-7808-83ea-1b1d187d408a,1655282045,1291691,5,gemm_hfq4g256_residual_fp16.kd,gemm_hfq4g256_residual_fp16,137243392526848,36,16,0,0,128,104,0,"{""size"":88,""kernel_id"":22,""code_object_id"":5,""kernel_name"":""gemm_hfq4g256_residual_fp16.kd"",""kernel_object"":137243392526848,""kernarg_segment_size"":36,""kernarg_segment_alignment"":16,""group_segment_size"":0,""private_segment_size"":0,""sgpr_count"":128,""arch_vgpr_count"":104,""accum_vgpr_count"":0,""kernel_code_entry_byte_offset"":4608,""kernel_address"":{""handle"":137243392531456},""formatted_kernel_name"":""gemm_hfq4g256_residual_fp16"",""demangled_kernel_name"":""gemm_hfq4g256_residual_fp16.kd"",""truncated_kernel_name"":""gemm_hfq4g256_residual_fp16.kd""}"
23,00003ca5-f808-7808-83ea-1b1d187d408a,1655282045,1291691,5,convert_f32_to_f16.kd,convert_f32_to_f16,137243392526784,20,16,0,0,128,8,0,"{""size"":88,""kernel_id"":23,""code_object_id"":5,""kernel_name"":""convert_f32_to_f16.kd"",""kernel_object"":137243392526784,""kernarg_segment_size"":20,""kernarg_segment_alignment"":16,""group_segment_size"":0,""private_segment_size"":0,""sgpr_count"":128,""arch_vgpr_count"":8,""accum_vgpr_count"":0,""kernel_code_entry_byte_offset"":4416,""kernel_address"":{""handle"":137243392531200},""formatted_kernel_name"":""convert_f32_to_f16"",""demangled_kernel_name"":""convert_f32_to_f16.kd"",""truncated_kernel_name"":""convert_f32_to_f16.kd""}"
24,00003ca5-f808-7808-83ea-1b1d187d408a,1655282045,1291691,6,gemm_gate_up_mq4g256_lloyd_wmma.kd,gemm_gate_up_mq4g256_lloyd_wmma,137243388708800,56,16,512,0,128,96,0,"{""size"":88,""kernel_id"":24,""code_object_id"":6,""kernel_name"":""gemm_gate_up_mq4g256_lloyd_wmma.kd"",""kernel_object"":137243388708800,""kernarg_segment_size"":56,""kernarg_segment_alignment"":16,""group_segment_size"":512,""private_segment_size"":0,""sgpr_count"":128,""arch_vgpr_count"":96,""accum_vgpr_count"":0,""kernel_code_entry_byte_offset"":4160,""kernel_address"":{""handle"":137243388712960},""formatted_kernel_name"":""gemm_gate_up_mq4g256_lloyd_wmma"",""demangled_kernel_name"":""gemm_gate_up_mq4g256_lloyd_wmma.kd"",""truncated_kernel_name"":""gemm_gate_up_mq4g256_lloyd_wmma.kd""}"
25,00003ca5-f808-7808-83ea-1b1d187d408a,1655282045,1291691,7,gemm_hfq4g256_residual_fp16.kd,gemm_hfq4g256_residual_fp16,137243388627456,36,16,0,0,128,104,0,"{""size"":88,""kernel_id"":25,""code_object_id"":7,""kernel_name"":""gemm_hfq4g256_residual_fp16.kd"",""kernel_object"":137243388627456,""kernarg_segment_size"":36,""kernarg_segment_alignment"":16,""group_segment_size"":0,""private_segment_size"":0,""sgpr_count"":128,""arch_vgpr_count"":104,""accum_vgpr_count"":0,""kernel_code_entry_byte_offset"":4608,""kernel_address"":{""handle"":137243388632064},""formatted_kernel_name"":""gemm_hfq4g256_residual_fp16"",""demangled_kernel_name"":""gemm_hfq4g256_residual_fp16.kd"",""truncated_kernel_name"":""gemm_hfq4g256_residual_fp16.kd""}"
26,00003ca5-f808-7808-83ea-1b1d187d408a,1655282045,1291691,7,convert_f32_to_f16.kd,convert_f32_to_f16,137243388627392,20,16,0,0,128,8,0,"{""size"":88,""kernel_id"":26,""code_object_id"":7,""kernel_name"":""convert_f32_to_f16.kd"",""kernel_object"":137243388627392,""kernarg_segment_size"":20,""kernarg_segment_alignment"":16,""group_segment_size"":0,""private_segment_size"":0,""sgpr_count"":128,""arch_vgpr_count"":8,""accum_vgpr_count"":0,""kernel_code_entry_byte_offset"":4416,""kernel_address"":{""handle"":137243388631808},""formatted_kernel_name"":""convert_f32_to_f16"",""demangled_kernel_name"":""convert_f32_to_f16.kd"",""truncated_kernel_name"":""convert_f32_to_f16.kd""}"

=== TABLE: rocpd_info_pmc ===id,guid,nid,pid,agent_id,target_arch,event_code,instance_id,name,symbol,description,long_description,component,units,value_type,block,expression,is_constant,is_derived,extdata
3217,00003ca5-f808-7808-83ea-1b1d187d408a,1655282045,1291691,1,GPU,,,SQ_INSTS_LDS,SQ_INSTS_LDS,"Total number of LDS instructions issued (including FLAT). This value is returned per-SE (aggregate of values in SIMDs in the SE). See AMD ISAs for more information on LDS instructions.","",rocm,"",ABS,SQ,"",0,0,"{""size"":312,""id"":{""handle"":16543},""type"":2,""cpu_cores_count"":0,""simd_count"":80,""mem_banks_count"":1,""caches_count"":86,""io_links_count"":1,""cpu_core_id_base"":0,""simd_id_base"":2147487744,""max_waves_per_simd"":16,""lds_size_in_kb"":64,""gds_size_in_kb"":0,""num_gws"":64,""wave_front_size"":32,""num_xcc"":1,""cu_count"":40,""array_count"":4,""num_shader_banks"":2,""simd_arrays_per_engine"":2,""cu_per_simd_array"":10,""simd_per_cu"":2,""max_slots_scratch_cu"":32,""gfx_target_version"":110501,""vendor_id"":4098,""device_id"":5510,""location_id"":50432,""domain"":0,""drm_render_minor"":128,""num_sdma_engines"":1,""num_sdma_xgmi_engines"":0,""num_sdma_queues_per_engine"":6,""num_cp_queues"":8,""max_engine_clk_ccompute"":5187,""max_engine_clk_fcompute"":2900,""sdma_fw_version"":{""uCodeSDMA"":14,""uCodeRes"":0},""fw_version"":{""uCode"":32,""Major"":0,""Minor"":0,""Stepping"":0},""capability"":{""HotPluggable"":0,""HSAMMUPresent"":0,""SharedWithGraphics"":0,""QueueSizePowerOfTwo"":0,""QueueSize32bit"":0,""QueueIdleEvent"":0,""VALimit"":0,""WatchPointsSupported"":1,""WatchPointsTotalBits"":2,""DoorbellType"":2,""AQLQueueDoubleMap"":0,""DebugTrapSupported"":1,""WaveLaunchTrapOverrideSupported"":1,""WaveLaunchModeSupported"":1,""PreciseMemoryOperationsSupported"":0,""DEPRECATED_SRAM_EDCSupport"":0,""Mem_EDCSupport"":0,""RASEventNotify"":0,""ASICRevision"":0,""SRAM_EDCSupport"":0,""SVMAPISupported"":1,""CoherentHostAccess"":0,""DebugSupportedFirmware"":1},""cu_per_engine"":20,""max_waves_per_cu"":32,""family_id"":150,""workgroup_max_size"":1024,""grid_max_size"":4294967295,""local_mem_size"":0,""hive_id"":0,""gpu_id"":35128,""workgroup_max_dim"":{""x"":1024,""y"":1024,""z"":1024},""grid_max_dim"":{""x"":2147483647,""y"":65535,""z"":65535},""name"":""gfx1151"",""vendor_name"":""AMD"",""product_name"":""Radeon 8060S Graphics"",""model_name"":""ip discovery"",""node_id"":1,""logical_node_id"":1,""logical_node_type_id"":0,""runtime_visibility"":{""hsa"":1,""hip"":1,""rccl"":1,""rocdecode"":1},""uuid"":{""bytes"":{""value0"":0,""value1"":0,""value2"":0,""value3"":0,""value4"":0,""value5"":0,""value6"":0,""value7"":0,""value8"":0,""value9"":0,""value10"":0,""value11"":0,""value12"":0,""value13"":0,""value14"":0,""value15"":0}},""mem_banks"":[{""heap_type"":1,""flags"":{""HotPluggable"":0,""NonVolatile"":0},""width"":256,""mem_clk_max"":1000,""size_in_bytes"":137438953472}],""caches"":[{""processor_id_low"":2147487744,""size"":32,""level"":1,""cache_line_size"":128,""cache_lines_per_tag"":0,""association"":0,""latency"":0,""type"":{""Data"":1,""Instruction"":0,""CPU"":0,""HSACU"":1}},{""processor_id_low"":2147487745,""size"":32,""level"":1,""cache_line_size"":128,""cache_lines_per_tag"":0,""association"":0,""latency"":0,""type"":{""Data"":1,""Instruction"":0,""CPU"":0,""HSACU"":1}},{""processor_id_low"":2147487746,""size"":32,""level"":1,""cache_line_size"":128,""cache_lines_per_tag"":0,""association"":0,""latency"":0,""type"":{""Data"":1,""Instruction"":0,""CPU"":0,""HSACU"":1}},{""processor_id_low"":2147487747,""size"":32,""level"":1,""cache_line_size"":128,""cache_lines_per_tag"":0,""association"":0,""latency"":0,""type"":{""Data"":1,""Instruction"":0,""CPU"":0,""HSACU"":1}},{""processor_id_low"":2147487748,""size"":32,""level"":1,""cache_line_size"":128,""cache_lines_per_tag"":0,""association"":0,""latency"":0,""type"":{""Data"":1,""Instruction"":0,""CPU"":0,""HSACU"":1}},{""processor_id_low"":2147487749,""size"":32,""level"":1,""cache_line_size"":128,""cache_lines_per_tag"":0,""association"":0,""latency"":0,""type"":{""Data"":1,""Instruction"":0,""CPU"":0,""HSACU"":1}},{""processor_id_low"":2147487750,""size"":32,""level"":1,""cache_line_size"":128,""cache_lines_per_tag"":0,""association"":0,""latency"":0,""type"":{""Data"":1,""Instruction"":0,""CPU"":0,""HSACU"":1}},{""processor_id_low"":2147487751,""size"":32,""level"":1,""cache_line_size"":128,""cache_lines_per_tag"":0,""association"":0,""latency"":0,""type"":{""Data"":1,""Instruction"":0,""CPU"":0,""HSACU"":1}},{""processor_id_low"":2147487752,""size"":32,""level"":1,""cache_line_size"":128,""cache_lines_per_tag"":0,""association"":0,""latency"":0,""type"":{""Data"":1,""Instruction"":0,""CPU"":0,""HSACU"":1}},{""processor_id_low"":2147487753,""size"":32,""level"":1,""cache_line_size"":128,""cache_lines_per_tag"":0,""association"":0,""latency"":0,""type"":{""Data"":1,""Instruction"":0,""CPU"":0,""HSACU"":1}},{""processor_id_low"":2147487754,""size"":32,""level"":1,""cache_line_size"":128,""cache_lines_per_tag"":0,""association"":0,""latency"":0,""type"":{""Data"":1,""Instruction"":0,""CPU"":0,""HSACU"":1}},{""processor_id_low"":2147487755,""size"":32,""level"":1,""cache_line_size"":128,""cache_lines_per_tag"":0,""association"":0,""latency"":0,""type"":{""Data"":1,""Instruction"":0,""CPU"":0,""HSACU"":1}},{""processor_id_low"":2147487756,""size"":32,""level"":1,""cache_line_size"":128,""cache_lines_per_tag"":0,""association"":0,""latency"":0,""type"":{""Data"":1,""Instruction"":0,""CPU"":0,""HSACU"":1}},{""processor_id_low"":2147487757,""size"":32,""level"":1,""cache_line_size"":128,""cache_lines_per_tag"":0,""association"":0,""latency"":0,""type"":{""Data"":1,""Instruction"":0,""CPU"":0,""HSACU"":1}},{""processor_id_low"":2147487758,""size"":32,""level"":1,""cache_line_size"":128,""cache_lines_per_tag"":0,""association"":0,""latency"":0,""type"":{""Data"":1,""Instruction"":0,""CPU"":0,""HSACU"":1}},{""processor_id_low"":2147487759,""size"":32,""level"":1,""cache_line_size"":128,""cache_lines_per_tag"":0,""association"":0,""latency"":0,""type"":{""Data"":1,""Instruction"":0,""CPU"":0,""HSACU"":1}},{""processor_id_low"":2147487760,""size"":32,""level"":1,""cache_line_size"":128,""cache_lines_per_tag"":0,""association"":0,""latency"":0,""type"":{""Data"":1,""Instruction"":0,""CPU"":0,""HSACU"":1}},{""processor_id_low"":2147487761,""size"":32,""level"":1,""cache_line_size"":128,""cache_lines_per_tag"":0,""association"":0,""latency"":0,""type"":{""Data"":1,""Instruction"":0,""CPU"":0,""HSACU"":1}},{""processor_id_low"":2147487762,""size"":32,""level"":1,""cache_line_size"":128,""cache_lines_per_tag"":0,""association"":0,""latency"":0,""type"":{""Data"":1,""Instruction"":0,""CPU"":0,""HSACU"":1}},{""processor_id_low"":2147487763,""size"":32,""level"":1,""cache_line_size"":128,""cache_lines_per_tag"":0,""association"":0,""latency"":0,""type"":{""Data"":1,""Instruction"":0,""CPU"":0,""HSACU"":1}},{""processor_id_low"":2147487764,""size"":32,""level"":1,""cache_line_size"":128,""cache_lines_per_tag"":0,""association"":0,""latency"":0,""type"":{""Data"":1,""Instruction"":0,""CPU"":0,""HSACU"":1}},{""processor_id_low"":2147487765,""size"":32,""level"":1,""cache_line_size"":128,""cache_lines_per_tag"":0,""association"":0,""latency"":0,""type"":{""Data"":1,""Instruction"":0,""CPU"":0,""HSACU"":1}},{""processor_id_low"":2147487766,""size"":32,""level"":1,""cache_line_size"":128,""cache_lines_per_tag"":0,""association"":0,""latency"":0,""type"":{""Data"":1,""Instruction"":0,""CPU"":0,""HSACU"":1}},{""processor_id_low"":2147487767,""size"":32,""level"":1,""cache_line_size"":128,""cache_lines_per_tag"":0,""association"":0,""latency"":0,""type"":{""Data"":1,""Instruction"":0,""CPU"":0,""HSACU"":1}},{""processor_id_low"":2147487768,""size"":32,""level"":1,""cache_line_size"":128,""cache_lines_per_tag"":0,""association"":0,""latency"":0,""type"":{""Data"":1,""Instruction"":0,""CPU"":0,""HSACU"":1}},{""processor_id_low"":2147487769,""size"":32,""level"":1,""cache_line_size"":128,""cache_lines_per_tag"":0,""association"":0,""latency"":0,""type"":{""Data"":1,""Instruction"":0,""CPU"":0,""HSACU"":1}},{""processor_id_low"":2147487770,""size"":32,""level"":1,""cache_line_size"":128,""cache_lines_per_tag"":0,""association"":0,""latency"":0,""type"":{""Data"":1,""Instruction"":0,""CPU"":0,""HSACU"":1}},{""processor_id_low"":2147487771,""size"":32,""level"":1,""cache_line_size"":128,""cache_lines_per_tag"":0,""association"":0,""latency"":0,""type"":{""Data"":1,""Instruction"":0,""CPU"":0,""HSACU"":1}},{""processor_id_low"":2147487772,""size"":32,""level"":1,""cache_line_size"":128,""cache_lines_per_tag"":0,""association"":0,""latency"":0,""type"":{""Data"":1,""Instruction"":0,""CPU"":0,""HSACU"":1}},{""processor_id_low"":2147487773,""size"":32,""level"":1,""cache_line_size"":128,""cache_lines_per_tag"":0,""association"":0,""latency"":0,""type"":{""Data"":1,""Instruction"":0,""CPU"":0,""HSACU"":1}},{""processor_id_low"":2147487774,""size"":32,""level"":1,""cache_line_size"":128,""cache_lines_per_tag"":0,""association"":0,""latency"":0,""type"":{""Data"":1,""Instruction"":0,""CPU"":0,""HSACU"":1}},{""processor_id_low"":2147487775,""size"":32,""level"":1,""cache_line_size"":128,""cache_lines_per_tag"":0,""association"":0,""latency"":0,""type"":{""Data"":1,""Instruction"":0,""CPU"":0,""HSACU"":1}},{""processor_id_low"":2147487776,""size"":32,""level"":1,""cache_line_size"":128,""cache_lines_per_tag"":0,""association"":0,""latency"":0,""type"":{""Data"":1,""Instruction"":0,""CPU"":0,""HSACU"":1}},{""processor_id_low"":2147487777,""size"":32,""level"":1,""cache_line_size"":128,""cache_lines_per_tag"":0,""association"":0,""latency"":0,""type"":{""Data"":1,""Instruction"":0,""CPU"":0,""HSACU"":1}},{""processor_id_low"":2147487778,""size"":32,""level"":1,""cache_line_size"":128,""cache_lines_per_tag"":0,""association"":0,""latency"":0,""type"":{""Data"":1,""Instruction"":0,""CPU"":0,""HSACU"":1}},{""processor_id_low"":2147487779,""size"":32,""level"":1,""cache_line_size"":128,""cache_lines_per_tag"":0,""association"":0,""latency"":0,""type"":{""Data"":1,""Instruction"":0,""CPU"":0,""HSACU"":1}},{""processor_id_low"":2147487780,""size"":32,""level"":1,""cache_line_size"":128,""cache_lines_per_tag"":0,""association"":0,""latency"":0,""type"":{""Data"":1,""Instruction"":0,""CPU"":0,""HSACU"":1}},{""processor_id_low"":2147487781,""size"":32,""level"":1,""cache_line_size"":128,""cache_lines_per_tag"":0,""association"":0,""latency"":0,""type"":{""Data"":1,""Instruction"":0,""CPU"":0,""HSACU"":1}},{""processor_id_low"":2147487782,""size"":32,""level"":1,""cache_line_size"":128,""cache_lines_per_tag"":0,""association"":0,""latency"":0,""type"":{""Data"":1,""Instruction"":0,""CPU"":0,""HSACU"":1}},{""processor_id_low"":2147487783,""size"":32,""level"":1,""cache_line_size"":128,""cache_lines_per_tag"":0,""association"":0,""latency"":0,""type"":{""Data"":1,""Instruction"":0,""CPU"":0,""HSACU"":1}},{""processor_id_low"":2147487744,""size"":32,""level"":1,""cache_line_size"":128,""cache_lines_per_tag"":0,""association"":0,""latency"":0,""type"":{""Data"":0,""Instruction"":1,""CPU"":0,""HSACU"":1}},{""processor_id_low"":2147487746,""size"":32,""level"":1,""cache_line_size"":128,""cache_lines_per_tag"":0,""association"":0,""latency"":0,""type"":{""Data"":0,""Instruction"":1,""CPU"":0,""HSACU"":1}},{""processor_id_low"":2147487748,""size"":32,""level"":1,""cache_line_size"":128,""cache_lines_per_tag"":0,""association"":0,""latency"":0,""type"":{""Data"":0,""Instruction"":1,""CPU"":0,""HSACU"":1}},{""processor_id_low"":2147487750,""size"":32,""level"":1,""cache_line_size"":128,""cache_lines_per_tag"":0,""association"":0,""latency"":0,""type"":{""Data"":0,""Instruction"":1,""CPU"":0,""HSACU"":1}},{""processor_id_low"":2147487752,""size"":32,""level"":1,""cache_line_size"":128,""cache_lines_per_tag"":0,""association"":0,""latency"":0,""type"":{""Data"":0,""Instruction"":1,""CPU"":0,""HSACU"":1}},{""processor_id_low"":2147487754,""size"":32,""level"":1,""cache_line_size"":128,""cache_lines_per_tag"":0,""association"":0,""latency"":0,""type"":{""Data"":0,""Instruction"":1,""CPU"":0,""HSACU"":1}},{""processor_id_low"":2147487756,""size"":32,""level"":1,""cache_line_size"":128,""cache_lines_per_tag"":0,""association"":0,""latency"":0,""type"":{""Data"":0,""Instruction"":1,""CPU"":0,""HSACU"":1}},{""processor_id_low"":2147487758,""size"":32,""level"":1,""cache_line_size"":128,""cache_lines_per_tag"":0,""association"":0,""latency"":0,""type"":{""Data"":0,""Instruction"":1,""CPU"":0,""HSACU"":1}},{""processor_id_low"":2147487760,""size"":32,""level"":1,""cache_line_size"":128,""cache_lines_per_tag"":0,""association"":0,""latency"":0,""type"":{""Data"":0,""Instruction"":1,""CPU"":0,""HSACU"":1}},{""processor_id_low"":2147487762,""size"":32,""level"":1,""cache_line_size"":128,""cache_lines_per_tag"":0,""association"":0,""latency"":0,""type"":{""Data"":0,""Instruction"":1,""CPU"":0,""HSACU"":1}},{""processor_id_low"":2147487764,""size"":32,""level"":1,""cache_line_size"":128,""cache_lines_per_tag"":0,""association"":0,""latency"":0,""type"":{""Data"":0,""Instruction"":1,""CPU"":0,""HSACU"":1}},{""processor_id_low"":2147487766,""size"":32,""level"":1,""cache_line_size"":128,""cache_lines_per_tag"":0,""association"":0,""latency"":0,""type"":{""Data"":0,""Instruction"":1,""CPU"":0,""HSACU"":1}},{""processor_id_low"":2147487768,""size"":32,""level"":1,""cache_line_size"":128,""cache_lines_per_tag"":0,""association"":0,""latency"":0,""type"":{""Data"":0,""Instruction"":1,""CPU"":0,""HSACU"":1}},{""processor_id_low"":2147487770,""size"":32,""level"":1,""cache_line_size"":128,""cache_lines_per_tag"":0,""association"":0,""latency"":0,""type"":{""Data"":0,""Instruction"":1,""CPU"":0,""HSACU"":1}},{""processor_id_low"":2147487772,""size"":32,""level"":1,""cache_line_size"":128,""cache_lines_per_tag"":0,""association"":0,""latency"":0,""type"":{""Data"":0,""Instruction"":1,""CPU"":0,""HSACU"":1}},{""processor_id_low"":2147487774,""size"":32,""level"":1,""cache_line_size"":128,""cache_lines_per_tag"":0,""association"":0,""latency"":0,""type"":{""Data"":0,""Instruction"":1,""CPU"":0,""HSACU"":1}},{""processor_id_low"":2147487776,""size"":32,""level"":1,""cache_line_size"":128,""cache_lines_per_tag"":0,""association"":0,""latency"":0,""type"":{""Data"":0,""Instruction"":1,""CPU"":0,""HSACU"":1}},{""processor_id_low"":2147487778,""size"":32,""level"":1,""cache_line_size"":128,""cache_lines_per_tag"":0,""association"":0,""latency"":0,""type"":{""Data"":0,""Instruction"":1,""CPU"":0,""HSACU"":1}},{""processor_id_low"":2147487780,""size"":32,""level"":1,""cache_line_size"":128,""cache_lines_per_tag"":0,""association"":0,""latency"":0,""type"":{""Data"":0,""Instruction"":1,""CPU"":0,""HSACU"":1}},{""processor_id_low"":2147487782,""size"":32,""level"":1,""cache_line_size"":128,""cache_lines_per_tag"":0,""association"":0,""latency"":0,""type"":{""Data"":0,""Instruction"":1,""CPU"":0,""HSACU"":1}},{""processor_id_low"":2147487744,""size"":16,""level"":1,""cache_line_size"":64,""cache_lines_per_tag"":0,""association"":0,""latency"":0,""type"":{""Data"":1,""Instruction"":0,""CPU"":0,""HSACU"":1}},{""processor_id_low"":2147487746,""size"":16,""level"":1,""cache_line_size"":64,""cache_lines_per_tag"":0,""association"":0,""latency"":0,""type"":{""Data"":1,""Instruction"":0,""CPU"":0,""HSACU"":1}},{""processor_id_low"":2147487748,""size"":16,""level"":1,""cache_line_size"":64,""cache_lines_per_tag"":0,""association"":0,""latency"":0,""type"":{""Data"":1,""Instruction"":0,""CPU"":0,""HSACU"":1}},{""processor_id_low"":2147487750,""size"":16,""level"":1,""cache_line_size"":64,""cache_lines_per_tag"":0,""association"":0,""latency"":0,""type"":{""Data"":1,""Instruction"":0,""CPU"":0,""HSACU"":1}},{""processor_id_low"":2147487752,""size"":16,""level"":1,""cache_line_size"":64,""cache_lines_per_tag"":0,""association"":0,""latency"":0,""type"":{""Data"":1,""Instruction"":0,""CPU"":0,""HSACU"":1}},{""processor_id_low"":2147487754,""size"":16,""level"":1,""cache_line_size"":64,""cache_lines_per_tag"":0,""association"":0,""latency"":0,""type"":{""Data"":1,""Instruction"":0,""CPU"":0,""HSACU"":1}},{""processor_id_low"":2147487756,""size"":16,""level"":1,""cache_line_size"":64,""cache_lines_per_tag"":0,""association"":0,""latency"":0,""type"":{""Data"":1,""Instruction"":0,""CPU"":0,""HSACU"":1}},{""processor_id_low"":2147487758,""size"":16,""level"":1,""cache_line_size"":64,""cache_lines_per_tag"":0,""association"":0,""latency"":0,""type"":{""Data"":1,""Instruction"":0,""CPU"":0,""HSACU"":1}},{""processor_id_low"":2147487760,""size"":16,""level"":1,""cache_line_size"":64,""cache_lines_per_tag"":0,""association"":0,""latency"":0,""type"":{""Data"":1,""Instruction"":0,""CPU"":0,""HSACU"":1}},{""processor_id_low"":2147487762,""size"":16,""level"":1,""cache_line_size"":64,""cache_lines_per_tag"":0,""association"":0,""latency"":0,""type"":{""Data"":1,""Instruction"":0,""CPU"":0,""HSACU"":1}},{""processor_id_low"":2147487764,""size"":16,""level"":1,""cache_line_size"":64,""cache_lines_per_tag"":0,""association"":0,""latency"":0,""type"":{""Data"":1,""Instruction"":0,""CPU"":0,""HSACU"":1}},{""processor_id_low"":2147487766,""size"":16,""level"":1,""cache_line_size"":64,""cache_lines_per_tag"":0,""association"":0,""latency"":0,""type"":{""Data"":1,""Instruction"":0,""CPU"":0,""HSACU"":1}},{""processor_id_low"":2147487768,""size"":16,""level"":1,""cache_line_size"":64,""cache_lines_per_tag"":0,""association"":0,""latency"":0,""type"":{""Data"":1,""Instruction"":0,""CPU"":0,""HSACU"":1}},{""processor_id_low"":2147487770,""size"":16,""level"":1,""cache_line_size"":64,""cache_lines_per_tag"":0,""association"":0,""latency"":0,""type"":{""Data"":1,""Instruction"":0,""CPU"":0,""HSACU"":1}},{""processor_id_low"":2147487772,""size"":16,""level"":1,""cache_line_size"":64,""cache_lines_per_tag"":0,""association"":0,""latency"":0,""type"":{""Data"":1,""Instruction"":0,""CPU"":0,""HSACU"":1}},{""processor_id_low"":2147487774,""size"":16,""level"":1,""cache_line_size"":64,""cache_lines_per_tag"":0,""association"":0,""latency"":0,""type"":{""Data"":1,""Instruction"":0,""CPU"":0,""HSACU"":1}},{""processor_id_low"":2147487776,""size"":16,""level"":1,""cache_line_size"":64,""cache_lines_per_tag"":0,""association"":0,""latency"":0,""type"":{""Data"":1,""Instruction"":0,""CPU"":0,""HSACU"":1}},{""processor_id_low"":2147487778,""size"":16,""level"":1,""cache_line_size"":64,""cache_lines_per_tag"":0,""association"":0,""latency"":0,""type"":{""Data"":1,""Instruction"":0,""CPU"":0,""HSACU"":1}},{""processor_id_low"":2147487780,""size"":16,""level"":1,""cache_line_size"":64,""cache_lines_per_tag"":0,""association"":0,""latency"":0,""type"":{""Data"":1,""Instruction"":0,""CPU"":0,""HSACU"":1}},{""processor_id_low"":2147487782,""size"":16,""level"":1,""cache_line_size"":64,""cache_lines_per_tag"":0,""association"":0,""latency"":0,""type"":{""Data"":1,""Instruction"":0,""CPU"":0,""HSACU"":1}},{""processor_id_low"":2147487744,""size"":256,""level"":1,""cache_line_size"":128,""cache_lines_per_tag"":0,""association"":0,""latency"":0,""type"":{""Data"":1,""Instruction"":0,""CPU"":0,""HSACU"":1}},{""processor_id_low"":2147487754,""size"":256,""level"":1,""cache_line_size"":128,""cache_lines_per_tag"":0,""association"":0,""latency"":0,""type"":{""Data"":1,""Instruction"":0,""CPU"":0,""HSACU"":1}},{""processor_id_low"":2147487764,""size"":256,""level"":1,""cache_line_size"":128,""cache_lines_per_tag"":0,""association"":0,""latency"":0,""type"":{""Data"":1,""Instruction"":0,""CPU"":0,""HSACU"":1}},{""processor_id_low"":2147487774,""size"":256,""level"":1,""cache_line_size"":128,""cache_lines_per_tag"":0,""association"":0,""latency"":0,""type"":{""Data"":1,""Instruction"":0,""CPU"":0,""HSACU"":1}},{""processor_id_low"":2147487744,""size"":2048,""level"":2,""cache_line_size"":128,""cache_lines_per_tag"":0,""association"":0,""latency"":0,""type"":{""Data"":1,""Instruction"":0,""CPU"":0,""HSACU"":1}},{""processor_id_low"":2147487744,""size"":32768,""level"":3,""cache_line_size"":64,""cache_lines_per_tag"":0,""association"":0,""latency"":0,""type"":{""Data"":1,""Instruction"":0,""CPU"":0,""HSACU"":1}}],""io_links"":[{""type"":2,""version_major"":0,""version_minor"":0,""node_from"":1,""node_to"":0,""weight"":20,""min_latency"":0,""max_latency"":0,""min_bandwidth"":0,""max_bandwidth"":32000,""recommended_transfer_size"":0,""flags"":{""Override"":1,""NonCoherent"":0,""NoAtomics32bit"":0,""NoAtomics64bit"":0,""NoPeerToPeerDMA"":0}}],""gpu_index"":0}"
3799,00003ca5-f808-7808-83ea-1b1d187d408a,1655282045,1291691,1,GPU,,,SQ_WAVES,SQ_WAVES,"Count number of waves sent to distributed sequencers (SQs). This value represents the number of waves that are sent to each SQ. This only counts new waves sent since the start of collection (for dispatch profiling this is the timeframe of kernel execution, for agent profiling it is the timeframe between start_context and read counter data). A sum of all SQ_WAVES values will give the total number of waves started by the application during the collection timeframe. Returns one value per-SE (aggregates of SIMD values).","",rocm,"",ABS,SQ,"",0,0,"{""size"":312,""id"":{""handle"":16543},""type"":2,""cpu_cores_count"":0,""simd_count"":80,""mem_banks_count"":1,""caches_count"":86,""io_links_count"":1,""cpu_core_id_base"":0,""simd_id_base"":2147487744,""max_waves_per_simd"":16,""lds_size_in_kb"":64,""gds_size_in_kb"":0,""num_gws"":64,""wave_front_size"":32,""num_xcc"":1,""cu_count"":40,""array_count"":4,""num_shader_banks"":2,""simd_arrays_per_engine"":2,""cu_per_simd_array"":10,""simd_per_cu"":2,""max_slots_scratch_cu"":32,""gfx_target_version"":110501,""vendor_id"":4098,""device_id"":5510,""location_id"":50432,""domain"":0,""drm_render_minor"":128,""num_sdma_engines"":1,""num_sdma_xgmi_engines"":0,""num_sdma_queues_per_engine"":6,""num_cp_queues"":8,""max_engine_clk_ccompute"":5187,""max_engine_clk_fcompute"":2900,""sdma_fw_version"":{""uCodeSDMA"":14,""uCodeRes"":0},""fw_version"":{""uCode"":32,""Major"":0,""Minor"":0,""Stepping"":0},""capability"":{""HotPluggable"":0,""HSAMMUPresent"":0,""SharedWithGraphics"":0,""QueueSizePowerOfTwo"":0,""QueueSize32bit"":0,""QueueIdleEvent"":0,""VALimit"":0,""WatchPointsSupported"":1,""WatchPointsTotalBits"":2,""DoorbellType"":2,""AQLQueueDoubleMap"":0,""DebugTrapSupported"":1,""WaveLaunchTrapOverrideSupported"":1,""WaveLaunchModeSupported"":1,""PreciseMemoryOperationsSupported"":0,""DEPRECATED_SRAM_EDCSupport"":0,""Mem_EDCSupport"":0,""RASEventNotify"":0,""ASICRevision"":0,""SRAM_EDCSupport"":0,""SVMAPISupported"":1,""CoherentHostAccess"":0,""DebugSupportedFirmware"":1},""cu_per_engine"":20,""max_waves_per_cu"":32,""family_id"":150,""workgroup_max_size"":1024,""grid_max_size"":4294967295,""local_mem_size"":0,""hive_id"":0,""gpu_id"":35128,""workgroup_max_dim"":{""x"":1024,""y"":1024,""z"":1024},""grid_max_dim"":{""x"":2147483647,""y"":65535,""z"":65535},""name"":""gfx1151"",""vendor_name"":""AMD"",""product_name"":""Radeon 8060S Graphics"",""model_name"":""ip discovery"",""node_id"":1,""logical_node_id"":1,""logical_node_type_id"":0,""runtime_visibility"":{""hsa"":1,""hip"":1,""rccl"":1,""rocdecode"":1},""uuid"":{""bytes"":{""value0"":0,""value1"":0,""value2"":0,""value3"":0,""value4"":0,""value5"":0,""value6"":0,""value7"":0,""value8"":0,""value9"":0,""value10"":0,""value11"":0,""value12"":0,""value13"":0,""value14"":0,""value15"":0}},""mem_banks"":[{""heap_type"":1,""flags"":{""HotPluggable"":0,""NonVolatile"":0},""width"":256,""mem_clk_max"":1000,""size_in_bytes"":137438953472}],""caches"":[{""processor_id_low"":2147487744,""size"":32,""level"":1,""cache_line_size"":128,""cache_lines_per_tag"":0,""association"":0,""latency"":0,""type"":{""Data"":1,""Instruction"":0,""CPU"":0,""HSACU"":1}},{""processor_id_low"":2147487745,""size"":32,""level"":1,""cache_line_size"":128,""cache_lines_per_tag"":0,""association"":0,""latency"":0,""type"":{""Data"":1,""Instruction"":0,""CPU"":0,""HSACU"":1}},{""processor_id_low"":2147487746,""size"":32,""level"":1,""cache_line_size"":128,""cache_lines_per_tag"":0,""association"":0,""latency"":0,""type"":{""Data"":1,""Instruction"":0,""CPU"":0,""HSACU"":1}},{""processor_id_low"":2147487747,""size"":32,""level"":1,""cache_line_size"":128,""cache_lines_per_tag"":0,""association"":0,""latency"":0,""type"":{""Data"":1,""Instruction"":0,""CPU"":0,""HSACU"":1}},{""processor_id_low"":2147487748,""size"":32,""level"":1,""cache_line_size"":128,""cache_lines_per_tag"":0,""association"":0,""latency"":0,""type"":{""Data"":1,""Instruction"":0,""CPU"":0,""HSACU"":1}},{""processor_id_low"":2147487749,""size"":32,""level"":1,""cache_line_size"":128,""cache_lines_per_tag"":0,""association"":0,""latency"":0,""type"":{""Data"":1,""Instruction"":0,""CPU"":0,""HSACU"":1}},{""processor_id_low"":2147487750,""size"":32,""level"":1,""cache_line_size"":128,""cache_lines_per_tag"":0,""association"":0,""latency"":0,""type"":{""Data"":1,""Instruction"":0,""CPU"":0,""HSACU"":1}},{""processor_id_low"":2147487751,""size"":32,""level"":1,""cache_line_size"":128,""cache_lines_per_tag"":0,""association"":0,""latency"":0,""type"":{""Data"":1,""Instruction"":0,""CPU"":0,""HSACU"":1}},{""processor_id_low"":2147487752,""size"":32,""level"":1,""cache_line_size"":128,""cache_lines_per_tag"":0,""association"":0,""latency"":0,""type"":{""Data"":1,""Instruction"":0,""CPU"":0,""HSACU"":1}},{""processor_id_low"":2147487753,""size"":32,""level"":1,""cache_line_size"":128,""cache_lines_per_tag"":0,""association"":0,""latency"":0,""type"":{""Data"":1,""Instruction"":0,""CPU"":0,""HSACU"":1}},{""processor_id_low"":2147487754,""size"":32,""level"":1,""cache_line_size"":128,""cache_lines_per_tag"":0,""association"":0,""latency"":0,""type"":{""Data"":1,""Instruction"":0,""CPU"":0,""HSACU"":1}},{""processor_id_low"":2147487755,""size"":32,""level"":1,""cache_line_size"":128,""cache_lines_per_tag"":0,""association"":0,""latency"":0,""type"":{""Data"":1,""Instruction"":0,""CPU"":0,""HSACU"":1}},{""processor_id_low"":2147487756,""size"":32,""level"":1,""cache_line_size"":128,""cache_lines_per_tag"":0,""association"":0,""latency"":0,""type"":{""Data"":1,""Instruction"":0,""CPU"":0,""HSACU"":1}},{""processor_id_low"":2147487757,""size"":32,""level"":1,""cache_line_size"":128,""cache_lines_per_tag"":0,""association"":0,""latency"":0,""type"":{""Data"":1,""Instruction"":0,""CPU"":0,""HSACU"":1}},{""processor_id_low"":2147487758,""size"":32,""level"":1,""cache_line_size"":128,""cache_lines_per_tag"":0,""association"":0,""latency"":0,""type"":{""Data"":1,""Instruction"":0,""CPU"":0,""HSACU"":1}},{""processor_id_low"":2147487759,""size"":32,""level"":1,""cache_line_size"":128,""cache_lines_per_tag"":0,""association"":0,""latency"":0,""type"":{""Data"":1,""Instruction"":0,""CPU"":0,""HSACU"":1}},{""processor_id_low"":2147487760,""size"":32,""level"":1,""cache_line_size"":128,""cache_lines_per_tag"":0,""association"":0,""latency"":0,""type"":{""Data"":1,""Instruction"":0,""CPU"":0,""HSACU"":1}},{""processor_id_low"":2147487761,""size"":32,""level"":1,""cache_line_size"":128,""cache_lines_per_tag"":0,""association"":0,""latency"":0,""type"":{""Data"":1,""Instruction"":0,""CPU"":0,""HSACU"":1}},{""processor_id_low"":2147487762,""size"":32,""level"":1,""cache_line_size"":128,""cache_lines_per_tag"":0,""association"":0,""latency"":0,""type"":{""Data"":1,""Instruction"":0,""CPU"":0,""HSACU"":1}},{""processor_id_low"":2147487763,""size"":32,""level"":1,""cache_line_size"":128,""cache_lines_per_tag"":0,""association"":0,""latency"":0,""type"":{""Data"":1,""Instruction"":0,""CPU"":0,""HSACU"":1}},{""processor_id_low"":2147487764,""size"":32,""level"":1,""cache_line_size"":128,""cache_lines_per_tag"":0,""association"":0,""latency"":0,""type"":{""Data"":1,""Instruction"":0,""CPU"":0,""HSACU"":1}},{""processor_id_low"":2147487765,""size"":32,""level"":1,""cache_line_size"":128,""cache_lines_per_tag"":0,""association"":0,""latency"":0,""type"":{""Data"":1,""Instruction"":0,""CPU"":0,""HSACU"":1}},{""processor_id_low"":2147487766,""size"":32,""level"":1,""cache_line_size"":128,""cache_lines_per_tag"":0,""association"":0,""latency"":0,""type"":{""Data"":1,""Instruction"":0,""CPU"":0,""HSACU"":1}},{""processor_id_low"":2147487767,""size"":32,""level"":1,""cache_line_size"":128,""cache_lines_per_tag"":0,""association"":0,""latency"":0,""type"":{""Data"":1,""Instruction"":0,""CPU"":0,""HSACU"":1}},{""processor_id_low"":2147487768,""size"":32,""level"":1,""cache_line_size"":128,""cache_lines_per_tag"":0,""association"":0,""latency"":0,""type"":{""Data"":1,""Instruction"":0,""CPU"":0,""HSACU"":1}},{""processor_id_low"":2147487769,""size"":32,""level"":1,""cache_line_size"":128,""cache_lines_per_tag"":0,""association"":0,""latency"":0,""type"":{""Data"":1,""Instruction"":0,""CPU"":0,""HSACU"":1}},{""processor_id_low"":2147487770,""size"":32,""level"":1,""cache_line_size"":128,""cache_lines_per_tag"":0,""association"":0,""latency"":0,""type"":{""Data"":1,""Instruction"":0,""CPU"":0,""HSACU"":1}},{""processor_id_low"":2147487771,""size"":32,""level"":1,""cache_line_size"":128,""cache_lines_per_tag"":0,""association"":0,""latency"":0,""type"":{""Data"":1,""Instruction"":0,""CPU"":0,""HSACU"":1}},{""processor_id_low"":2147487772,""size"":32,""level"":1,""cache_line_size"":128,""cache_lines_per_tag"":0,""association"":0,""latency"":0,""type"":{""Data"":1,""Instruction"":0,""CPU"":0,""HSACU"":1}},{""processor_id_low"":2147487773,""size"":32,""level"":1,""cache_line_size"":128,""cache_lines_per_tag"":0,""association"":0,""latency"":0,""type"":{""Data"":1,""Instruction"":0,""CPU"":0,""HSACU"":1}},{""processor_id_low"":2147487774,""size"":32,""level"":1,""cache_line_size"":128,""cache_lines_per_tag"":0,""association"":0,""latency"":0,""type"":{""Data"":1,""Instruction"":0,""CPU"":0,""HSACU"":1}},{""processor_id_low"":2147487775,""size"":32,""level"":1,""cache_line_size"":128,""cache_lines_per_tag"":0,""association"":0,""latency"":0,""type"":{""Data"":1,""Instruction"":0,""CPU"":0,""HSACU"":1}},{""processor_id_low"":2147487776,""size"":32,""level"":1,""cache_line_size"":128,""cache_lines_per_tag"":0,""association"":0,""latency"":0,""type"":{""Data"":1,""Instruction"":0,""CPU"":0,""HSACU"":1}},{""processor_id_low"":2147487777,""size"":32,""level"":1,""cache_line_size"":128,""cache_lines_per_tag"":0,""association"":0,""latency"":0,""type"":{""Data"":1,""Instruction"":0,""CPU"":0,""HSACU"":1}},{""processor_id_low"":2147487778,""size"":32,""level"":1,""cache_line_size"":128,""cache_lines_per_tag"":0,""association"":0,""latency"":0,""type"":{""Data"":1,""Instruction"":0,""CPU"":0,""HSACU"":1}},{""processor_id_low"":2147487779,""size"":32,""level"":1,""cache_line_size"":128,""cache_lines_per_tag"":0,""association"":0,""latency"":0,""type"":{""Data"":1,""Instruction"":0,""CPU"":0,""HSACU"":1}},{""processor_id_low"":2147487780,""size"":32,""level"":1,""cache_line_size"":128,""cache_lines_per_tag"":0,""association"":0,""latency"":0,""type"":{""Data"":1,""Instruction"":0,""CPU"":0,""HSACU"":1}},{""processor_id_low"":2147487781,""size"":32,""level"":1,""cache_line_size"":128,""cache_lines_per_tag"":0,""association"":0,""latency"":0,""type"":{""Data"":1,""Instruction"":0,""CPU"":0,""HSACU"":1}},{""processor_id_low"":2147487782,""size"":32,""level"":1,""cache_line_size"":128,""cache_lines_per_tag"":0,""association"":0,""latency"":0,""type"":{""Data"":1,""Instruction"":0,""CPU"":0,""HSACU"":1}},{""processor_id_low"":2147487783,""size"":32,""level"":1,""cache_line_size"":128,""cache_lines_per_tag"":0,""association"":0,""latency"":0,""type"":{""Data"":1,""Instruction"":0,""CPU"":0,""HSACU"":1}},{""processor_id_low"":2147487744,""size"":32,""level"":1,""cache_line_size"":128,""cache_lines_per_tag"":0,""association"":0,""latency"":0,""type"":{""Data"":0,""Instruction"":1,""CPU"":0,""HSACU"":1}},{""processor_id_low"":2147487746,""size"":32,""level"":1,""cache_line_size"":128,""cache_lines_per_tag"":0,""association"":0,""latency"":0,""type"":{""Data"":0,""Instruction"":1,""CPU"":0,""HSACU"":1}},{""processor_id_low"":2147487748,""size"":32,""level"":1,""cache_line_size"":128,""cache_lines_per_tag"":0,""association"":0,""latency"":0,""type"":{""Data"":0,""Instruction"":1,""CPU"":0,""HSACU"":1}},{""processor_id_low"":2147487750,""size"":32,""level"":1,""cache_line_size"":128,""cache_lines_per_tag"":0,""association"":0,""latency"":0,""type"":{""Data"":0,""Instruction"":1,""CPU"":0,""HSACU"":1}},{""processor_id_low"":2147487752,""size"":32,""level"":1,""cache_line_size"":128,""cache_lines_per_tag"":0,""association"":0,""latency"":0,""type"":{""Data"":0,""Instruction"":1,""CPU"":0,""HSACU"":1}},{""processor_id_low"":2147487754,""size"":32,""level"":1,""cache_line_size"":128,""cache_lines_per_tag"":0,""association"":0,""latency"":0,""type"":{""Data"":0,""Instruction"":1,""CPU"":0,""HSACU"":1}},{""processor_id_low"":2147487756,""size"":32,""level"":1,""cache_line_size"":128,""cache_lines_per_tag"":0,""association"":0,""latency"":0,""type"":{""Data"":0,""Instruction"":1,""CPU"":0,""HSACU"":1}},{""processor_id_low"":2147487758,""size"":32,""level"":1,""cache_line_size"":128,""cache_lines_per_tag"":0,""association"":0,""latency"":0,""type"":{""Data"":0,""Instruction"":1,""CPU"":0,""HSACU"":1}},{""processor_id_low"":2147487760,""size"":32,""level"":1,""cache_line_size"":128,""cache_lines_per_tag"":0,""association"":0,""latency"":0,""type"":{""Data"":0,""Instruction"":1,""CPU"":0,""HSACU"":1}},{""processor_id_low"":2147487762,""size"":32,""level"":1,""cache_line_size"":128,""cache_lines_per_tag"":0,""association"":0,""latency"":0,""type"":{""Data"":0,""Instruction"":1,""CPU"":0,""HSACU"":1}},{""processor_id_low"":2147487764,""size"":32,""level"":1,""cache_line_size"":128,""cache_lines_per_tag"":0,""association"":0,""latency"":0,""type"":{""Data"":0,""Instruction"":1,""CPU"":0,""HSACU"":1}},{""processor_id_low"":2147487766,""size"":32,""level"":1,""cache_line_size"":128,""cache_lines_per_tag"":0,""association"":0,""latency"":0,""type"":{""Data"":0,""Instruction"":1,""CPU"":0,""HSACU"":1}},{""processor_id_low"":2147487768,""size"":32,""level"":1,""cache_line_size"":128,""cache_lines_per_tag"":0,""association"":0,""latency"":0,""type"":{""Data"":0,""Instruction"":1,""CPU"":0,""HSACU"":1}},{""processor_id_low"":2147487770,""size"":32,""level"":1,""cache_line_size"":128,""cache_lines_per_tag"":0,""association"":0,""latency"":0,""type"":{""Data"":0,""Instruction"":1,""CPU"":0,""HSACU"":1}},{""processor_id_low"":2147487772,""size"":32,""level"":1,""cache_line_size"":128,""cache_lines_per_tag"":0,""association"":0,""latency"":0,""type"":{""Data"":0,""Instruction"":1,""CPU"":0,""HSACU"":1}},{""processor_id_low"":2147487774,""size"":32,""level"":1,""cache_line_size"":128,""cache_lines_per_tag"":0,""association"":0,""latency"":0,""type"":{""Data"":0,""Instruction"":1,""CPU"":0,""HSACU"":1}},{""processor_id_low"":2147487776,""size"":32,""level"":1,""cache_line_size"":128,""cache_lines_per_tag"":0,""association"":0,""latency"":0,""type"":{""Data"":0,""Instruction"":1,""CPU"":0,""HSACU"":1}},{""processor_id_low"":2147487778,""size"":32,""level"":1,""cache_line_size"":128,""cache_lines_per_tag"":0,""association"":0,""latency"":0,""type"":{""Data"":0,""Instruction"":1,""CPU"":0,""HSACU"":1}},{""processor_id_low"":2147487780,""size"":32,""level"":1,""cache_line_size"":128,""cache_lines_per_tag"":0,""association"":0,""latency"":0,""type"":{""Data"":0,""Instruction"":1,""CPU"":0,""HSACU"":1}},{""processor_id_low"":2147487782,""size"":32,""level"":1,""cache_line_size"":128,""cache_lines_per_tag"":0,""association"":0,""latency"":0,""type"":{""Data"":0,""Instruction"":1,""CPU"":0,""HSACU"":1}},{""processor_id_low"":2147487744,""size"":16,""level"":1,""cache_line_size"":64,""cache_lines_per_tag"":0,""association"":0,""latency"":0,""type"":{""Data"":1,""Instruction"":0,""CPU"":0,""HSACU"":1}},{""processor_id_low"":2147487746,""size"":16,""level"":1,""cache_line_size"":64,""cache_lines_per_tag"":0,""association"":0,""latency"":0,""type"":{""Data"":1,""Instruction"":0,""CPU"":0,""HSACU"":1}},{""processor_id_low"":2147487748,""size"":16,""level"":1,""cache_line_size"":64,""cache_lines_per_tag"":0,""association"":0,""latency"":0,""type"":{""Data"":1,""Instruction"":0,""CPU"":0,""HSACU"":1}},{""processor_id_low"":2147487750,""size"":16,""level"":1,""cache_line_size"":64,""cache_lines_per_tag"":0,""association"":0,""latency"":0,""type"":{""Data"":1,""Instruction"":0,""CPU"":0,""HSACU"":1}},{""processor_id_low"":2147487752,""size"":16,""level"":1,""cache_line_size"":64,""cache_lines_per_tag"":0,""association"":0,""latency"":0,""type"":{""Data"":1,""Instruction"":0,""CPU"":0,""HSACU"":1}},{""processor_id_low"":2147487754,""size"":16,""level"":1,""cache_line_size"":64,""cache_lines_per_tag"":0,""association"":0,""latency"":0,""type"":{""Data"":1,""Instruction"":0,""CPU"":0,""HSACU"":1}},{""processor_id_low"":2147487756,""size"":16,""level"":1,""cache_line_size"":64,""cache_lines_per_tag"":0,""association"":0,""latency"":0,""type"":{""Data"":1,""Instruction"":0,""CPU"":0,""HSACU"":1}},{""processor_id_low"":2147487758,""size"":16,""level"":1,""cache_line_size"":64,""cache_lines_per_tag"":0,""association"":0,""latency"":0,""type"":{""Data"":1,""Instruction"":0,""CPU"":0,""HSACU"":1}},{""processor_id_low"":2147487760,""size"":16,""level"":1,""cache_line_size"":64,""cache_lines_per_tag"":0,""association"":0,""latency"":0,""type"":{""Data"":1,""Instruction"":0,""CPU"":0,""HSACU"":1}},{""processor_id_low"":2147487762,""size"":16,""level"":1,""cache_line_size"":64,""cache_lines_per_tag"":0,""association"":0,""latency"":0,""type"":{""Data"":1,""Instruction"":0,""CPU"":0,""HSACU"":1}},{""processor_id_low"":2147487764,""size"":16,""level"":1,""cache_line_size"":64,""cache_lines_per_tag"":0,""association"":0,""latency"":0,""type"":{""Data"":1,""Instruction"":0,""CPU"":0,""HSACU"":1}},{""processor_id_low"":2147487766,""size"":16,""level"":1,""cache_line_size"":64,""cache_lines_per_tag"":0,""association"":0,""latency"":0,""type"":{""Data"":1,""Instruction"":0,""CPU"":0,""HSACU"":1}},{""processor_id_low"":2147487768,""size"":16,""level"":1,""cache_line_size"":64,""cache_lines_per_tag"":0,""association"":0,""latency"":0,""type"":{""Data"":1,""Instruction"":0,""CPU"":0,""HSACU"":1}},{""processor_id_low"":2147487770,""size"":16,""level"":1,""cache_line_size"":64,""cache_lines_per_tag"":0,""association"":0,""latency"":0,""type"":{""Data"":1,""Instruction"":0,""CPU"":0,""HSACU"":1}},{""processor_id_low"":2147487772,""size"":16,""level"":1,""cache_line_size"":64,""cache_lines_per_tag"":0,""association"":0,""latency"":0,""type"":{""Data"":1,""Instruction"":0,""CPU"":0,""HSACU"":1}},{""processor_id_low"":2147487774,""size"":16,""level"":1,""cache_line_size"":64,""cache_lines_per_tag"":0,""association"":0,""latency"":0,""type"":{""Data"":1,""Instruction"":0,""CPU"":0,""HSACU"":1}},{""processor_id_low"":2147487776,""size"":16,""level"":1,""cache_line_size"":64,""cache_lines_per_tag"":0,""association"":0,""latency"":0,""type"":{""Data"":1,""Instruction"":0,""CPU"":0,""HSACU"":1}},{""processor_id_low"":2147487778,""size"":16,""level"":1,""cache_line_size"":64,""cache_lines_per_tag"":0,""association"":0,""latency"":0,""type"":{""Data"":1,""Instruction"":0,""CPU"":0,""HSACU"":1}},{""processor_id_low"":2147487780,""size"":16,""level"":1,""cache_line_size"":64,""cache_lines_per_tag"":0,""association"":0,""latency"":0,""type"":{""Data"":1,""Instruction"":0,""CPU"":0,""HSACU"":1}},{""processor_id_low"":2147487782,""size"":16,""level"":1,""cache_line_size"":64,""cache_lines_per_tag"":0,""association"":0,""latency"":0,""type"":{""Data"":1,""Instruction"":0,""CPU"":0,""HSACU"":1}},{""processor_id_low"":2147487744,""size"":256,""level"":1,""cache_line_size"":128,""cache_lines_per_tag"":0,""association"":0,""latency"":0,""type"":{""Data"":1,""Instruction"":0,""CPU"":0,""HSACU"":1}},{""processor_id_low"":2147487754,""size"":256,""level"":1,""cache_line_size"":128,""cache_lines_per_tag"":0,""association"":0,""latency"":0,""type"":{""Data"":1,""Instruction"":0,""CPU"":0,""HSACU"":1}},{""processor_id_low"":2147487764,""size"":256,""level"":1,""cache_line_size"":128,""cache_lines_per_tag"":0,""association"":0,""latency"":0,""type"":{""Data"":1,""Instruction"":0,""CPU"":0,""HSACU"":1}},{""processor_id_low"":2147487774,""size"":256,""level"":1,""cache_line_size"":128,""cache_lines_per_tag"":0,""association"":0,""latency"":0,""type"":{""Data"":1,""Instruction"":0,""CPU"":0,""HSACU"":1}},{""processor_id_low"":2147487744,""size"":2048,""level"":2,""cache_line_size"":128,""cache_lines_per_tag"":0,""association"":0,""latency"":0,""type"":{""Data"":1,""Instruction"":0,""CPU"":0,""HSACU"":1}},{""processor_id_low"":2147487744,""size"":32768,""level"":3,""cache_line_size"":64,""cache_lines_per_tag"":0,""association"":0,""latency"":0,""type"":{""Data"":1,""Instruction"":0,""CPU"":0,""HSACU"":1}}],""io_links"":[{""type"":2,""version_major"":0,""version_minor"":0,""node_from"":1,""node_to"":0,""weight"":20,""min_latency"":0,""max_latency"":0,""min_bandwidth"":0,""max_bandwidth"":32000,""recommended_transfer_size"":0,""flags"":{""Override"":1,""NonCoherent"":0,""NoAtomics32bit"":0,""NoAtomics64bit"":0,""NoPeerToPeerDMA"":0}}],""gpu_index"":0}"
8070450532247928832,00003ca5-f808-7808-83ea-1b1d187d408a,1655282045,1291691,,,,,KFD_EVENT_PAGE_MIGRATE,KFD_EVENT_PAGE_MIGRATE,"KFD page migration events","",rocm,"",ABS,KFD,,0,0,{}
8070450532247928833,00003ca5-f808-7808-83ea-1b1d187d408a,1655282045,1291691,,,,,KFD_EVENT_PAGE_FAULT,KFD_EVENT_PAGE_FAULT,"KFD page fault events","",rocm,"",ABS,KFD,,0,0,{}
8070450532247928834,00003ca5-f808-7808-83ea-1b1d187d408a,1655282045,1291691,,,,,KFD_EVENT_QUEUE,KFD_EVENT_QUEUE,"KFD queue eviction/restore events","",rocm,"",ABS,KFD,,0,0,{}
8070450532247928835,00003ca5-f808-7808-83ea-1b1d187d408a,1655282045,1291691,,,,,KFD_EVENT_UNMAP_FROM_GPU,KFD_EVENT_UNMAP_FROM_GPU,"KFD unmap from GPU events","",rocm,"",ABS,KFD,,0,0,{}
8070450532247928836,00003ca5-f808-7808-83ea-1b1d187d408a,1655282045,1291691,,,,,KFD_EVENT_DROPPED_EVENTS,KFD_EVENT_DROPPED_EVENTS,"KFD dropped_events events","",rocm,"",ABS,KFD,,0,0,{}
8070450532247928837,00003ca5-f808-7808-83ea-1b1d187d408a,1655282045,1291691,,,,,KFD_PAGE_MIGRATE,KFD_PAGE_MIGRATE,"KFD page migration paired records","",rocm,"",ABS,KFD,,0,0,{}
8070450532247928838,00003ca5-f808-7808-83ea-1b1d187d408a,1655282045,1291691,,,,,KFD_PAGE_FAULT,KFD_PAGE_FAULT,"KFD page fault paired records","",rocm,"",ABS,KFD,,0,0,{}
8070450532247928839,00003ca5-f808-7808-83ea-1b1d187d408a,1655282045,1291691,,,,,KFD_QUEUE,KFD_QUEUE,"KFD queue eviction/restore paired records","",rocm,"",ABS,KFD,,0,0,{}

=== TABLE: rocpd_pmc_event ===id,guid,event_id,pmc_id,value,extdata
1,00003ca5-f808-7808-83ea-1b1d187d408a,1,3217,0.0,{}
2,00003ca5-f808-7808-83ea-1b1d187d408a,1,3217,0.0,{}
3,00003ca5-f808-7808-83ea-1b1d187d408a,1,3217,0.0,{}
4,00003ca5-f808-7808-83ea-1b1d187d408a,1,3217,0.0,{}
5,00003ca5-f808-7808-83ea-1b1d187d408a,1,3217,0.0,{}
6,00003ca5-f808-7808-83ea-1b1d187d408a,1,3217,0.0,{}
7,00003ca5-f808-7808-83ea-1b1d187d408a,1,3217,0.0,{}
8,00003ca5-f808-7808-83ea-1b1d187d408a,1,3217,0.0,{}
9,00003ca5-f808-7808-83ea-1b1d187d408a,1,3217,0.0,{}
10,00003ca5-f808-7808-83ea-1b1d187d408a,1,3217,0.0,{}
11,00003ca5-f808-7808-83ea-1b1d187d408a,1,3217,0.0,{}
12,00003ca5-f808-7808-83ea-1b1d187d408a,1,3217,0.0,{}
13,00003ca5-f808-7808-83ea-1b1d187d408a,1,3217,0.0,{}
14,00003ca5-f808-7808-83ea-1b1d187d408a,1,3217,0.0,{}
15,00003ca5-f808-7808-83ea-1b1d187d408a,1,3217,0.0,{}
16,00003ca5-f808-7808-83ea-1b1d187d408a,1,3217,0.0,{}
17,00003ca5-f808-7808-83ea-1b1d187d408a,1,3217,0.0,{}
18,00003ca5-f808-7808-83ea-1b1d187d408a,1,3217,0.0,{}
19,00003ca5-f808-7808-83ea-1b1d187d408a,1,3217,0.0,{}
20,00003ca5-f808-7808-83ea-1b1d187d408a,1,3217,0.0,{}
21,00003ca5-f808-7808-83ea-1b1d187d408a,1,3799,8.0,{}
22,00003ca5-f808-7808-83ea-1b1d187d408a,1,3799,8.0,{}
23,00003ca5-f808-7808-83ea-1b1d187d408a,1,3799,8.0,{}
24,00003ca5-f808-7808-83ea-1b1d187d408a,1,3799,8.0,{}
25,00003ca5-f808-7808-83ea-1b1d187d408a,1,3799,8.0,{}
26,00003ca5-f808-7808-83ea-1b1d187d408a,1,3799,8.0,{}
27,00003ca5-f808-7808-83ea-1b1d187d408a,1,3799,8.0,{}
28,00003ca5-f808-7808-83ea-1b1d187d408a,1,3799,8.0,{}
29,00003ca5-f808-7808-83ea-1b1d187d408a,1,3799,8.0,{}
30,00003ca5-f808-7808-83ea-1b1d187d408a,1,3799,8.0,{}
31,00003ca5-f808-7808-83ea-1b1d187d408a,1,3799,8.0,{}
32,00003ca5-f808-7808-83ea-1b1d187d408a,1,3799,8.0,{}
33,00003ca5-f808-7808-83ea-1b1d187d408a,1,3799,8.0,{}
34,00003ca5-f808-7808-83ea-1b1d187d408a,1,3799,8.0,{}
35,00003ca5-f808-7808-83ea-1b1d187d408a,1,3799,8.0,{}
36,00003ca5-f808-7808-83ea-1b1d187d408a,1,3799,8.0,{}
37,00003ca5-f808-7808-83ea-1b1d187d408a,1,3799,8.0,{}
38,00003ca5-f808-7808-83ea-1b1d187d408a,1,3799,8.0,{}
39,00003ca5-f808-7808-83ea-1b1d187d408a,1,3799,8.0,{}
40,00003ca5-f808-7808-83ea-1b1d187d408a,1,3799,8.0,{}
41,00003ca5-f808-7808-83ea-1b1d187d408a,2,3217,0.0,{}
42,00003ca5-f808-7808-83ea-1b1d187d408a,2,3217,0.0,{}
43,00003ca5-f808-7808-83ea-1b1d187d408a,2,3217,0.0,{}
44,00003ca5-f808-7808-83ea-1b1d187d408a,2,3217,0.0,{}
45,00003ca5-f808-7808-83ea-1b1d187d408a,2,3217,0.0,{}
46,00003ca5-f808-7808-83ea-1b1d187d408a,2,3217,0.0,{}
47,00003ca5-f808-7808-83ea-1b1d187d408a,2,3217,0.0,{}
48,00003ca5-f808-7808-83ea-1b1d187d408a,2,3217,0.0,{}
49,00003ca5-f808-7808-83ea-1b1d187d408a,2,3217,0.0,{}
50,00003ca5-f808-7808-83ea-1b1d187d408a,2,3217,0.0,{}
51,00003ca5-f808-7808-83ea-1b1d187d408a,2,3217,0.0,{}
52,00003ca5-f808-7808-83ea-1b1d187d408a,2,3217,0.0,{}
53,00003ca5-f808-7808-83ea-1b1d187d408a,2,3217,0.0,{}
54,00003ca5-f808-7808-83ea-1b1d187d408a,2,3217,0.0,{}
55,00003ca5-f808-7808-83ea-1b1d187d408a,2,3217,0.0,{}
56,00003ca5-f808-7808-83ea-1b1d187d408a,2,3217,0.0,{}
57,00003ca5-f808-7808-83ea-1b1d187d408a,2,3217,0.0,{}
58,00003ca5-f808-7808-83ea-1b1d187d408a,2,3217,0.0,{}
59,00003ca5-f808-7808-83ea-1b1d187d408a,2,3217,0.0,{}
60,00003ca5-f808-7808-83ea-1b1d187d408a,2,3217,0.0,{}
61,00003ca5-f808-7808-83ea-1b1d187d408a,2,3799,8.0,{}
62,00003ca5-f808-7808-83ea-1b1d187d408a,2,3799,8.0,{}
63,00003ca5-f808-7808-83ea-1b1d187d408a,2,3799,8.0,{}
64,00003ca5-f808-7808-83ea-1b1d187d408a,2,3799,8.0,{}
65,00003ca5-f808-7808-83ea-1b1d187d408a,2,3799,8.0,{}
66,00003ca5-f808-7808-83ea-1b1d187d408a,2,3799,8.0,{}
67,00003ca5-f808-7808-83ea-1b1d187d408a,2,3799,8.0,{}
68,00003ca5-f808-7808-83ea-1b1d187d408a,2,3799,8.0,{}
69,00003ca5-f808-7808-83ea-1b1d187d408a,2,3799,8.0,{}
70,00003ca5-f808-7808-83ea-1b1d187d408a,2,3799,8.0,{}
71,00003ca5-f808-7808-83ea-1b1d187d408a,2,3799,8.0,{}
72,00003ca5-f808-7808-83ea-1b1d187d408a,2,3799,8.0,{}
73,00003ca5-f808-7808-83ea-1b1d187d408a,2,3799,8.0,{}
74,00003ca5-f808-7808-83ea-1b1d187d408a,2,3799,8.0,{}
75,00003ca5-f808-7808-83ea-1b1d187d408a,2,3799,8.0,{}
76,00003ca5-f808-7808-83ea-1b1d187d408a,2,3799,8.0,{}
77,00003ca5-f808-7808-83ea-1b1d187d408a,2,3799,8.0,{}
78,00003ca5-f808-7808-83ea-1b1d187d408a,2,3799,8.0,{}
79,00003ca5-f808-7808-83ea-1b1d187d408a,2,3799,8.0,{}
80,00003ca5-f808-7808-83ea-1b1d187d408a,2,3799,8.0,{}
81,00003ca5-f808-7808-83ea-1b1d187d408a,3,3217,0.0,{}
82,00003ca5-f808-7808-83ea-1b1d187d408a,3,3217,0.0,{}
83,00003ca5-f808-7808-83ea-1b1d187d408a,3,3217,0.0,{}
84,00003ca5-f808-7808-83ea-1b1d187d408a,3,3217,0.0,{}
85,00003ca5-f808-7808-83ea-1b1d187d408a,3,3217,0.0,{}
86,00003ca5-f808-7808-83ea-1b1d187d408a,3,3217,0.0,{}
87,00003ca5-f808-7808-83ea-1b1d187d408a,3,3217,0.0,{}
88,00003ca5-f808-7808-83ea-1b1d187d408a,3,3217,0.0,{}
89,00003ca5-f808-7808-83ea-1b1d187d408a,3,3217,0.0,{}
90,00003ca5-f808-7808-83ea-1b1d187d408a,3,3217,0.0,{}
91,00003ca5-f808-7808-83ea-1b1d187d408a,3,3217,0.0,{}
92,00003ca5-f808-7808-83ea-1b1d187d408a,3,3217,0.0,{}
93,00003ca5-f808-7808-83ea-1b1d187d408a,3,3217,0.0,{}
94,00003ca5-f808-7808-83ea-1b1d187d408a,3,3217,0.0,{}
95,00003ca5-f808-7808-83ea-1b1d187d408a,3,3217,0.0,{}
96,00003ca5-f808-7808-83ea-1b1d187d408a,3,3217,0.0,{}
97,00003ca5-f808-7808-83ea-1b1d187d408a,3,3217,0.0,{}
98,00003ca5-f808-7808-83ea-1b1d187d408a,3,3217,0.0,{}
99,00003ca5-f808-7808-83ea-1b1d187d408a,3,3217,0.0,{}
100,00003ca5-f808-7808-83ea-1b1d187d408a,3,3217,0.0,{}
101,00003ca5-f808-7808-83ea-1b1d187d408a,3,3799,784.0,{}
102,00003ca5-f808-7808-83ea-1b1d187d408a,3,3799,808.0,{}
103,00003ca5-f808-7808-83ea-1b1d187d408a,3,3799,832.0,{}
104,00003ca5-f808-7808-83ea-1b1d187d408a,3,3799,800.0,{}
105,00003ca5-f808-7808-83ea-1b1d187d408a,3,3799,816.0,{}
106,00003ca5-f808-7808-83ea-1b1d187d408a,3,3799,848.0,{}
107,00003ca5-f808-7808-83ea-1b1d187d408a,3,3799,840.0,{}
108,00003ca5-f808-7808-83ea-1b1d187d408a,3,3799,832.0,{}
109,00003ca5-f808-7808-83ea-1b1d187d408a,3,3799,832.0,{}
110,00003ca5-f808-7808-83ea-1b1d187d408a,3,3799,800.0,{}
111,00003ca5-f808-7808-83ea-1b1d187d408a,3,3799,792.0,{}
112,00003ca5-f808-7808-83ea-1b1d187d408a,3,3799,816.0,{}
113,00003ca5-f808-7808-83ea-1b1d187d408a,3,3799,824.0,{}
114,00003ca5-f808-7808-83ea-1b1d187d408a,3,3799,832.0,{}
115,00003ca5-f808-7808-83ea-1b1d187d408a,3,3799,808.0,{}
116,00003ca5-f808-7808-83ea-1b1d187d408a,3,3799,824.0,{}
117,00003ca5-f808-7808-83ea-1b1d187d408a,3,3799,840.0,{}
118,00003ca5-f808-7808-83ea-1b1d187d408a,3,3799,832.0,{}
119,00003ca5-f808-7808-83ea-1b1d187d408a,3,3799,824.0,{}
120,00003ca5-f808-7808-83ea-1b1d187d408a,3,3799,800.0,{}
121,00003ca5-f808-7808-83ea-1b1d187d408a,4,3217,2105344.0,{}
122,00003ca5-f808-7808-83ea-1b1d187d408a,4,3217,2105344.0,{}
123,00003ca5-f808-7808-83ea-1b1d187d408a,4,3217,2105344.0,{}
124,00003ca5-f808-7808-83ea-1b1d187d408a,4,3217,2105344.0,{}
125,00003ca5-f808-7808-83ea-1b1d187d408a,4,3217,2105344.0,{}
126,00003ca5-f808-7808-83ea-1b1d187d408a,4,3217,3676128.0,{}
127,00003ca5-f808-7808-83ea-1b1d187d408a,4,3217,3643232.0,{}
128,00003ca5-f808-7808-83ea-1b1d187d408a,4,3217,3486976.0,{}
129,00003ca5-f808-7808-83ea-1b1d187d408a,4,3217,3429408.0,{}
130,00003ca5-f808-7808-83ea-1b1d187d408a,4,3217,3659680.0,{}
131,00003ca5-f808-7808-83ea-1b1d187d408a,4,3217,3289600.0,{}
132,00003ca5-f808-7808-83ea-1b1d187d408a,4,3217,3322496.0,{}
133,00003ca5-f808-7808-83ea-1b1d187d408a,4,3217,3223808.0,{}
134,00003ca5-f808-7808-83ea-1b1d187d408a,4,3217,3223808.0,{}
135,00003ca5-f808-7808-83ea-1b1d187d408a,4,3217,3338944.0,{}
136,00003ca5-f808-7808-83ea-1b1d187d408a,4,3217,2516544.0,{}
137,00003ca5-f808-7808-83ea-1b1d187d408a,4,3217,2319168.0,{}
138,00003ca5-f808-7808-83ea-1b1d187d408a,4,3217,2376736.0,{}
139,00003ca5-f808-7808-83ea-1b1d187d408a,4,3217,2417856.0,{}
140,00003ca5-f808-7808-83ea-1b1d187d408a,4,3217,2393184.0,{}
141,00003ca5-f808-7808-83ea-1b1d187d408a,4,3799,256.0,{}
142,00003ca5-f808-7808-83ea-1b1d187d408a,4,3799,256.0,{}
143,00003ca5-f808-7808-83ea-1b1d187d408a,4,3799,256.0,{}
144,00003ca5-f808-7808-83ea-1b1d187d408a,4,3799,256.0,{}
145,00003ca5-f808-7808-83ea-1b1d187d408a,4,3799,256.0,{}
146,00003ca5-f808-7808-83ea-1b1d187d408a,4,3799,447.0,{}
147,00003ca5-f808-7808-83ea-1b1d187d408a,4,3799,443.0,{}
148,00003ca5-f808-7808-83ea-1b1d187d408a,4,3799,424.0,{}
149,00003ca5-f808-7808-83ea-1b1d187d408a,4,3799,417.0,{}
150,00003ca5-f808-7808-83ea-1b1d187d408a,4,3799,445.0,{}
151,00003ca5-f808-7808-83ea-1b1d187d408a,4,3799,400.0,{}
152,00003ca5-f808-7808-83ea-1b1d187d408a,4,3799,404.0,{}
153,00003ca5-f808-7808-83ea-1b1d187d408a,4,3799,392.0,{}
154,00003ca5-f808-7808-83ea-1b1d187d408a,4,3799,392.0,{}
155,00003ca5-f808-7808-83ea-1b1d187d408a,4,3799,406.0,{}
156,00003ca5-f808-7808-83ea-1b1d187d408a,4,3799,306.0,{}
157,00003ca5-f808-7808-83ea-1b1d187d408a,4,3799,282.0,{}
158,00003ca5-f808-7808-83ea-1b1d187d408a,4,3799,289.0,{}
159,00003ca5-f808-7808-83ea-1b1d187d408a,4,3799,294.0,{}
160,00003ca5-f808-7808-83ea-1b1d187d408a,4,3799,291.0,{}
161,00003ca5-f808-7808-83ea-1b1d187d408a,5,3217,2105344.0,{}
162,00003ca5-f808-7808-83ea-1b1d187d408a,5,3217,2105344.0,{}
163,00003ca5-f808-7808-83ea-1b1d187d408a,5,3217,2105344.0,{}
164,00003ca5-f808-7808-83ea-1b1d187d408a,5,3217,2105344.0,{}
165,00003ca5-f808-7808-83ea-1b1d187d408a,5,3217,2105344.0,{}
166,00003ca5-f808-7808-83ea-1b1d187d408a,5,3217,3651456.0,{}
167,00003ca5-f808-7808-83ea-1b1d187d408a,5,3217,3503424.0,{}
168,00003ca5-f808-7808-83ea-1b1d187d408a,5,3217,3618560.0,{}
169,00003ca5-f808-7808-83ea-1b1d187d408a,5,3217,3495200.0,{}
170,00003ca5-f808-7808-83ea-1b1d187d408a,5,3217,3626784.0,{}
171,00003ca5-f808-7808-83ea-1b1d187d408a,5,3217,2681024.0,{}
172,00003ca5-f808-7808-83ea-1b1d187d408a,5,3217,2557664.0,{}
173,00003ca5-f808-7808-83ea-1b1d187d408a,5,3217,2713920.0,{}
174,00003ca5-f808-7808-83ea-1b1d187d408a,5,3217,2393184.0,{}
175,00003ca5-f808-7808-83ea-1b1d187d408a,5,3217,2384960.0,{}
176,00003ca5-f808-7808-83ea-1b1d187d408a,5,3217,3207360.0,{}
177,00003ca5-f808-7808-83ea-1b1d187d408a,5,3217,3141568.0,{}
178,00003ca5-f808-7808-83ea-1b1d187d408a,5,3217,3158016.0,{}
179,00003ca5-f808-7808-83ea-1b1d187d408a,5,3217,3133344.0,{}
180,00003ca5-f808-7808-83ea-1b1d187d408a,5,3217,3051104.0,{}
181,00003ca5-f808-7808-83ea-1b1d187d408a,5,3799,256.0,{}
182,00003ca5-f808-7808-83ea-1b1d187d408a,5,3799,256.0,{}
183,00003ca5-f808-7808-83ea-1b1d187d408a,5,3799,256.0,{}
184,00003ca5-f808-7808-83ea-1b1d187d408a,5,3799,256.0,{}
185,00003ca5-f808-7808-83ea-1b1d187d408a,5,3799,256.0,{}
186,00003ca5-f808-7808-83ea-1b1d187d408a,5,3799,444.0,{}
187,00003ca5-f808-7808-83ea-1b1d187d408a,5,3799,426.0,{}
188,00003ca5-f808-7808-83ea-1b1d187d408a,5,3799,440.0,{}
189,00003ca5-f808-7808-83ea-1b1d187d408a,5,3799,425.0,{}
190,00003ca5-f808-7808-83ea-1b1d187d408a,5,3799,441.0,{}
191,00003ca5-f808-7808-83ea-1b1d187d408a,5,3799,326.0,{}
192,00003ca5-f808-7808-83ea-1b1d187d408a,5,3799,311.0,{}
193,00003ca5-f808-7808-83ea-1b1d187d408a,5,3799,330.0,{}
194,00003ca5-f808-7808-83ea-1b1d187d408a,5,3799,291.0,{}
195,00003ca5-f808-7808-83ea-1b1d187d408a,5,3799,290.0,{}
196,00003ca5-f808-7808-83ea-1b1d187d408a,5,3799,390.0,{}
197,00003ca5-f808-7808-83ea-1b1d187d408a,5,3799,382.0,{}
198,00003ca5-f808-7808-83ea-1b1d187d408a,5,3799,384.0,{}
199,00003ca5-f808-7808-83ea-1b1d187d408a,5,3799,381.0,{}
200,00003ca5-f808-7808-83ea-1b1d187d408a,5,3799,371.0,{}
201,00003ca5-f808-7808-83ea-1b1d187d408a,6,3217,3182688.0,{}
202,00003ca5-f808-7808-83ea-1b1d187d408a,6,3217,3158016.0,{}
203,00003ca5-f808-7808-83ea-1b1d187d408a,6,3217,3158016.0,{}
204,00003ca5-f808-7808-83ea-1b1d187d408a,6,3217,3158016.0,{}
205,00003ca5-f808-7808-83ea-1b1d187d408a,6,3217,3158016.0,{}
206,00003ca5-f808-7808-83ea-1b1d187d408a,6,3217,2541216.0,{}
207,00003ca5-f808-7808-83ea-1b1d187d408a,6,3217,2549440.0,{}
208,00003ca5-f808-7808-83ea-1b1d187d408a,6,3217,2450752.0,{}
209,00003ca5-f808-7808-83ea-1b1d187d408a,6,3217,2524768.0,{}
210,00003ca5-f808-7808-83ea-1b1d187d408a,6,3217,2541216.0,{}
211,00003ca5-f808-7808-83ea-1b1d187d408a,6,3217,3215584.0,{}
212,00003ca5-f808-7808-83ea-1b1d187d408a,6,3217,3215584.0,{}
213,00003ca5-f808-7808-83ea-1b1d187d408a,6,3217,3125120.0,{}
214,00003ca5-f808-7808-83ea-1b1d187d408a,6,3217,3141568.0,{}
215,00003ca5-f808-7808-83ea-1b1d187d408a,6,3217,3125120.0,{}
216,00003ca5-f808-7808-83ea-1b1d187d408a,6,3217,2541216.0,{}
217,00003ca5-f808-7808-83ea-1b1d187d408a,6,3217,2458976.0,{}
218,00003ca5-f808-7808-83ea-1b1d187d408a,6,3217,2516544.0,{}
219,00003ca5-f808-7808-83ea-1b1d187d408a,6,3217,2467200.0,{}
220,00003ca5-f808-7808-83ea-1b1d187d408a,6,3217,2615232.0,{}
221,00003ca5-f808-7808-83ea-1b1d187d408a,6,3799,387.0,{}
222,00003ca5-f808-7808-83ea-1b1d187d408a,6,3799,384.0,{}
223,00003ca5-f808-7808-83ea-1b1d187d408a,6,3799,384.0,{}
224,00003ca5-f808-7808-83ea-1b1d187d408a,6,3799,384.0,{}
225,00003ca5-f808-7808-83ea-1b1d187d408a,6,3799,384.0,{}
226,00003ca5-f808-7808-83ea-1b1d187d408a,6,3799,309.0,{}
227,00003ca5-f808-7808-83ea-1b1d187d408a,6,3799,310.0,{}
228,00003ca5-f808-7808-83ea-1b1d187d408a,6,3799,298.0,{}
229,00003ca5-f808-7808-83ea-1b1d187d408a,6,3799,307.0,{}
230,00003ca5-f808-7808-83ea-1b1d187d408a,6,3799,309.0,{}
231,00003ca5-f808-7808-83ea-1b1d187d408a,6,3799,391.0,{}
232,00003ca5-f808-7808-83ea-1b1d187d408a,6,3799,391.0,{}
233,00003ca5-f808-7808-83ea-1b1d187d408a,6,3799,380.0,{}
234,00003ca5-f808-7808-83ea-1b1d187d408a,6,3799,382.0,{}
235,00003ca5-f808-7808-83ea-1b1d187d408a,6,3799,380.0,{}
236,00003ca5-f808-7808-83ea-1b1d187d408a,6,3799,309.0,{}
237,00003ca5-f808-7808-83ea-1b1d187d408a,6,3799,299.0,{}
238,00003ca5-f808-7808-83ea-1b1d187d408a,6,3799,306.0,{}
239,00003ca5-f808-7808-83ea-1b1d187d408a,6,3799,300.0,{}
240,00003ca5-f808-7808-83ea-1b1d187d408a,6,3799,318.0,{}
241,00003ca5-f808-7808-83ea-1b1d187d408a,7,3217,3355392.0,{}
242,00003ca5-f808-7808-83ea-1b1d187d408a,7,3217,3232032.0,{}
243,00003ca5-f808-7808-83ea-1b1d187d408a,7,3217,3388288.0,{}
244,00003ca5-f808-7808-83ea-1b1d187d408a,7,3217,3478752.0,{}
245,00003ca5-f808-7808-83ea-1b1d187d408a,7,3217,3388288.0,{}
246,00003ca5-f808-7808-83ea-1b1d187d408a,7,3217,2105344.0,{}
247,00003ca5-f808-7808-83ea-1b1d187d408a,7,3217,2376736.0,{}
248,00003ca5-f808-7808-83ea-1b1d187d408a,7,3217,2368512.0,{}
249,00003ca5-f808-7808-83ea-1b1d187d408a,7,3217,2368512.0,{}
250,00003ca5-f808-7808-83ea-1b1d187d408a,7,3217,2360288.0,{}
251,00003ca5-f808-7808-83ea-1b1d187d408a,7,3217,2903072.0,{}
252,00003ca5-f808-7808-83ea-1b1d187d408a,7,3217,2787936.0,{}
253,00003ca5-f808-7808-83ea-1b1d187d408a,7,3217,2746816.0,{}
254,00003ca5-f808-7808-83ea-1b1d187d408a,7,3217,2738592.0,{}
255,00003ca5-f808-7808-83ea-1b1d187d408a,7,3217,2730368.0,{}
256,00003ca5-f808-7808-83ea-1b1d187d408a,7,3217,2903072.0,{}
257,00003ca5-f808-7808-83ea-1b1d187d408a,7,3217,2935968.0,{}
258,00003ca5-f808-7808-83ea-1b1d187d408a,7,3217,2911296.0,{}
259,00003ca5-f808-7808-83ea-1b1d187d408a,7,3217,2886624.0,{}
260,00003ca5-f808-7808-83ea-1b1d187d408a,7,3217,2878400.0,{}
261,00003ca5-f808-7808-83ea-1b1d187d408a,7,3799,408.0,{}
262,00003ca5-f808-7808-83ea-1b1d187d408a,7,3799,393.0,{}
263,00003ca5-f808-7808-83ea-1b1d187d408a,7,3799,412.0,{}
264,00003ca5-f808-7808-83ea-1b1d187d408a,7,3799,423.0,{}
265,00003ca5-f808-7808-83ea-1b1d187d408a,7,3799,412.0,{}
266,00003ca5-f808-7808-83ea-1b1d187d408a,7,3799,256.0,{}
267,00003ca5-f808-7808-83ea-1b1d187d408a,7,3799,289.0,{}
268,00003ca5-f808-7808-83ea-1b1d187d408a,7,3799,288.0,{}
269,00003ca5-f808-7808-83ea-1b1d187d408a,7,3799,288.0,{}
270,00003ca5-f808-7808-83ea-1b1d187d408a,7,3799,287.0,{}
271,00003ca5-f808-7808-83ea-1b1d187d408a,7,3799,353.0,{}
272,00003ca5-f808-7808-83ea-1b1d187d408a,7,3799,339.0,{}
273,00003ca5-f808-7808-83ea-1b1d187d408a,7,3799,334.0,{}
274,00003ca5-f808-7808-83ea-1b1d187d408a,7,3799,333.0,{}
275,00003ca5-f808-7808-83ea-1b1d187d408a,7,3799,332.0,{}
276,00003ca5-f808-7808-83ea-1b1d187d408a,7,3799,353.0,{}
277,00003ca5-f808-7808-83ea-1b1d187d408a,7,3799,357.0,{}
278,00003ca5-f808-7808-83ea-1b1d187d408a,7,3799,354.0,{}
279,00003ca5-f808-7808-83ea-1b1d187d408a,7,3799,351.0,{}
280,00003ca5-f808-7808-83ea-1b1d187d408a,7,3799,350.0,{}
281,00003ca5-f808-7808-83ea-1b1d187d408a,8,3217,3158016.0,{}
282,00003ca5-f808-7808-83ea-1b1d187d408a,8,3217,3158016.0,{}
283,00003ca5-f808-7808-83ea-1b1d187d408a,8,3217,3158016.0,{}
284,00003ca5-f808-7808-83ea-1b1d187d408a,8,3217,3158016.0,{}
285,00003ca5-f808-7808-83ea-1b1d187d408a,8,3217,3158016.0,{}
286,00003ca5-f808-7808-83ea-1b1d187d408a,8,3217,2582336.0,{}
287,00003ca5-f808-7808-83ea-1b1d187d408a,8,3217,2582336.0,{}
288,00003ca5-f808-7808-83ea-1b1d187d408a,8,3217,2582336.0,{}
289,00003ca5-f808-7808-83ea-1b1d187d408a,8,3217,2516544.0,{}
290,00003ca5-f808-7808-83ea-1b1d187d408a,8,3217,2368512.0,{}
291,00003ca5-f808-7808-83ea-1b1d187d408a,8,3217,2812608.0,{}
292,00003ca5-f808-7808-83ea-1b1d187d408a,8,3217,2812608.0,{}
293,00003ca5-f808-7808-83ea-1b1d187d408a,8,3217,2812608.0,{}
294,00003ca5-f808-7808-83ea-1b1d187d408a,8,3217,2812608.0,{}
295,00003ca5-f808-7808-83ea-1b1d187d408a,8,3217,2812608.0,{}
296,00003ca5-f808-7808-83ea-1b1d187d408a,8,3217,2919520.0,{}
297,00003ca5-f808-7808-83ea-1b1d187d408a,8,3217,2829056.0,{}
298,00003ca5-f808-7808-83ea-1b1d187d408a,8,3217,2820832.0,{}
299,00003ca5-f808-7808-83ea-1b1d187d408a,8,3217,2977088.0,{}
300,00003ca5-f808-7808-83ea-1b1d187d408a,8,3217,2812608.0,{}
301,00003ca5-f808-7808-83ea-1b1d187d408a,8,3799,384.0,{}
302,00003ca5-f808-7808-83ea-1b1d187d408a,8,3799,384.0,{}
303,00003ca5-f808-7808-83ea-1b1d187d408a,8,3799,384.0,{}
304,00003ca5-f808-7808-83ea-1b1d187d408a,8,3799,384.0,{}
305,00003ca5-f808-7808-83ea-1b1d187d408a,8,3799,384.0,{}
306,00003ca5-f808-7808-83ea-1b1d187d408a,8,3799,314.0,{}
307,00003ca5-f808-7808-83ea-1b1d187d408a,8,3799,314.0,{}
308,00003ca5-f808-7808-83ea-1b1d187d408a,8,3799,314.0,{}
309,00003ca5-f808-7808-83ea-1b1d187d408a,8,3799,306.0,{}
310,00003ca5-f808-7808-83ea-1b1d187d408a,8,3799,288.0,{}
311,00003ca5-f808-7808-83ea-1b1d187d408a,8,3799,342.0,{}
312,00003ca5-f808-7808-83ea-1b1d187d408a,8,3799,342.0,{}
313,00003ca5-f808-7808-83ea-1b1d187d408a,8,3799,342.0,{}
314,00003ca5-f808-7808-83ea-1b1d187d408a,8,3799,342.0,{}
315,00003ca5-f808-7808-83ea-1b1d187d408a,8,3799,342.0,{}
316,00003ca5-f808-7808-83ea-1b1d187d408a,8,3799,355.0,{}
317,00003ca5-f808-7808-83ea-1b1d187d408a,8,3799,344.0,{}
318,00003ca5-f808-7808-83ea-1b1d187d408a,8,3799,343.0,{}
319,00003ca5-f808-7808-83ea-1b1d187d408a,8,3799,362.0,{}
320,00003ca5-f808-7808-83ea-1b1d187d408a,8,3799,342.0,{}
321,00003ca5-f808-7808-83ea-1b1d187d408a,9,3217,3158016.0,{}
322,00003ca5-f808-7808-83ea-1b1d187d408a,9,3217,3158016.0,{}
323,00003ca5-f808-7808-83ea-1b1d187d408a,9,3217,3158016.0,{}
324,00003ca5-f808-7808-83ea-1b1d187d408a,9,3217,3158016.0,{}
325,00003ca5-f808-7808-83ea-1b1d187d408a,9,3217,3158016.0,{}
326,00003ca5-f808-7808-83ea-1b1d187d408a,9,3217,2557664.0,{}
327,00003ca5-f808-7808-83ea-1b1d187d408a,9,3217,2508320.0,{}
328,00003ca5-f808-7808-83ea-1b1d187d408a,9,3217,2516544.0,{}
329,00003ca5-f808-7808-83ea-1b1d187d408a,9,3217,2483648.0,{}
330,00003ca5-f808-7808-83ea-1b1d187d408a,9,3217,2565888.0,{}
331,00003ca5-f808-7808-83ea-1b1d187d408a,9,3217,2820832.0,{}
332,00003ca5-f808-7808-83ea-1b1d187d408a,9,3217,2812608.0,{}
333,00003ca5-f808-7808-83ea-1b1d187d408a,9,3217,2812608.0,{}
334,00003ca5-f808-7808-83ea-1b1d187d408a,9,3217,2812608.0,{}
335,00003ca5-f808-7808-83ea-1b1d187d408a,9,3217,2812608.0,{}
336,00003ca5-f808-7808-83ea-1b1d187d408a,9,3217,2829056.0,{}
337,00003ca5-f808-7808-83ea-1b1d187d408a,9,3217,2960640.0,{}
338,00003ca5-f808-7808-83ea-1b1d187d408a,9,3217,2812608.0,{}
339,00003ca5-f808-7808-83ea-1b1d187d408a,9,3217,2927744.0,{}
340,00003ca5-f808-7808-83ea-1b1d187d408a,9,3217,2820832.0,{}
341,00003ca5-f808-7808-83ea-1b1d187d408a,9,3799,384.0,{}
342,00003ca5-f808-7808-83ea-1b1d187d408a,9,3799,384.0,{}
343,00003ca5-f808-7808-83ea-1b1d187d408a,9,3799,384.0,{}
344,00003ca5-f808-7808-83ea-1b1d187d408a,9,3799,384.0,{}
345,00003ca5-f808-7808-83ea-1b1d187d408a,9,3799,384.0,{}
346,00003ca5-f808-7808-83ea-1b1d187d408a,9,3799,311.0,{}
347,00003ca5-f808-7808-83ea-1b1d187d408a,9,3799,305.0,{}
348,00003ca5-f808-7808-83ea-1b1d187d408a,9,3799,306.0,{}
349,00003ca5-f808-7808-83ea-1b1d187d408a,9,3799,302.0,{}
350,00003ca5-f808-7808-83ea-1b1d187d408a,9,3799,312.0,{}
351,00003ca5-f808-7808-83ea-1b1d187d408a,9,3799,343.0,{}
352,00003ca5-f808-7808-83ea-1b1d187d408a,9,3799,342.0,{}
353,00003ca5-f808-7808-83ea-1b1d187d408a,9,3799,342.0,{}
354,00003ca5-f808-7808-83ea-1b1d187d408a,9,3799,342.0,{}
355,00003ca5-f808-7808-83ea-1b1d187d408a,9,3799,342.0,{}
356,00003ca5-f808-7808-83ea-1b1d187d408a,9,3799,344.0,{}
357,00003ca5-f808-7808-83ea-1b1d187d408a,9,3799,360.0,{}
358,00003ca5-f808-7808-83ea-1b1d187d408a,9,3799,342.0,{}
359,00003ca5-f808-7808-83ea-1b1d187d408a,9,3799,356.0,{}
360,00003ca5-f808-7808-83ea-1b1d187d408a,9,3799,343.0,{}
361,00003ca5-f808-7808-83ea-1b1d187d408a,10,3217,2549440.0,{}
362,00003ca5-f808-7808-83ea-1b1d187d408a,10,3217,2549440.0,{}
363,00003ca5-f808-7808-83ea-1b1d187d408a,10,3217,2549440.0,{}
364,00003ca5-f808-7808-83ea-1b1d187d408a,10,3217,2681024.0,{}
365,00003ca5-f808-7808-83ea-1b1d187d408a,10,3217,2557664.0,{}
366,00003ca5-f808-7808-83ea-1b1d187d408a,10,3217,3133344.0,{}
367,00003ca5-f808-7808-83ea-1b1d187d408a,10,3217,3084000.0,{}
368,00003ca5-f808-7808-83ea-1b1d187d408a,10,3217,3166240.0,{}
369,00003ca5-f808-7808-83ea-1b1d187d408a,10,3217,3075776.0,{}
370,00003ca5-f808-7808-83ea-1b1d187d408a,10,3217,3075776.0,{}
371,00003ca5-f808-7808-83ea-1b1d187d408a,10,3217,3404736.0,{}
372,00003ca5-f808-7808-83ea-1b1d187d408a,10,3217,3676128.0,{}
373,00003ca5-f808-7808-83ea-1b1d187d408a,10,3217,3618560.0,{}
374,00003ca5-f808-7808-83ea-1b1d187d408a,10,3217,3544544.0,{}
375,00003ca5-f808-7808-83ea-1b1d187d408a,10,3217,3618560.0,{}
376,00003ca5-f808-7808-83ea-1b1d187d408a,10,3217,2105344.0,{}
377,00003ca5-f808-7808-83ea-1b1d187d408a,10,3217,2105344.0,{}
378,00003ca5-f808-7808-83ea-1b1d187d408a,10,3217,2138240.0,{}
379,00003ca5-f808-7808-83ea-1b1d187d408a,10,3217,2105344.0,{}
380,00003ca5-f808-7808-83ea-1b1d187d408a,10,3217,2105344.0,{}
381,00003ca5-f808-7808-83ea-1b1d187d408a,10,3799,310.0,{}
382,00003ca5-f808-7808-83ea-1b1d187d408a,10,3799,310.0,{}
383,00003ca5-f808-7808-83ea-1b1d187d408a,10,3799,310.0,{}
384,00003ca5-f808-7808-83ea-1b1d187d408a,10,3799,326.0,{}
385,00003ca5-f808-7808-83ea-1b1d187d408a,10,3799,311.0,{}
386,00003ca5-f808-7808-83ea-1b1d187d408a,10,3799,381.0,{}
387,00003ca5-f808-7808-83ea-1b1d187d408a,10,3799,375.0,{}
388,00003ca5-f808-7808-83ea-1b1d187d408a,10,3799,385.0,{}
389,00003ca5-f808-7808-83ea-1b1d187d408a,10,3799,374.0,{}
390,00003ca5-f808-7808-83ea-1b1d187d408a,10,3799,374.0,{}
391,00003ca5-f808-7808-83ea-1b1d187d408a,10,3799,414.0,{}
392,00003ca5-f808-7808-83ea-1b1d187d408a,10,3799,447.0,{}
393,00003ca5-f808-7808-83ea-1b1d187d408a,10,3799,440.0,{}
394,00003ca5-f808-7808-83ea-1b1d187d408a,10,3799,431.0,{}
395,00003ca5-f808-7808-83ea-1b1d187d408a,10,3799,440.0,{}
396,00003ca5-f808-7808-83ea-1b1d187d408a,10,3799,256.0,{}
397,00003ca5-f808-7808-83ea-1b1d187d408a,10,3799,256.0,{}
398,00003ca5-f808-7808-83ea-1b1d187d408a,10,3799,260.0,{}
399,00003ca5-f808-7808-83ea-1b1d187d408a,10,3799,256.0,{}
400,00003ca5-f808-7808-83ea-1b1d187d408a,10,3799,256.0,{}
401,00003ca5-f808-7808-83ea-1b1d187d408a,11,3217,2746816.0,{}
402,00003ca5-f808-7808-83ea-1b1d187d408a,11,3217,2878400.0,{}
403,00003ca5-f808-7808-83ea-1b1d187d408a,11,3217,2878400.0,{}
404,00003ca5-f808-7808-83ea-1b1d187d408a,11,3217,2878400.0,{}
405,00003ca5-f808-7808-83ea-1b1d187d408a,11,3217,2878400.0,{}
406,00003ca5-f808-7808-83ea-1b1d187d408a,11,3217,2878400.0,{}
407,00003ca5-f808-7808-83ea-1b1d187d408a,11,3217,2804384.0,{}
408,00003ca5-f808-7808-83ea-1b1d187d408a,11,3217,2878400.0,{}
409,00003ca5-f808-7808-83ea-1b1d187d408a,11,3217,2796160.0,{}
410,00003ca5-f808-7808-83ea-1b1d187d408a,11,3217,2804384.0,{}
411,00003ca5-f808-7808-83ea-1b1d187d408a,11,3217,2368512.0,{}
412,00003ca5-f808-7808-83ea-1b1d187d408a,11,3217,2368512.0,{}
413,00003ca5-f808-7808-83ea-1b1d187d408a,11,3217,2368512.0,{}
414,00003ca5-f808-7808-83ea-1b1d187d408a,11,3217,2524768.0,{}
415,00003ca5-f808-7808-83ea-1b1d187d408a,11,3217,2368512.0,{}
416,00003ca5-f808-7808-83ea-1b1d187d408a,11,3217,3166240.0,{}
417,00003ca5-f808-7808-83ea-1b1d187d408a,11,3217,3347168.0,{}
418,00003ca5-f808-7808-83ea-1b1d187d408a,11,3217,3264928.0,{}
419,00003ca5-f808-7808-83ea-1b1d187d408a,11,3217,3281376.0,{}
420,00003ca5-f808-7808-83ea-1b1d187d408a,11,3217,3363616.0,{}
421,00003ca5-f808-7808-83ea-1b1d187d408a,11,3799,334.0,{}
422,00003ca5-f808-7808-83ea-1b1d187d408a,11,3799,350.0,{}
423,00003ca5-f808-7808-83ea-1b1d187d408a,11,3799,350.0,{}
424,00003ca5-f808-7808-83ea-1b1d187d408a,11,3799,350.0,{}
425,00003ca5-f808-7808-83ea-1b1d187d408a,11,3799,350.0,{}
426,00003ca5-f808-7808-83ea-1b1d187d408a,11,3799,350.0,{}
427,00003ca5-f808-7808-83ea-1b1d187d408a,11,3799,341.0,{}
428,00003ca5-f808-7808-83ea-1b1d187d408a,11,3799,350.0,{}
429,00003ca5-f808-7808-83ea-1b1d187d408a,11,3799,340.0,{}
430,00003ca5-f808-7808-83ea-1b1d187d408a,11,3799,341.0,{}
431,00003ca5-f808-7808-83ea-1b1d187d408a,11,3799,288.0,{}
432,00003ca5-f808-7808-83ea-1b1d187d408a,11,3799,288.0,{}
433,00003ca5-f808-7808-83ea-1b1d187d408a,11,3799,288.0,{}
434,00003ca5-f808-7808-83ea-1b1d187d408a,11,3799,307.0,{}
435,00003ca5-f808-7808-83ea-1b1d187d408a,11,3799,288.0,{}
436,00003ca5-f808-7808-83ea-1b1d187d408a,11,3799,385.0,{}
437,00003ca5-f808-7808-83ea-1b1d187d408a,11,3799,407.0,{}
438,00003ca5-f808-7808-83ea-1b1d187d408a,11,3799,397.0,{}
439,00003ca5-f808-7808-83ea-1b1d187d408a,11,3799,399.0,{}
440,00003ca5-f808-7808-83ea-1b1d187d408a,11,3799,409.0,{}
441,00003ca5-f808-7808-83ea-1b1d187d408a,12,3217,2919520.0,{}
442,00003ca5-f808-7808-83ea-1b1d187d408a,12,3217,2812608.0,{}
443,00003ca5-f808-7808-83ea-1b1d187d408a,12,3217,2845504.0,{}
444,00003ca5-f808-7808-83ea-1b1d187d408a,12,3217,2853728.0,{}
445,00003ca5-f808-7808-83ea-1b1d187d408a,12,3217,2911296.0,{}
446,00003ca5-f808-7808-83ea-1b1d187d408a,12,3217,2820832.0,{}
447,00003ca5-f808-7808-83ea-1b1d187d408a,12,3217,2820832.0,{}
448,00003ca5-f808-7808-83ea-1b1d187d408a,12,3217,2812608.0,{}
449,00003ca5-f808-7808-83ea-1b1d187d408a,12,3217,2812608.0,{}
450,00003ca5-f808-7808-83ea-1b1d187d408a,12,3217,2812608.0,{}
451,00003ca5-f808-7808-83ea-1b1d187d408a,12,3217,3158016.0,{}
452,00003ca5-f808-7808-83ea-1b1d187d408a,12,3217,3158016.0,{}
453,00003ca5-f808-7808-83ea-1b1d187d408a,12,3217,3158016.0,{}
454,00003ca5-f808-7808-83ea-1b1d187d408a,12,3217,3158016.0,{}
455,00003ca5-f808-7808-83ea-1b1d187d408a,12,3217,3158016.0,{}
456,00003ca5-f808-7808-83ea-1b1d187d408a,12,3217,2549440.0,{}
457,00003ca5-f808-7808-83ea-1b1d187d408a,12,3217,2541216.0,{}
458,00003ca5-f808-7808-83ea-1b1d187d408a,12,3217,2516544.0,{}
459,00003ca5-f808-7808-83ea-1b1d187d408a,12,3217,2524768.0,{}
460,00003ca5-f808-7808-83ea-1b1d187d408a,12,3217,2500096.0,{}
461,00003ca5-f808-7808-83ea-1b1d187d408a,12,3799,355.0,{}
462,00003ca5-f808-7808-83ea-1b1d187d408a,12,3799,342.0,{}
463,00003ca5-f808-7808-83ea-1b1d187d408a,12,3799,346.0,{}
464,00003ca5-f808-7808-83ea-1b1d187d408a,12,3799,347.0,{}
465,00003ca5-f808-7808-83ea-1b1d187d408a,12,3799,354.0,{}
466,00003ca5-f808-7808-83ea-1b1d187d408a,12,3799,343.0,{}
467,00003ca5-f808-7808-83ea-1b1d187d408a,12,3799,343.0,{}
468,00003ca5-f808-7808-83ea-1b1d187d408a,12,3799,342.0,{}
469,00003ca5-f808-7808-83ea-1b1d187d408a,12,3799,342.0,{}
470,00003ca5-f808-7808-83ea-1b1d187d408a,12,3799,342.0,{}
471,00003ca5-f808-7808-83ea-1b1d187d408a,12,3799,384.0,{}
472,00003ca5-f808-7808-83ea-1b1d187d408a,12,3799,384.0,{}
473,00003ca5-f808-7808-83ea-1b1d187d408a,12,3799,384.0,{}
474,00003ca5-f808-7808-83ea-1b1d187d408a,12,3799,384.0,{}
475,00003ca5-f808-7808-83ea-1b1d187d408a,12,3799,384.0,{}
476,00003ca5-f808-7808-83ea-1b1d187d408a,12,3799,310.0,{}
477,00003ca5-f808-7808-83ea-1b1d187d408a,12,3799,309.0,{}
478,00003ca5-f808-7808-83ea-1b1d187d408a,12,3799,306.0,{}
479,00003ca5-f808-7808-83ea-1b1d187d408a,12,3799,307.0,{}
480,00003ca5-f808-7808-83ea-1b1d187d408a,12,3799,304.0,{}
481,00003ca5-f808-7808-83ea-1b1d187d408a,13,3217,2812608.0,{}
482,00003ca5-f808-7808-83ea-1b1d187d408a,13,3217,2812608.0,{}
483,00003ca5-f808-7808-83ea-1b1d187d408a,13,3217,2812608.0,{}
484,00003ca5-f808-7808-83ea-1b1d187d408a,13,3217,2812608.0,{}
485,00003ca5-f808-7808-83ea-1b1d187d408a,13,3217,2812608.0,{}
486,00003ca5-f808-7808-83ea-1b1d187d408a,13,3217,2845504.0,{}
487,00003ca5-f808-7808-83ea-1b1d187d408a,13,3217,2952416.0,{}
488,00003ca5-f808-7808-83ea-1b1d187d408a,13,3217,2911296.0,{}
489,00003ca5-f808-7808-83ea-1b1d187d408a,13,3217,2837280.0,{}
490,00003ca5-f808-7808-83ea-1b1d187d408a,13,3217,2812608.0,{}
491,00003ca5-f808-7808-83ea-1b1d187d408a,13,3217,2549440.0,{}
492,00003ca5-f808-7808-83ea-1b1d187d408a,13,3217,2557664.0,{}
493,00003ca5-f808-7808-83ea-1b1d187d408a,13,3217,2508320.0,{}
494,00003ca5-f808-7808-83ea-1b1d187d408a,13,3217,2500096.0,{}
495,00003ca5-f808-7808-83ea-1b1d187d408a,13,3217,2516544.0,{}
496,00003ca5-f808-7808-83ea-1b1d187d408a,13,3217,3158016.0,{}
497,00003ca5-f808-7808-83ea-1b1d187d408a,13,3217,3158016.0,{}
498,00003ca5-f808-7808-83ea-1b1d187d408a,13,3217,3158016.0,{}
499,00003ca5-f808-7808-83ea-1b1d187d408a,13,3217,3158016.0,{}
500,00003ca5-f808-7808-83ea-1b1d187d408a,13,3217,3158016.0,{}
501,00003ca5-f808-7808-83ea-1b1d187d408a,13,3799,342.0,{}
502,00003ca5-f808-7808-83ea-1b1d187d408a,13,3799,342.0,{}
503,00003ca5-f808-7808-83ea-1b1d187d408a,13,3799,342.0,{}
504,00003ca5-f808-7808-83ea-1b1d187d408a,13,3799,342.0,{}
505,00003ca5-f808-7808-83ea-1b1d187d408a,13,3799,342.0,{}
506,00003ca5-f808-7808-83ea-1b1d187d408a,13,3799,346.0,{}
507,00003ca5-f808-7808-83ea-1b1d187d408a,13,3799,359.0,{}
508,00003ca5-f808-7808-83ea-1b1d187d408a,13,3799,354.0,{}
509,00003ca5-f808-7808-83ea-1b1d187d408a,13,3799,345.0,{}
510,00003ca5-f808-7808-83ea-1b1d187d408a,13,3799,342.0,{}
511,00003ca5-f808-7808-83ea-1b1d187d408a,13,3799,310.0,{}
512,00003ca5-f808-7808-83ea-1b1d187d408a,13,3799,311.0,{}
513,00003ca5-f808-7808-83ea-1b1d187d408a,13,3799,305.0,{}
514,00003ca5-f808-7808-83ea-1b1d187d408a,13,3799,304.0,{}
515,00003ca5-f808-7808-83ea-1b1d187d408a,13,3799,306.0,{}
516,00003ca5-f808-7808-83ea-1b1d187d408a,13,3799,384.0,{}
517,00003ca5-f808-7808-83ea-1b1d187d408a,13,3799,384.0,{}
518,00003ca5-f808-7808-83ea-1b1d187d408a,13,3799,384.0,{}
519,00003ca5-f808-7808-83ea-1b1d187d408a,13,3799,384.0,{}
520,00003ca5-f808-7808-83ea-1b1d187d408a,13,3799,384.0,{}
521,00003ca5-f808-7808-83ea-1b1d187d408a,14,3217,2894848.0,{}
522,00003ca5-f808-7808-83ea-1b1d187d408a,14,3217,2631680.0,{}
523,00003ca5-f808-7808-83ea-1b1d187d408a,14,3217,2631680.0,{}
524,00003ca5-f808-7808-83ea-1b1d187d408a,14,3217,2631680.0,{}
525,00003ca5-f808-7808-83ea-1b1d187d408a,14,3217,2878400.0,{}
526,00003ca5-f808-7808-83ea-1b1d187d408a,14,3217,3158016.0,{}
527,00003ca5-f808-7808-83ea-1b1d187d408a,14,3217,2911296.0,{}
528,00003ca5-f808-7808-83ea-1b1d187d408a,14,3217,2894848.0,{}
529,00003ca5-f808-7808-83ea-1b1d187d408a,14,3217,2894848.0,{}
530,00003ca5-f808-7808-83ea-1b1d187d408a,14,3217,2894848.0,{}
531,00003ca5-f808-7808-83ea-1b1d187d408a,14,3217,2812608.0,{}
532,00003ca5-f808-7808-83ea-1b1d187d408a,14,3217,2911296.0,{}
533,00003ca5-f808-7808-83ea-1b1d187d408a,14,3217,2820832.0,{}
534,00003ca5-f808-7808-83ea-1b1d187d408a,14,3217,2911296.0,{}
535,00003ca5-f808-7808-83ea-1b1d187d408a,14,3217,2903072.0,{}
536,00003ca5-f808-7808-83ea-1b1d187d408a,14,3217,2812608.0,{}
537,00003ca5-f808-7808-83ea-1b1d187d408a,14,3217,2812608.0,{}
538,00003ca5-f808-7808-83ea-1b1d187d408a,14,3217,2812608.0,{}
539,00003ca5-f808-7808-83ea-1b1d187d408a,14,3217,2812608.0,{}
540,00003ca5-f808-7808-83ea-1b1d187d408a,14,3217,2812608.0,{}
541,00003ca5-f808-7808-83ea-1b1d187d408a,14,3799,352.0,{}
542,00003ca5-f808-7808-83ea-1b1d187d408a,14,3799,320.0,{}
543,00003ca5-f808-7808-83ea-1b1d187d408a,14,3799,320.0,{}
544,00003ca5-f808-7808-83ea-1b1d187d408a,14,3799,320.0,{}
545,00003ca5-f808-7808-83ea-1b1d187d408a,14,3799,350.0,{}
546,00003ca5-f808-7808-83ea-1b1d187d408a,14,3799,384.0,{}
547,00003ca5-f808-7808-83ea-1b1d187d408a,14,3799,354.0,{}
548,00003ca5-f808-7808-83ea-1b1d187d408a,14,3799,352.0,{}
549,00003ca5-f808-7808-83ea-1b1d187d408a,14,3799,352.0,{}
550,00003ca5-f808-7808-83ea-1b1d187d408a,14,3799,352.0,{}
551,00003ca5-f808-7808-83ea-1b1d187d408a,14,3799,342.0,{}
552,00003ca5-f808-7808-83ea-1b1d187d408a,14,3799,354.0,{}
553,00003ca5-f808-7808-83ea-1b1d187d408a,14,3799,343.0,{}
554,00003ca5-f808-7808-83ea-1b1d187d408a,14,3799,354.0,{}
555,00003ca5-f808-7808-83ea-1b1d187d408a,14,3799,353.0,{}
556,00003ca5-f808-7808-83ea-1b1d187d408a,14,3799,342.0,{}
557,00003ca5-f808-7808-83ea-1b1d187d408a,14,3799,342.0,{}
558,00003ca5-f808-7808-83ea-1b1d187d408a,14,3799,342.0,{}
559,00003ca5-f808-7808-83ea-1b1d187d408a,14,3799,342.0,{}
560,00003ca5-f808-7808-83ea-1b1d187d408a,14,3799,342.0,{}
561,00003ca5-f808-7808-83ea-1b1d187d408a,15,3217,2820832.0,{}
562,00003ca5-f808-7808-83ea-1b1d187d408a,15,3217,2820832.0,{}
563,00003ca5-f808-7808-83ea-1b1d187d408a,15,3217,2812608.0,{}
564,00003ca5-f808-7808-83ea-1b1d187d408a,15,3217,2812608.0,{}
565,00003ca5-f808-7808-83ea-1b1d187d408a,15,3217,2812608.0,{}
566,00003ca5-f808-7808-83ea-1b1d187d408a,15,3217,2812608.0,{}
567,00003ca5-f808-7808-83ea-1b1d187d408a,15,3217,2861952.0,{}
568,00003ca5-f808-7808-83ea-1b1d187d408a,15,3217,2812608.0,{}
569,00003ca5-f808-7808-83ea-1b1d187d408a,15,3217,2935968.0,{}
570,00003ca5-f808-7808-83ea-1b1d187d408a,15,3217,2919520.0,{}
571,00003ca5-f808-7808-83ea-1b1d187d408a,15,3217,2631680.0,{}
572,00003ca5-f808-7808-83ea-1b1d187d408a,15,3217,2598784.0,{}
573,00003ca5-f808-7808-83ea-1b1d187d408a,15,3217,2393184.0,{}
574,00003ca5-f808-7808-83ea-1b1d187d408a,15,3217,2631680.0,{}
575,00003ca5-f808-7808-83ea-1b1d187d408a,15,3217,2376736.0,{}
576,00003ca5-f808-7808-83ea-1b1d187d408a,15,3217,3158016.0,{}
577,00003ca5-f808-7808-83ea-1b1d187d408a,15,3217,3158016.0,{}
578,00003ca5-f808-7808-83ea-1b1d187d408a,15,3217,3158016.0,{}
579,00003ca5-f808-7808-83ea-1b1d187d408a,15,3217,3158016.0,{}
580,00003ca5-f808-7808-83ea-1b1d187d408a,15,3217,3158016.0,{}
581,00003ca5-f808-7808-83ea-1b1d187d408a,15,3799,343.0,{}
582,00003ca5-f808-7808-83ea-1b1d187d408a,15,3799,343.0,{}
583,00003ca5-f808-7808-83ea-1b1d187d408a,15,3799,342.0,{}
584,00003ca5-f808-7808-83ea-1b1d187d408a,15,3799,342.0,{}
585,00003ca5-f808-7808-83ea-1b1d187d408a,15,3799,342.0,{}
586,00003ca5-f808-7808-83ea-1b1d187d408a,15,3799,342.0,{}
587,00003ca5-f808-7808-83ea-1b1d187d408a,15,3799,348.0,{}
588,00003ca5-f808-7808-83ea-1b1d187d408a,15,3799,342.0,{}
589,00003ca5-f808-7808-83ea-1b1d187d408a,15,3799,357.0,{}
590,00003ca5-f808-7808-83ea-1b1d187d408a,15,3799,355.0,{}
591,00003ca5-f808-7808-83ea-1b1d187d408a,15,3799,320.0,{}
592,00003ca5-f808-7808-83ea-1b1d187d408a,15,3799,316.0,{}
593,00003ca5-f808-7808-83ea-1b1d187d408a,15,3799,291.0,{}
594,00003ca5-f808-7808-83ea-1b1d187d408a,15,3799,320.0,{}
595,00003ca5-f808-7808-83ea-1b1d187d408a,15,3799,289.0,{}
596,00003ca5-f808-7808-83ea-1b1d187d408a,15,3799,384.0,{}
597,00003ca5-f808-7808-83ea-1b1d187d408a,15,3799,384.0,{}
598,00003ca5-f808-7808-83ea-1b1d187d408a,15,3799,384.0,{}
599,00003ca5-f808-7808-83ea-1b1d187d408a,15,3799,384.0,{}
600,00003ca5-f808-7808-83ea-1b1d187d408a,15,3799,384.0,{}
601,00003ca5-f808-7808-83ea-1b1d187d408a,16,3217,3158016.0,{}
602,00003ca5-f808-7808-83ea-1b1d187d408a,16,3217,3158016.0,{}
603,00003ca5-f808-7808-83ea-1b1d187d408a,16,3217,3322496.0,{}
604,00003ca5-f808-7808-83ea-1b1d187d408a,16,3217,3158016.0,{}
605,00003ca5-f808-7808-83ea-1b1d187d408a,16,3217,3380064.0,{}
606,00003ca5-f808-7808-83ea-1b1d187d408a,16,3217,2417856.0,{}
607,00003ca5-f808-7808-83ea-1b1d187d408a,16,3217,2434304.0,{}
608,00003ca5-f808-7808-83ea-1b1d187d408a,16,3217,2384960.0,{}
609,00003ca5-f808-7808-83ea-1b1d187d408a,16,3217,2417856.0,{}
610,00003ca5-f808-7808-83ea-1b1d187d408a,16,3217,2590560.0,{}
611,00003ca5-f808-7808-83ea-1b1d187d408a,16,3217,2763264.0,{}
612,00003ca5-f808-7808-83ea-1b1d187d408a,16,3217,2771488.0,{}
613,00003ca5-f808-7808-83ea-1b1d187d408a,16,3217,2639904.0,{}
614,00003ca5-f808-7808-83ea-1b1d187d408a,16,3217,2837280.0,{}
615,00003ca5-f808-7808-83ea-1b1d187d408a,16,3217,2853728.0,{}
616,00003ca5-f808-7808-83ea-1b1d187d408a,16,3217,2911296.0,{}
617,00003ca5-f808-7808-83ea-1b1d187d408a,16,3217,2911296.0,{}
618,00003ca5-f808-7808-83ea-1b1d187d408a,16,3217,2853728.0,{}
619,00003ca5-f808-7808-83ea-1b1d187d408a,16,3217,2944192.0,{}
620,00003ca5-f808-7808-83ea-1b1d187d408a,16,3217,2935968.0,{}
621,00003ca5-f808-7808-83ea-1b1d187d408a,16,3799,384.0,{}
622,00003ca5-f808-7808-83ea-1b1d187d408a,16,3799,384.0,{}
623,00003ca5-f808-7808-83ea-1b1d187d408a,16,3799,404.0,{}
624,00003ca5-f808-7808-83ea-1b1d187d408a,16,3799,384.0,{}
625,00003ca5-f808-7808-83ea-1b1d187d408a,16,3799,411.0,{}
626,00003ca5-f808-7808-83ea-1b1d187d408a,16,3799,294.0,{}
627,00003ca5-f808-7808-83ea-1b1d187d408a,16,3799,296.0,{}
628,00003ca5-f808-7808-83ea-1b1d187d408a,16,3799,290.0,{}
629,00003ca5-f808-7808-83ea-1b1d187d408a,16,3799,294.0,{}
630,00003ca5-f808-7808-83ea-1b1d187d408a,16,3799,315.0,{}
631,00003ca5-f808-7808-83ea-1b1d187d408a,16,3799,336.0,{}
632,00003ca5-f808-7808-83ea-1b1d187d408a,16,3799,337.0,{}
633,00003ca5-f808-7808-83ea-1b1d187d408a,16,3799,321.0,{}
634,00003ca5-f808-7808-83ea-1b1d187d408a,16,3799,345.0,{}
635,00003ca5-f808-7808-83ea-1b1d187d408a,16,3799,347.0,{}
636,00003ca5-f808-7808-83ea-1b1d187d408a,16,3799,354.0,{}
637,00003ca5-f808-7808-83ea-1b1d187d408a,16,3799,354.0,{}
638,00003ca5-f808-7808-83ea-1b1d187d408a,16,3799,347.0,{}
639,00003ca5-f808-7808-83ea-1b1d187d408a,16,3799,358.0,{}
640,00003ca5-f808-7808-83ea-1b1d187d408a,16,3799,357.0,{}
641,00003ca5-f808-7808-83ea-1b1d187d408a,17,3217,0.0,{}
642,00003ca5-f808-7808-83ea-1b1d187d408a,17,3217,0.0,{}
643,00003ca5-f808-7808-83ea-1b1d187d408a,17,3217,0.0,{}
644,00003ca5-f808-7808-83ea-1b1d187d408a,17,3217,0.0,{}
645,00003ca5-f808-7808-83ea-1b1d187d408a,17,3217,0.0,{}
646,00003ca5-f808-7808-83ea-1b1d187d408a,17,3217,0.0,{}
647,00003ca5-f808-7808-83ea-1b1d187d408a,17,3217,0.0,{}
648,00003ca5-f808-7808-83ea-1b1d187d408a,17,3217,0.0,{}
649,00003ca5-f808-7808-83ea-1b1d187d408a,17,3217,0.0,{}
650,00003ca5-f808-7808-83ea-1b1d187d408a,17,3217,0.0,{}
651,00003ca5-f808-7808-83ea-1b1d187d408a,17,3217,0.0,{}
652,00003ca5-f808-7808-83ea-1b1d187d408a,17,3217,0.0,{}
653,00003ca5-f808-7808-83ea-1b1d187d408a,17,3217,0.0,{}
654,00003ca5-f808-7808-83ea-1b1d187d408a,17,3217,0.0,{}
655,00003ca5-f808-7808-83ea-1b1d187d408a,17,3217,0.0,{}
656,00003ca5-f808-7808-83ea-1b1d187d408a,17,3217,0.0,{}
657,00003ca5-f808-7808-83ea-1b1d187d408a,17,3217,0.0,{}
658,00003ca5-f808-7808-83ea-1b1d187d408a,17,3217,0.0,{}
659,00003ca5-f808-7808-83ea-1b1d187d408a,17,3217,0.0,{}
660,00003ca5-f808-7808-83ea-1b1d187d408a,17,3217,0.0,{}
661,00003ca5-f808-7808-83ea-1b1d187d408a,17,3799,8.0,{}
662,00003ca5-f808-7808-83ea-1b1d187d408a,17,3799,8.0,{}
663,00003ca5-f808-7808-83ea-1b1d187d408a,17,3799,8.0,{}
664,00003ca5-f808-7808-83ea-1b1d187d408a,17,3799,8.0,{}
665,00003ca5-f808-7808-83ea-1b1d187d408a,17,3799,8.0,{}
666,00003ca5-f808-7808-83ea-1b1d187d408a,17,3799,8.0,{}
667,00003ca5-f808-7808-83ea-1b1d187d408a,17,3799,8.0,{}
668,00003ca5-f808-7808-83ea-1b1d187d408a,17,3799,8.0,{}
669,00003ca5-f808-7808-83ea-1b1d187d408a,17,3799,8.0,{}
670,00003ca5-f808-7808-83ea-1b1d187d408a,17,3799,8.0,{}
671,00003ca5-f808-7808-83ea-1b1d187d408a,17,3799,8.0,{}
672,00003ca5-f808-7808-83ea-1b1d187d408a,17,3799,8.0,{}
673,00003ca5-f808-7808-83ea-1b1d187d408a,17,3799,8.0,{}
674,00003ca5-f808-7808-83ea-1b1d187d408a,17,3799,8.0,{}
675,00003ca5-f808-7808-83ea-1b1d187d408a,17,3799,8.0,{}
676,00003ca5-f808-7808-83ea-1b1d187d408a,17,3799,8.0,{}
677,00003ca5-f808-7808-83ea-1b1d187d408a,17,3799,8.0,{}
678,00003ca5-f808-7808-83ea-1b1d187d408a,17,3799,8.0,{}
679,00003ca5-f808-7808-83ea-1b1d187d408a,17,3799,8.0,{}
680,00003ca5-f808-7808-83ea-1b1d187d408a,17,3799,8.0,{}
681,00003ca5-f808-7808-83ea-1b1d187d408a,18,3217,0.0,{}
682,00003ca5-f808-7808-83ea-1b1d187d408a,18,3217,0.0,{}
683,00003ca5-f808-7808-83ea-1b1d187d408a,18,3217,0.0,{}
684,00003ca5-f808-7808-83ea-1b1d187d408a,18,3217,0.0,{}
685,00003ca5-f808-7808-83ea-1b1d187d408a,18,3217,0.0,{}
686,00003ca5-f808-7808-83ea-1b1d187d408a,18,3217,0.0,{}
687,00003ca5-f808-7808-83ea-1b1d187d408a,18,3217,0.0,{}
688,00003ca5-f808-7808-83ea-1b1d187d408a,18,3217,0.0,{}
689,00003ca5-f808-7808-83ea-1b1d187d408a,18,3217,0.0,{}
690,00003ca5-f808-7808-83ea-1b1d187d408a,18,3217,0.0,{}
691,00003ca5-f808-7808-83ea-1b1d187d408a,18,3217,0.0,{}
692,00003ca5-f808-7808-83ea-1b1d187d408a,18,3217,0.0,{}
693,00003ca5-f808-7808-83ea-1b1d187d408a,18,3217,0.0,{}
694,00003ca5-f808-7808-83ea-1b1d187d408a,18,3217,0.0,{}
695,00003ca5-f808-7808-83ea-1b1d187d408a,18,3217,0.0,{}
696,00003ca5-f808-7808-83ea-1b1d187d408a,18,3217,0.0,{}
697,00003ca5-f808-7808-83ea-1b1d187d408a,18,3217,0.0,{}
698,00003ca5-f808-7808-83ea-1b1d187d408a,18,3217,0.0,{}
699,00003ca5-f808-7808-83ea-1b1d187d408a,18,3217,0.0,{}
700,00003ca5-f808-7808-83ea-1b1d187d408a,18,3217,0.0,{}
701,00003ca5-f808-7808-83ea-1b1d187d408a,18,3799,8.0,{}
702,00003ca5-f808-7808-83ea-1b1d187d408a,18,3799,8.0,{}
703,00003ca5-f808-7808-83ea-1b1d187d408a,18,3799,8.0,{}
704,00003ca5-f808-7808-83ea-1b1d187d408a,18,3799,8.0,{}
705,00003ca5-f808-7808-83ea-1b1d187d408a,18,3799,8.0,{}
706,00003ca5-f808-7808-83ea-1b1d187d408a,18,3799,8.0,{}
707,00003ca5-f808-7808-83ea-1b1d187d408a,18,3799,8.0,{}
708,00003ca5-f808-7808-83ea-1b1d187d408a,18,3799,8.0,{}
709,00003ca5-f808-7808-83ea-1b1d187d408a,18,3799,8.0,{}
710,00003ca5-f808-7808-83ea-1b1d187d408a,18,3799,8.0,{}
711,00003ca5-f808-7808-83ea-1b1d187d408a,18,3799,8.0,{}
712,00003ca5-f808-7808-83ea-1b1d187d408a,18,3799,8.0,{}
713,00003ca5-f808-7808-83ea-1b1d187d408a,18,3799,8.0,{}
714,00003ca5-f808-7808-83ea-1b1d187d408a,18,3799,8.0,{}
715,00003ca5-f808-7808-83ea-1b1d187d408a,18,3799,8.0,{}
716,00003ca5-f808-7808-83ea-1b1d187d408a,18,3799,8.0,{}
717,00003ca5-f808-7808-83ea-1b1d187d408a,18,3799,8.0,{}
718,00003ca5-f808-7808-83ea-1b1d187d408a,18,3799,8.0,{}
719,00003ca5-f808-7808-83ea-1b1d187d408a,18,3799,8.0,{}
720,00003ca5-f808-7808-83ea-1b1d187d408a,18,3799,8.0,{}
721,00003ca5-f808-7808-83ea-1b1d187d408a,19,3217,0.0,{}
722,00003ca5-f808-7808-83ea-1b1d187d408a,19,3217,0.0,{}
723,00003ca5-f808-7808-83ea-1b1d187d408a,19,3217,0.0,{}
724,00003ca5-f808-7808-83ea-1b1d187d408a,19,3217,0.0,{}
725,00003ca5-f808-7808-83ea-1b1d187d408a,19,3217,0.0,{}
726,00003ca5-f808-7808-83ea-1b1d187d408a,19,3217,0.0,{}
727,00003ca5-f808-7808-83ea-1b1d187d408a,19,3217,0.0,{}
728,00003ca5-f808-7808-83ea-1b1d187d408a,19,3217,0.0,{}
729,00003ca5-f808-7808-83ea-1b1d187d408a,19,3217,0.0,{}
730,00003ca5-f808-7808-83ea-1b1d187d408a,19,3217,0.0,{}
731,00003ca5-f808-7808-83ea-1b1d187d408a,19,3217,0.0,{}
732,00003ca5-f808-7808-83ea-1b1d187d408a,19,3217,0.0,{}
733,00003ca5-f808-7808-83ea-1b1d187d408a,19,3217,0.0,{}
734,00003ca5-f808-7808-83ea-1b1d187d408a,19,3217,0.0,{}
735,00003ca5-f808-7808-83ea-1b1d187d408a,19,3217,0.0,{}
736,00003ca5-f808-7808-83ea-1b1d187d408a,19,3217,0.0,{}
737,00003ca5-f808-7808-83ea-1b1d187d408a,19,3217,0.0,{}
738,00003ca5-f808-7808-83ea-1b1d187d408a,19,3217,0.0,{}
739,00003ca5-f808-7808-83ea-1b1d187d408a,19,3217,0.0,{}
740,00003ca5-f808-7808-83ea-1b1d187d408a,19,3217,0.0,{}
741,00003ca5-f808-7808-83ea-1b1d187d408a,19,3799,816.0,{}
742,00003ca5-f808-7808-83ea-1b1d187d408a,19,3799,840.0,{}
743,00003ca5-f808-7808-83ea-1b1d187d408a,19,3799,832.0,{}
744,00003ca5-f808-7808-83ea-1b1d187d408a,19,3799,800.0,{}
745,00003ca5-f808-7808-83ea-1b1d187d408a,19,3799,784.0,{}
746,00003ca5-f808-7808-83ea-1b1d187d408a,19,3799,840.0,{}
747,00003ca5-f808-7808-83ea-1b1d187d408a,19,3799,832.0,{}
748,00003ca5-f808-7808-83ea-1b1d187d408a,19,3799,832.0,{}
749,00003ca5-f808-7808-83ea-1b1d187d408a,19,3799,824.0,{}
750,00003ca5-f808-7808-83ea-1b1d187d408a,19,3799,792.0,{}
751,00003ca5-f808-7808-83ea-1b1d187d408a,19,3799,792.0,{}
752,00003ca5-f808-7808-83ea-1b1d187d408a,19,3799,832.0,{}
753,00003ca5-f808-7808-83ea-1b1d187d408a,19,3799,816.0,{}
754,00003ca5-f808-7808-83ea-1b1d187d408a,19,3799,776.0,{}
755,00003ca5-f808-7808-83ea-1b1d187d408a,19,3799,792.0,{}
756,00003ca5-f808-7808-83ea-1b1d187d408a,19,3799,856.0,{}
757,00003ca5-f808-7808-83ea-1b1d187d408a,19,3799,840.0,{}
758,00003ca5-f808-7808-83ea-1b1d187d408a,19,3799,832.0,{}
759,00003ca5-f808-7808-83ea-1b1d187d408a,19,3799,832.0,{}
760,00003ca5-f808-7808-83ea-1b1d187d408a,19,3799,824.0,{}
761,00003ca5-f808-7808-83ea-1b1d187d408a,20,3217,855296.0,{}
762,00003ca5-f808-7808-83ea-1b1d187d408a,20,3217,773056.0,{}
763,00003ca5-f808-7808-83ea-1b1d187d408a,20,3217,600352.0,{}
764,00003ca5-f808-7808-83ea-1b1d187d408a,20,3217,625024.0,{}
765,00003ca5-f808-7808-83ea-1b1d187d408a,20,3217,847072.0,{}
766,00003ca5-f808-7808-83ea-1b1d187d408a,20,3217,707264.0,{}
767,00003ca5-f808-7808-83ea-1b1d187d408a,20,3217,699040.0,{}
768,00003ca5-f808-7808-83ea-1b1d187d408a,20,3217,666144.0,{}
769,00003ca5-f808-7808-83ea-1b1d187d408a,20,3217,649696.0,{}
770,00003ca5-f808-7808-83ea-1b1d187d408a,20,3217,682592.0,{}
771,00003ca5-f808-7808-83ea-1b1d187d408a,20,3217,830624.0,{}
772,00003ca5-f808-7808-83ea-1b1d187d408a,20,3217,707264.0,{}
773,00003ca5-f808-7808-83ea-1b1d187d408a,20,3217,855296.0,{}
774,00003ca5-f808-7808-83ea-1b1d187d408a,20,3217,715488.0,{}
775,00003ca5-f808-7808-83ea-1b1d187d408a,20,3217,690816.0,{}
776,00003ca5-f808-7808-83ea-1b1d187d408a,20,3217,633248.0,{}
777,00003ca5-f808-7808-83ea-1b1d187d408a,20,3217,633248.0,{}
778,00003ca5-f808-7808-83ea-1b1d187d408a,20,3217,715488.0,{}
779,00003ca5-f808-7808-83ea-1b1d187d408a,20,3217,633248.0,{}
780,00003ca5-f808-7808-83ea-1b1d187d408a,20,3217,690816.0,{}
781,00003ca5-f808-7808-83ea-1b1d187d408a,20,3799,104.0,{}
782,00003ca5-f808-7808-83ea-1b1d187d408a,20,3799,94.0,{}
783,00003ca5-f808-7808-83ea-1b1d187d408a,20,3799,73.0,{}
784,00003ca5-f808-7808-83ea-1b1d187d408a,20,3799,76.0,{}
785,00003ca5-f808-7808-83ea-1b1d187d408a,20,3799,103.0,{}
786,00003ca5-f808-7808-83ea-1b1d187d408a,20,3799,86.0,{}
787,00003ca5-f808-7808-83ea-1b1d187d408a,20,3799,85.0,{}
788,00003ca5-f808-7808-83ea-1b1d187d408a,20,3799,81.0,{}
789,00003ca5-f808-7808-83ea-1b1d187d408a,20,3799,79.0,{}
790,00003ca5-f808-7808-83ea-1b1d187d408a,20,3799,83.0,{}
791,00003ca5-f808-7808-83ea-1b1d187d408a,20,3799,101.0,{}
792,00003ca5-f808-7808-83ea-1b1d187d408a,20,3799,86.0,{}
793,00003ca5-f808-7808-83ea-1b1d187d408a,20,3799,104.0,{}
794,00003ca5-f808-7808-83ea-1b1d187d408a,20,3799,87.0,{}
795,00003ca5-f808-7808-83ea-1b1d187d408a,20,3799,84.0,{}
796,00003ca5-f808-7808-83ea-1b1d187d408a,20,3799,77.0,{}
797,00003ca5-f808-7808-83ea-1b1d187d408a,20,3799,77.0,{}
798,00003ca5-f808-7808-83ea-1b1d187d408a,20,3799,87.0,{}
799,00003ca5-f808-7808-83ea-1b1d187d408a,20,3799,77.0,{}
800,00003ca5-f808-7808-83ea-1b1d187d408a,20,3799,84.0,{}
801,00003ca5-f808-7808-83ea-1b1d187d408a,21,3217,682592.0,{}
802,00003ca5-f808-7808-83ea-1b1d187d408a,21,3217,740160.0,{}
803,00003ca5-f808-7808-83ea-1b1d187d408a,21,3217,805952.0,{}
804,00003ca5-f808-7808-83ea-1b1d187d408a,21,3217,682592.0,{}
805,00003ca5-f808-7808-83ea-1b1d187d408a,21,3217,781280.0,{}
806,00003ca5-f808-7808-83ea-1b1d187d408a,21,3217,682592.0,{}
807,00003ca5-f808-7808-83ea-1b1d187d408a,21,3217,682592.0,{}
808,00003ca5-f808-7808-83ea-1b1d187d408a,21,3217,682592.0,{}
809,00003ca5-f808-7808-83ea-1b1d187d408a,21,3217,682592.0,{}
810,00003ca5-f808-7808-83ea-1b1d187d408a,21,3217,682592.0,{}
811,00003ca5-f808-7808-83ea-1b1d187d408a,21,3217,912864.0,{}
812,00003ca5-f808-7808-83ea-1b1d187d408a,21,3217,789504.0,{}
813,00003ca5-f808-7808-83ea-1b1d187d408a,21,3217,526336.0,{}
814,00003ca5-f808-7808-83ea-1b1d187d408a,21,3217,526336.0,{}
815,00003ca5-f808-7808-83ea-1b1d187d408a,21,3217,526336.0,{}
816,00003ca5-f808-7808-83ea-1b1d187d408a,21,3217,666144.0,{}
817,00003ca5-f808-7808-83ea-1b1d187d408a,21,3217,789504.0,{}
818,00003ca5-f808-7808-83ea-1b1d187d408a,21,3217,526336.0,{}
819,00003ca5-f808-7808-83ea-1b1d187d408a,21,3217,789504.0,{}
820,00003ca5-f808-7808-83ea-1b1d187d408a,21,3217,1052672.0,{}
821,00003ca5-f808-7808-83ea-1b1d187d408a,21,3799,83.0,{}
822,00003ca5-f808-7808-83ea-1b1d187d408a,21,3799,90.0,{}
823,00003ca5-f808-7808-83ea-1b1d187d408a,21,3799,98.0,{}
824,00003ca5-f808-7808-83ea-1b1d187d408a,21,3799,83.0,{}
825,00003ca5-f808-7808-83ea-1b1d187d408a,21,3799,95.0,{}
826,00003ca5-f808-7808-83ea-1b1d187d408a,21,3799,83.0,{}
827,00003ca5-f808-7808-83ea-1b1d187d408a,21,3799,83.0,{}
828,00003ca5-f808-7808-83ea-1b1d187d408a,21,3799,83.0,{}
829,00003ca5-f808-7808-83ea-1b1d187d408a,21,3799,83.0,{}
830,00003ca5-f808-7808-83ea-1b1d187d408a,21,3799,83.0,{}
831,00003ca5-f808-7808-83ea-1b1d187d408a,21,3799,111.0,{}
832,00003ca5-f808-7808-83ea-1b1d187d408a,21,3799,96.0,{}
833,00003ca5-f808-7808-83ea-1b1d187d408a,21,3799,64.0,{}
834,00003ca5-f808-7808-83ea-1b1d187d408a,21,3799,64.0,{}
835,00003ca5-f808-7808-83ea-1b1d187d408a,21,3799,64.0,{}
836,00003ca5-f808-7808-83ea-1b1d187d408a,21,3799,81.0,{}
837,00003ca5-f808-7808-83ea-1b1d187d408a,21,3799,96.0,{}
838,00003ca5-f808-7808-83ea-1b1d187d408a,21,3799,64.0,{}
839,00003ca5-f808-7808-83ea-1b1d187d408a,21,3799,96.0,{}
840,00003ca5-f808-7808-83ea-1b1d187d408a,21,3799,128.0,{}
841,00003ca5-f808-7808-83ea-1b1d187d408a,22,3217,797728.0,{}
842,00003ca5-f808-7808-83ea-1b1d187d408a,22,3217,789504.0,{}
843,00003ca5-f808-7808-83ea-1b1d187d408a,22,3217,789504.0,{}
844,00003ca5-f808-7808-83ea-1b1d187d408a,22,3217,1011552.0,{}
845,00003ca5-f808-7808-83ea-1b1d187d408a,22,3217,1052672.0,{}
846,00003ca5-f808-7808-83ea-1b1d187d408a,22,3217,526336.0,{}
847,00003ca5-f808-7808-83ea-1b1d187d408a,22,3217,534560.0,{}
848,00003ca5-f808-7808-83ea-1b1d187d408a,22,3217,542784.0,{}
849,00003ca5-f808-7808-83ea-1b1d187d408a,22,3217,526336.0,{}
850,00003ca5-f808-7808-83ea-1b1d187d408a,22,3217,534560.0,{}
851,00003ca5-f808-7808-83ea-1b1d187d408a,22,3217,707264.0,{}
852,00003ca5-f808-7808-83ea-1b1d187d408a,22,3217,797728.0,{}
853,00003ca5-f808-7808-83ea-1b1d187d408a,22,3217,822400.0,{}
854,00003ca5-f808-7808-83ea-1b1d187d408a,22,3217,699040.0,{}
855,00003ca5-f808-7808-83ea-1b1d187d408a,22,3217,551008.0,{}
856,00003ca5-f808-7808-83ea-1b1d187d408a,22,3217,551008.0,{}
857,00003ca5-f808-7808-83ea-1b1d187d408a,22,3217,715488.0,{}
858,00003ca5-f808-7808-83ea-1b1d187d408a,22,3217,855296.0,{}
859,00003ca5-f808-7808-83ea-1b1d187d408a,22,3217,633248.0,{}
860,00003ca5-f808-7808-83ea-1b1d187d408a,22,3217,773056.0,{}
861,00003ca5-f808-7808-83ea-1b1d187d408a,22,3799,97.0,{}
862,00003ca5-f808-7808-83ea-1b1d187d408a,22,3799,96.0,{}
863,00003ca5-f808-7808-83ea-1b1d187d408a,22,3799,96.0,{}
864,00003ca5-f808-7808-83ea-1b1d187d408a,22,3799,123.0,{}
865,00003ca5-f808-7808-83ea-1b1d187d408a,22,3799,128.0,{}
866,00003ca5-f808-7808-83ea-1b1d187d408a,22,3799,64.0,{}
867,00003ca5-f808-7808-83ea-1b1d187d408a,22,3799,65.0,{}
868,00003ca5-f808-7808-83ea-1b1d187d408a,22,3799,66.0,{}
869,00003ca5-f808-7808-83ea-1b1d187d408a,22,3799,64.0,{}
870,00003ca5-f808-7808-83ea-1b1d187d408a,22,3799,65.0,{}
871,00003ca5-f808-7808-83ea-1b1d187d408a,22,3799,86.0,{}
872,00003ca5-f808-7808-83ea-1b1d187d408a,22,3799,97.0,{}
873,00003ca5-f808-7808-83ea-1b1d187d408a,22,3799,100.0,{}
874,00003ca5-f808-7808-83ea-1b1d187d408a,22,3799,85.0,{}
875,00003ca5-f808-7808-83ea-1b1d187d408a,22,3799,67.0,{}
876,00003ca5-f808-7808-83ea-1b1d187d408a,22,3799,67.0,{}
877,00003ca5-f808-7808-83ea-1b1d187d408a,22,3799,87.0,{}
878,00003ca5-f808-7808-83ea-1b1d187d408a,22,3799,104.0,{}
879,00003ca5-f808-7808-83ea-1b1d187d408a,22,3799,77.0,{}
880,00003ca5-f808-7808-83ea-1b1d187d408a,22,3799,94.0,{}
881,00003ca5-f808-7808-83ea-1b1d187d408a,23,3217,781280.0,{}
882,00003ca5-f808-7808-83ea-1b1d187d408a,23,3217,526336.0,{}
883,00003ca5-f808-7808-83ea-1b1d187d408a,23,3217,789504.0,{}
884,00003ca5-f808-7808-83ea-1b1d187d408a,23,3217,789504.0,{}
885,00003ca5-f808-7808-83ea-1b1d187d408a,23,3217,526336.0,{}
886,00003ca5-f808-7808-83ea-1b1d187d408a,23,3217,526336.0,{}
887,00003ca5-f808-7808-83ea-1b1d187d408a,23,3217,526336.0,{}
888,00003ca5-f808-7808-83ea-1b1d187d408a,23,3217,534560.0,{}
889,00003ca5-f808-7808-83ea-1b1d187d408a,23,3217,1052672.0,{}
890,00003ca5-f808-7808-83ea-1b1d187d408a,23,3217,1052672.0,{}
891,00003ca5-f808-7808-83ea-1b1d187d408a,23,3217,896416.0,{}
892,00003ca5-f808-7808-83ea-1b1d187d408a,23,3217,682592.0,{}
893,00003ca5-f808-7808-83ea-1b1d187d408a,23,3217,707264.0,{}
894,00003ca5-f808-7808-83ea-1b1d187d408a,23,3217,690816.0,{}
895,00003ca5-f808-7808-83ea-1b1d187d408a,23,3217,690816.0,{}
896,00003ca5-f808-7808-83ea-1b1d187d408a,23,3217,690816.0,{}
897,00003ca5-f808-7808-83ea-1b1d187d408a,23,3217,690816.0,{}
898,00003ca5-f808-7808-83ea-1b1d187d408a,23,3217,690816.0,{}
899,00003ca5-f808-7808-83ea-1b1d187d408a,23,3217,682592.0,{}
900,00003ca5-f808-7808-83ea-1b1d187d408a,23,3217,682592.0,{}
901,00003ca5-f808-7808-83ea-1b1d187d408a,23,3799,95.0,{}
902,00003ca5-f808-7808-83ea-1b1d187d408a,23,3799,64.0,{}
903,00003ca5-f808-7808-83ea-1b1d187d408a,23,3799,96.0,{}
904,00003ca5-f808-7808-83ea-1b1d187d408a,23,3799,96.0,{}
905,00003ca5-f808-7808-83ea-1b1d187d408a,23,3799,64.0,{}
906,00003ca5-f808-7808-83ea-1b1d187d408a,23,3799,64.0,{}
907,00003ca5-f808-7808-83ea-1b1d187d408a,23,3799,64.0,{}
908,00003ca5-f808-7808-83ea-1b1d187d408a,23,3799,65.0,{}
909,00003ca5-f808-7808-83ea-1b1d187d408a,23,3799,128.0,{}
910,00003ca5-f808-7808-83ea-1b1d187d408a,23,3799,128.0,{}
911,00003ca5-f808-7808-83ea-1b1d187d408a,23,3799,109.0,{}
912,00003ca5-f808-7808-83ea-1b1d187d408a,23,3799,83.0,{}
913,00003ca5-f808-7808-83ea-1b1d187d408a,23,3799,86.0,{}
914,00003ca5-f808-7808-83ea-1b1d187d408a,23,3799,84.0,{}
915,00003ca5-f808-7808-83ea-1b1d187d408a,23,3799,84.0,{}
916,00003ca5-f808-7808-83ea-1b1d187d408a,23,3799,84.0,{}
917,00003ca5-f808-7808-83ea-1b1d187d408a,23,3799,84.0,{}
918,00003ca5-f808-7808-83ea-1b1d187d408a,23,3799,84.0,{}
919,00003ca5-f808-7808-83ea-1b1d187d408a,23,3799,83.0,{}
920,00003ca5-f808-7808-83ea-1b1d187d408a,23,3799,83.0,{}
921,00003ca5-f808-7808-83ea-1b1d187d408a,24,3217,1052672.0,{}
922,00003ca5-f808-7808-83ea-1b1d187d408a,24,3217,789504.0,{}
923,00003ca5-f808-7808-83ea-1b1d187d408a,24,3217,789504.0,{}
924,00003ca5-f808-7808-83ea-1b1d187d408a,24,3217,789504.0,{}
925,00003ca5-f808-7808-83ea-1b1d187d408a,24,3217,1052672.0,{}
926,00003ca5-f808-7808-83ea-1b1d187d408a,24,3217,526336.0,{}
927,00003ca5-f808-7808-83ea-1b1d187d408a,24,3217,526336.0,{}
928,00003ca5-f808-7808-83ea-1b1d187d408a,24,3217,526336.0,{}
929,00003ca5-f808-7808-83ea-1b1d187d408a,24,3217,526336.0,{}
930,00003ca5-f808-7808-83ea-1b1d187d408a,24,3217,526336.0,{}
931,00003ca5-f808-7808-83ea-1b1d187d408a,24,3217,600352.0,{}
932,00003ca5-f808-7808-83ea-1b1d187d408a,24,3217,526336.0,{}
933,00003ca5-f808-7808-83ea-1b1d187d408a,24,3217,625024.0,{}
934,00003ca5-f808-7808-83ea-1b1d187d408a,24,3217,526336.0,{}
935,00003ca5-f808-7808-83ea-1b1d187d408a,24,3217,707264.0,{}
936,00003ca5-f808-7808-83ea-1b1d187d408a,24,3217,863520.0,{}
937,00003ca5-f808-7808-83ea-1b1d187d408a,24,3217,847072.0,{}
938,00003ca5-f808-7808-83ea-1b1d187d408a,24,3217,1003328.0,{}
939,00003ca5-f808-7808-83ea-1b1d187d408a,24,3217,600352.0,{}
940,00003ca5-f808-7808-83ea-1b1d187d408a,24,3217,805952.0,{}
941,00003ca5-f808-7808-83ea-1b1d187d408a,24,3799,128.0,{}
942,00003ca5-f808-7808-83ea-1b1d187d408a,24,3799,96.0,{}
943,00003ca5-f808-7808-83ea-1b1d187d408a,24,3799,96.0,{}
944,00003ca5-f808-7808-83ea-1b1d187d408a,24,3799,96.0,{}
945,00003ca5-f808-7808-83ea-1b1d187d408a,24,3799,128.0,{}
946,00003ca5-f808-7808-83ea-1b1d187d408a,24,3799,64.0,{}
947,00003ca5-f808-7808-83ea-1b1d187d408a,24,3799,64.0,{}
948,00003ca5-f808-7808-83ea-1b1d187d408a,24,3799,64.0,{}
949,00003ca5-f808-7808-83ea-1b1d187d408a,24,3799,64.0,{}
950,00003ca5-f808-7808-83ea-1b1d187d408a,24,3799,64.0,{}
951,00003ca5-f808-7808-83ea-1b1d187d408a,24,3799,73.0,{}
952,00003ca5-f808-7808-83ea-1b1d187d408a,24,3799,64.0,{}
953,00003ca5-f808-7808-83ea-1b1d187d408a,24,3799,76.0,{}
954,00003ca5-f808-7808-83ea-1b1d187d408a,24,3799,64.0,{}
955,00003ca5-f808-7808-83ea-1b1d187d408a,24,3799,86.0,{}
956,00003ca5-f808-7808-83ea-1b1d187d408a,24,3799,105.0,{}
957,00003ca5-f808-7808-83ea-1b1d187d408a,24,3799,103.0,{}
958,00003ca5-f808-7808-83ea-1b1d187d408a,24,3799,122.0,{}
959,00003ca5-f808-7808-83ea-1b1d187d408a,24,3799,73.0,{}
960,00003ca5-f808-7808-83ea-1b1d187d408a,24,3799,98.0,{}
961,00003ca5-f808-7808-83ea-1b1d187d408a,25,3217,863520.0,{}
962,00003ca5-f808-7808-83ea-1b1d187d408a,25,3217,1044448.0,{}
963,00003ca5-f808-7808-83ea-1b1d187d408a,25,3217,822400.0,{}
964,00003ca5-f808-7808-83ea-1b1d187d408a,25,3217,863520.0,{}
965,00003ca5-f808-7808-83ea-1b1d187d408a,25,3217,847072.0,{}
966,00003ca5-f808-7808-83ea-1b1d187d408a,25,3217,526336.0,{}
967,00003ca5-f808-7808-83ea-1b1d187d408a,25,3217,526336.0,{}
968,00003ca5-f808-7808-83ea-1b1d187d408a,25,3217,526336.0,{}
969,00003ca5-f808-7808-83ea-1b1d187d408a,25,3217,526336.0,{}
970,00003ca5-f808-7808-83ea-1b1d187d408a,25,3217,559232.0,{}
971,00003ca5-f808-7808-83ea-1b1d187d408a,25,3217,879968.0,{}
972,00003ca5-f808-7808-83ea-1b1d187d408a,25,3217,690816.0,{}
973,00003ca5-f808-7808-83ea-1b1d187d408a,25,3217,699040.0,{}
974,00003ca5-f808-7808-83ea-1b1d187d408a,25,3217,690816.0,{}
975,00003ca5-f808-7808-83ea-1b1d187d408a,25,3217,690816.0,{}
976,00003ca5-f808-7808-83ea-1b1d187d408a,25,3217,690816.0,{}
977,00003ca5-f808-7808-83ea-1b1d187d408a,25,3217,690816.0,{}
978,00003ca5-f808-7808-83ea-1b1d187d408a,25,3217,690816.0,{}
979,00003ca5-f808-7808-83ea-1b1d187d408a,25,3217,690816.0,{}
980,00003ca5-f808-7808-83ea-1b1d187d408a,25,3217,690816.0,{}
981,00003ca5-f808-7808-83ea-1b1d187d408a,25,3799,105.0,{}
982,00003ca5-f808-7808-83ea-1b1d187d408a,25,3799,127.0,{}
983,00003ca5-f808-7808-83ea-1b1d187d408a,25,3799,100.0,{}
984,00003ca5-f808-7808-83ea-1b1d187d408a,25,3799,105.0,{}
985,00003ca5-f808-7808-83ea-1b1d187d408a,25,3799,103.0,{}
986,00003ca5-f808-7808-83ea-1b1d187d408a,25,3799,64.0,{}
987,00003ca5-f808-7808-83ea-1b1d187d408a,25,3799,64.0,{}
988,00003ca5-f808-7808-83ea-1b1d187d408a,25,3799,64.0,{}
989,00003ca5-f808-7808-83ea-1b1d187d408a,25,3799,64.0,{}
990,00003ca5-f808-7808-83ea-1b1d187d408a,25,3799,68.0,{}
991,00003ca5-f808-7808-83ea-1b1d187d408a,25,3799,107.0,{}
992,00003ca5-f808-7808-83ea-1b1d187d408a,25,3799,84.0,{}
993,00003ca5-f808-7808-83ea-1b1d187d408a,25,3799,85.0,{}
994,00003ca5-f808-7808-83ea-1b1d187d408a,25,3799,84.0,{}
995,00003ca5-f808-7808-83ea-1b1d187d408a,25,3799,84.0,{}
996,00003ca5-f808-7808-83ea-1b1d187d408a,25,3799,84.0,{}
997,00003ca5-f808-7808-83ea-1b1d187d408a,25,3799,84.0,{}
998,00003ca5-f808-7808-83ea-1b1d187d408a,25,3799,84.0,{}
999,00003ca5-f808-7808-83ea-1b1d187d408a,25,3799,84.0,{}
1000,00003ca5-f808-7808-83ea-1b1d187d408a,25,3799,84.0,{}
1001,00003ca5-f808-7808-83ea-1b1d187d408a,26,3217,789504.0,{}
1002,00003ca5-f808-7808-83ea-1b1d187d408a,26,3217,526336.0,{}
1003,00003ca5-f808-7808-83ea-1b1d187d408a,26,3217,526336.0,{}
1004,00003ca5-f808-7808-83ea-1b1d187d408a,26,3217,789504.0,{}
1005,00003ca5-f808-7808-83ea-1b1d187d408a,26,3217,1044448.0,{}
1006,00003ca5-f808-7808-83ea-1b1d187d408a,26,3217,764832.0,{}
1007,00003ca5-f808-7808-83ea-1b1d187d408a,26,3217,731936.0,{}
1008,00003ca5-f808-7808-83ea-1b1d187d408a,26,3217,715488.0,{}
1009,00003ca5-f808-7808-83ea-1b1d187d408a,26,3217,690816.0,{}
1010,00003ca5-f808-7808-83ea-1b1d187d408a,26,3217,526336.0,{}
1011,00003ca5-f808-7808-83ea-1b1d187d408a,26,3217,945760.0,{}
1012,00003ca5-f808-7808-83ea-1b1d187d408a,26,3217,682592.0,{}
1013,00003ca5-f808-7808-83ea-1b1d187d408a,26,3217,699040.0,{}
1014,00003ca5-f808-7808-83ea-1b1d187d408a,26,3217,682592.0,{}
1015,00003ca5-f808-7808-83ea-1b1d187d408a,26,3217,682592.0,{}
1016,00003ca5-f808-7808-83ea-1b1d187d408a,26,3217,682592.0,{}
1017,00003ca5-f808-7808-83ea-1b1d187d408a,26,3217,682592.0,{}
1018,00003ca5-f808-7808-83ea-1b1d187d408a,26,3217,682592.0,{}
1019,00003ca5-f808-7808-83ea-1b1d187d408a,26,3217,682592.0,{}
1020,00003ca5-f808-7808-83ea-1b1d187d408a,26,3217,682592.0,{}
1021,00003ca5-f808-7808-83ea-1b1d187d408a,26,3799,96.0,{}
1022,00003ca5-f808-7808-83ea-1b1d187d408a,26,3799,64.0,{}
1023,00003ca5-f808-7808-83ea-1b1d187d408a,26,3799,64.0,{}
1024,00003ca5-f808-7808-83ea-1b1d187d408a,26,3799,96.0,{}
1025,00003ca5-f808-7808-83ea-1b1d187d408a,26,3799,127.0,{}
1026,00003ca5-f808-7808-83ea-1b1d187d408a,26,3799,93.0,{}
1027,00003ca5-f808-7808-83ea-1b1d187d408a,26,3799,89.0,{}
1028,00003ca5-f808-7808-83ea-1b1d187d408a,26,3799,87.0,{}
1029,00003ca5-f808-7808-83ea-1b1d187d408a,26,3799,84.0,{}
1030,00003ca5-f808-7808-83ea-1b1d187d408a,26,3799,64.0,{}
1031,00003ca5-f808-7808-83ea-1b1d187d408a,26,3799,115.0,{}
1032,00003ca5-f808-7808-83ea-1b1d187d408a,26,3799,83.0,{}
1033,00003ca5-f808-7808-83ea-1b1d187d408a,26,3799,85.0,{}
1034,00003ca5-f808-7808-83ea-1b1d187d408a,26,3799,83.0,{}
1035,00003ca5-f808-7808-83ea-1b1d187d408a,26,3799,83.0,{}
1036,00003ca5-f808-7808-83ea-1b1d187d408a,26,3799,83.0,{}
1037,00003ca5-f808-7808-83ea-1b1d187d408a,26,3799,83.0,{}
1038,00003ca5-f808-7808-83ea-1b1d187d408a,26,3799,83.0,{}
1039,00003ca5-f808-7808-83ea-1b1d187d408a,26,3799,83.0,{}
1040,00003ca5-f808-7808-83ea-1b1d187d408a,26,3799,83.0,{}
1041,00003ca5-f808-7808-83ea-1b1d187d408a,27,3217,608576.0,{}
1042,00003ca5-f808-7808-83ea-1b1d187d408a,27,3217,682592.0,{}
1043,00003ca5-f808-7808-83ea-1b1d187d408a,27,3217,682592.0,{}
1044,00003ca5-f808-7808-83ea-1b1d187d408a,27,3217,731936.0,{}
1045,00003ca5-f808-7808-83ea-1b1d187d408a,27,3217,526336.0,{}
1046,00003ca5-f808-7808-83ea-1b1d187d408a,27,3217,526336.0,{}
1047,00003ca5-f808-7808-83ea-1b1d187d408a,27,3217,756608.0,{}
1048,00003ca5-f808-7808-83ea-1b1d187d408a,27,3217,1019776.0,{}
1049,00003ca5-f808-7808-83ea-1b1d187d408a,27,3217,1044448.0,{}
1050,00003ca5-f808-7808-83ea-1b1d187d408a,27,3217,526336.0,{}
1051,00003ca5-f808-7808-83ea-1b1d187d408a,27,3217,526336.0,{}
1052,00003ca5-f808-7808-83ea-1b1d187d408a,27,3217,526336.0,{}
1053,00003ca5-f808-7808-83ea-1b1d187d408a,27,3217,526336.0,{}
1054,00003ca5-f808-7808-83ea-1b1d187d408a,27,3217,526336.0,{}
1055,00003ca5-f808-7808-83ea-1b1d187d408a,27,3217,526336.0,{}
1056,00003ca5-f808-7808-83ea-1b1d187d408a,27,3217,789504.0,{}
1057,00003ca5-f808-7808-83ea-1b1d187d408a,27,3217,534560.0,{}
1058,00003ca5-f808-7808-83ea-1b1d187d408a,27,3217,1052672.0,{}
1059,00003ca5-f808-7808-83ea-1b1d187d408a,27,3217,1052672.0,{}
1060,00003ca5-f808-7808-83ea-1b1d187d408a,27,3217,1044448.0,{}
1061,00003ca5-f808-7808-83ea-1b1d187d408a,27,3799,74.0,{}
1062,00003ca5-f808-7808-83ea-1b1d187d408a,27,3799,83.0,{}
1063,00003ca5-f808-7808-83ea-1b1d187d408a,27,3799,83.0,{}
1064,00003ca5-f808-7808-83ea-1b1d187d408a,27,3799,89.0,{}
1065,00003ca5-f808-7808-83ea-1b1d187d408a,27,3799,64.0,{}
1066,00003ca5-f808-7808-83ea-1b1d187d408a,27,3799,64.0,{}
1067,00003ca5-f808-7808-83ea-1b1d187d408a,27,3799,92.0,{}
1068,00003ca5-f808-7808-83ea-1b1d187d408a,27,3799,124.0,{}
1069,00003ca5-f808-7808-83ea-1b1d187d408a,27,3799,127.0,{}
1070,00003ca5-f808-7808-83ea-1b1d187d408a,27,3799,64.0,{}
1071,00003ca5-f808-7808-83ea-1b1d187d408a,27,3799,64.0,{}
1072,00003ca5-f808-7808-83ea-1b1d187d408a,27,3799,64.0,{}
1073,00003ca5-f808-7808-83ea-1b1d187d408a,27,3799,64.0,{}
1074,00003ca5-f808-7808-83ea-1b1d187d408a,27,3799,64.0,{}
1075,00003ca5-f808-7808-83ea-1b1d187d408a,27,3799,64.0,{}
1076,00003ca5-f808-7808-83ea-1b1d187d408a,27,3799,96.0,{}
1077,00003ca5-f808-7808-83ea-1b1d187d408a,27,3799,65.0,{}
1078,00003ca5-f808-7808-83ea-1b1d187d408a,27,3799,128.0,{}
1079,00003ca5-f808-7808-83ea-1b1d187d408a,27,3799,128.0,{}
1080,00003ca5-f808-7808-83ea-1b1d187d408a,27,3799,127.0,{}
1081,00003ca5-f808-7808-83ea-1b1d187d408a,28,3217,764832.0,{}
1082,00003ca5-f808-7808-83ea-1b1d187d408a,28,3217,526336.0,{}
1083,00003ca5-f808-7808-83ea-1b1d187d408a,28,3217,764832.0,{}
1084,00003ca5-f808-7808-83ea-1b1d187d408a,28,3217,592128.0,{}
1085,00003ca5-f808-7808-83ea-1b1d187d408a,28,3217,756608.0,{}
1086,00003ca5-f808-7808-83ea-1b1d187d408a,28,3217,805952.0,{}
1087,00003ca5-f808-7808-83ea-1b1d187d408a,28,3217,789504.0,{}
1088,00003ca5-f808-7808-83ea-1b1d187d408a,28,3217,1052672.0,{}
1089,00003ca5-f808-7808-83ea-1b1d187d408a,28,3217,526336.0,{}
1090,00003ca5-f808-7808-83ea-1b1d187d408a,28,3217,526336.0,{}
1091,00003ca5-f808-7808-83ea-1b1d187d408a,28,3217,699040.0,{}
1092,00003ca5-f808-7808-83ea-1b1d187d408a,28,3217,707264.0,{}
1093,00003ca5-f808-7808-83ea-1b1d187d408a,28,3217,740160.0,{}
1094,00003ca5-f808-7808-83ea-1b1d187d408a,28,3217,690816.0,{}
1095,00003ca5-f808-7808-83ea-1b1d187d408a,28,3217,707264.0,{}
1096,00003ca5-f808-7808-83ea-1b1d187d408a,28,3217,731936.0,{}
1097,00003ca5-f808-7808-83ea-1b1d187d408a,28,3217,682592.0,{}
1098,00003ca5-f808-7808-83ea-1b1d187d408a,28,3217,707264.0,{}
1099,00003ca5-f808-7808-83ea-1b1d187d408a,28,3217,731936.0,{}
1100,00003ca5-f808-7808-83ea-1b1d187d408a,28,3217,707264.0,{}
1101,00003ca5-f808-7808-83ea-1b1d187d408a,28,3799,93.0,{}
1102,00003ca5-f808-7808-83ea-1b1d187d408a,28,3799,64.0,{}
1103,00003ca5-f808-7808-83ea-1b1d187d408a,28,3799,93.0,{}
1104,00003ca5-f808-7808-83ea-1b1d187d408a,28,3799,72.0,{}
1105,00003ca5-f808-7808-83ea-1b1d187d408a,28,3799,92.0,{}
1106,00003ca5-f808-7808-83ea-1b1d187d408a,28,3799,98.0,{}
1107,00003ca5-f808-7808-83ea-1b1d187d408a,28,3799,96.0,{}
1108,00003ca5-f808-7808-83ea-1b1d187d408a,28,3799,128.0,{}
1109,00003ca5-f808-7808-83ea-1b1d187d408a,28,3799,64.0,{}
1110,00003ca5-f808-7808-83ea-1b1d187d408a,28,3799,64.0,{}
1111,00003ca5-f808-7808-83ea-1b1d187d408a,28,3799,85.0,{}
1112,00003ca5-f808-7808-83ea-1b1d187d408a,28,3799,86.0,{}
1113,00003ca5-f808-7808-83ea-1b1d187d408a,28,3799,90.0,{}
1114,00003ca5-f808-7808-83ea-1b1d187d408a,28,3799,84.0,{}
1115,00003ca5-f808-7808-83ea-1b1d187d408a,28,3799,86.0,{}
1116,00003ca5-f808-7808-83ea-1b1d187d408a,28,3799,89.0,{}
1117,00003ca5-f808-7808-83ea-1b1d187d408a,28,3799,83.0,{}
1118,00003ca5-f808-7808-83ea-1b1d187d408a,28,3799,86.0,{}
1119,00003ca5-f808-7808-83ea-1b1d187d408a,28,3799,89.0,{}
1120,00003ca5-f808-7808-83ea-1b1d187d408a,28,3799,86.0,{}
1121,00003ca5-f808-7808-83ea-1b1d187d408a,29,3217,616800.0,{}
1122,00003ca5-f808-7808-83ea-1b1d187d408a,29,3217,526336.0,{}
1123,00003ca5-f808-7808-83ea-1b1d187d408a,29,3217,1044448.0,{}
1124,00003ca5-f808-7808-83ea-1b1d187d408a,29,3217,789504.0,{}
1125,00003ca5-f808-7808-83ea-1b1d187d408a,29,3217,542784.0,{}
1126,00003ca5-f808-7808-83ea-1b1d187d408a,29,3217,526336.0,{}
1127,00003ca5-f808-7808-83ea-1b1d187d408a,29,3217,526336.0,{}
1128,00003ca5-f808-7808-83ea-1b1d187d408a,29,3217,789504.0,{}
1129,00003ca5-f808-7808-83ea-1b1d187d408a,29,3217,789504.0,{}
1130,00003ca5-f808-7808-83ea-1b1d187d408a,29,3217,953984.0,{}
1131,00003ca5-f808-7808-83ea-1b1d187d408a,29,3217,1052672.0,{}
1132,00003ca5-f808-7808-83ea-1b1d187d408a,29,3217,1052672.0,{}
1133,00003ca5-f808-7808-83ea-1b1d187d408a,29,3217,649696.0,{}
1134,00003ca5-f808-7808-83ea-1b1d187d408a,29,3217,666144.0,{}
1135,00003ca5-f808-7808-83ea-1b1d187d408a,29,3217,1052672.0,{}
1136,00003ca5-f808-7808-83ea-1b1d187d408a,29,3217,526336.0,{}
1137,00003ca5-f808-7808-83ea-1b1d187d408a,29,3217,526336.0,{}
1138,00003ca5-f808-7808-83ea-1b1d187d408a,29,3217,526336.0,{}
1139,00003ca5-f808-7808-83ea-1b1d187d408a,29,3217,526336.0,{}
1140,00003ca5-f808-7808-83ea-1b1d187d408a,29,3217,526336.0,{}
1141,00003ca5-f808-7808-83ea-1b1d187d408a,29,3799,75.0,{}
1142,00003ca5-f808-7808-83ea-1b1d187d408a,29,3799,64.0,{}
1143,00003ca5-f808-7808-83ea-1b1d187d408a,29,3799,127.0,{}
1144,00003ca5-f808-7808-83ea-1b1d187d408a,29,3799,96.0,{}
1145,00003ca5-f808-7808-83ea-1b1d187d408a,29,3799,66.0,{}
1146,00003ca5-f808-7808-83ea-1b1d187d408a,29,3799,64.0,{}
1147,00003ca5-f808-7808-83ea-1b1d187d408a,29,3799,64.0,{}
1148,00003ca5-f808-7808-83ea-1b1d187d408a,29,3799,96.0,{}
1149,00003ca5-f808-7808-83ea-1b1d187d408a,29,3799,96.0,{}
1150,00003ca5-f808-7808-83ea-1b1d187d408a,29,3799,116.0,{}
1151,00003ca5-f808-7808-83ea-1b1d187d408a,29,3799,128.0,{}
1152,00003ca5-f808-7808-83ea-1b1d187d408a,29,3799,128.0,{}
1153,00003ca5-f808-7808-83ea-1b1d187d408a,29,3799,79.0,{}
1154,00003ca5-f808-7808-83ea-1b1d187d408a,29,3799,81.0,{}
1155,00003ca5-f808-7808-83ea-1b1d187d408a,29,3799,128.0,{}
1156,00003ca5-f808-7808-83ea-1b1d187d408a,29,3799,64.0,{}
1157,00003ca5-f808-7808-83ea-1b1d187d408a,29,3799,64.0,{}
1158,00003ca5-f808-7808-83ea-1b1d187d408a,29,3799,64.0,{}
1159,00003ca5-f808-7808-83ea-1b1d187d408a,29,3799,64.0,{}
1160,00003ca5-f808-7808-83ea-1b1d187d408a,29,3799,64.0,{}
1161,00003ca5-f808-7808-83ea-1b1d187d408a,30,3217,789504.0,{}
1162,00003ca5-f808-7808-83ea-1b1d187d408a,30,3217,633248.0,{}
1163,00003ca5-f808-7808-83ea-1b1d187d408a,30,3217,526336.0,{}
1164,00003ca5-f808-7808-83ea-1b1d187d408a,30,3217,847072.0,{}
1165,00003ca5-f808-7808-83ea-1b1d187d408a,30,3217,1052672.0,{}
1166,00003ca5-f808-7808-83ea-1b1d187d408a,30,3217,764832.0,{}
1167,00003ca5-f808-7808-83ea-1b1d187d408a,30,3217,699040.0,{}
1168,00003ca5-f808-7808-83ea-1b1d187d408a,30,3217,526336.0,{}
1169,00003ca5-f808-7808-83ea-1b1d187d408a,30,3217,526336.0,{}
1170,00003ca5-f808-7808-83ea-1b1d187d408a,30,3217,740160.0,{}
1171,00003ca5-f808-7808-83ea-1b1d187d408a,30,3217,526336.0,{}
1172,00003ca5-f808-7808-83ea-1b1d187d408a,30,3217,526336.0,{}
1173,00003ca5-f808-7808-83ea-1b1d187d408a,30,3217,526336.0,{}
1174,00003ca5-f808-7808-83ea-1b1d187d408a,30,3217,526336.0,{}
1175,00003ca5-f808-7808-83ea-1b1d187d408a,30,3217,526336.0,{}
1176,00003ca5-f808-7808-83ea-1b1d187d408a,30,3217,1052672.0,{}
1177,00003ca5-f808-7808-83ea-1b1d187d408a,30,3217,731936.0,{}
1178,00003ca5-f808-7808-83ea-1b1d187d408a,30,3217,805952.0,{}
1179,00003ca5-f808-7808-83ea-1b1d187d408a,30,3217,1052672.0,{}
1180,00003ca5-f808-7808-83ea-1b1d187d408a,30,3217,830624.0,{}
1181,00003ca5-f808-7808-83ea-1b1d187d408a,30,3799,96.0,{}
1182,00003ca5-f808-7808-83ea-1b1d187d408a,30,3799,77.0,{}
1183,00003ca5-f808-7808-83ea-1b1d187d408a,30,3799,64.0,{}
1184,00003ca5-f808-7808-83ea-1b1d187d408a,30,3799,103.0,{}
1185,00003ca5-f808-7808-83ea-1b1d187d408a,30,3799,128.0,{}
1186,00003ca5-f808-7808-83ea-1b1d187d408a,30,3799,93.0,{}
1187,00003ca5-f808-7808-83ea-1b1d187d408a,30,3799,85.0,{}
1188,00003ca5-f808-7808-83ea-1b1d187d408a,30,3799,64.0,{}
1189,00003ca5-f808-7808-83ea-1b1d187d408a,30,3799,64.0,{}
1190,00003ca5-f808-7808-83ea-1b1d187d408a,30,3799,90.0,{}
1191,00003ca5-f808-7808-83ea-1b1d187d408a,30,3799,64.0,{}
1192,00003ca5-f808-7808-83ea-1b1d187d408a,30,3799,64.0,{}
1193,00003ca5-f808-7808-83ea-1b1d187d408a,30,3799,64.0,{}
1194,00003ca5-f808-7808-83ea-1b1d187d408a,30,3799,64.0,{}
1195,00003ca5-f808-7808-83ea-1b1d187d408a,30,3799,64.0,{}
1196,00003ca5-f808-7808-83ea-1b1d187d408a,30,3799,128.0,{}
1197,00003ca5-f808-7808-83ea-1b1d187d408a,30,3799,89.0,{}
1198,00003ca5-f808-7808-83ea-1b1d187d408a,30,3799,98.0,{}
1199,00003ca5-f808-7808-83ea-1b1d187d408a,30,3799,128.0,{}
1200,00003ca5-f808-7808-83ea-1b1d187d408a,30,3799,101.0,{}
1201,00003ca5-f808-7808-83ea-1b1d187d408a,31,3217,789504.0,{}
1202,00003ca5-f808-7808-83ea-1b1d187d408a,31,3217,912864.0,{}
1203,00003ca5-f808-7808-83ea-1b1d187d408a,31,3217,929312.0,{}
1204,00003ca5-f808-7808-83ea-1b1d187d408a,31,3217,789504.0,{}
1205,00003ca5-f808-7808-83ea-1b1d187d408a,31,3217,1052672.0,{}
1206,00003ca5-f808-7808-83ea-1b1d187d408a,31,3217,526336.0,{}
1207,00003ca5-f808-7808-83ea-1b1d187d408a,31,3217,526336.0,{}
1208,00003ca5-f808-7808-83ea-1b1d187d408a,31,3217,526336.0,{}
1209,00003ca5-f808-7808-83ea-1b1d187d408a,31,3217,526336.0,{}
1210,00003ca5-f808-7808-83ea-1b1d187d408a,31,3217,526336.0,{}
1211,00003ca5-f808-7808-83ea-1b1d187d408a,31,3217,723712.0,{}
1212,00003ca5-f808-7808-83ea-1b1d187d408a,31,3217,764832.0,{}
1213,00003ca5-f808-7808-83ea-1b1d187d408a,31,3217,723712.0,{}
1214,00003ca5-f808-7808-83ea-1b1d187d408a,31,3217,682592.0,{}
1215,00003ca5-f808-7808-83ea-1b1d187d408a,31,3217,575680.0,{}
1216,00003ca5-f808-7808-83ea-1b1d187d408a,31,3217,731936.0,{}
1217,00003ca5-f808-7808-83ea-1b1d187d408a,31,3217,690816.0,{}
1218,00003ca5-f808-7808-83ea-1b1d187d408a,31,3217,731936.0,{}
1219,00003ca5-f808-7808-83ea-1b1d187d408a,31,3217,707264.0,{}
1220,00003ca5-f808-7808-83ea-1b1d187d408a,31,3217,773056.0,{}
1221,00003ca5-f808-7808-83ea-1b1d187d408a,31,3799,96.0,{}
1222,00003ca5-f808-7808-83ea-1b1d187d408a,31,3799,111.0,{}
1223,00003ca5-f808-7808-83ea-1b1d187d408a,31,3799,113.0,{}
1224,00003ca5-f808-7808-83ea-1b1d187d408a,31,3799,96.0,{}
1225,00003ca5-f808-7808-83ea-1b1d187d408a,31,3799,128.0,{}
1226,00003ca5-f808-7808-83ea-1b1d187d408a,31,3799,64.0,{}
1227,00003ca5-f808-7808-83ea-1b1d187d408a,31,3799,64.0,{}
1228,00003ca5-f808-7808-83ea-1b1d187d408a,31,3799,64.0,{}
1229,00003ca5-f808-7808-83ea-1b1d187d408a,31,3799,64.0,{}
1230,00003ca5-f808-7808-83ea-1b1d187d408a,31,3799,64.0,{}
1231,00003ca5-f808-7808-83ea-1b1d187d408a,31,3799,88.0,{}
1232,00003ca5-f808-7808-83ea-1b1d187d408a,31,3799,93.0,{}
1233,00003ca5-f808-7808-83ea-1b1d187d408a,31,3799,88.0,{}
1234,00003ca5-f808-7808-83ea-1b1d187d408a,31,3799,83.0,{}
1235,00003ca5-f808-7808-83ea-1b1d187d408a,31,3799,70.0,{}
1236,00003ca5-f808-7808-83ea-1b1d187d408a,31,3799,89.0,{}
1237,00003ca5-f808-7808-83ea-1b1d187d408a,31,3799,84.0,{}
1238,00003ca5-f808-7808-83ea-1b1d187d408a,31,3799,89.0,{}
1239,00003ca5-f808-7808-83ea-1b1d187d408a,31,3799,86.0,{}
1240,00003ca5-f808-7808-83ea-1b1d187d408a,31,3799,94.0,{}
1241,00003ca5-f808-7808-83ea-1b1d187d408a,32,3217,526336.0,{}
1242,00003ca5-f808-7808-83ea-1b1d187d408a,32,3217,526336.0,{}
1243,00003ca5-f808-7808-83ea-1b1d187d408a,32,3217,682592.0,{}
1244,00003ca5-f808-7808-83ea-1b1d187d408a,32,3217,526336.0,{}
1245,00003ca5-f808-7808-83ea-1b1d187d408a,32,3217,526336.0,{}
1246,00003ca5-f808-7808-83ea-1b1d187d408a,32,3217,822400.0,{}
1247,00003ca5-f808-7808-83ea-1b1d187d408a,32,3217,830624.0,{}
1248,00003ca5-f808-7808-83ea-1b1d187d408a,32,3217,1052672.0,{}
1249,00003ca5-f808-7808-83ea-1b1d187d408a,32,3217,1044448.0,{}
1250,00003ca5-f808-7808-83ea-1b1d187d408a,32,3217,567456.0,{}
1251,00003ca5-f808-7808-83ea-1b1d187d408a,32,3217,583904.0,{}
1252,00003ca5-f808-7808-83ea-1b1d187d408a,32,3217,559232.0,{}
1253,00003ca5-f808-7808-83ea-1b1d187d408a,32,3217,583904.0,{}
1254,00003ca5-f808-7808-83ea-1b1d187d408a,32,3217,583904.0,{}
1255,00003ca5-f808-7808-83ea-1b1d187d408a,32,3217,649696.0,{}
1256,00003ca5-f808-7808-83ea-1b1d187d408a,32,3217,830624.0,{}
1257,00003ca5-f808-7808-83ea-1b1d187d408a,32,3217,616800.0,{}
1258,00003ca5-f808-7808-83ea-1b1d187d408a,32,3217,1028000.0,{}
1259,00003ca5-f808-7808-83ea-1b1d187d408a,32,3217,822400.0,{}
1260,00003ca5-f808-7808-83ea-1b1d187d408a,32,3217,847072.0,{}
1261,00003ca5-f808-7808-83ea-1b1d187d408a,32,3799,64.0,{}
1262,00003ca5-f808-7808-83ea-1b1d187d408a,32,3799,64.0,{}
1263,00003ca5-f808-7808-83ea-1b1d187d408a,32,3799,83.0,{}
1264,00003ca5-f808-7808-83ea-1b1d187d408a,32,3799,64.0,{}
1265,00003ca5-f808-7808-83ea-1b1d187d408a,32,3799,64.0,{}
1266,00003ca5-f808-7808-83ea-1b1d187d408a,32,3799,100.0,{}
1267,00003ca5-f808-7808-83ea-1b1d187d408a,32,3799,101.0,{}
1268,00003ca5-f808-7808-83ea-1b1d187d408a,32,3799,128.0,{}
1269,00003ca5-f808-7808-83ea-1b1d187d408a,32,3799,127.0,{}
1270,00003ca5-f808-7808-83ea-1b1d187d408a,32,3799,69.0,{}
1271,00003ca5-f808-7808-83ea-1b1d187d408a,32,3799,71.0,{}
1272,00003ca5-f808-7808-83ea-1b1d187d408a,32,3799,68.0,{}
1273,00003ca5-f808-7808-83ea-1b1d187d408a,32,3799,71.0,{}
1274,00003ca5-f808-7808-83ea-1b1d187d408a,32,3799,71.0,{}
1275,00003ca5-f808-7808-83ea-1b1d187d408a,32,3799,79.0,{}
1276,00003ca5-f808-7808-83ea-1b1d187d408a,32,3799,101.0,{}
1277,00003ca5-f808-7808-83ea-1b1d187d408a,32,3799,75.0,{}
1278,00003ca5-f808-7808-83ea-1b1d187d408a,32,3799,125.0,{}
1279,00003ca5-f808-7808-83ea-1b1d187d408a,32,3799,100.0,{}
1280,00003ca5-f808-7808-83ea-1b1d187d408a,32,3799,103.0,{}
1281,00003ca5-f808-7808-83ea-1b1d187d408a,33,3217,0.0,{}
1282,00003ca5-f808-7808-83ea-1b1d187d408a,33,3217,0.0,{}
1283,00003ca5-f808-7808-83ea-1b1d187d408a,33,3217,0.0,{}
1284,00003ca5-f808-7808-83ea-1b1d187d408a,33,3217,0.0,{}
1285,00003ca5-f808-7808-83ea-1b1d187d408a,33,3217,0.0,{}
1286,00003ca5-f808-7808-83ea-1b1d187d408a,33,3217,0.0,{}
1287,00003ca5-f808-7808-83ea-1b1d187d408a,33,3217,0.0,{}
1288,00003ca5-f808-7808-83ea-1b1d187d408a,33,3217,0.0,{}
1289,00003ca5-f808-7808-83ea-1b1d187d408a,33,3217,0.0,{}
1290,00003ca5-f808-7808-83ea-1b1d187d408a,33,3217,0.0,{}
1291,00003ca5-f808-7808-83ea-1b1d187d408a,33,3217,0.0,{}
1292,00003ca5-f808-7808-83ea-1b1d187d408a,33,3217,0.0,{}
1293,00003ca5-f808-7808-83ea-1b1d187d408a,33,3217,0.0,{}
1294,00003ca5-f808-7808-83ea-1b1d187d408a,33,3217,0.0,{}
1295,00003ca5-f808-7808-83ea-1b1d187d408a,33,3217,0.0,{}
1296,00003ca5-f808-7808-83ea-1b1d187d408a,33,3217,0.0,{}
1297,00003ca5-f808-7808-83ea-1b1d187d408a,33,3217,0.0,{}
1298,00003ca5-f808-7808-83ea-1b1d187d408a,33,3217,0.0,{}
1299,00003ca5-f808-7808-83ea-1b1d187d408a,33,3217,0.0,{}
1300,00003ca5-f808-7808-83ea-1b1d187d408a,33,3217,0.0,{}
1301,00003ca5-f808-7808-83ea-1b1d187d408a,33,3799,8.0,{}
1302,00003ca5-f808-7808-83ea-1b1d187d408a,33,3799,8.0,{}
1303,00003ca5-f808-7808-83ea-1b1d187d408a,33,3799,8.0,{}
1304,00003ca5-f808-7808-83ea-1b1d187d408a,33,3799,8.0,{}
1305,00003ca5-f808-7808-83ea-1b1d187d408a,33,3799,8.0,{}
1306,00003ca5-f808-7808-83ea-1b1d187d408a,33,3799,8.0,{}
1307,00003ca5-f808-7808-83ea-1b1d187d408a,33,3799,8.0,{}
1308,00003ca5-f808-7808-83ea-1b1d187d408a,33,3799,8.0,{}
1309,00003ca5-f808-7808-83ea-1b1d187d408a,33,3799,8.0,{}
1310,00003ca5-f808-7808-83ea-1b1d187d408a,33,3799,8.0,{}
1311,00003ca5-f808-7808-83ea-1b1d187d408a,33,3799,8.0,{}
1312,00003ca5-f808-7808-83ea-1b1d187d408a,33,3799,8.0,{}
1313,00003ca5-f808-7808-83ea-1b1d187d408a,33,3799,8.0,{}
1314,00003ca5-f808-7808-83ea-1b1d187d408a,33,3799,8.0,{}
1315,00003ca5-f808-7808-83ea-1b1d187d408a,33,3799,8.0,{}
1316,00003ca5-f808-7808-83ea-1b1d187d408a,33,3799,8.0,{}
1317,00003ca5-f808-7808-83ea-1b1d187d408a,33,3799,8.0,{}
1318,00003ca5-f808-7808-83ea-1b1d187d408a,33,3799,8.0,{}
1319,00003ca5-f808-7808-83ea-1b1d187d408a,33,3799,8.0,{}
1320,00003ca5-f808-7808-83ea-1b1d187d408a,33,3799,8.0,{}
1321,00003ca5-f808-7808-83ea-1b1d187d408a,34,3217,0.0,{}
1322,00003ca5-f808-7808-83ea-1b1d187d408a,34,3217,0.0,{}
1323,00003ca5-f808-7808-83ea-1b1d187d408a,34,3217,0.0,{}
1324,00003ca5-f808-7808-83ea-1b1d187d408a,34,3217,0.0,{}
1325,00003ca5-f808-7808-83ea-1b1d187d408a,34,3217,0.0,{}
1326,00003ca5-f808-7808-83ea-1b1d187d408a,34,3217,0.0,{}
1327,00003ca5-f808-7808-83ea-1b1d187d408a,34,3217,0.0,{}
1328,00003ca5-f808-7808-83ea-1b1d187d408a,34,3217,0.0,{}
1329,00003ca5-f808-7808-83ea-1b1d187d408a,34,3217,0.0,{}
1330,00003ca5-f808-7808-83ea-1b1d187d408a,34,3217,0.0,{}
1331,00003ca5-f808-7808-83ea-1b1d187d408a,34,3217,0.0,{}
1332,00003ca5-f808-7808-83ea-1b1d187d408a,34,3217,0.0,{}
1333,00003ca5-f808-7808-83ea-1b1d187d408a,34,3217,0.0,{}
1334,00003ca5-f808-7808-83ea-1b1d187d408a,34,3217,0.0,{}
1335,00003ca5-f808-7808-83ea-1b1d187d408a,34,3217,0.0,{}
1336,00003ca5-f808-7808-83ea-1b1d187d408a,34,3217,0.0,{}
1337,00003ca5-f808-7808-83ea-1b1d187d408a,34,3217,0.0,{}
1338,00003ca5-f808-7808-83ea-1b1d187d408a,34,3217,0.0,{}
1339,00003ca5-f808-7808-83ea-1b1d187d408a,34,3217,0.0,{}
1340,00003ca5-f808-7808-83ea-1b1d187d408a,34,3217,0.0,{}
1341,00003ca5-f808-7808-83ea-1b1d187d408a,34,3799,8.0,{}
1342,00003ca5-f808-7808-83ea-1b1d187d408a,34,3799,8.0,{}
1343,00003ca5-f808-7808-83ea-1b1d187d408a,34,3799,8.0,{}
1344,00003ca5-f808-7808-83ea-1b1d187d408a,34,3799,8.0,{}
1345,00003ca5-f808-7808-83ea-1b1d187d408a,34,3799,8.0,{}
1346,00003ca5-f808-7808-83ea-1b1d187d408a,34,3799,8.0,{}
1347,00003ca5-f808-7808-83ea-1b1d187d408a,34,3799,8.0,{}
1348,00003ca5-f808-7808-83ea-1b1d187d408a,34,3799,8.0,{}
1349,00003ca5-f808-7808-83ea-1b1d187d408a,34,3799,8.0,{}
1350,00003ca5-f808-7808-83ea-1b1d187d408a,34,3799,8.0,{}
1351,00003ca5-f808-7808-83ea-1b1d187d408a,34,3799,8.0,{}
1352,00003ca5-f808-7808-83ea-1b1d187d408a,34,3799,8.0,{}
1353,00003ca5-f808-7808-83ea-1b1d187d408a,34,3799,8.0,{}
1354,00003ca5-f808-7808-83ea-1b1d187d408a,34,3799,8.0,{}
1355,00003ca5-f808-7808-83ea-1b1d187d408a,34,3799,8.0,{}
1356,00003ca5-f808-7808-83ea-1b1d187d408a,34,3799,8.0,{}
1357,00003ca5-f808-7808-83ea-1b1d187d408a,34,3799,8.0,{}
1358,00003ca5-f808-7808-83ea-1b1d187d408a,34,3799,8.0,{}
1359,00003ca5-f808-7808-83ea-1b1d187d408a,34,3799,8.0,{}
1360,00003ca5-f808-7808-83ea-1b1d187d408a,34,3799,8.0,{}
1361,00003ca5-f808-7808-83ea-1b1d187d408a,35,3217,0.0,{}
1362,00003ca5-f808-7808-83ea-1b1d187d408a,35,3217,0.0,{}
1363,00003ca5-f808-7808-83ea-1b1d187d408a,35,3217,0.0,{}
1364,00003ca5-f808-7808-83ea-1b1d187d408a,35,3217,0.0,{}
1365,00003ca5-f808-7808-83ea-1b1d187d408a,35,3217,0.0,{}
1366,00003ca5-f808-7808-83ea-1b1d187d408a,35,3217,0.0,{}
1367,00003ca5-f808-7808-83ea-1b1d187d408a,35,3217,0.0,{}
1368,00003ca5-f808-7808-83ea-1b1d187d408a,35,3217,0.0,{}
1369,00003ca5-f808-7808-83ea-1b1d187d408a,35,3217,0.0,{}
1370,00003ca5-f808-7808-83ea-1b1d187d408a,35,3217,0.0,{}
1371,00003ca5-f808-7808-83ea-1b1d187d408a,35,3217,0.0,{}
1372,00003ca5-f808-7808-83ea-1b1d187d408a,35,3217,0.0,{}
1373,00003ca5-f808-7808-83ea-1b1d187d408a,35,3217,0.0,{}
1374,00003ca5-f808-7808-83ea-1b1d187d408a,35,3217,0.0,{}
1375,00003ca5-f808-7808-83ea-1b1d187d408a,35,3217,0.0,{}
1376,00003ca5-f808-7808-83ea-1b1d187d408a,35,3217,0.0,{}
1377,00003ca5-f808-7808-83ea-1b1d187d408a,35,3217,0.0,{}
1378,00003ca5-f808-7808-83ea-1b1d187d408a,35,3217,0.0,{}
1379,00003ca5-f808-7808-83ea-1b1d187d408a,35,3217,0.0,{}
1380,00003ca5-f808-7808-83ea-1b1d187d408a,35,3217,0.0,{}
1381,00003ca5-f808-7808-83ea-1b1d187d408a,35,3799,200.0,{}
1382,00003ca5-f808-7808-83ea-1b1d187d408a,35,3799,208.0,{}
1383,00003ca5-f808-7808-83ea-1b1d187d408a,35,3799,208.0,{}
1384,00003ca5-f808-7808-83ea-1b1d187d408a,35,3799,208.0,{}
1385,00003ca5-f808-7808-83ea-1b1d187d408a,35,3799,200.0,{}
1386,00003ca5-f808-7808-83ea-1b1d187d408a,35,3799,200.0,{}
1387,00003ca5-f808-7808-83ea-1b1d187d408a,35,3799,200.0,{}
1388,00003ca5-f808-7808-83ea-1b1d187d408a,35,3799,208.0,{}
1389,00003ca5-f808-7808-83ea-1b1d187d408a,35,3799,216.0,{}
1390,00003ca5-f808-7808-83ea-1b1d187d408a,35,3799,200.0,{}
1391,00003ca5-f808-7808-83ea-1b1d187d408a,35,3799,200.0,{}
1392,00003ca5-f808-7808-83ea-1b1d187d408a,35,3799,192.0,{}
1393,00003ca5-f808-7808-83ea-1b1d187d408a,35,3799,216.0,{}
1394,00003ca5-f808-7808-83ea-1b1d187d408a,35,3799,216.0,{}
1395,00003ca5-f808-7808-83ea-1b1d187d408a,35,3799,208.0,{}
1396,00003ca5-f808-7808-83ea-1b1d187d408a,35,3799,200.0,{}
1397,00003ca5-f808-7808-83ea-1b1d187d408a,35,3799,208.0,{}
1398,00003ca5-f808-7808-83ea-1b1d187d408a,35,3799,216.0,{}
1399,00003ca5-f808-7808-83ea-1b1d187d408a,35,3799,200.0,{}
1400,00003ca5-f808-7808-83ea-1b1d187d408a,35,3799,192.0,{}
1401,00003ca5-f808-7808-83ea-1b1d187d408a,36,3217,789504.0,{}
1402,00003ca5-f808-7808-83ea-1b1d187d408a,36,3217,526336.0,{}
1403,00003ca5-f808-7808-83ea-1b1d187d408a,36,3217,789504.0,{}
1404,00003ca5-f808-7808-83ea-1b1d187d408a,36,3217,756608.0,{}
1405,00003ca5-f808-7808-83ea-1b1d187d408a,36,3217,526336.0,{}
1406,00003ca5-f808-7808-83ea-1b1d187d408a,36,3217,789504.0,{}
1407,00003ca5-f808-7808-83ea-1b1d187d408a,36,3217,805952.0,{}
1408,00003ca5-f808-7808-83ea-1b1d187d408a,36,3217,789504.0,{}
1409,00003ca5-f808-7808-83ea-1b1d187d408a,36,3217,542784.0,{}
1410,00003ca5-f808-7808-83ea-1b1d187d408a,36,3217,789504.0,{}
1411,00003ca5-f808-7808-83ea-1b1d187d408a,36,3217,748384.0,{}
1412,00003ca5-f808-7808-83ea-1b1d187d408a,36,3217,921088.0,{}
1413,00003ca5-f808-7808-83ea-1b1d187d408a,36,3217,773056.0,{}
1414,00003ca5-f808-7808-83ea-1b1d187d408a,36,3217,822400.0,{}
1415,00003ca5-f808-7808-83ea-1b1d187d408a,36,3217,937536.0,{}
1416,00003ca5-f808-7808-83ea-1b1d187d408a,36,3217,526336.0,{}
1417,00003ca5-f808-7808-83ea-1b1d187d408a,36,3217,526336.0,{}
1418,00003ca5-f808-7808-83ea-1b1d187d408a,36,3217,666144.0,{}
1419,00003ca5-f808-7808-83ea-1b1d187d408a,36,3217,526336.0,{}
1420,00003ca5-f808-7808-83ea-1b1d187d408a,36,3217,657920.0,{}
1421,00003ca5-f808-7808-83ea-1b1d187d408a,36,3799,96.0,{}
1422,00003ca5-f808-7808-83ea-1b1d187d408a,36,3799,64.0,{}
1423,00003ca5-f808-7808-83ea-1b1d187d408a,36,3799,96.0,{}
1424,00003ca5-f808-7808-83ea-1b1d187d408a,36,3799,92.0,{}
1425,00003ca5-f808-7808-83ea-1b1d187d408a,36,3799,64.0,{}
1426,00003ca5-f808-7808-83ea-1b1d187d408a,36,3799,96.0,{}
1427,00003ca5-f808-7808-83ea-1b1d187d408a,36,3799,98.0,{}
1428,00003ca5-f808-7808-83ea-1b1d187d408a,36,3799,96.0,{}
1429,00003ca5-f808-7808-83ea-1b1d187d408a,36,3799,66.0,{}
1430,00003ca5-f808-7808-83ea-1b1d187d408a,36,3799,96.0,{}
1431,00003ca5-f808-7808-83ea-1b1d187d408a,36,3799,91.0,{}
1432,00003ca5-f808-7808-83ea-1b1d187d408a,36,3799,112.0,{}
1433,00003ca5-f808-7808-83ea-1b1d187d408a,36,3799,94.0,{}
1434,00003ca5-f808-7808-83ea-1b1d187d408a,36,3799,100.0,{}
1435,00003ca5-f808-7808-83ea-1b1d187d408a,36,3799,114.0,{}
1436,00003ca5-f808-7808-83ea-1b1d187d408a,36,3799,64.0,{}
1437,00003ca5-f808-7808-83ea-1b1d187d408a,36,3799,64.0,{}
1438,00003ca5-f808-7808-83ea-1b1d187d408a,36,3799,81.0,{}
1439,00003ca5-f808-7808-83ea-1b1d187d408a,36,3799,64.0,{}
1440,00003ca5-f808-7808-83ea-1b1d187d408a,36,3799,80.0,{}
1441,00003ca5-f808-7808-83ea-1b1d187d408a,37,3217,526336.0,{}
1442,00003ca5-f808-7808-83ea-1b1d187d408a,37,3217,526336.0,{}
1443,00003ca5-f808-7808-83ea-1b1d187d408a,37,3217,526336.0,{}
1444,00003ca5-f808-7808-83ea-1b1d187d408a,37,3217,526336.0,{}
1445,00003ca5-f808-7808-83ea-1b1d187d408a,37,3217,682592.0,{}
1446,00003ca5-f808-7808-83ea-1b1d187d408a,37,3217,855296.0,{}
1447,00003ca5-f808-7808-83ea-1b1d187d408a,37,3217,937536.0,{}
1448,00003ca5-f808-7808-83ea-1b1d187d408a,37,3217,896416.0,{}
1449,00003ca5-f808-7808-83ea-1b1d187d408a,37,3217,888192.0,{}
1450,00003ca5-f808-7808-83ea-1b1d187d408a,37,3217,740160.0,{}
1451,00003ca5-f808-7808-83ea-1b1d187d408a,37,3217,986880.0,{}
1452,00003ca5-f808-7808-83ea-1b1d187d408a,37,3217,526336.0,{}
1453,00003ca5-f808-7808-83ea-1b1d187d408a,37,3217,748384.0,{}
1454,00003ca5-f808-7808-83ea-1b1d187d408a,37,3217,526336.0,{}
1455,00003ca5-f808-7808-83ea-1b1d187d408a,37,3217,764832.0,{}
1456,00003ca5-f808-7808-83ea-1b1d187d408a,37,3217,699040.0,{}
1457,00003ca5-f808-7808-83ea-1b1d187d408a,37,3217,690816.0,{}
1458,00003ca5-f808-7808-83ea-1b1d187d408a,37,3217,731936.0,{}
1459,00003ca5-f808-7808-83ea-1b1d187d408a,37,3217,715488.0,{}
1460,00003ca5-f808-7808-83ea-1b1d187d408a,37,3217,715488.0,{}
1461,00003ca5-f808-7808-83ea-1b1d187d408a,37,3799,64.0,{}
1462,00003ca5-f808-7808-83ea-1b1d187d408a,37,3799,64.0,{}
1463,00003ca5-f808-7808-83ea-1b1d187d408a,37,3799,64.0,{}
1464,00003ca5-f808-7808-83ea-1b1d187d408a,37,3799,64.0,{}
1465,00003ca5-f808-7808-83ea-1b1d187d408a,37,3799,83.0,{}
1466,00003ca5-f808-7808-83ea-1b1d187d408a,37,3799,104.0,{}
1467,00003ca5-f808-7808-83ea-1b1d187d408a,37,3799,114.0,{}
1468,00003ca5-f808-7808-83ea-1b1d187d408a,37,3799,109.0,{}
1469,00003ca5-f808-7808-83ea-1b1d187d408a,37,3799,108.0,{}
1470,00003ca5-f808-7808-83ea-1b1d187d408a,37,3799,90.0,{}
1471,00003ca5-f808-7808-83ea-1b1d187d408a,37,3799,120.0,{}
1472,00003ca5-f808-7808-83ea-1b1d187d408a,37,3799,64.0,{}
1473,00003ca5-f808-7808-83ea-1b1d187d408a,37,3799,91.0,{}
1474,00003ca5-f808-7808-83ea-1b1d187d408a,37,3799,64.0,{}
1475,00003ca5-f808-7808-83ea-1b1d187d408a,37,3799,93.0,{}
1476,00003ca5-f808-7808-83ea-1b1d187d408a,37,3799,85.0,{}
1477,00003ca5-f808-7808-83ea-1b1d187d408a,37,3799,84.0,{}
1478,00003ca5-f808-7808-83ea-1b1d187d408a,37,3799,89.0,{}
1479,00003ca5-f808-7808-83ea-1b1d187d408a,37,3799,87.0,{}
1480,00003ca5-f808-7808-83ea-1b1d187d408a,37,3799,87.0,{}
1481,00003ca5-f808-7808-83ea-1b1d187d408a,38,3217,649696.0,{}
1482,00003ca5-f808-7808-83ea-1b1d187d408a,38,3217,526336.0,{}
1483,00003ca5-f808-7808-83ea-1b1d187d408a,38,3217,526336.0,{}
1484,00003ca5-f808-7808-83ea-1b1d187d408a,38,3217,526336.0,{}
1485,00003ca5-f808-7808-83ea-1b1d187d408a,38,3217,526336.0,{}
1486,00003ca5-f808-7808-83ea-1b1d187d408a,38,3217,921088.0,{}
1487,00003ca5-f808-7808-83ea-1b1d187d408a,38,3217,847072.0,{}
1488,00003ca5-f808-7808-83ea-1b1d187d408a,38,3217,896416.0,{}
1489,00003ca5-f808-7808-83ea-1b1d187d408a,38,3217,863520.0,{}
1490,00003ca5-f808-7808-83ea-1b1d187d408a,38,3217,822400.0,{}
1491,00003ca5-f808-7808-83ea-1b1d187d408a,38,3217,929312.0,{}
1492,00003ca5-f808-7808-83ea-1b1d187d408a,38,3217,526336.0,{}
1493,00003ca5-f808-7808-83ea-1b1d187d408a,38,3217,773056.0,{}
1494,00003ca5-f808-7808-83ea-1b1d187d408a,38,3217,715488.0,{}
1495,00003ca5-f808-7808-83ea-1b1d187d408a,38,3217,534560.0,{}
1496,00003ca5-f808-7808-83ea-1b1d187d408a,38,3217,526336.0,{}
1497,00003ca5-f808-7808-83ea-1b1d187d408a,38,3217,921088.0,{}
1498,00003ca5-f808-7808-83ea-1b1d187d408a,38,3217,699040.0,{}
1499,00003ca5-f808-7808-83ea-1b1d187d408a,38,3217,953984.0,{}
1500,00003ca5-f808-7808-83ea-1b1d187d408a,38,3217,526336.0,{}
1501,00003ca5-f808-7808-83ea-1b1d187d408a,38,3799,79.0,{}
1502,00003ca5-f808-7808-83ea-1b1d187d408a,38,3799,64.0,{}
1503,00003ca5-f808-7808-83ea-1b1d187d408a,38,3799,64.0,{}
1504,00003ca5-f808-7808-83ea-1b1d187d408a,38,3799,64.0,{}
1505,00003ca5-f808-7808-83ea-1b1d187d408a,38,3799,64.0,{}
1506,00003ca5-f808-7808-83ea-1b1d187d408a,38,3799,112.0,{}
1507,00003ca5-f808-7808-83ea-1b1d187d408a,38,3799,103.0,{}
1508,00003ca5-f808-7808-83ea-1b1d187d408a,38,3799,109.0,{}
1509,00003ca5-f808-7808-83ea-1b1d187d408a,38,3799,105.0,{}
1510,00003ca5-f808-7808-83ea-1b1d187d408a,38,3799,100.0,{}
1511,00003ca5-f808-7808-83ea-1b1d187d408a,38,3799,113.0,{}
1512,00003ca5-f808-7808-83ea-1b1d187d408a,38,3799,64.0,{}
1513,00003ca5-f808-7808-83ea-1b1d187d408a,38,3799,94.0,{}
1514,00003ca5-f808-7808-83ea-1b1d187d408a,38,3799,87.0,{}
1515,00003ca5-f808-7808-83ea-1b1d187d408a,38,3799,65.0,{}
1516,00003ca5-f808-7808-83ea-1b1d187d408a,38,3799,64.0,{}
1517,00003ca5-f808-7808-83ea-1b1d187d408a,38,3799,112.0,{}
1518,00003ca5-f808-7808-83ea-1b1d187d408a,38,3799,85.0,{}
1519,00003ca5-f808-7808-83ea-1b1d187d408a,38,3799,116.0,{}
1520,00003ca5-f808-7808-83ea-1b1d187d408a,38,3799,64.0,{}
1521,00003ca5-f808-7808-83ea-1b1d187d408a,39,3217,551008.0,{}
1522,00003ca5-f808-7808-83ea-1b1d187d408a,39,3217,797728.0,{}
1523,00003ca5-f808-7808-83ea-1b1d187d408a,39,3217,534560.0,{}
1524,00003ca5-f808-7808-83ea-1b1d187d408a,39,3217,542784.0,{}
1525,00003ca5-f808-7808-83ea-1b1d187d408a,39,3217,534560.0,{}
1526,00003ca5-f808-7808-83ea-1b1d187d408a,39,3217,608576.0,{}
1527,00003ca5-f808-7808-83ea-1b1d187d408a,39,3217,814176.0,{}
1528,00003ca5-f808-7808-83ea-1b1d187d408a,39,3217,847072.0,{}
1529,00003ca5-f808-7808-83ea-1b1d187d408a,39,3217,1052672.0,{}
1530,00003ca5-f808-7808-83ea-1b1d187d408a,39,3217,822400.0,{}
1531,00003ca5-f808-7808-83ea-1b1d187d408a,39,3217,814176.0,{}
1532,00003ca5-f808-7808-83ea-1b1d187d408a,39,3217,805952.0,{}
1533,00003ca5-f808-7808-83ea-1b1d187d408a,39,3217,690816.0,{}
1534,00003ca5-f808-7808-83ea-1b1d187d408a,39,3217,682592.0,{}
1535,00003ca5-f808-7808-83ea-1b1d187d408a,39,3217,699040.0,{}
1536,00003ca5-f808-7808-83ea-1b1d187d408a,39,3217,682592.0,{}
1537,00003ca5-f808-7808-83ea-1b1d187d408a,39,3217,682592.0,{}
1538,00003ca5-f808-7808-83ea-1b1d187d408a,39,3217,682592.0,{}
1539,00003ca5-f808-7808-83ea-1b1d187d408a,39,3217,682592.0,{}
1540,00003ca5-f808-7808-83ea-1b1d187d408a,39,3217,682592.0,{}
1541,00003ca5-f808-7808-83ea-1b1d187d408a,39,3799,67.0,{}
1542,00003ca5-f808-7808-83ea-1b1d187d408a,39,3799,97.0,{}
1543,00003ca5-f808-7808-83ea-1b1d187d408a,39,3799,65.0,{}
1544,00003ca5-f808-7808-83ea-1b1d187d408a,39,3799,66.0,{}
1545,00003ca5-f808-7808-83ea-1b1d187d408a,39,3799,65.0,{}
1546,00003ca5-f808-7808-83ea-1b1d187d408a,39,3799,74.0,{}
1547,00003ca5-f808-7808-83ea-1b1d187d408a,39,3799,99.0,{}
1548,00003ca5-f808-7808-83ea-1b1d187d408a,39,3799,103.0,{}
1549,00003ca5-f808-7808-83ea-1b1d187d408a,39,3799,128.0,{}
1550,00003ca5-f808-7808-83ea-1b1d187d408a,39,3799,100.0,{}
1551,00003ca5-f808-7808-83ea-1b1d187d408a,39,3799,99.0,{}
1552,00003ca5-f808-7808-83ea-1b1d187d408a,39,3799,98.0,{}
1553,00003ca5-f808-7808-83ea-1b1d187d408a,39,3799,84.0,{}
1554,00003ca5-f808-7808-83ea-1b1d187d408a,39,3799,83.0,{}
1555,00003ca5-f808-7808-83ea-1b1d187d408a,39,3799,85.0,{}
1556,00003ca5-f808-7808-83ea-1b1d187d408a,39,3799,83.0,{}
1557,00003ca5-f808-7808-83ea-1b1d187d408a,39,3799,83.0,{}
1558,00003ca5-f808-7808-83ea-1b1d187d408a,39,3799,83.0,{}
1559,00003ca5-f808-7808-83ea-1b1d187d408a,39,3799,83.0,{}
1560,00003ca5-f808-7808-83ea-1b1d187d408a,39,3799,83.0,{}
1561,00003ca5-f808-7808-83ea-1b1d187d408a,40,3217,748384.0,{}
1562,00003ca5-f808-7808-83ea-1b1d187d408a,40,3217,690816.0,{}
1563,00003ca5-f808-7808-83ea-1b1d187d408a,40,3217,896416.0,{}
1564,00003ca5-f808-7808-83ea-1b1d187d408a,40,3217,707264.0,{}
1565,00003ca5-f808-7808-83ea-1b1d187d408a,40,3217,699040.0,{}
1566,00003ca5-f808-7808-83ea-1b1d187d408a,40,3217,690816.0,{}
1567,00003ca5-f808-7808-83ea-1b1d187d408a,40,3217,657920.0,{}
1568,00003ca5-f808-7808-83ea-1b1d187d408a,40,3217,682592.0,{}
1569,00003ca5-f808-7808-83ea-1b1d187d408a,40,3217,682592.0,{}
1570,00003ca5-f808-7808-83ea-1b1d187d408a,40,3217,649696.0,{}
1571,00003ca5-f808-7808-83ea-1b1d187d408a,40,3217,526336.0,{}
1572,00003ca5-f808-7808-83ea-1b1d187d408a,40,3217,526336.0,{}
1573,00003ca5-f808-7808-83ea-1b1d187d408a,40,3217,789504.0,{}
1574,00003ca5-f808-7808-83ea-1b1d187d408a,40,3217,526336.0,{}
1575,00003ca5-f808-7808-83ea-1b1d187d408a,40,3217,526336.0,{}
1576,00003ca5-f808-7808-83ea-1b1d187d408a,40,3217,583904.0,{}
1577,00003ca5-f808-7808-83ea-1b1d187d408a,40,3217,1052672.0,{}
1578,00003ca5-f808-7808-83ea-1b1d187d408a,40,3217,953984.0,{}
1579,00003ca5-f808-7808-83ea-1b1d187d408a,40,3217,822400.0,{}
1580,00003ca5-f808-7808-83ea-1b1d187d408a,40,3217,797728.0,{}
1581,00003ca5-f808-7808-83ea-1b1d187d408a,40,3799,91.0,{}
1582,00003ca5-f808-7808-83ea-1b1d187d408a,40,3799,84.0,{}
1583,00003ca5-f808-7808-83ea-1b1d187d408a,40,3799,109.0,{}
1584,00003ca5-f808-7808-83ea-1b1d187d408a,40,3799,86.0,{}
1585,00003ca5-f808-7808-83ea-1b1d187d408a,40,3799,85.0,{}
1586,00003ca5-f808-7808-83ea-1b1d187d408a,40,3799,84.0,{}
1587,00003ca5-f808-7808-83ea-1b1d187d408a,40,3799,80.0,{}
1588,00003ca5-f808-7808-83ea-1b1d187d408a,40,3799,83.0,{}
1589,00003ca5-f808-7808-83ea-1b1d187d408a,40,3799,83.0,{}
1590,00003ca5-f808-7808-83ea-1b1d187d408a,40,3799,79.0,{}
1591,00003ca5-f808-7808-83ea-1b1d187d408a,40,3799,64.0,{}
1592,00003ca5-f808-7808-83ea-1b1d187d408a,40,3799,64.0,{}
1593,00003ca5-f808-7808-83ea-1b1d187d408a,40,3799,96.0,{}
1594,00003ca5-f808-7808-83ea-1b1d187d408a,40,3799,64.0,{}
1595,00003ca5-f808-7808-83ea-1b1d187d408a,40,3799,64.0,{}
1596,00003ca5-f808-7808-83ea-1b1d187d408a,40,3799,71.0,{}
1597,00003ca5-f808-7808-83ea-1b1d187d408a,40,3799,128.0,{}
1598,00003ca5-f808-7808-83ea-1b1d187d408a,40,3799,116.0,{}
1599,00003ca5-f808-7808-83ea-1b1d187d408a,40,3799,100.0,{}
1600,00003ca5-f808-7808-83ea-1b1d187d408a,40,3799,97.0,{}
1601,00003ca5-f808-7808-83ea-1b1d187d408a,41,3217,1052672.0,{}
1602,00003ca5-f808-7808-83ea-1b1d187d408a,41,3217,962208.0,{}
1603,00003ca5-f808-7808-83ea-1b1d187d408a,41,3217,1052672.0,{}
1604,00003ca5-f808-7808-83ea-1b1d187d408a,41,3217,526336.0,{}
1605,00003ca5-f808-7808-83ea-1b1d187d408a,41,3217,879968.0,{}
1606,00003ca5-f808-7808-83ea-1b1d187d408a,41,3217,526336.0,{}
1607,00003ca5-f808-7808-83ea-1b1d187d408a,41,3217,526336.0,{}
1608,00003ca5-f808-7808-83ea-1b1d187d408a,41,3217,526336.0,{}
1609,00003ca5-f808-7808-83ea-1b1d187d408a,41,3217,526336.0,{}
1610,00003ca5-f808-7808-83ea-1b1d187d408a,41,3217,526336.0,{}
1611,00003ca5-f808-7808-83ea-1b1d187d408a,41,3217,690816.0,{}
1612,00003ca5-f808-7808-83ea-1b1d187d408a,41,3217,690816.0,{}
1613,00003ca5-f808-7808-83ea-1b1d187d408a,41,3217,690816.0,{}
1614,00003ca5-f808-7808-83ea-1b1d187d408a,41,3217,690816.0,{}
1615,00003ca5-f808-7808-83ea-1b1d187d408a,41,3217,690816.0,{}
1616,00003ca5-f808-7808-83ea-1b1d187d408a,41,3217,871744.0,{}
1617,00003ca5-f808-7808-83ea-1b1d187d408a,41,3217,699040.0,{}
1618,00003ca5-f808-7808-83ea-1b1d187d408a,41,3217,699040.0,{}
1619,00003ca5-f808-7808-83ea-1b1d187d408a,41,3217,690816.0,{}
1620,00003ca5-f808-7808-83ea-1b1d187d408a,41,3217,690816.0,{}
1621,00003ca5-f808-7808-83ea-1b1d187d408a,41,3799,128.0,{}
1622,00003ca5-f808-7808-83ea-1b1d187d408a,41,3799,117.0,{}
1623,00003ca5-f808-7808-83ea-1b1d187d408a,41,3799,128.0,{}
1624,00003ca5-f808-7808-83ea-1b1d187d408a,41,3799,64.0,{}
1625,00003ca5-f808-7808-83ea-1b1d187d408a,41,3799,107.0,{}
1626,00003ca5-f808-7808-83ea-1b1d187d408a,41,3799,64.0,{}
1627,00003ca5-f808-7808-83ea-1b1d187d408a,41,3799,64.0,{}
1628,00003ca5-f808-7808-83ea-1b1d187d408a,41,3799,64.0,{}
1629,00003ca5-f808-7808-83ea-1b1d187d408a,41,3799,64.0,{}
1630,00003ca5-f808-7808-83ea-1b1d187d408a,41,3799,64.0,{}
1631,00003ca5-f808-7808-83ea-1b1d187d408a,41,3799,84.0,{}
1632,00003ca5-f808-7808-83ea-1b1d187d408a,41,3799,84.0,{}
1633,00003ca5-f808-7808-83ea-1b1d187d408a,41,3799,84.0,{}
1634,00003ca5-f808-7808-83ea-1b1d187d408a,41,3799,84.0,{}
1635,00003ca5-f808-7808-83ea-1b1d187d408a,41,3799,84.0,{}
1636,00003ca5-f808-7808-83ea-1b1d187d408a,41,3799,106.0,{}
1637,00003ca5-f808-7808-83ea-1b1d187d408a,41,3799,85.0,{}
1638,00003ca5-f808-7808-83ea-1b1d187d408a,41,3799,85.0,{}
1639,00003ca5-f808-7808-83ea-1b1d187d408a,41,3799,84.0,{}
1640,00003ca5-f808-7808-83ea-1b1d187d408a,41,3799,84.0,{}
1641,00003ca5-f808-7808-83ea-1b1d187d408a,42,3217,789504.0,{}
1642,00003ca5-f808-7808-83ea-1b1d187d408a,42,3217,526336.0,{}
1643,00003ca5-f808-7808-83ea-1b1d187d408a,42,3217,1052672.0,{}
1644,00003ca5-f808-7808-83ea-1b1d187d408a,42,3217,789504.0,{}
1645,00003ca5-f808-7808-83ea-1b1d187d408a,42,3217,789504.0,{}
1646,00003ca5-f808-7808-83ea-1b1d187d408a,42,3217,526336.0,{}
1647,00003ca5-f808-7808-83ea-1b1d187d408a,42,3217,789504.0,{}
1648,00003ca5-f808-7808-83ea-1b1d187d408a,42,3217,526336.0,{}
1649,00003ca5-f808-7808-83ea-1b1d187d408a,42,3217,526336.0,{}
1650,00003ca5-f808-7808-83ea-1b1d187d408a,42,3217,789504.0,{}
1651,00003ca5-f808-7808-83ea-1b1d187d408a,42,3217,847072.0,{}
1652,00003ca5-f808-7808-83ea-1b1d187d408a,42,3217,682592.0,{}
1653,00003ca5-f808-7808-83ea-1b1d187d408a,42,3217,682592.0,{}
1654,00003ca5-f808-7808-83ea-1b1d187d408a,42,3217,682592.0,{}
1655,00003ca5-f808-7808-83ea-1b1d187d408a,42,3217,797728.0,{}
1656,00003ca5-f808-7808-83ea-1b1d187d408a,42,3217,682592.0,{}
1657,00003ca5-f808-7808-83ea-1b1d187d408a,42,3217,682592.0,{}
1658,00003ca5-f808-7808-83ea-1b1d187d408a,42,3217,682592.0,{}
1659,00003ca5-f808-7808-83ea-1b1d187d408a,42,3217,682592.0,{}
1660,00003ca5-f808-7808-83ea-1b1d187d408a,42,3217,682592.0,{}
1661,00003ca5-f808-7808-83ea-1b1d187d408a,42,3799,96.0,{}
1662,00003ca5-f808-7808-83ea-1b1d187d408a,42,3799,64.0,{}
1663,00003ca5-f808-7808-83ea-1b1d187d408a,42,3799,128.0,{}
1664,00003ca5-f808-7808-83ea-1b1d187d408a,42,3799,96.0,{}
1665,00003ca5-f808-7808-83ea-1b1d187d408a,42,3799,96.0,{}
1666,00003ca5-f808-7808-83ea-1b1d187d408a,42,3799,64.0,{}
1667,00003ca5-f808-7808-83ea-1b1d187d408a,42,3799,96.0,{}
1668,00003ca5-f808-7808-83ea-1b1d187d408a,42,3799,64.0,{}
1669,00003ca5-f808-7808-83ea-1b1d187d408a,42,3799,64.0,{}
1670,00003ca5-f808-7808-83ea-1b1d187d408a,42,3799,96.0,{}
1671,00003ca5-f808-7808-83ea-1b1d187d408a,42,3799,103.0,{}
1672,00003ca5-f808-7808-83ea-1b1d187d408a,42,3799,83.0,{}
1673,00003ca5-f808-7808-83ea-1b1d187d408a,42,3799,83.0,{}
1674,00003ca5-f808-7808-83ea-1b1d187d408a,42,3799,83.0,{}
1675,00003ca5-f808-7808-83ea-1b1d187d408a,42,3799,97.0,{}
1676,00003ca5-f808-7808-83ea-1b1d187d408a,42,3799,83.0,{}
1677,00003ca5-f808-7808-83ea-1b1d187d408a,42,3799,83.0,{}
1678,00003ca5-f808-7808-83ea-1b1d187d408a,42,3799,83.0,{}
1679,00003ca5-f808-7808-83ea-1b1d187d408a,42,3799,83.0,{}
1680,00003ca5-f808-7808-83ea-1b1d187d408a,42,3799,83.0,{}
1681,00003ca5-f808-7808-83ea-1b1d187d408a,43,3217,904640.0,{}
1682,00003ca5-f808-7808-83ea-1b1d187d408a,43,3217,937536.0,{}
1683,00003ca5-f808-7808-83ea-1b1d187d408a,43,3217,929312.0,{}
1684,00003ca5-f808-7808-83ea-1b1d187d408a,43,3217,863520.0,{}
1685,00003ca5-f808-7808-83ea-1b1d187d408a,43,3217,838848.0,{}
1686,00003ca5-f808-7808-83ea-1b1d187d408a,43,3217,526336.0,{}
1687,00003ca5-f808-7808-83ea-1b1d187d408a,43,3217,526336.0,{}
1688,00003ca5-f808-7808-83ea-1b1d187d408a,43,3217,526336.0,{}
1689,00003ca5-f808-7808-83ea-1b1d187d408a,43,3217,526336.0,{}
1690,00003ca5-f808-7808-83ea-1b1d187d408a,43,3217,526336.0,{}
1691,00003ca5-f808-7808-83ea-1b1d187d408a,43,3217,1019776.0,{}
1692,00003ca5-f808-7808-83ea-1b1d187d408a,43,3217,847072.0,{}
1693,00003ca5-f808-7808-83ea-1b1d187d408a,43,3217,1011552.0,{}
1694,00003ca5-f808-7808-83ea-1b1d187d408a,43,3217,723712.0,{}
1695,00003ca5-f808-7808-83ea-1b1d187d408a,43,3217,871744.0,{}
1696,00003ca5-f808-7808-83ea-1b1d187d408a,43,3217,526336.0,{}
1697,00003ca5-f808-7808-83ea-1b1d187d408a,43,3217,526336.0,{}
1698,00003ca5-f808-7808-83ea-1b1d187d408a,43,3217,526336.0,{}
1699,00003ca5-f808-7808-83ea-1b1d187d408a,43,3217,526336.0,{}
1700,00003ca5-f808-7808-83ea-1b1d187d408a,43,3217,526336.0,{}
1701,00003ca5-f808-7808-83ea-1b1d187d408a,43,3799,110.0,{}
1702,00003ca5-f808-7808-83ea-1b1d187d408a,43,3799,114.0,{}
1703,00003ca5-f808-7808-83ea-1b1d187d408a,43,3799,113.0,{}
1704,00003ca5-f808-7808-83ea-1b1d187d408a,43,3799,105.0,{}
1705,00003ca5-f808-7808-83ea-1b1d187d408a,43,3799,102.0,{}
1706,00003ca5-f808-7808-83ea-1b1d187d408a,43,3799,64.0,{}
1707,00003ca5-f808-7808-83ea-1b1d187d408a,43,3799,64.0,{}
1708,00003ca5-f808-7808-83ea-1b1d187d408a,43,3799,64.0,{}
1709,00003ca5-f808-7808-83ea-1b1d187d408a,43,3799,64.0,{}
1710,00003ca5-f808-7808-83ea-1b1d187d408a,43,3799,64.0,{}
1711,00003ca5-f808-7808-83ea-1b1d187d408a,43,3799,124.0,{}
1712,00003ca5-f808-7808-83ea-1b1d187d408a,43,3799,103.0,{}
1713,00003ca5-f808-7808-83ea-1b1d187d408a,43,3799,123.0,{}
1714,00003ca5-f808-7808-83ea-1b1d187d408a,43,3799,88.0,{}
1715,00003ca5-f808-7808-83ea-1b1d187d408a,43,3799,106.0,{}
1716,00003ca5-f808-7808-83ea-1b1d187d408a,43,3799,64.0,{}
1717,00003ca5-f808-7808-83ea-1b1d187d408a,43,3799,64.0,{}
1718,00003ca5-f808-7808-83ea-1b1d187d408a,43,3799,64.0,{}
1719,00003ca5-f808-7808-83ea-1b1d187d408a,43,3799,64.0,{}
1720,00003ca5-f808-7808-83ea-1b1d187d408a,43,3799,64.0,{}
1721,00003ca5-f808-7808-83ea-1b1d187d408a,44,3217,904640.0,{}
1722,00003ca5-f808-7808-83ea-1b1d187d408a,44,3217,855296.0,{}
1723,00003ca5-f808-7808-83ea-1b1d187d408a,44,3217,1052672.0,{}
1724,00003ca5-f808-7808-83ea-1b1d187d408a,44,3217,789504.0,{}
1725,00003ca5-f808-7808-83ea-1b1d187d408a,44,3217,871744.0,{}
1726,00003ca5-f808-7808-83ea-1b1d187d408a,44,3217,526336.0,{}
1727,00003ca5-f808-7808-83ea-1b1d187d408a,44,3217,526336.0,{}
1728,00003ca5-f808-7808-83ea-1b1d187d408a,44,3217,526336.0,{}
1729,00003ca5-f808-7808-83ea-1b1d187d408a,44,3217,526336.0,{}
1730,00003ca5-f808-7808-83ea-1b1d187d408a,44,3217,526336.0,{}
1731,00003ca5-f808-7808-83ea-1b1d187d408a,44,3217,526336.0,{}
1732,00003ca5-f808-7808-83ea-1b1d187d408a,44,3217,526336.0,{}
1733,00003ca5-f808-7808-83ea-1b1d187d408a,44,3217,526336.0,{}
1734,00003ca5-f808-7808-83ea-1b1d187d408a,44,3217,526336.0,{}
1735,00003ca5-f808-7808-83ea-1b1d187d408a,44,3217,526336.0,{}
1736,00003ca5-f808-7808-83ea-1b1d187d408a,44,3217,1003328.0,{}
1737,00003ca5-f808-7808-83ea-1b1d187d408a,44,3217,937536.0,{}
1738,00003ca5-f808-7808-83ea-1b1d187d408a,44,3217,838848.0,{}
1739,00003ca5-f808-7808-83ea-1b1d187d408a,44,3217,838848.0,{}
1740,00003ca5-f808-7808-83ea-1b1d187d408a,44,3217,855296.0,{}
1741,00003ca5-f808-7808-83ea-1b1d187d408a,44,3799,110.0,{}
1742,00003ca5-f808-7808-83ea-1b1d187d408a,44,3799,104.0,{}
1743,00003ca5-f808-7808-83ea-1b1d187d408a,44,3799,128.0,{}
1744,00003ca5-f808-7808-83ea-1b1d187d408a,44,3799,96.0,{}
1745,00003ca5-f808-7808-83ea-1b1d187d408a,44,3799,106.0,{}
1746,00003ca5-f808-7808-83ea-1b1d187d408a,44,3799,64.0,{}
1747,00003ca5-f808-7808-83ea-1b1d187d408a,44,3799,64.0,{}
1748,00003ca5-f808-7808-83ea-1b1d187d408a,44,3799,64.0,{}
1749,00003ca5-f808-7808-83ea-1b1d187d408a,44,3799,64.0,{}
1750,00003ca5-f808-7808-83ea-1b1d187d408a,44,3799,64.0,{}
1751,00003ca5-f808-7808-83ea-1b1d187d408a,44,3799,64.0,{}
1752,00003ca5-f808-7808-83ea-1b1d187d408a,44,3799,64.0,{}
1753,00003ca5-f808-7808-83ea-1b1d187d408a,44,3799,64.0,{}
1754,00003ca5-f808-7808-83ea-1b1d187d408a,44,3799,64.0,{}
1755,00003ca5-f808-7808-83ea-1b1d187d408a,44,3799,64.0,{}
1756,00003ca5-f808-7808-83ea-1b1d187d408a,44,3799,122.0,{}
1757,00003ca5-f808-7808-83ea-1b1d187d408a,44,3799,114.0,{}
1758,00003ca5-f808-7808-83ea-1b1d187d408a,44,3799,102.0,{}
1759,00003ca5-f808-7808-83ea-1b1d187d408a,44,3799,102.0,{}
1760,00003ca5-f808-7808-83ea-1b1d187d408a,44,3799,104.0,{}
1761,00003ca5-f808-7808-83ea-1b1d187d408a,45,3217,847072.0,{}
1762,00003ca5-f808-7808-83ea-1b1d187d408a,45,3217,962208.0,{}
1763,00003ca5-f808-7808-83ea-1b1d187d408a,45,3217,847072.0,{}
1764,00003ca5-f808-7808-83ea-1b1d187d408a,45,3217,847072.0,{}
1765,00003ca5-f808-7808-83ea-1b1d187d408a,45,3217,970432.0,{}
1766,00003ca5-f808-7808-83ea-1b1d187d408a,45,3217,526336.0,{}
1767,00003ca5-f808-7808-83ea-1b1d187d408a,45,3217,526336.0,{}
1768,00003ca5-f808-7808-83ea-1b1d187d408a,45,3217,526336.0,{}
1769,00003ca5-f808-7808-83ea-1b1d187d408a,45,3217,526336.0,{}
1770,00003ca5-f808-7808-83ea-1b1d187d408a,45,3217,526336.0,{}
1771,00003ca5-f808-7808-83ea-1b1d187d408a,45,3217,526336.0,{}
1772,00003ca5-f808-7808-83ea-1b1d187d408a,45,3217,526336.0,{}
1773,00003ca5-f808-7808-83ea-1b1d187d408a,45,3217,526336.0,{}
1774,00003ca5-f808-7808-83ea-1b1d187d408a,45,3217,526336.0,{}
1775,00003ca5-f808-7808-83ea-1b1d187d408a,45,3217,526336.0,{}
1776,00003ca5-f808-7808-83ea-1b1d187d408a,45,3217,953984.0,{}
1777,00003ca5-f808-7808-83ea-1b1d187d408a,45,3217,871744.0,{}
1778,00003ca5-f808-7808-83ea-1b1d187d408a,45,3217,863520.0,{}
1779,00003ca5-f808-7808-83ea-1b1d187d408a,45,3217,912864.0,{}
1780,00003ca5-f808-7808-83ea-1b1d187d408a,45,3217,871744.0,{}
1781,00003ca5-f808-7808-83ea-1b1d187d408a,45,3799,103.0,{}
1782,00003ca5-f808-7808-83ea-1b1d187d408a,45,3799,117.0,{}
1783,00003ca5-f808-7808-83ea-1b1d187d408a,45,3799,103.0,{}
1784,00003ca5-f808-7808-83ea-1b1d187d408a,45,3799,103.0,{}
1785,00003ca5-f808-7808-83ea-1b1d187d408a,45,3799,118.0,{}
1786,00003ca5-f808-7808-83ea-1b1d187d408a,45,3799,64.0,{}
1787,00003ca5-f808-7808-83ea-1b1d187d408a,45,3799,64.0,{}
1788,00003ca5-f808-7808-83ea-1b1d187d408a,45,3799,64.0,{}
1789,00003ca5-f808-7808-83ea-1b1d187d408a,45,3799,64.0,{}
1790,00003ca5-f808-7808-83ea-1b1d187d408a,45,3799,64.0,{}
1791,00003ca5-f808-7808-83ea-1b1d187d408a,45,3799,64.0,{}
1792,00003ca5-f808-7808-83ea-1b1d187d408a,45,3799,64.0,{}
1793,00003ca5-f808-7808-83ea-1b1d187d408a,45,3799,64.0,{}
1794,00003ca5-f808-7808-83ea-1b1d187d408a,45,3799,64.0,{}
1795,00003ca5-f808-7808-83ea-1b1d187d408a,45,3799,64.0,{}
1796,00003ca5-f808-7808-83ea-1b1d187d408a,45,3799,116.0,{}
1797,00003ca5-f808-7808-83ea-1b1d187d408a,45,3799,106.0,{}
1798,00003ca5-f808-7808-83ea-1b1d187d408a,45,3799,105.0,{}
1799,00003ca5-f808-7808-83ea-1b1d187d408a,45,3799,111.0,{}
1800,00003ca5-f808-7808-83ea-1b1d187d408a,45,3799,106.0,{}
1801,00003ca5-f808-7808-83ea-1b1d187d408a,46,3217,879968.0,{}
1802,00003ca5-f808-7808-83ea-1b1d187d408a,46,3217,1077344.0,{}
1803,00003ca5-f808-7808-83ea-1b1d187d408a,46,3217,838848.0,{}
1804,00003ca5-f808-7808-83ea-1b1d187d408a,46,3217,838848.0,{}
1805,00003ca5-f808-7808-83ea-1b1d187d408a,46,3217,838848.0,{}
1806,00003ca5-f808-7808-83ea-1b1d187d408a,46,3217,526336.0,{}
1807,00003ca5-f808-7808-83ea-1b1d187d408a,46,3217,526336.0,{}
1808,00003ca5-f808-7808-83ea-1b1d187d408a,46,3217,526336.0,{}
1809,00003ca5-f808-7808-83ea-1b1d187d408a,46,3217,526336.0,{}
1810,00003ca5-f808-7808-83ea-1b1d187d408a,46,3217,526336.0,{}
1811,00003ca5-f808-7808-83ea-1b1d187d408a,46,3217,1052672.0,{}
1812,00003ca5-f808-7808-83ea-1b1d187d408a,46,3217,1052672.0,{}
1813,00003ca5-f808-7808-83ea-1b1d187d408a,46,3217,789504.0,{}
1814,00003ca5-f808-7808-83ea-1b1d187d408a,46,3217,756608.0,{}
1815,00003ca5-f808-7808-83ea-1b1d187d408a,46,3217,625024.0,{}
1816,00003ca5-f808-7808-83ea-1b1d187d408a,46,3217,551008.0,{}
1817,00003ca5-f808-7808-83ea-1b1d187d408a,46,3217,526336.0,{}
1818,00003ca5-f808-7808-83ea-1b1d187d408a,46,3217,682592.0,{}
1819,00003ca5-f808-7808-83ea-1b1d187d408a,46,3217,526336.0,{}
1820,00003ca5-f808-7808-83ea-1b1d187d408a,46,3217,542784.0,{}
1821,00003ca5-f808-7808-83ea-1b1d187d408a,46,3799,107.0,{}
1822,00003ca5-f808-7808-83ea-1b1d187d408a,46,3799,131.0,{}
1823,00003ca5-f808-7808-83ea-1b1d187d408a,46,3799,102.0,{}
1824,00003ca5-f808-7808-83ea-1b1d187d408a,46,3799,102.0,{}
1825,00003ca5-f808-7808-83ea-1b1d187d408a,46,3799,102.0,{}
1826,00003ca5-f808-7808-83ea-1b1d187d408a,46,3799,64.0,{}
1827,00003ca5-f808-7808-83ea-1b1d187d408a,46,3799,64.0,{}
1828,00003ca5-f808-7808-83ea-1b1d187d408a,46,3799,64.0,{}
1829,00003ca5-f808-7808-83ea-1b1d187d408a,46,3799,64.0,{}
1830,00003ca5-f808-7808-83ea-1b1d187d408a,46,3799,64.0,{}
1831,00003ca5-f808-7808-83ea-1b1d187d408a,46,3799,128.0,{}
1832,00003ca5-f808-7808-83ea-1b1d187d408a,46,3799,128.0,{}
1833,00003ca5-f808-7808-83ea-1b1d187d408a,46,3799,96.0,{}
1834,00003ca5-f808-7808-83ea-1b1d187d408a,46,3799,92.0,{}
1835,00003ca5-f808-7808-83ea-1b1d187d408a,46,3799,76.0,{}
1836,00003ca5-f808-7808-83ea-1b1d187d408a,46,3799,67.0,{}
1837,00003ca5-f808-7808-83ea-1b1d187d408a,46,3799,64.0,{}
1838,00003ca5-f808-7808-83ea-1b1d187d408a,46,3799,83.0,{}
1839,00003ca5-f808-7808-83ea-1b1d187d408a,46,3799,64.0,{}
1840,00003ca5-f808-7808-83ea-1b1d187d408a,46,3799,66.0,{}
1841,00003ca5-f808-7808-83ea-1b1d187d408a,47,3217,962208.0,{}
1842,00003ca5-f808-7808-83ea-1b1d187d408a,47,3217,904640.0,{}
1843,00003ca5-f808-7808-83ea-1b1d187d408a,47,3217,879968.0,{}
1844,00003ca5-f808-7808-83ea-1b1d187d408a,47,3217,863520.0,{}
1845,00003ca5-f808-7808-83ea-1b1d187d408a,47,3217,863520.0,{}
1846,00003ca5-f808-7808-83ea-1b1d187d408a,47,3217,526336.0,{}
1847,00003ca5-f808-7808-83ea-1b1d187d408a,47,3217,526336.0,{}
1848,00003ca5-f808-7808-83ea-1b1d187d408a,47,3217,526336.0,{}
1849,00003ca5-f808-7808-83ea-1b1d187d408a,47,3217,526336.0,{}
1850,00003ca5-f808-7808-83ea-1b1d187d408a,47,3217,526336.0,{}
1851,00003ca5-f808-7808-83ea-1b1d187d408a,47,3217,797728.0,{}
1852,00003ca5-f808-7808-83ea-1b1d187d408a,47,3217,871744.0,{}
1853,00003ca5-f808-7808-83ea-1b1d187d408a,47,3217,1052672.0,{}
1854,00003ca5-f808-7808-83ea-1b1d187d408a,47,3217,855296.0,{}
1855,00003ca5-f808-7808-83ea-1b1d187d408a,47,3217,896416.0,{}
1856,00003ca5-f808-7808-83ea-1b1d187d408a,47,3217,526336.0,{}
1857,00003ca5-f808-7808-83ea-1b1d187d408a,47,3217,526336.0,{}
1858,00003ca5-f808-7808-83ea-1b1d187d408a,47,3217,526336.0,{}
1859,00003ca5-f808-7808-83ea-1b1d187d408a,47,3217,526336.0,{}
1860,00003ca5-f808-7808-83ea-1b1d187d408a,47,3217,526336.0,{}
1861,00003ca5-f808-7808-83ea-1b1d187d408a,47,3799,117.0,{}
1862,00003ca5-f808-7808-83ea-1b1d187d408a,47,3799,110.0,{}
1863,00003ca5-f808-7808-83ea-1b1d187d408a,47,3799,107.0,{}
1864,00003ca5-f808-7808-83ea-1b1d187d408a,47,3799,105.0,{}
1865,00003ca5-f808-7808-83ea-1b1d187d408a,47,3799,105.0,{}
1866,00003ca5-f808-7808-83ea-1b1d187d408a,47,3799,64.0,{}
1867,00003ca5-f808-7808-83ea-1b1d187d408a,47,3799,64.0,{}
1868,00003ca5-f808-7808-83ea-1b1d187d408a,47,3799,64.0,{}
1869,00003ca5-f808-7808-83ea-1b1d187d408a,47,3799,64.0,{}
1870,00003ca5-f808-7808-83ea-1b1d187d408a,47,3799,64.0,{}
1871,00003ca5-f808-7808-83ea-1b1d187d408a,47,3799,97.0,{}
1872,00003ca5-f808-7808-83ea-1b1d187d408a,47,3799,106.0,{}
1873,00003ca5-f808-7808-83ea-1b1d187d408a,47,3799,128.0,{}
1874,00003ca5-f808-7808-83ea-1b1d187d408a,47,3799,104.0,{}
1875,00003ca5-f808-7808-83ea-1b1d187d408a,47,3799,109.0,{}
1876,00003ca5-f808-7808-83ea-1b1d187d408a,47,3799,64.0,{}
1877,00003ca5-f808-7808-83ea-1b1d187d408a,47,3799,64.0,{}
1878,00003ca5-f808-7808-83ea-1b1d187d408a,47,3799,64.0,{}
1879,00003ca5-f808-7808-83ea-1b1d187d408a,47,3799,64.0,{}
1880,00003ca5-f808-7808-83ea-1b1d187d408a,47,3799,64.0,{}
1881,00003ca5-f808-7808-83ea-1b1d187d408a,48,3217,666144.0,{}
1882,00003ca5-f808-7808-83ea-1b1d187d408a,48,3217,1019776.0,{}
1883,00003ca5-f808-7808-83ea-1b1d187d408a,48,3217,1036224.0,{}
1884,00003ca5-f808-7808-83ea-1b1d187d408a,48,3217,822400.0,{}
1885,00003ca5-f808-7808-83ea-1b1d187d408a,48,3217,929312.0,{}
1886,00003ca5-f808-7808-83ea-1b1d187d408a,48,3217,526336.0,{}
1887,00003ca5-f808-7808-83ea-1b1d187d408a,48,3217,526336.0,{}
1888,00003ca5-f808-7808-83ea-1b1d187d408a,48,3217,526336.0,{}
1889,00003ca5-f808-7808-83ea-1b1d187d408a,48,3217,526336.0,{}
1890,00003ca5-f808-7808-83ea-1b1d187d408a,48,3217,526336.0,{}
1891,00003ca5-f808-7808-83ea-1b1d187d408a,48,3217,838848.0,{}
1892,00003ca5-f808-7808-83ea-1b1d187d408a,48,3217,912864.0,{}
1893,00003ca5-f808-7808-83ea-1b1d187d408a,48,3217,929312.0,{}
1894,00003ca5-f808-7808-83ea-1b1d187d408a,48,3217,962208.0,{}
1895,00003ca5-f808-7808-83ea-1b1d187d408a,48,3217,830624.0,{}
1896,00003ca5-f808-7808-83ea-1b1d187d408a,48,3217,526336.0,{}
1897,00003ca5-f808-7808-83ea-1b1d187d408a,48,3217,526336.0,{}
1898,00003ca5-f808-7808-83ea-1b1d187d408a,48,3217,526336.0,{}
1899,00003ca5-f808-7808-83ea-1b1d187d408a,48,3217,526336.0,{}
1900,00003ca5-f808-7808-83ea-1b1d187d408a,48,3217,526336.0,{}
1901,00003ca5-f808-7808-83ea-1b1d187d408a,48,3799,81.0,{}
1902,00003ca5-f808-7808-83ea-1b1d187d408a,48,3799,124.0,{}
1903,00003ca5-f808-7808-83ea-1b1d187d408a,48,3799,126.0,{}
1904,00003ca5-f808-7808-83ea-1b1d187d408a,48,3799,100.0,{}
1905,00003ca5-f808-7808-83ea-1b1d187d408a,48,3799,113.0,{}
1906,00003ca5-f808-7808-83ea-1b1d187d408a,48,3799,64.0,{}
1907,00003ca5-f808-7808-83ea-1b1d187d408a,48,3799,64.0,{}
1908,00003ca5-f808-7808-83ea-1b1d187d408a,48,3799,64.0,{}
1909,00003ca5-f808-7808-83ea-1b1d187d408a,48,3799,64.0,{}
1910,00003ca5-f808-7808-83ea-1b1d187d408a,48,3799,64.0,{}
1911,00003ca5-f808-7808-83ea-1b1d187d408a,48,3799,102.0,{}
1912,00003ca5-f808-7808-83ea-1b1d187d408a,48,3799,111.0,{}
1913,00003ca5-f808-7808-83ea-1b1d187d408a,48,3799,113.0,{}
1914,00003ca5-f808-7808-83ea-1b1d187d408a,48,3799,117.0,{}
1915,00003ca5-f808-7808-83ea-1b1d187d408a,48,3799,101.0,{}
1916,00003ca5-f808-7808-83ea-1b1d187d408a,48,3799,64.0,{}
1917,00003ca5-f808-7808-83ea-1b1d187d408a,48,3799,64.0,{}
1918,00003ca5-f808-7808-83ea-1b1d187d408a,48,3799,64.0,{}
1919,00003ca5-f808-7808-83ea-1b1d187d408a,48,3799,64.0,{}
1920,00003ca5-f808-7808-83ea-1b1d187d408a,48,3799,64.0,{}

=== TABLE: top_kernels ===name,total_calls,total_duration,average,percentage
gemm_gate_up_mq4g256_lloyd_wmma,39,106371.932,2727.485,99.8985780662545
__amd_rocclr_fillBufferAligned,6,88.275,14.712,0.082902950176731
convert_f32_to_f16,3,19.719,6.573,0.0185189835687902

