=== TABLE: busy ===agent_id,type,GpuTime,WallTime,Busy
1,GPU,105692647,2644063958,0.03997355914187

=== TABLE: rocpd_info_kernel_symbol ===id,guid,nid,pid,code_object_id,kernel_name,display_name,kernel_object,kernarg_segment_size,kernarg_segment_alignment,group_segment_size,private_segment_size,sgpr_count,arch_vgpr_count,accum_vgpr_count,extdata
1,00003c5b-9dfe-7dfe-83fa-39891226e1cb,1655282045,1259735,1,__amd_rocclr_streamOpsWait.kd,__amd_rocclr_streamOpsWait,131555771376320,40,16,0,0,128,8,0,"{""size"":88,""kernel_id"":1,""code_object_id"":1,""kernel_name"":""__amd_rocclr_streamOpsWait.kd"",""kernel_object"":131555771376320,""kernarg_segment_size"":40,""kernarg_segment_alignment"":16,""group_segment_size"":0,""private_segment_size"":0,""sgpr_count"":128,""arch_vgpr_count"":8,""accum_vgpr_count"":0,""kernel_code_entry_byte_offset"":16192,""kernel_address"":{""handle"":131555771392512},""formatted_kernel_name"":""__amd_rocclr_streamOpsWait"",""demangled_kernel_name"":""__amd_rocclr_streamOpsWait.kd"",""truncated_kernel_name"":""__amd_rocclr_streamOpsWait.kd""}"
2,00003c5b-9dfe-7dfe-83fa-39891226e1cb,1655282045,1259735,1,__amd_rocclr_streamOpsDecrement.kd,__amd_rocclr_streamOpsDecrement,131555771376256,24,16,0,0,128,8,0,"{""size"":88,""kernel_id"":2,""code_object_id"":1,""kernel_name"":""__amd_rocclr_streamOpsDecrement.kd"",""kernel_object"":131555771376256,""kernarg_segment_size"":24,""kernarg_segment_alignment"":16,""group_segment_size"":0,""private_segment_size"":0,""sgpr_count"":128,""arch_vgpr_count"":8,""accum_vgpr_count"":0,""kernel_code_entry_byte_offset"":16000,""kernel_address"":{""handle"":131555771392256},""formatted_kernel_name"":""__amd_rocclr_streamOpsDecrement"",""demangled_kernel_name"":""__amd_rocclr_streamOpsDecrement.kd"",""truncated_kernel_name"":""__amd_rocclr_streamOpsDecrement.kd""}"
3,00003c5b-9dfe-7dfe-83fa-39891226e1cb,1655282045,1259735,1,__amd_rocclr_fillBufferAligned2D.kd,__amd_rocclr_fillBufferAligned2D,131555771375424,336,16,0,0,128,8,0,"{""size"":88,""kernel_id"":3,""code_object_id"":1,""kernel_name"":""__amd_rocclr_fillBufferAligned2D.kd"",""kernel_object"":131555771375424,""kernarg_segment_size"":336,""kernarg_segment_alignment"":16,""group_segment_size"":0,""private_segment_size"":0,""sgpr_count"":128,""arch_vgpr_count"":8,""accum_vgpr_count"":0,""kernel_code_entry_byte_offset"":6848,""kernel_address"":{""handle"":131555771382272},""formatted_kernel_name"":""__amd_rocclr_fillBufferAligned2D"",""demangled_kernel_name"":""__amd_rocclr_fillBufferAligned2D.kd"",""truncated_kernel_name"":""__amd_rocclr_fillBufferAligned2D.kd""}"
4,00003c5b-9dfe-7dfe-83fa-39891226e1cb,1655282045,1259735,1,__amd_rocclr_copyImage.kd,__amd_rocclr_copyImage,131555771375872,320,16,0,0,128,8,0,"{""size"":88,""kernel_id"":4,""code_object_id"":1,""kernel_name"":""__amd_rocclr_copyImage.kd"",""kernel_object"":131555771375872,""kernarg_segment_size"":320,""kernarg_segment_alignment"":16,""group_segment_size"":0,""private_segment_size"":0,""sgpr_count"":128,""arch_vgpr_count"":8,""accum_vgpr_count"":0,""kernel_code_entry_byte_offset"":12288,""kernel_address"":{""handle"":131555771388160},""formatted_kernel_name"":""__amd_rocclr_copyImage"",""demangled_kernel_name"":""__amd_rocclr_copyImage.kd"",""truncated_kernel_name"":""__amd_rocclr_copyImage.kd""}"
5,00003c5b-9dfe-7dfe-83fa-39891226e1cb,1655282045,1259735,1,__amd_rocclr_copyBuffer.kd,__amd_rocclr_copyBuffer,131555771375488,48,16,0,0,128,16,0,"{""size"":88,""kernel_id"":5,""code_object_id"":1,""kernel_name"":""__amd_rocclr_copyBuffer.kd"",""kernel_object"":131555771375488,""kernarg_segment_size"":48,""kernarg_segment_alignment"":16,""group_segment_size"":0,""private_segment_size"":0,""sgpr_count"":128,""arch_vgpr_count"":16,""accum_vgpr_count"":0,""kernel_code_entry_byte_offset"":7552,""kernel_address"":{""handle"":131555771383040},""formatted_kernel_name"":""__amd_rocclr_copyBuffer"",""demangled_kernel_name"":""__amd_rocclr_copyBuffer.kd"",""truncated_kernel_name"":""__amd_rocclr_copyBuffer.kd""}"
6,00003c5b-9dfe-7dfe-83fa-39891226e1cb,1655282045,1259735,1,__amd_rocclr_copyBufferAligned.kd,__amd_rocclr_copyBufferAligned,131555771375552,304,16,0,0,128,8,0,"{""size"":88,""kernel_id"":6,""code_object_id"":1,""kernel_name"":""__amd_rocclr_copyBufferAligned.kd"",""kernel_object"":131555771375552,""kernarg_segment_size"":304,""kernarg_segment_alignment"":16,""group_segment_size"":0,""private_segment_size"":0,""sgpr_count"":128,""arch_vgpr_count"":8,""accum_vgpr_count"":0,""kernel_code_entry_byte_offset"":8256,""kernel_address"":{""handle"":131555771383808},""formatted_kernel_name"":""__amd_rocclr_copyBufferAligned"",""demangled_kernel_name"":""__amd_rocclr_copyBufferAligned.kd"",""truncated_kernel_name"":""__amd_rocclr_copyBufferAligned.kd""}"
7,00003c5b-9dfe-7dfe-83fa-39891226e1cb,1655282045,1259735,1,__amd_rocclr_streamOpsIncrement.kd,__amd_rocclr_streamOpsIncrement,131555771376192,24,16,0,0,128,8,0,"{""size"":88,""kernel_id"":7,""code_object_id"":1,""kernel_name"":""__amd_rocclr_streamOpsIncrement.kd"",""kernel_object"":131555771376192,""kernarg_segment_size"":24,""kernarg_segment_alignment"":16,""group_segment_size"":0,""private_segment_size"":0,""sgpr_count"":128,""arch_vgpr_count"":8,""accum_vgpr_count"":0,""kernel_code_entry_byte_offset"":15808,""kernel_address"":{""handle"":131555771392000},""formatted_kernel_name"":""__amd_rocclr_streamOpsIncrement"",""demangled_kernel_name"":""__amd_rocclr_streamOpsIncrement.kd"",""truncated_kernel_name"":""__amd_rocclr_streamOpsIncrement.kd""}"
8,00003c5b-9dfe-7dfe-83fa-39891226e1cb,1655282045,1259735,1,__amd_rocclr_copyBufferRect.kd,__amd_rocclr_copyBufferRect,131555771375616,384,16,0,0,128,16,0,"{""size"":88,""kernel_id"":8,""code_object_id"":1,""kernel_name"":""__amd_rocclr_copyBufferRect.kd"",""kernel_object"":131555771375616,""kernarg_segment_size"":384,""kernarg_segment_alignment"":16,""group_segment_size"":0,""private_segment_size"":0,""sgpr_count"":128,""arch_vgpr_count"":16,""accum_vgpr_count"":0,""kernel_code_entry_byte_offset"":8704,""kernel_address"":{""handle"":131555771384320},""formatted_kernel_name"":""__amd_rocclr_copyBufferRect"",""demangled_kernel_name"":""__amd_rocclr_copyBufferRect.kd"",""truncated_kernel_name"":""__amd_rocclr_copyBufferRect.kd""}"
9,00003c5b-9dfe-7dfe-83fa-39891226e1cb,1655282045,1259735,1,__amd_rocclr_copyBufferRectAligned.kd,__amd_rocclr_copyBufferRectAligned,131555771375680,384,16,0,0,128,16,0,"{""size"":88,""kernel_id"":9,""code_object_id"":1,""kernel_name"":""__amd_rocclr_copyBufferRectAligned.kd"",""kernel_object"":131555771375680,""kernarg_segment_size"":384,""kernarg_segment_alignment"":16,""group_segment_size"":0,""private_segment_size"":0,""sgpr_count"":128,""arch_vgpr_count"":16,""accum_vgpr_count"":0,""kernel_code_entry_byte_offset"":9152,""kernel_address"":{""handle"":131555771384832},""formatted_kernel_name"":""__amd_rocclr_copyBufferRectAligned"",""demangled_kernel_name"":""__amd_rocclr_copyBufferRectAligned.kd"",""truncated_kernel_name"":""__amd_rocclr_copyBufferRectAligned.kd""}"
10,00003c5b-9dfe-7dfe-83fa-39891226e1cb,1655282045,1259735,1,__amd_rocclr_fillBufferAligned.kd,__amd_rocclr_fillBufferAligned,131555771375360,40,16,0,0,128,16,0,"{""size"":88,""kernel_id"":10,""code_object_id"":1,""kernel_name"":""__amd_rocclr_fillBufferAligned.kd"",""kernel_object"":131555771375360,""kernarg_segment_size"":40,""kernarg_segment_alignment"":16,""group_segment_size"":0,""private_segment_size"":0,""sgpr_count"":128,""arch_vgpr_count"":16,""accum_vgpr_count"":0,""kernel_code_entry_byte_offset"":5376,""kernel_address"":{""handle"":131555771380736},""formatted_kernel_name"":""__amd_rocclr_fillBufferAligned"",""demangled_kernel_name"":""__amd_rocclr_fillBufferAligned.kd"",""truncated_kernel_name"":""__amd_rocclr_fillBufferAligned.kd""}"
11,00003c5b-9dfe-7dfe-83fa-39891226e1cb,1655282045,1259735,1,__amd_rocclr_batchMemOp.kd,__amd_rocclr_batchMemOp,131555771375744,272,16,0,0,128,8,0,"{""size"":88,""kernel_id"":11,""code_object_id"":1,""kernel_name"":""__amd_rocclr_batchMemOp.kd"",""kernel_object"":131555771375744,""kernarg_segment_size"":272,""kernarg_segment_alignment"":16,""group_segment_size"":0,""private_segment_size"":0,""sgpr_count"":128,""arch_vgpr_count"":8,""accum_vgpr_count"":0,""kernel_code_entry_byte_offset"":9856,""kernel_address"":{""handle"":131555771385600},""formatted_kernel_name"":""__amd_rocclr_batchMemOp"",""demangled_kernel_name"":""__amd_rocclr_batchMemOp.kd"",""truncated_kernel_name"":""__amd_rocclr_batchMemOp.kd""}"
12,00003c5b-9dfe-7dfe-83fa-39891226e1cb,1655282045,1259735,1,__amd_rocclr_initHeap.kd,__amd_rocclr_initHeap,131555771376384,24,16,0,0,128,16,0,"{""size"":88,""kernel_id"":12,""code_object_id"":1,""kernel_name"":""__amd_rocclr_initHeap.kd"",""kernel_object"":131555771376384,""kernarg_segment_size"":24,""kernarg_segment_alignment"":16,""group_segment_size"":0,""private_segment_size"":0,""sgpr_count"":128,""arch_vgpr_count"":16,""accum_vgpr_count"":0,""kernel_code_entry_byte_offset"":16896,""kernel_address"":{""handle"":131555771393280},""formatted_kernel_name"":""__amd_rocclr_initHeap"",""demangled_kernel_name"":""__amd_rocclr_initHeap.kd"",""truncated_kernel_name"":""__amd_rocclr_initHeap.kd""}"
13,00003c5b-9dfe-7dfe-83fa-39891226e1cb,1655282045,1259735,1,__amd_rocclr_fillImage.kd,__amd_rocclr_fillImage,131555771375808,360,16,0,0,128,16,0,"{""size"":88,""kernel_id"":13,""code_object_id"":1,""kernel_name"":""__amd_rocclr_fillImage.kd"",""kernel_object"":131555771375808,""kernarg_segment_size"":360,""kernarg_segment_alignment"":16,""group_segment_size"":0,""private_segment_size"":0,""sgpr_count"":128,""arch_vgpr_count"":16,""accum_vgpr_count"":0,""kernel_code_entry_byte_offset"":11584,""kernel_address"":{""handle"":131555771387392},""formatted_kernel_name"":""__amd_rocclr_fillImage"",""demangled_kernel_name"":""__amd_rocclr_fillImage.kd"",""truncated_kernel_name"":""__amd_rocclr_fillImage.kd""}"
14,00003c5b-9dfe-7dfe-83fa-39891226e1cb,1655282045,1259735,1,__amd_rocclr_copyImage1DA.kd,__amd_rocclr_copyImage1DA,131555771375936,320,16,0,0,128,8,0,"{""size"":88,""kernel_id"":14,""code_object_id"":1,""kernel_name"":""__amd_rocclr_copyImage1DA.kd"",""kernel_object"":131555771375936,""kernarg_segment_size"":320,""kernarg_segment_alignment"":16,""group_segment_size"":0,""private_segment_size"":0,""sgpr_count"":128,""arch_vgpr_count"":8,""accum_vgpr_count"":0,""kernel_code_entry_byte_offset"":12736,""kernel_address"":{""handle"":131555771388672},""formatted_kernel_name"":""__amd_rocclr_copyImage1DA"",""demangled_kernel_name"":""__amd_rocclr_copyImage1DA.kd"",""truncated_kernel_name"":""__amd_rocclr_copyImage1DA.kd""}"
15,00003c5b-9dfe-7dfe-83fa-39891226e1cb,1655282045,1259735,1,__amd_rocclr_copyBufferToImage.kd,__amd_rocclr_copyBufferToImage,131555771376000,416,16,0,0,128,16,0,"{""size"":88,""kernel_id"":15,""code_object_id"":1,""kernel_name"":""__amd_rocclr_copyBufferToImage.kd"",""kernel_object"":131555771376000,""kernarg_segment_size"":416,""kernarg_segment_alignment"":16,""group_segment_size"":0,""private_segment_size"":0,""sgpr_count"":128,""arch_vgpr_count"":16,""accum_vgpr_count"":0,""kernel_code_entry_byte_offset"":13184,""kernel_address"":{""handle"":131555771389184},""formatted_kernel_name"":""__amd_rocclr_copyBufferToImage"",""demangled_kernel_name"":""__amd_rocclr_copyBufferToImage.kd"",""truncated_kernel_name"":""__amd_rocclr_copyBufferToImage.kd""}"
16,00003c5b-9dfe-7dfe-83fa-39891226e1cb,1655282045,1259735,1,__amd_rocclr_streamOpsWrite.kd,__amd_rocclr_streamOpsWrite,131555771376128,24,16,0,0,128,8,0,"{""size"":88,""kernel_id"":16,""code_object_id"":1,""kernel_name"":""__amd_rocclr_streamOpsWrite.kd"",""kernel_object"":131555771376128,""kernarg_segment_size"":24,""kernarg_segment_alignment"":16,""group_segment_size"":0,""private_segment_size"":0,""sgpr_count"":128,""arch_vgpr_count"":8,""accum_vgpr_count"":0,""kernel_code_entry_byte_offset"":15616,""kernel_address"":{""handle"":131555771391744},""formatted_kernel_name"":""__amd_rocclr_streamOpsWrite"",""demangled_kernel_name"":""__amd_rocclr_streamOpsWrite.kd"",""truncated_kernel_name"":""__amd_rocclr_streamOpsWrite.kd""}"
17,00003c5b-9dfe-7dfe-83fa-39891226e1cb,1655282045,1259735,1,__amd_rocclr_copyImageToBuffer.kd,__amd_rocclr_copyImageToBuffer,131555771376064,416,16,0,0,128,16,0,"{""size"":88,""kernel_id"":17,""code_object_id"":1,""kernel_name"":""__amd_rocclr_copyImageToBuffer.kd"",""kernel_object"":131555771376064,""kernarg_segment_size"":416,""kernarg_segment_alignment"":16,""group_segment_size"":0,""private_segment_size"":0,""sgpr_count"":128,""arch_vgpr_count"":16,""accum_vgpr_count"":0,""kernel_code_entry_byte_offset"":14400,""kernel_address"":{""handle"":131555771390464},""formatted_kernel_name"":""__amd_rocclr_copyImageToBuffer"",""demangled_kernel_name"":""__amd_rocclr_copyImageToBuffer.kd"",""truncated_kernel_name"":""__amd_rocclr_copyImageToBuffer.kd""}"
18,00003c5b-9dfe-7dfe-83fa-39891226e1cb,1655282045,1259735,2,gemm_gate_up_mq4g256_lloyd_wmma.kd,gemm_gate_up_mq4g256_lloyd_wmma,131555771221952,56,16,512,0,128,96,0,"{""size"":88,""kernel_id"":18,""code_object_id"":2,""kernel_name"":""gemm_gate_up_mq4g256_lloyd_wmma.kd"",""kernel_object"":131555771221952,""kernarg_segment_size"":56,""kernarg_segment_alignment"":16,""group_segment_size"":512,""private_segment_size"":0,""sgpr_count"":128,""arch_vgpr_count"":96,""accum_vgpr_count"":0,""kernel_code_entry_byte_offset"":4160,""kernel_address"":{""handle"":131555771226112},""formatted_kernel_name"":""gemm_gate_up_mq4g256_lloyd_wmma"",""demangled_kernel_name"":""gemm_gate_up_mq4g256_lloyd_wmma.kd"",""truncated_kernel_name"":""gemm_gate_up_mq4g256_lloyd_wmma.kd""}"
19,00003c5b-9dfe-7dfe-83fa-39891226e1cb,1655282045,1259735,3,gemm_hfq4g256_residual_fp16.kd,gemm_hfq4g256_residual_fp16,131555771140608,36,16,0,0,128,104,0,"{""size"":88,""kernel_id"":19,""code_object_id"":3,""kernel_name"":""gemm_hfq4g256_residual_fp16.kd"",""kernel_object"":131555771140608,""kernarg_segment_size"":36,""kernarg_segment_alignment"":16,""group_segment_size"":0,""private_segment_size"":0,""sgpr_count"":128,""arch_vgpr_count"":104,""accum_vgpr_count"":0,""kernel_code_entry_byte_offset"":4608,""kernel_address"":{""handle"":131555771145216},""formatted_kernel_name"":""gemm_hfq4g256_residual_fp16"",""demangled_kernel_name"":""gemm_hfq4g256_residual_fp16.kd"",""truncated_kernel_name"":""gemm_hfq4g256_residual_fp16.kd""}"
20,00003c5b-9dfe-7dfe-83fa-39891226e1cb,1655282045,1259735,3,convert_f32_to_f16.kd,convert_f32_to_f16,131555771140544,20,16,0,0,128,8,0,"{""size"":88,""kernel_id"":20,""code_object_id"":3,""kernel_name"":""convert_f32_to_f16.kd"",""kernel_object"":131555771140544,""kernarg_segment_size"":20,""kernarg_segment_alignment"":16,""group_segment_size"":0,""private_segment_size"":0,""sgpr_count"":128,""arch_vgpr_count"":8,""accum_vgpr_count"":0,""kernel_code_entry_byte_offset"":4416,""kernel_address"":{""handle"":131555771144960},""formatted_kernel_name"":""convert_f32_to_f16"",""demangled_kernel_name"":""convert_f32_to_f16.kd"",""truncated_kernel_name"":""convert_f32_to_f16.kd""}"
21,00003c5b-9dfe-7dfe-83fa-39891226e1cb,1655282045,1259735,4,gemm_gate_up_mq4g256_lloyd_wmma.kd,gemm_gate_up_mq4g256_lloyd_wmma,131555759556544,56,16,512,0,128,96,0,"{""size"":88,""kernel_id"":21,""code_object_id"":4,""kernel_name"":""gemm_gate_up_mq4g256_lloyd_wmma.kd"",""kernel_object"":131555759556544,""kernarg_segment_size"":56,""kernarg_segment_alignment"":16,""group_segment_size"":512,""private_segment_size"":0,""sgpr_count"":128,""arch_vgpr_count"":96,""accum_vgpr_count"":0,""kernel_code_entry_byte_offset"":4160,""kernel_address"":{""handle"":131555759560704},""formatted_kernel_name"":""gemm_gate_up_mq4g256_lloyd_wmma"",""demangled_kernel_name"":""gemm_gate_up_mq4g256_lloyd_wmma.kd"",""truncated_kernel_name"":""gemm_gate_up_mq4g256_lloyd_wmma.kd""}"
22,00003c5b-9dfe-7dfe-83fa-39891226e1cb,1655282045,1259735,5,gemm_hfq4g256_residual_fp16.kd,gemm_hfq4g256_residual_fp16,131555759475200,36,16,0,0,128,104,0,"{""size"":88,""kernel_id"":22,""code_object_id"":5,""kernel_name"":""gemm_hfq4g256_residual_fp16.kd"",""kernel_object"":131555759475200,""kernarg_segment_size"":36,""kernarg_segment_alignment"":16,""group_segment_size"":0,""private_segment_size"":0,""sgpr_count"":128,""arch_vgpr_count"":104,""accum_vgpr_count"":0,""kernel_code_entry_byte_offset"":4608,""kernel_address"":{""handle"":131555759479808},""formatted_kernel_name"":""gemm_hfq4g256_residual_fp16"",""demangled_kernel_name"":""gemm_hfq4g256_residual_fp16.kd"",""truncated_kernel_name"":""gemm_hfq4g256_residual_fp16.kd""}"
23,00003c5b-9dfe-7dfe-83fa-39891226e1cb,1655282045,1259735,5,convert_f32_to_f16.kd,convert_f32_to_f16,131555759475136,20,16,0,0,128,8,0,"{""size"":88,""kernel_id"":23,""code_object_id"":5,""kernel_name"":""convert_f32_to_f16.kd"",""kernel_object"":131555759475136,""kernarg_segment_size"":20,""kernarg_segment_alignment"":16,""group_segment_size"":0,""private_segment_size"":0,""sgpr_count"":128,""arch_vgpr_count"":8,""accum_vgpr_count"":0,""kernel_code_entry_byte_offset"":4416,""kernel_address"":{""handle"":131555759479552},""formatted_kernel_name"":""convert_f32_to_f16"",""demangled_kernel_name"":""convert_f32_to_f16.kd"",""truncated_kernel_name"":""convert_f32_to_f16.kd""}"
24,00003c5b-9dfe-7dfe-83fa-39891226e1cb,1655282045,1259735,6,gemm_gate_up_mq4g256_lloyd_wmma.kd,gemm_gate_up_mq4g256_lloyd_wmma,131555759392704,56,16,512,0,128,96,0,"{""size"":88,""kernel_id"":24,""code_object_id"":6,""kernel_name"":""gemm_gate_up_mq4g256_lloyd_wmma.kd"",""kernel_object"":131555759392704,""kernarg_segment_size"":56,""kernarg_segment_alignment"":16,""group_segment_size"":512,""private_segment_size"":0,""sgpr_count"":128,""arch_vgpr_count"":96,""accum_vgpr_count"":0,""kernel_code_entry_byte_offset"":4160,""kernel_address"":{""handle"":131555759396864},""formatted_kernel_name"":""gemm_gate_up_mq4g256_lloyd_wmma"",""demangled_kernel_name"":""gemm_gate_up_mq4g256_lloyd_wmma.kd"",""truncated_kernel_name"":""gemm_gate_up_mq4g256_lloyd_wmma.kd""}"
25,00003c5b-9dfe-7dfe-83fa-39891226e1cb,1655282045,1259735,7,gemm_hfq4g256_residual_fp16.kd,gemm_hfq4g256_residual_fp16,131555759311360,36,16,0,0,128,104,0,"{""size"":88,""kernel_id"":25,""code_object_id"":7,""kernel_name"":""gemm_hfq4g256_residual_fp16.kd"",""kernel_object"":131555759311360,""kernarg_segment_size"":36,""kernarg_segment_alignment"":16,""group_segment_size"":0,""private_segment_size"":0,""sgpr_count"":128,""arch_vgpr_count"":104,""accum_vgpr_count"":0,""kernel_code_entry_byte_offset"":4608,""kernel_address"":{""handle"":131555759315968},""formatted_kernel_name"":""gemm_hfq4g256_residual_fp16"",""demangled_kernel_name"":""gemm_hfq4g256_residual_fp16.kd"",""truncated_kernel_name"":""gemm_hfq4g256_residual_fp16.kd""}"
26,00003c5b-9dfe-7dfe-83fa-39891226e1cb,1655282045,1259735,7,convert_f32_to_f16.kd,convert_f32_to_f16,131555759311296,20,16,0,0,128,8,0,"{""size"":88,""kernel_id"":26,""code_object_id"":7,""kernel_name"":""convert_f32_to_f16.kd"",""kernel_object"":131555759311296,""kernarg_segment_size"":20,""kernarg_segment_alignment"":16,""group_segment_size"":0,""private_segment_size"":0,""sgpr_count"":128,""arch_vgpr_count"":8,""accum_vgpr_count"":0,""kernel_code_entry_byte_offset"":4416,""kernel_address"":{""handle"":131555759315712},""formatted_kernel_name"":""convert_f32_to_f16"",""demangled_kernel_name"":""convert_f32_to_f16.kd"",""truncated_kernel_name"":""convert_f32_to_f16.kd""}"

=== TABLE: rocpd_info_pmc ===id,guid,nid,pid,agent_id,target_arch,event_code,instance_id,name,symbol,description,long_description,component,units,value_type,block,expression,is_constant,is_derived,extdata
2286,00003c5b-9dfe-7dfe-83fa-39891226e1cb,1655282045,1259735,1,GPU,,,GRBM_GUI_ACTIVE,GRBM_GUI_ACTIVE,"The GUI is Active","",rocm,"",ABS,GRBM,"",0,0,"{""size"":312,""id"":{""handle"":58957},""type"":2,""cpu_cores_count"":0,""simd_count"":80,""mem_banks_count"":1,""caches_count"":86,""io_links_count"":1,""cpu_core_id_base"":0,""simd_id_base"":2147487744,""max_waves_per_simd"":16,""lds_size_in_kb"":64,""gds_size_in_kb"":0,""num_gws"":64,""wave_front_size"":32,""num_xcc"":1,""cu_count"":40,""array_count"":4,""num_shader_banks"":2,""simd_arrays_per_engine"":2,""cu_per_simd_array"":10,""simd_per_cu"":2,""max_slots_scratch_cu"":32,""gfx_target_version"":110501,""vendor_id"":4098,""device_id"":5510,""location_id"":50432,""domain"":0,""drm_render_minor"":128,""num_sdma_engines"":1,""num_sdma_xgmi_engines"":0,""num_sdma_queues_per_engine"":6,""num_cp_queues"":8,""max_engine_clk_ccompute"":5187,""max_engine_clk_fcompute"":2900,""sdma_fw_version"":{""uCodeSDMA"":14,""uCodeRes"":0},""fw_version"":{""uCode"":32,""Major"":0,""Minor"":0,""Stepping"":0},""capability"":{""HotPluggable"":0,""HSAMMUPresent"":0,""SharedWithGraphics"":0,""QueueSizePowerOfTwo"":0,""QueueSize32bit"":0,""QueueIdleEvent"":0,""VALimit"":0,""WatchPointsSupported"":1,""WatchPointsTotalBits"":2,""DoorbellType"":2,""AQLQueueDoubleMap"":0,""DebugTrapSupported"":1,""WaveLaunchTrapOverrideSupported"":1,""WaveLaunchModeSupported"":1,""PreciseMemoryOperationsSupported"":0,""DEPRECATED_SRAM_EDCSupport"":0,""Mem_EDCSupport"":0,""RASEventNotify"":0,""ASICRevision"":0,""SRAM_EDCSupport"":0,""SVMAPISupported"":1,""CoherentHostAccess"":0,""DebugSupportedFirmware"":1},""cu_per_engine"":20,""max_waves_per_cu"":32,""family_id"":150,""workgroup_max_size"":1024,""grid_max_size"":4294967295,""local_mem_size"":0,""hive_id"":0,""gpu_id"":35128,""workgroup_max_dim"":{""x"":1024,""y"":1024,""z"":1024},""grid_max_dim"":{""x"":2147483647,""y"":65535,""z"":65535},""name"":""gfx1151"",""vendor_name"":""AMD"",""product_name"":""Radeon 8060S Graphics"",""model_name"":""ip discovery"",""node_id"":1,""logical_node_id"":1,""logical_node_type_id"":0,""runtime_visibility"":{""hsa"":1,""hip"":1,""rccl"":1,""rocdecode"":1},""uuid"":{""bytes"":{""value0"":0,""value1"":0,""value2"":0,""value3"":0,""value4"":0,""value5"":0,""value6"":0,""value7"":0,""value8"":0,""value9"":0,""value10"":0,""value11"":0,""value12"":0,""value13"":0,""value14"":0,""value15"":0}},""mem_banks"":[{""heap_type"":1,""flags"":{""HotPluggable"":0,""NonVolatile"":0},""width"":256,""mem_clk_max"":1000,""size_in_bytes"":137438953472}],""caches"":[{""processor_id_low"":2147487744,""size"":32,""level"":1,""cache_line_size"":128,""cache_lines_per_tag"":0,""association"":0,""latency"":0,""type"":{""Data"":1,""Instruction"":0,""CPU"":0,""HSACU"":1}},{""processor_id_low"":2147487745,""size"":32,""level"":1,""cache_line_size"":128,""cache_lines_per_tag"":0,""association"":0,""latency"":0,""type"":{""Data"":1,""Instruction"":0,""CPU"":0,""HSACU"":1}},{""processor_id_low"":2147487746,""size"":32,""level"":1,""cache_line_size"":128,""cache_lines_per_tag"":0,""association"":0,""latency"":0,""type"":{""Data"":1,""Instruction"":0,""CPU"":0,""HSACU"":1}},{""processor_id_low"":2147487747,""size"":32,""level"":1,""cache_line_size"":128,""cache_lines_per_tag"":0,""association"":0,""latency"":0,""type"":{""Data"":1,""Instruction"":0,""CPU"":0,""HSACU"":1}},{""processor_id_low"":2147487748,""size"":32,""level"":1,""cache_line_size"":128,""cache_lines_per_tag"":0,""association"":0,""latency"":0,""type"":{""Data"":1,""Instruction"":0,""CPU"":0,""HSACU"":1}},{""processor_id_low"":2147487749,""size"":32,""level"":1,""cache_line_size"":128,""cache_lines_per_tag"":0,""association"":0,""latency"":0,""type"":{""Data"":1,""Instruction"":0,""CPU"":0,""HSACU"":1}},{""processor_id_low"":2147487750,""size"":32,""level"":1,""cache_line_size"":128,""cache_lines_per_tag"":0,""association"":0,""latency"":0,""type"":{""Data"":1,""Instruction"":0,""CPU"":0,""HSACU"":1}},{""processor_id_low"":2147487751,""size"":32,""level"":1,""cache_line_size"":128,""cache_lines_per_tag"":0,""association"":0,""latency"":0,""type"":{""Data"":1,""Instruction"":0,""CPU"":0,""HSACU"":1}},{""processor_id_low"":2147487752,""size"":32,""level"":1,""cache_line_size"":128,""cache_lines_per_tag"":0,""association"":0,""latency"":0,""type"":{""Data"":1,""Instruction"":0,""CPU"":0,""HSACU"":1}},{""processor_id_low"":2147487753,""size"":32,""level"":1,""cache_line_size"":128,""cache_lines_per_tag"":0,""association"":0,""latency"":0,""type"":{""Data"":1,""Instruction"":0,""CPU"":0,""HSACU"":1}},{""processor_id_low"":2147487754,""size"":32,""level"":1,""cache_line_size"":128,""cache_lines_per_tag"":0,""association"":0,""latency"":0,""type"":{""Data"":1,""Instruction"":0,""CPU"":0,""HSACU"":1}},{""processor_id_low"":2147487755,""size"":32,""level"":1,""cache_line_size"":128,""cache_lines_per_tag"":0,""association"":0,""latency"":0,""type"":{""Data"":1,""Instruction"":0,""CPU"":0,""HSACU"":1}},{""processor_id_low"":2147487756,""size"":32,""level"":1,""cache_line_size"":128,""cache_lines_per_tag"":0,""association"":0,""latency"":0,""type"":{""Data"":1,""Instruction"":0,""CPU"":0,""HSACU"":1}},{""processor_id_low"":2147487757,""size"":32,""level"":1,""cache_line_size"":128,""cache_lines_per_tag"":0,""association"":0,""latency"":0,""type"":{""Data"":1,""Instruction"":0,""CPU"":0,""HSACU"":1}},{""processor_id_low"":2147487758,""size"":32,""level"":1,""cache_line_size"":128,""cache_lines_per_tag"":0,""association"":0,""latency"":0,""type"":{""Data"":1,""Instruction"":0,""CPU"":0,""HSACU"":1}},{""processor_id_low"":2147487759,""size"":32,""level"":1,""cache_line_size"":128,""cache_lines_per_tag"":0,""association"":0,""latency"":0,""type"":{""Data"":1,""Instruction"":0,""CPU"":0,""HSACU"":1}},{""processor_id_low"":2147487760,""size"":32,""level"":1,""cache_line_size"":128,""cache_lines_per_tag"":0,""association"":0,""latency"":0,""type"":{""Data"":1,""Instruction"":0,""CPU"":0,""HSACU"":1}},{""processor_id_low"":2147487761,""size"":32,""level"":1,""cache_line_size"":128,""cache_lines_per_tag"":0,""association"":0,""latency"":0,""type"":{""Data"":1,""Instruction"":0,""CPU"":0,""HSACU"":1}},{""processor_id_low"":2147487762,""size"":32,""level"":1,""cache_line_size"":128,""cache_lines_per_tag"":0,""association"":0,""latency"":0,""type"":{""Data"":1,""Instruction"":0,""CPU"":0,""HSACU"":1}},{""processor_id_low"":2147487763,""size"":32,""level"":1,""cache_line_size"":128,""cache_lines_per_tag"":0,""association"":0,""latency"":0,""type"":{""Data"":1,""Instruction"":0,""CPU"":0,""HSACU"":1}},{""processor_id_low"":2147487764,""size"":32,""level"":1,""cache_line_size"":128,""cache_lines_per_tag"":0,""association"":0,""latency"":0,""type"":{""Data"":1,""Instruction"":0,""CPU"":0,""HSACU"":1}},{""processor_id_low"":2147487765,""size"":32,""level"":1,""cache_line_size"":128,""cache_lines_per_tag"":0,""association"":0,""latency"":0,""type"":{""Data"":1,""Instruction"":0,""CPU"":0,""HSACU"":1}},{""processor_id_low"":2147487766,""size"":32,""level"":1,""cache_line_size"":128,""cache_lines_per_tag"":0,""association"":0,""latency"":0,""type"":{""Data"":1,""Instruction"":0,""CPU"":0,""HSACU"":1}},{""processor_id_low"":2147487767,""size"":32,""level"":1,""cache_line_size"":128,""cache_lines_per_tag"":0,""association"":0,""latency"":0,""type"":{""Data"":1,""Instruction"":0,""CPU"":0,""HSACU"":1}},{""processor_id_low"":2147487768,""size"":32,""level"":1,""cache_line_size"":128,""cache_lines_per_tag"":0,""association"":0,""latency"":0,""type"":{""Data"":1,""Instruction"":0,""CPU"":0,""HSACU"":1}},{""processor_id_low"":2147487769,""size"":32,""level"":1,""cache_line_size"":128,""cache_lines_per_tag"":0,""association"":0,""latency"":0,""type"":{""Data"":1,""Instruction"":0,""CPU"":0,""HSACU"":1}},{""processor_id_low"":2147487770,""size"":32,""level"":1,""cache_line_size"":128,""cache_lines_per_tag"":0,""association"":0,""latency"":0,""type"":{""Data"":1,""Instruction"":0,""CPU"":0,""HSACU"":1}},{""processor_id_low"":2147487771,""size"":32,""level"":1,""cache_line_size"":128,""cache_lines_per_tag"":0,""association"":0,""latency"":0,""type"":{""Data"":1,""Instruction"":0,""CPU"":0,""HSACU"":1}},{""processor_id_low"":2147487772,""size"":32,""level"":1,""cache_line_size"":128,""cache_lines_per_tag"":0,""association"":0,""latency"":0,""type"":{""Data"":1,""Instruction"":0,""CPU"":0,""HSACU"":1}},{""processor_id_low"":2147487773,""size"":32,""level"":1,""cache_line_size"":128,""cache_lines_per_tag"":0,""association"":0,""latency"":0,""type"":{""Data"":1,""Instruction"":0,""CPU"":0,""HSACU"":1}},{""processor_id_low"":2147487774,""size"":32,""level"":1,""cache_line_size"":128,""cache_lines_per_tag"":0,""association"":0,""latency"":0,""type"":{""Data"":1,""Instruction"":0,""CPU"":0,""HSACU"":1}},{""processor_id_low"":2147487775,""size"":32,""level"":1,""cache_line_size"":128,""cache_lines_per_tag"":0,""association"":0,""latency"":0,""type"":{""Data"":1,""Instruction"":0,""CPU"":0,""HSACU"":1}},{""processor_id_low"":2147487776,""size"":32,""level"":1,""cache_line_size"":128,""cache_lines_per_tag"":0,""association"":0,""latency"":0,""type"":{""Data"":1,""Instruction"":0,""CPU"":0,""HSACU"":1}},{""processor_id_low"":2147487777,""size"":32,""level"":1,""cache_line_size"":128,""cache_lines_per_tag"":0,""association"":0,""latency"":0,""type"":{""Data"":1,""Instruction"":0,""CPU"":0,""HSACU"":1}},{""processor_id_low"":2147487778,""size"":32,""level"":1,""cache_line_size"":128,""cache_lines_per_tag"":0,""association"":0,""latency"":0,""type"":{""Data"":1,""Instruction"":0,""CPU"":0,""HSACU"":1}},{""processor_id_low"":2147487779,""size"":32,""level"":1,""cache_line_size"":128,""cache_lines_per_tag"":0,""association"":0,""latency"":0,""type"":{""Data"":1,""Instruction"":0,""CPU"":0,""HSACU"":1}},{""processor_id_low"":2147487780,""size"":32,""level"":1,""cache_line_size"":128,""cache_lines_per_tag"":0,""association"":0,""latency"":0,""type"":{""Data"":1,""Instruction"":0,""CPU"":0,""HSACU"":1}},{""processor_id_low"":2147487781,""size"":32,""level"":1,""cache_line_size"":128,""cache_lines_per_tag"":0,""association"":0,""latency"":0,""type"":{""Data"":1,""Instruction"":0,""CPU"":0,""HSACU"":1}},{""processor_id_low"":2147487782,""size"":32,""level"":1,""cache_line_size"":128,""cache_lines_per_tag"":0,""association"":0,""latency"":0,""type"":{""Data"":1,""Instruction"":0,""CPU"":0,""HSACU"":1}},{""processor_id_low"":2147487783,""size"":32,""level"":1,""cache_line_size"":128,""cache_lines_per_tag"":0,""association"":0,""latency"":0,""type"":{""Data"":1,""Instruction"":0,""CPU"":0,""HSACU"":1}},{""processor_id_low"":2147487744,""size"":32,""level"":1,""cache_line_size"":128,""cache_lines_per_tag"":0,""association"":0,""latency"":0,""type"":{""Data"":0,""Instruction"":1,""CPU"":0,""HSACU"":1}},{""processor_id_low"":2147487746,""size"":32,""level"":1,""cache_line_size"":128,""cache_lines_per_tag"":0,""association"":0,""latency"":0,""type"":{""Data"":0,""Instruction"":1,""CPU"":0,""HSACU"":1}},{""processor_id_low"":2147487748,""size"":32,""level"":1,""cache_line_size"":128,""cache_lines_per_tag"":0,""association"":0,""latency"":0,""type"":{""Data"":0,""Instruction"":1,""CPU"":0,""HSACU"":1}},{""processor_id_low"":2147487750,""size"":32,""level"":1,""cache_line_size"":128,""cache_lines_per_tag"":0,""association"":0,""latency"":0,""type"":{""Data"":0,""Instruction"":1,""CPU"":0,""HSACU"":1}},{""processor_id_low"":2147487752,""size"":32,""level"":1,""cache_line_size"":128,""cache_lines_per_tag"":0,""association"":0,""latency"":0,""type"":{""Data"":0,""Instruction"":1,""CPU"":0,""HSACU"":1}},{""processor_id_low"":2147487754,""size"":32,""level"":1,""cache_line_size"":128,""cache_lines_per_tag"":0,""association"":0,""latency"":0,""type"":{""Data"":0,""Instruction"":1,""CPU"":0,""HSACU"":1}},{""processor_id_low"":2147487756,""size"":32,""level"":1,""cache_line_size"":128,""cache_lines_per_tag"":0,""association"":0,""latency"":0,""type"":{""Data"":0,""Instruction"":1,""CPU"":0,""HSACU"":1}},{""processor_id_low"":2147487758,""size"":32,""level"":1,""cache_line_size"":128,""cache_lines_per_tag"":0,""association"":0,""latency"":0,""type"":{""Data"":0,""Instruction"":1,""CPU"":0,""HSACU"":1}},{""processor_id_low"":2147487760,""size"":32,""level"":1,""cache_line_size"":128,""cache_lines_per_tag"":0,""association"":0,""latency"":0,""type"":{""Data"":0,""Instruction"":1,""CPU"":0,""HSACU"":1}},{""processor_id_low"":2147487762,""size"":32,""level"":1,""cache_line_size"":128,""cache_lines_per_tag"":0,""association"":0,""latency"":0,""type"":{""Data"":0,""Instruction"":1,""CPU"":0,""HSACU"":1}},{""processor_id_low"":2147487764,""size"":32,""level"":1,""cache_line_size"":128,""cache_lines_per_tag"":0,""association"":0,""latency"":0,""type"":{""Data"":0,""Instruction"":1,""CPU"":0,""HSACU"":1}},{""processor_id_low"":2147487766,""size"":32,""level"":1,""cache_line_size"":128,""cache_lines_per_tag"":0,""association"":0,""latency"":0,""type"":{""Data"":0,""Instruction"":1,""CPU"":0,""HSACU"":1}},{""processor_id_low"":2147487768,""size"":32,""level"":1,""cache_line_size"":128,""cache_lines_per_tag"":0,""association"":0,""latency"":0,""type"":{""Data"":0,""Instruction"":1,""CPU"":0,""HSACU"":1}},{""processor_id_low"":2147487770,""size"":32,""level"":1,""cache_line_size"":128,""cache_lines_per_tag"":0,""association"":0,""latency"":0,""type"":{""Data"":0,""Instruction"":1,""CPU"":0,""HSACU"":1}},{""processor_id_low"":2147487772,""size"":32,""level"":1,""cache_line_size"":128,""cache_lines_per_tag"":0,""association"":0,""latency"":0,""type"":{""Data"":0,""Instruction"":1,""CPU"":0,""HSACU"":1}},{""processor_id_low"":2147487774,""size"":32,""level"":1,""cache_line_size"":128,""cache_lines_per_tag"":0,""association"":0,""latency"":0,""type"":{""Data"":0,""Instruction"":1,""CPU"":0,""HSACU"":1}},{""processor_id_low"":2147487776,""size"":32,""level"":1,""cache_line_size"":128,""cache_lines_per_tag"":0,""association"":0,""latency"":0,""type"":{""Data"":0,""Instruction"":1,""CPU"":0,""HSACU"":1}},{""processor_id_low"":2147487778,""size"":32,""level"":1,""cache_line_size"":128,""cache_lines_per_tag"":0,""association"":0,""latency"":0,""type"":{""Data"":0,""Instruction"":1,""CPU"":0,""HSACU"":1}},{""processor_id_low"":2147487780,""size"":32,""level"":1,""cache_line_size"":128,""cache_lines_per_tag"":0,""association"":0,""latency"":0,""type"":{""Data"":0,""Instruction"":1,""CPU"":0,""HSACU"":1}},{""processor_id_low"":2147487782,""size"":32,""level"":1,""cache_line_size"":128,""cache_lines_per_tag"":0,""association"":0,""latency"":0,""type"":{""Data"":0,""Instruction"":1,""CPU"":0,""HSACU"":1}},{""processor_id_low"":2147487744,""size"":16,""level"":1,""cache_line_size"":64,""cache_lines_per_tag"":0,""association"":0,""latency"":0,""type"":{""Data"":1,""Instruction"":0,""CPU"":0,""HSACU"":1}},{""processor_id_low"":2147487746,""size"":16,""level"":1,""cache_line_size"":64,""cache_lines_per_tag"":0,""association"":0,""latency"":0,""type"":{""Data"":1,""Instruction"":0,""CPU"":0,""HSACU"":1}},{""processor_id_low"":2147487748,""size"":16,""level"":1,""cache_line_size"":64,""cache_lines_per_tag"":0,""association"":0,""latency"":0,""type"":{""Data"":1,""Instruction"":0,""CPU"":0,""HSACU"":1}},{""processor_id_low"":2147487750,""size"":16,""level"":1,""cache_line_size"":64,""cache_lines_per_tag"":0,""association"":0,""latency"":0,""type"":{""Data"":1,""Instruction"":0,""CPU"":0,""HSACU"":1}},{""processor_id_low"":2147487752,""size"":16,""level"":1,""cache_line_size"":64,""cache_lines_per_tag"":0,""association"":0,""latency"":0,""type"":{""Data"":1,""Instruction"":0,""CPU"":0,""HSACU"":1}},{""processor_id_low"":2147487754,""size"":16,""level"":1,""cache_line_size"":64,""cache_lines_per_tag"":0,""association"":0,""latency"":0,""type"":{""Data"":1,""Instruction"":0,""CPU"":0,""HSACU"":1}},{""processor_id_low"":2147487756,""size"":16,""level"":1,""cache_line_size"":64,""cache_lines_per_tag"":0,""association"":0,""latency"":0,""type"":{""Data"":1,""Instruction"":0,""CPU"":0,""HSACU"":1}},{""processor_id_low"":2147487758,""size"":16,""level"":1,""cache_line_size"":64,""cache_lines_per_tag"":0,""association"":0,""latency"":0,""type"":{""Data"":1,""Instruction"":0,""CPU"":0,""HSACU"":1}},{""processor_id_low"":2147487760,""size"":16,""level"":1,""cache_line_size"":64,""cache_lines_per_tag"":0,""association"":0,""latency"":0,""type"":{""Data"":1,""Instruction"":0,""CPU"":0,""HSACU"":1}},{""processor_id_low"":2147487762,""size"":16,""level"":1,""cache_line_size"":64,""cache_lines_per_tag"":0,""association"":0,""latency"":0,""type"":{""Data"":1,""Instruction"":0,""CPU"":0,""HSACU"":1}},{""processor_id_low"":2147487764,""size"":16,""level"":1,""cache_line_size"":64,""cache_lines_per_tag"":0,""association"":0,""latency"":0,""type"":{""Data"":1,""Instruction"":0,""CPU"":0,""HSACU"":1}},{""processor_id_low"":2147487766,""size"":16,""level"":1,""cache_line_size"":64,""cache_lines_per_tag"":0,""association"":0,""latency"":0,""type"":{""Data"":1,""Instruction"":0,""CPU"":0,""HSACU"":1}},{""processor_id_low"":2147487768,""size"":16,""level"":1,""cache_line_size"":64,""cache_lines_per_tag"":0,""association"":0,""latency"":0,""type"":{""Data"":1,""Instruction"":0,""CPU"":0,""HSACU"":1}},{""processor_id_low"":2147487770,""size"":16,""level"":1,""cache_line_size"":64,""cache_lines_per_tag"":0,""association"":0,""latency"":0,""type"":{""Data"":1,""Instruction"":0,""CPU"":0,""HSACU"":1}},{""processor_id_low"":2147487772,""size"":16,""level"":1,""cache_line_size"":64,""cache_lines_per_tag"":0,""association"":0,""latency"":0,""type"":{""Data"":1,""Instruction"":0,""CPU"":0,""HSACU"":1}},{""processor_id_low"":2147487774,""size"":16,""level"":1,""cache_line_size"":64,""cache_lines_per_tag"":0,""association"":0,""latency"":0,""type"":{""Data"":1,""Instruction"":0,""CPU"":0,""HSACU"":1}},{""processor_id_low"":2147487776,""size"":16,""level"":1,""cache_line_size"":64,""cache_lines_per_tag"":0,""association"":0,""latency"":0,""type"":{""Data"":1,""Instruction"":0,""CPU"":0,""HSACU"":1}},{""processor_id_low"":2147487778,""size"":16,""level"":1,""cache_line_size"":64,""cache_lines_per_tag"":0,""association"":0,""latency"":0,""type"":{""Data"":1,""Instruction"":0,""CPU"":0,""HSACU"":1}},{""processor_id_low"":2147487780,""size"":16,""level"":1,""cache_line_size"":64,""cache_lines_per_tag"":0,""association"":0,""latency"":0,""type"":{""Data"":1,""Instruction"":0,""CPU"":0,""HSACU"":1}},{""processor_id_low"":2147487782,""size"":16,""level"":1,""cache_line_size"":64,""cache_lines_per_tag"":0,""association"":0,""latency"":0,""type"":{""Data"":1,""Instruction"":0,""CPU"":0,""HSACU"":1}},{""processor_id_low"":2147487744,""size"":256,""level"":1,""cache_line_size"":128,""cache_lines_per_tag"":0,""association"":0,""latency"":0,""type"":{""Data"":1,""Instruction"":0,""CPU"":0,""HSACU"":1}},{""processor_id_low"":2147487754,""size"":256,""level"":1,""cache_line_size"":128,""cache_lines_per_tag"":0,""association"":0,""latency"":0,""type"":{""Data"":1,""Instruction"":0,""CPU"":0,""HSACU"":1}},{""processor_id_low"":2147487764,""size"":256,""level"":1,""cache_line_size"":128,""cache_lines_per_tag"":0,""association"":0,""latency"":0,""type"":{""Data"":1,""Instruction"":0,""CPU"":0,""HSACU"":1}},{""processor_id_low"":2147487774,""size"":256,""level"":1,""cache_line_size"":128,""cache_lines_per_tag"":0,""association"":0,""latency"":0,""type"":{""Data"":1,""Instruction"":0,""CPU"":0,""HSACU"":1}},{""processor_id_low"":2147487744,""size"":2048,""level"":2,""cache_line_size"":128,""cache_lines_per_tag"":0,""association"":0,""latency"":0,""type"":{""Data"":1,""Instruction"":0,""CPU"":0,""HSACU"":1}},{""processor_id_low"":2147487744,""size"":32768,""level"":3,""cache_line_size"":64,""cache_lines_per_tag"":0,""association"":0,""latency"":0,""type"":{""Data"":1,""Instruction"":0,""CPU"":0,""HSACU"":1}}],""io_links"":[{""type"":2,""version_major"":0,""version_minor"":0,""node_from"":1,""node_to"":0,""weight"":20,""min_latency"":0,""max_latency"":0,""min_bandwidth"":0,""max_bandwidth"":32000,""recommended_transfer_size"":0,""flags"":{""Override"":1,""NonCoherent"":0,""NoAtomics32bit"":0,""NoAtomics64bit"":0,""NoPeerToPeerDMA"":0}}],""gpu_index"":0}"
3101,00003c5b-9dfe-7dfe-83fa-39891226e1cb,1655282045,1259735,1,GPU,,,SQ_BUSY_CYCLES,SQ_BUSY_CYCLES,"Number of clock cycles there are active waves in a shader engine (as reported by the distributed sequencer). This value does not denote the number of active waves, only the clock cycle in which any wave is present in a SE. This value is returned on a per-shader engine basis in clock cycles.","",rocm,"",ABS,SQ,"",0,0,"{""size"":312,""id"":{""handle"":58957},""type"":2,""cpu_cores_count"":0,""simd_count"":80,""mem_banks_count"":1,""caches_count"":86,""io_links_count"":1,""cpu_core_id_base"":0,""simd_id_base"":2147487744,""max_waves_per_simd"":16,""lds_size_in_kb"":64,""gds_size_in_kb"":0,""num_gws"":64,""wave_front_size"":32,""num_xcc"":1,""cu_count"":40,""array_count"":4,""num_shader_banks"":2,""simd_arrays_per_engine"":2,""cu_per_simd_array"":10,""simd_per_cu"":2,""max_slots_scratch_cu"":32,""gfx_target_version"":110501,""vendor_id"":4098,""device_id"":5510,""location_id"":50432,""domain"":0,""drm_render_minor"":128,""num_sdma_engines"":1,""num_sdma_xgmi_engines"":0,""num_sdma_queues_per_engine"":6,""num_cp_queues"":8,""max_engine_clk_ccompute"":5187,""max_engine_clk_fcompute"":2900,""sdma_fw_version"":{""uCodeSDMA"":14,""uCodeRes"":0},""fw_version"":{""uCode"":32,""Major"":0,""Minor"":0,""Stepping"":0},""capability"":{""HotPluggable"":0,""HSAMMUPresent"":0,""SharedWithGraphics"":0,""QueueSizePowerOfTwo"":0,""QueueSize32bit"":0,""QueueIdleEvent"":0,""VALimit"":0,""WatchPointsSupported"":1,""WatchPointsTotalBits"":2,""DoorbellType"":2,""AQLQueueDoubleMap"":0,""DebugTrapSupported"":1,""WaveLaunchTrapOverrideSupported"":1,""WaveLaunchModeSupported"":1,""PreciseMemoryOperationsSupported"":0,""DEPRECATED_SRAM_EDCSupport"":0,""Mem_EDCSupport"":0,""RASEventNotify"":0,""ASICRevision"":0,""SRAM_EDCSupport"":0,""SVMAPISupported"":1,""CoherentHostAccess"":0,""DebugSupportedFirmware"":1},""cu_per_engine"":20,""max_waves_per_cu"":32,""family_id"":150,""workgroup_max_size"":1024,""grid_max_size"":4294967295,""local_mem_size"":0,""hive_id"":0,""gpu_id"":35128,""workgroup_max_dim"":{""x"":1024,""y"":1024,""z"":1024},""grid_max_dim"":{""x"":2147483647,""y"":65535,""z"":65535},""name"":""gfx1151"",""vendor_name"":""AMD"",""product_name"":""Radeon 8060S Graphics"",""model_name"":""ip discovery"",""node_id"":1,""logical_node_id"":1,""logical_node_type_id"":0,""runtime_visibility"":{""hsa"":1,""hip"":1,""rccl"":1,""rocdecode"":1},""uuid"":{""bytes"":{""value0"":0,""value1"":0,""value2"":0,""value3"":0,""value4"":0,""value5"":0,""value6"":0,""value7"":0,""value8"":0,""value9"":0,""value10"":0,""value11"":0,""value12"":0,""value13"":0,""value14"":0,""value15"":0}},""mem_banks"":[{""heap_type"":1,""flags"":{""HotPluggable"":0,""NonVolatile"":0},""width"":256,""mem_clk_max"":1000,""size_in_bytes"":137438953472}],""caches"":[{""processor_id_low"":2147487744,""size"":32,""level"":1,""cache_line_size"":128,""cache_lines_per_tag"":0,""association"":0,""latency"":0,""type"":{""Data"":1,""Instruction"":0,""CPU"":0,""HSACU"":1}},{""processor_id_low"":2147487745,""size"":32,""level"":1,""cache_line_size"":128,""cache_lines_per_tag"":0,""association"":0,""latency"":0,""type"":{""Data"":1,""Instruction"":0,""CPU"":0,""HSACU"":1}},{""processor_id_low"":2147487746,""size"":32,""level"":1,""cache_line_size"":128,""cache_lines_per_tag"":0,""association"":0,""latency"":0,""type"":{""Data"":1,""Instruction"":0,""CPU"":0,""HSACU"":1}},{""processor_id_low"":2147487747,""size"":32,""level"":1,""cache_line_size"":128,""cache_lines_per_tag"":0,""association"":0,""latency"":0,""type"":{""Data"":1,""Instruction"":0,""CPU"":0,""HSACU"":1}},{""processor_id_low"":2147487748,""size"":32,""level"":1,""cache_line_size"":128,""cache_lines_per_tag"":0,""association"":0,""latency"":0,""type"":{""Data"":1,""Instruction"":0,""CPU"":0,""HSACU"":1}},{""processor_id_low"":2147487749,""size"":32,""level"":1,""cache_line_size"":128,""cache_lines_per_tag"":0,""association"":0,""latency"":0,""type"":{""Data"":1,""Instruction"":0,""CPU"":0,""HSACU"":1}},{""processor_id_low"":2147487750,""size"":32,""level"":1,""cache_line_size"":128,""cache_lines_per_tag"":0,""association"":0,""latency"":0,""type"":{""Data"":1,""Instruction"":0,""CPU"":0,""HSACU"":1}},{""processor_id_low"":2147487751,""size"":32,""level"":1,""cache_line_size"":128,""cache_lines_per_tag"":0,""association"":0,""latency"":0,""type"":{""Data"":1,""Instruction"":0,""CPU"":0,""HSACU"":1}},{""processor_id_low"":2147487752,""size"":32,""level"":1,""cache_line_size"":128,""cache_lines_per_tag"":0,""association"":0,""latency"":0,""type"":{""Data"":1,""Instruction"":0,""CPU"":0,""HSACU"":1}},{""processor_id_low"":2147487753,""size"":32,""level"":1,""cache_line_size"":128,""cache_lines_per_tag"":0,""association"":0,""latency"":0,""type"":{""Data"":1,""Instruction"":0,""CPU"":0,""HSACU"":1}},{""processor_id_low"":2147487754,""size"":32,""level"":1,""cache_line_size"":128,""cache_lines_per_tag"":0,""association"":0,""latency"":0,""type"":{""Data"":1,""Instruction"":0,""CPU"":0,""HSACU"":1}},{""processor_id_low"":2147487755,""size"":32,""level"":1,""cache_line_size"":128,""cache_lines_per_tag"":0,""association"":0,""latency"":0,""type"":{""Data"":1,""Instruction"":0,""CPU"":0,""HSACU"":1}},{""processor_id_low"":2147487756,""size"":32,""level"":1,""cache_line_size"":128,""cache_lines_per_tag"":0,""association"":0,""latency"":0,""type"":{""Data"":1,""Instruction"":0,""CPU"":0,""HSACU"":1}},{""processor_id_low"":2147487757,""size"":32,""level"":1,""cache_line_size"":128,""cache_lines_per_tag"":0,""association"":0,""latency"":0,""type"":{""Data"":1,""Instruction"":0,""CPU"":0,""HSACU"":1}},{""processor_id_low"":2147487758,""size"":32,""level"":1,""cache_line_size"":128,""cache_lines_per_tag"":0,""association"":0,""latency"":0,""type"":{""Data"":1,""Instruction"":0,""CPU"":0,""HSACU"":1}},{""processor_id_low"":2147487759,""size"":32,""level"":1,""cache_line_size"":128,""cache_lines_per_tag"":0,""association"":0,""latency"":0,""type"":{""Data"":1,""Instruction"":0,""CPU"":0,""HSACU"":1}},{""processor_id_low"":2147487760,""size"":32,""level"":1,""cache_line_size"":128,""cache_lines_per_tag"":0,""association"":0,""latency"":0,""type"":{""Data"":1,""Instruction"":0,""CPU"":0,""HSACU"":1}},{""processor_id_low"":2147487761,""size"":32,""level"":1,""cache_line_size"":128,""cache_lines_per_tag"":0,""association"":0,""latency"":0,""type"":{""Data"":1,""Instruction"":0,""CPU"":0,""HSACU"":1}},{""processor_id_low"":2147487762,""size"":32,""level"":1,""cache_line_size"":128,""cache_lines_per_tag"":0,""association"":0,""latency"":0,""type"":{""Data"":1,""Instruction"":0,""CPU"":0,""HSACU"":1}},{""processor_id_low"":2147487763,""size"":32,""level"":1,""cache_line_size"":128,""cache_lines_per_tag"":0,""association"":0,""latency"":0,""type"":{""Data"":1,""Instruction"":0,""CPU"":0,""HSACU"":1}},{""processor_id_low"":2147487764,""size"":32,""level"":1,""cache_line_size"":128,""cache_lines_per_tag"":0,""association"":0,""latency"":0,""type"":{""Data"":1,""Instruction"":0,""CPU"":0,""HSACU"":1}},{""processor_id_low"":2147487765,""size"":32,""level"":1,""cache_line_size"":128,""cache_lines_per_tag"":0,""association"":0,""latency"":0,""type"":{""Data"":1,""Instruction"":0,""CPU"":0,""HSACU"":1}},{""processor_id_low"":2147487766,""size"":32,""level"":1,""cache_line_size"":128,""cache_lines_per_tag"":0,""association"":0,""latency"":0,""type"":{""Data"":1,""Instruction"":0,""CPU"":0,""HSACU"":1}},{""processor_id_low"":2147487767,""size"":32,""level"":1,""cache_line_size"":128,""cache_lines_per_tag"":0,""association"":0,""latency"":0,""type"":{""Data"":1,""Instruction"":0,""CPU"":0,""HSACU"":1}},{""processor_id_low"":2147487768,""size"":32,""level"":1,""cache_line_size"":128,""cache_lines_per_tag"":0,""association"":0,""latency"":0,""type"":{""Data"":1,""Instruction"":0,""CPU"":0,""HSACU"":1}},{""processor_id_low"":2147487769,""size"":32,""level"":1,""cache_line_size"":128,""cache_lines_per_tag"":0,""association"":0,""latency"":0,""type"":{""Data"":1,""Instruction"":0,""CPU"":0,""HSACU"":1}},{""processor_id_low"":2147487770,""size"":32,""level"":1,""cache_line_size"":128,""cache_lines_per_tag"":0,""association"":0,""latency"":0,""type"":{""Data"":1,""Instruction"":0,""CPU"":0,""HSACU"":1}},{""processor_id_low"":2147487771,""size"":32,""level"":1,""cache_line_size"":128,""cache_lines_per_tag"":0,""association"":0,""latency"":0,""type"":{""Data"":1,""Instruction"":0,""CPU"":0,""HSACU"":1}},{""processor_id_low"":2147487772,""size"":32,""level"":1,""cache_line_size"":128,""cache_lines_per_tag"":0,""association"":0,""latency"":0,""type"":{""Data"":1,""Instruction"":0,""CPU"":0,""HSACU"":1}},{""processor_id_low"":2147487773,""size"":32,""level"":1,""cache_line_size"":128,""cache_lines_per_tag"":0,""association"":0,""latency"":0,""type"":{""Data"":1,""Instruction"":0,""CPU"":0,""HSACU"":1}},{""processor_id_low"":2147487774,""size"":32,""level"":1,""cache_line_size"":128,""cache_lines_per_tag"":0,""association"":0,""latency"":0,""type"":{""Data"":1,""Instruction"":0,""CPU"":0,""HSACU"":1}},{""processor_id_low"":2147487775,""size"":32,""level"":1,""cache_line_size"":128,""cache_lines_per_tag"":0,""association"":0,""latency"":0,""type"":{""Data"":1,""Instruction"":0,""CPU"":0,""HSACU"":1}},{""processor_id_low"":2147487776,""size"":32,""level"":1,""cache_line_size"":128,""cache_lines_per_tag"":0,""association"":0,""latency"":0,""type"":{""Data"":1,""Instruction"":0,""CPU"":0,""HSACU"":1}},{""processor_id_low"":2147487777,""size"":32,""level"":1,""cache_line_size"":128,""cache_lines_per_tag"":0,""association"":0,""latency"":0,""type"":{""Data"":1,""Instruction"":0,""CPU"":0,""HSACU"":1}},{""processor_id_low"":2147487778,""size"":32,""level"":1,""cache_line_size"":128,""cache_lines_per_tag"":0,""association"":0,""latency"":0,""type"":{""Data"":1,""Instruction"":0,""CPU"":0,""HSACU"":1}},{""processor_id_low"":2147487779,""size"":32,""level"":1,""cache_line_size"":128,""cache_lines_per_tag"":0,""association"":0,""latency"":0,""type"":{""Data"":1,""Instruction"":0,""CPU"":0,""HSACU"":1}},{""processor_id_low"":2147487780,""size"":32,""level"":1,""cache_line_size"":128,""cache_lines_per_tag"":0,""association"":0,""latency"":0,""type"":{""Data"":1,""Instruction"":0,""CPU"":0,""HSACU"":1}},{""processor_id_low"":2147487781,""size"":32,""level"":1,""cache_line_size"":128,""cache_lines_per_tag"":0,""association"":0,""latency"":0,""type"":{""Data"":1,""Instruction"":0,""CPU"":0,""HSACU"":1}},{""processor_id_low"":2147487782,""size"":32,""level"":1,""cache_line_size"":128,""cache_lines_per_tag"":0,""association"":0,""latency"":0,""type"":{""Data"":1,""Instruction"":0,""CPU"":0,""HSACU"":1}},{""processor_id_low"":2147487783,""size"":32,""level"":1,""cache_line_size"":128,""cache_lines_per_tag"":0,""association"":0,""latency"":0,""type"":{""Data"":1,""Instruction"":0,""CPU"":0,""HSACU"":1}},{""processor_id_low"":2147487744,""size"":32,""level"":1,""cache_line_size"":128,""cache_lines_per_tag"":0,""association"":0,""latency"":0,""type"":{""Data"":0,""Instruction"":1,""CPU"":0,""HSACU"":1}},{""processor_id_low"":2147487746,""size"":32,""level"":1,""cache_line_size"":128,""cache_lines_per_tag"":0,""association"":0,""latency"":0,""type"":{""Data"":0,""Instruction"":1,""CPU"":0,""HSACU"":1}},{""processor_id_low"":2147487748,""size"":32,""level"":1,""cache_line_size"":128,""cache_lines_per_tag"":0,""association"":0,""latency"":0,""type"":{""Data"":0,""Instruction"":1,""CPU"":0,""HSACU"":1}},{""processor_id_low"":2147487750,""size"":32,""level"":1,""cache_line_size"":128,""cache_lines_per_tag"":0,""association"":0,""latency"":0,""type"":{""Data"":0,""Instruction"":1,""CPU"":0,""HSACU"":1}},{""processor_id_low"":2147487752,""size"":32,""level"":1,""cache_line_size"":128,""cache_lines_per_tag"":0,""association"":0,""latency"":0,""type"":{""Data"":0,""Instruction"":1,""CPU"":0,""HSACU"":1}},{""processor_id_low"":2147487754,""size"":32,""level"":1,""cache_line_size"":128,""cache_lines_per_tag"":0,""association"":0,""latency"":0,""type"":{""Data"":0,""Instruction"":1,""CPU"":0,""HSACU"":1}},{""processor_id_low"":2147487756,""size"":32,""level"":1,""cache_line_size"":128,""cache_lines_per_tag"":0,""association"":0,""latency"":0,""type"":{""Data"":0,""Instruction"":1,""CPU"":0,""HSACU"":1}},{""processor_id_low"":2147487758,""size"":32,""level"":1,""cache_line_size"":128,""cache_lines_per_tag"":0,""association"":0,""latency"":0,""type"":{""Data"":0,""Instruction"":1,""CPU"":0,""HSACU"":1}},{""processor_id_low"":2147487760,""size"":32,""level"":1,""cache_line_size"":128,""cache_lines_per_tag"":0,""association"":0,""latency"":0,""type"":{""Data"":0,""Instruction"":1,""CPU"":0,""HSACU"":1}},{""processor_id_low"":2147487762,""size"":32,""level"":1,""cache_line_size"":128,""cache_lines_per_tag"":0,""association"":0,""latency"":0,""type"":{""Data"":0,""Instruction"":1,""CPU"":0,""HSACU"":1}},{""processor_id_low"":2147487764,""size"":32,""level"":1,""cache_line_size"":128,""cache_lines_per_tag"":0,""association"":0,""latency"":0,""type"":{""Data"":0,""Instruction"":1,""CPU"":0,""HSACU"":1}},{""processor_id_low"":2147487766,""size"":32,""level"":1,""cache_line_size"":128,""cache_lines_per_tag"":0,""association"":0,""latency"":0,""type"":{""Data"":0,""Instruction"":1,""CPU"":0,""HSACU"":1}},{""processor_id_low"":2147487768,""size"":32,""level"":1,""cache_line_size"":128,""cache_lines_per_tag"":0,""association"":0,""latency"":0,""type"":{""Data"":0,""Instruction"":1,""CPU"":0,""HSACU"":1}},{""processor_id_low"":2147487770,""size"":32,""level"":1,""cache_line_size"":128,""cache_lines_per_tag"":0,""association"":0,""latency"":0,""type"":{""Data"":0,""Instruction"":1,""CPU"":0,""HSACU"":1}},{""processor_id_low"":2147487772,""size"":32,""level"":1,""cache_line_size"":128,""cache_lines_per_tag"":0,""association"":0,""latency"":0,""type"":{""Data"":0,""Instruction"":1,""CPU"":0,""HSACU"":1}},{""processor_id_low"":2147487774,""size"":32,""level"":1,""cache_line_size"":128,""cache_lines_per_tag"":0,""association"":0,""latency"":0,""type"":{""Data"":0,""Instruction"":1,""CPU"":0,""HSACU"":1}},{""processor_id_low"":2147487776,""size"":32,""level"":1,""cache_line_size"":128,""cache_lines_per_tag"":0,""association"":0,""latency"":0,""type"":{""Data"":0,""Instruction"":1,""CPU"":0,""HSACU"":1}},{""processor_id_low"":2147487778,""size"":32,""level"":1,""cache_line_size"":128,""cache_lines_per_tag"":0,""association"":0,""latency"":0,""type"":{""Data"":0,""Instruction"":1,""CPU"":0,""HSACU"":1}},{""processor_id_low"":2147487780,""size"":32,""level"":1,""cache_line_size"":128,""cache_lines_per_tag"":0,""association"":0,""latency"":0,""type"":{""Data"":0,""Instruction"":1,""CPU"":0,""HSACU"":1}},{""processor_id_low"":2147487782,""size"":32,""level"":1,""cache_line_size"":128,""cache_lines_per_tag"":0,""association"":0,""latency"":0,""type"":{""Data"":0,""Instruction"":1,""CPU"":0,""HSACU"":1}},{""processor_id_low"":2147487744,""size"":16,""level"":1,""cache_line_size"":64,""cache_lines_per_tag"":0,""association"":0,""latency"":0,""type"":{""Data"":1,""Instruction"":0,""CPU"":0,""HSACU"":1}},{""processor_id_low"":2147487746,""size"":16,""level"":1,""cache_line_size"":64,""cache_lines_per_tag"":0,""association"":0,""latency"":0,""type"":{""Data"":1,""Instruction"":0,""CPU"":0,""HSACU"":1}},{""processor_id_low"":2147487748,""size"":16,""level"":1,""cache_line_size"":64,""cache_lines_per_tag"":0,""association"":0,""latency"":0,""type"":{""Data"":1,""Instruction"":0,""CPU"":0,""HSACU"":1}},{""processor_id_low"":2147487750,""size"":16,""level"":1,""cache_line_size"":64,""cache_lines_per_tag"":0,""association"":0,""latency"":0,""type"":{""Data"":1,""Instruction"":0,""CPU"":0,""HSACU"":1}},{""processor_id_low"":2147487752,""size"":16,""level"":1,""cache_line_size"":64,""cache_lines_per_tag"":0,""association"":0,""latency"":0,""type"":{""Data"":1,""Instruction"":0,""CPU"":0,""HSACU"":1}},{""processor_id_low"":2147487754,""size"":16,""level"":1,""cache_line_size"":64,""cache_lines_per_tag"":0,""association"":0,""latency"":0,""type"":{""Data"":1,""Instruction"":0,""CPU"":0,""HSACU"":1}},{""processor_id_low"":2147487756,""size"":16,""level"":1,""cache_line_size"":64,""cache_lines_per_tag"":0,""association"":0,""latency"":0,""type"":{""Data"":1,""Instruction"":0,""CPU"":0,""HSACU"":1}},{""processor_id_low"":2147487758,""size"":16,""level"":1,""cache_line_size"":64,""cache_lines_per_tag"":0,""association"":0,""latency"":0,""type"":{""Data"":1,""Instruction"":0,""CPU"":0,""HSACU"":1}},{""processor_id_low"":2147487760,""size"":16,""level"":1,""cache_line_size"":64,""cache_lines_per_tag"":0,""association"":0,""latency"":0,""type"":{""Data"":1,""Instruction"":0,""CPU"":0,""HSACU"":1}},{""processor_id_low"":2147487762,""size"":16,""level"":1,""cache_line_size"":64,""cache_lines_per_tag"":0,""association"":0,""latency"":0,""type"":{""Data"":1,""Instruction"":0,""CPU"":0,""HSACU"":1}},{""processor_id_low"":2147487764,""size"":16,""level"":1,""cache_line_size"":64,""cache_lines_per_tag"":0,""association"":0,""latency"":0,""type"":{""Data"":1,""Instruction"":0,""CPU"":0,""HSACU"":1}},{""processor_id_low"":2147487766,""size"":16,""level"":1,""cache_line_size"":64,""cache_lines_per_tag"":0,""association"":0,""latency"":0,""type"":{""Data"":1,""Instruction"":0,""CPU"":0,""HSACU"":1}},{""processor_id_low"":2147487768,""size"":16,""level"":1,""cache_line_size"":64,""cache_lines_per_tag"":0,""association"":0,""latency"":0,""type"":{""Data"":1,""Instruction"":0,""CPU"":0,""HSACU"":1}},{""processor_id_low"":2147487770,""size"":16,""level"":1,""cache_line_size"":64,""cache_lines_per_tag"":0,""association"":0,""latency"":0,""type"":{""Data"":1,""Instruction"":0,""CPU"":0,""HSACU"":1}},{""processor_id_low"":2147487772,""size"":16,""level"":1,""cache_line_size"":64,""cache_lines_per_tag"":0,""association"":0,""latency"":0,""type"":{""Data"":1,""Instruction"":0,""CPU"":0,""HSACU"":1}},{""processor_id_low"":2147487774,""size"":16,""level"":1,""cache_line_size"":64,""cache_lines_per_tag"":0,""association"":0,""latency"":0,""type"":{""Data"":1,""Instruction"":0,""CPU"":0,""HSACU"":1}},{""processor_id_low"":2147487776,""size"":16,""level"":1,""cache_line_size"":64,""cache_lines_per_tag"":0,""association"":0,""latency"":0,""type"":{""Data"":1,""Instruction"":0,""CPU"":0,""HSACU"":1}},{""processor_id_low"":2147487778,""size"":16,""level"":1,""cache_line_size"":64,""cache_lines_per_tag"":0,""association"":0,""latency"":0,""type"":{""Data"":1,""Instruction"":0,""CPU"":0,""HSACU"":1}},{""processor_id_low"":2147487780,""size"":16,""level"":1,""cache_line_size"":64,""cache_lines_per_tag"":0,""association"":0,""latency"":0,""type"":{""Data"":1,""Instruction"":0,""CPU"":0,""HSACU"":1}},{""processor_id_low"":2147487782,""size"":16,""level"":1,""cache_line_size"":64,""cache_lines_per_tag"":0,""association"":0,""latency"":0,""type"":{""Data"":1,""Instruction"":0,""CPU"":0,""HSACU"":1}},{""processor_id_low"":2147487744,""size"":256,""level"":1,""cache_line_size"":128,""cache_lines_per_tag"":0,""association"":0,""latency"":0,""type"":{""Data"":1,""Instruction"":0,""CPU"":0,""HSACU"":1}},{""processor_id_low"":2147487754,""size"":256,""level"":1,""cache_line_size"":128,""cache_lines_per_tag"":0,""association"":0,""latency"":0,""type"":{""Data"":1,""Instruction"":0,""CPU"":0,""HSACU"":1}},{""processor_id_low"":2147487764,""size"":256,""level"":1,""cache_line_size"":128,""cache_lines_per_tag"":0,""association"":0,""latency"":0,""type"":{""Data"":1,""Instruction"":0,""CPU"":0,""HSACU"":1}},{""processor_id_low"":2147487774,""size"":256,""level"":1,""cache_line_size"":128,""cache_lines_per_tag"":0,""association"":0,""latency"":0,""type"":{""Data"":1,""Instruction"":0,""CPU"":0,""HSACU"":1}},{""processor_id_low"":2147487744,""size"":2048,""level"":2,""cache_line_size"":128,""cache_lines_per_tag"":0,""association"":0,""latency"":0,""type"":{""Data"":1,""Instruction"":0,""CPU"":0,""HSACU"":1}},{""processor_id_low"":2147487744,""size"":32768,""level"":3,""cache_line_size"":64,""cache_lines_per_tag"":0,""association"":0,""latency"":0,""type"":{""Data"":1,""Instruction"":0,""CPU"":0,""HSACU"":1}}],""io_links"":[{""type"":2,""version_major"":0,""version_minor"":0,""node_from"":1,""node_to"":0,""weight"":20,""min_latency"":0,""max_latency"":0,""min_bandwidth"":0,""max_bandwidth"":32000,""recommended_transfer_size"":0,""flags"":{""Override"":1,""NonCoherent"":0,""NoAtomics32bit"":0,""NoAtomics64bit"":0,""NoPeerToPeerDMA"":0}}],""gpu_index"":0}"
8070450532247928832,00003c5b-9dfe-7dfe-83fa-39891226e1cb,1655282045,1259735,,,,,KFD_EVENT_PAGE_MIGRATE,KFD_EVENT_PAGE_MIGRATE,"KFD page migration events","",rocm,"",ABS,KFD,,0,0,{}
8070450532247928833,00003c5b-9dfe-7dfe-83fa-39891226e1cb,1655282045,1259735,,,,,KFD_EVENT_PAGE_FAULT,KFD_EVENT_PAGE_FAULT,"KFD page fault events","",rocm,"",ABS,KFD,,0,0,{}
8070450532247928834,00003c5b-9dfe-7dfe-83fa-39891226e1cb,1655282045,1259735,,,,,KFD_EVENT_QUEUE,KFD_EVENT_QUEUE,"KFD queue eviction/restore events","",rocm,"",ABS,KFD,,0,0,{}
8070450532247928835,00003c5b-9dfe-7dfe-83fa-39891226e1cb,1655282045,1259735,,,,,KFD_EVENT_UNMAP_FROM_GPU,KFD_EVENT_UNMAP_FROM_GPU,"KFD unmap from GPU events","",rocm,"",ABS,KFD,,0,0,{}
8070450532247928836,00003c5b-9dfe-7dfe-83fa-39891226e1cb,1655282045,1259735,,,,,KFD_EVENT_DROPPED_EVENTS,KFD_EVENT_DROPPED_EVENTS,"KFD dropped_events events","",rocm,"",ABS,KFD,,0,0,{}
8070450532247928837,00003c5b-9dfe-7dfe-83fa-39891226e1cb,1655282045,1259735,,,,,KFD_PAGE_MIGRATE,KFD_PAGE_MIGRATE,"KFD page migration paired records","",rocm,"",ABS,KFD,,0,0,{}
8070450532247928838,00003c5b-9dfe-7dfe-83fa-39891226e1cb,1655282045,1259735,,,,,KFD_PAGE_FAULT,KFD_PAGE_FAULT,"KFD page fault paired records","",rocm,"",ABS,KFD,,0,0,{}
8070450532247928839,00003c5b-9dfe-7dfe-83fa-39891226e1cb,1655282045,1259735,,,,,KFD_QUEUE,KFD_QUEUE,"KFD queue eviction/restore paired records","",rocm,"",ABS,KFD,,0,0,{}

=== TABLE: rocpd_pmc_event ===id,guid,event_id,pmc_id,value,extdata
1,00003c5b-9dfe-7dfe-83fa-39891226e1cb,1,2286,125778.0,{}
2,00003c5b-9dfe-7dfe-83fa-39891226e1cb,1,3101,65551.0,{}
3,00003c5b-9dfe-7dfe-83fa-39891226e1cb,1,3101,65767.0,{}
4,00003c5b-9dfe-7dfe-83fa-39891226e1cb,1,3101,65832.0,{}
5,00003c5b-9dfe-7dfe-83fa-39891226e1cb,1,3101,65593.0,{}
6,00003c5b-9dfe-7dfe-83fa-39891226e1cb,1,3101,65702.0,{}
7,00003c5b-9dfe-7dfe-83fa-39891226e1cb,1,3101,61959.0,{}
8,00003c5b-9dfe-7dfe-83fa-39891226e1cb,1,3101,65845.0,{}
9,00003c5b-9dfe-7dfe-83fa-39891226e1cb,1,3101,65864.0,{}
10,00003c5b-9dfe-7dfe-83fa-39891226e1cb,1,3101,66044.0,{}
11,00003c5b-9dfe-7dfe-83fa-39891226e1cb,1,3101,66040.0,{}
12,00003c5b-9dfe-7dfe-83fa-39891226e1cb,1,3101,64645.0,{}
13,00003c5b-9dfe-7dfe-83fa-39891226e1cb,1,3101,65539.0,{}
14,00003c5b-9dfe-7dfe-83fa-39891226e1cb,1,3101,65498.0,{}
15,00003c5b-9dfe-7dfe-83fa-39891226e1cb,1,3101,65497.0,{}
16,00003c5b-9dfe-7dfe-83fa-39891226e1cb,1,3101,65585.0,{}
17,00003c5b-9dfe-7dfe-83fa-39891226e1cb,1,3101,66112.0,{}
18,00003c5b-9dfe-7dfe-83fa-39891226e1cb,1,3101,64665.0,{}
19,00003c5b-9dfe-7dfe-83fa-39891226e1cb,1,3101,65935.0,{}
20,00003c5b-9dfe-7dfe-83fa-39891226e1cb,1,3101,66095.0,{}
21,00003c5b-9dfe-7dfe-83fa-39891226e1cb,1,3101,66044.0,{}
22,00003c5b-9dfe-7dfe-83fa-39891226e1cb,2,2286,73198.0,{}
23,00003c5b-9dfe-7dfe-83fa-39891226e1cb,2,3101,61477.0,{}
24,00003c5b-9dfe-7dfe-83fa-39891226e1cb,2,3101,61473.0,{}
25,00003c5b-9dfe-7dfe-83fa-39891226e1cb,2,3101,61476.0,{}
26,00003c5b-9dfe-7dfe-83fa-39891226e1cb,2,3101,61607.0,{}
27,00003c5b-9dfe-7dfe-83fa-39891226e1cb,2,3101,60873.0,{}
28,00003c5b-9dfe-7dfe-83fa-39891226e1cb,2,3101,62607.0,{}
29,00003c5b-9dfe-7dfe-83fa-39891226e1cb,2,3101,62607.0,{}
30,00003c5b-9dfe-7dfe-83fa-39891226e1cb,2,3101,60915.0,{}
31,00003c5b-9dfe-7dfe-83fa-39891226e1cb,2,3101,62708.0,{}
32,00003c5b-9dfe-7dfe-83fa-39891226e1cb,2,3101,62826.0,{}
33,00003c5b-9dfe-7dfe-83fa-39891226e1cb,2,3101,61231.0,{}
34,00003c5b-9dfe-7dfe-83fa-39891226e1cb,2,3101,63273.0,{}
35,00003c5b-9dfe-7dfe-83fa-39891226e1cb,2,3101,63253.0,{}
36,00003c5b-9dfe-7dfe-83fa-39891226e1cb,2,3101,63270.0,{}
37,00003c5b-9dfe-7dfe-83fa-39891226e1cb,2,3101,63360.0,{}
38,00003c5b-9dfe-7dfe-83fa-39891226e1cb,2,3101,61595.0,{}
39,00003c5b-9dfe-7dfe-83fa-39891226e1cb,2,3101,61563.0,{}
40,00003c5b-9dfe-7dfe-83fa-39891226e1cb,2,3101,60682.0,{}
41,00003c5b-9dfe-7dfe-83fa-39891226e1cb,2,3101,60854.0,{}
42,00003c5b-9dfe-7dfe-83fa-39891226e1cb,2,3101,61110.0,{}
43,00003c5b-9dfe-7dfe-83fa-39891226e1cb,3,2286,27422.0,{}
44,00003c5b-9dfe-7dfe-83fa-39891226e1cb,3,3101,16393.0,{}
45,00003c5b-9dfe-7dfe-83fa-39891226e1cb,3,3101,16274.0,{}
46,00003c5b-9dfe-7dfe-83fa-39891226e1cb,3,3101,16258.0,{}
47,00003c5b-9dfe-7dfe-83fa-39891226e1cb,3,3101,16086.0,{}
48,00003c5b-9dfe-7dfe-83fa-39891226e1cb,3,3101,16004.0,{}
49,00003c5b-9dfe-7dfe-83fa-39891226e1cb,3,3101,16321.0,{}
50,00003c5b-9dfe-7dfe-83fa-39891226e1cb,3,3101,16185.0,{}
51,00003c5b-9dfe-7dfe-83fa-39891226e1cb,3,3101,16283.0,{}
52,00003c5b-9dfe-7dfe-83fa-39891226e1cb,3,3101,16331.0,{}
53,00003c5b-9dfe-7dfe-83fa-39891226e1cb,3,3101,16314.0,{}
54,00003c5b-9dfe-7dfe-83fa-39891226e1cb,3,3101,15649.0,{}
55,00003c5b-9dfe-7dfe-83fa-39891226e1cb,3,3101,15488.0,{}
56,00003c5b-9dfe-7dfe-83fa-39891226e1cb,3,3101,15661.0,{}
57,00003c5b-9dfe-7dfe-83fa-39891226e1cb,3,3101,15433.0,{}
58,00003c5b-9dfe-7dfe-83fa-39891226e1cb,3,3101,15729.0,{}
59,00003c5b-9dfe-7dfe-83fa-39891226e1cb,3,3101,15251.0,{}
60,00003c5b-9dfe-7dfe-83fa-39891226e1cb,3,3101,15084.0,{}
61,00003c5b-9dfe-7dfe-83fa-39891226e1cb,3,3101,15055.0,{}
62,00003c5b-9dfe-7dfe-83fa-39891226e1cb,3,3101,15015.0,{}
63,00003c5b-9dfe-7dfe-83fa-39891226e1cb,3,3101,14975.0,{}
64,00003c5b-9dfe-7dfe-83fa-39891226e1cb,4,2286,16814225.0,{}
65,00003c5b-9dfe-7dfe-83fa-39891226e1cb,4,3101,14320151.0,{}
66,00003c5b-9dfe-7dfe-83fa-39891226e1cb,4,3101,14382062.0,{}
67,00003c5b-9dfe-7dfe-83fa-39891226e1cb,4,3101,14382309.0,{}
68,00003c5b-9dfe-7dfe-83fa-39891226e1cb,4,3101,14353235.0,{}
69,00003c5b-9dfe-7dfe-83fa-39891226e1cb,4,3101,14334069.0,{}
70,00003c5b-9dfe-7dfe-83fa-39891226e1cb,4,3101,14295487.0,{}
71,00003c5b-9dfe-7dfe-83fa-39891226e1cb,4,3101,14471235.0,{}
72,00003c5b-9dfe-7dfe-83fa-39891226e1cb,4,3101,14456851.0,{}
73,00003c5b-9dfe-7dfe-83fa-39891226e1cb,4,3101,14376322.0,{}
74,00003c5b-9dfe-7dfe-83fa-39891226e1cb,4,3101,14383749.0,{}
75,00003c5b-9dfe-7dfe-83fa-39891226e1cb,4,3101,16637995.0,{}
76,00003c5b-9dfe-7dfe-83fa-39891226e1cb,4,3101,16752828.0,{}
77,00003c5b-9dfe-7dfe-83fa-39891226e1cb,4,3101,16592089.0,{}
78,00003c5b-9dfe-7dfe-83fa-39891226e1cb,4,3101,16758061.0,{}
79,00003c5b-9dfe-7dfe-83fa-39891226e1cb,4,3101,16802503.0,{}
80,00003c5b-9dfe-7dfe-83fa-39891226e1cb,4,3101,16457422.0,{}
81,00003c5b-9dfe-7dfe-83fa-39891226e1cb,4,3101,16514204.0,{}
82,00003c5b-9dfe-7dfe-83fa-39891226e1cb,4,3101,16472241.0,{}
83,00003c5b-9dfe-7dfe-83fa-39891226e1cb,4,3101,16418244.0,{}
84,00003c5b-9dfe-7dfe-83fa-39891226e1cb,4,3101,16455946.0,{}
85,00003c5b-9dfe-7dfe-83fa-39891226e1cb,5,2286,14071997.0,{}
86,00003c5b-9dfe-7dfe-83fa-39891226e1cb,5,3101,13684306.0,{}
87,00003c5b-9dfe-7dfe-83fa-39891226e1cb,5,3101,13924684.0,{}
88,00003c5b-9dfe-7dfe-83fa-39891226e1cb,5,3101,13868063.0,{}
89,00003c5b-9dfe-7dfe-83fa-39891226e1cb,5,3101,13922787.0,{}
90,00003c5b-9dfe-7dfe-83fa-39891226e1cb,5,3101,13994477.0,{}
91,00003c5b-9dfe-7dfe-83fa-39891226e1cb,5,3101,14060422.0,{}
92,00003c5b-9dfe-7dfe-83fa-39891226e1cb,5,3101,13875017.0,{}
93,00003c5b-9dfe-7dfe-83fa-39891226e1cb,5,3101,13992551.0,{}
94,00003c5b-9dfe-7dfe-83fa-39891226e1cb,5,3101,13933695.0,{}
95,00003c5b-9dfe-7dfe-83fa-39891226e1cb,5,3101,13943390.0,{}
96,00003c5b-9dfe-7dfe-83fa-39891226e1cb,5,3101,12168659.0,{}
97,00003c5b-9dfe-7dfe-83fa-39891226e1cb,5,3101,12400535.0,{}
98,00003c5b-9dfe-7dfe-83fa-39891226e1cb,5,3101,12411892.0,{}
99,00003c5b-9dfe-7dfe-83fa-39891226e1cb,5,3101,12404063.0,{}
100,00003c5b-9dfe-7dfe-83fa-39891226e1cb,5,3101,12171170.0,{}
101,00003c5b-9dfe-7dfe-83fa-39891226e1cb,5,3101,12219091.0,{}
102,00003c5b-9dfe-7dfe-83fa-39891226e1cb,5,3101,12159398.0,{}
103,00003c5b-9dfe-7dfe-83fa-39891226e1cb,5,3101,12076384.0,{}
104,00003c5b-9dfe-7dfe-83fa-39891226e1cb,5,3101,12082195.0,{}
105,00003c5b-9dfe-7dfe-83fa-39891226e1cb,5,3101,12145108.0,{}
106,00003c5b-9dfe-7dfe-83fa-39891226e1cb,6,2286,14131454.0,{}
107,00003c5b-9dfe-7dfe-83fa-39891226e1cb,6,3101,12987148.0,{}
108,00003c5b-9dfe-7dfe-83fa-39891226e1cb,6,3101,12982586.0,{}
109,00003c5b-9dfe-7dfe-83fa-39891226e1cb,6,3101,12590364.0,{}
110,00003c5b-9dfe-7dfe-83fa-39891226e1cb,6,3101,13219568.0,{}
111,00003c5b-9dfe-7dfe-83fa-39891226e1cb,6,3101,12737438.0,{}
112,00003c5b-9dfe-7dfe-83fa-39891226e1cb,6,3101,13979547.0,{}
113,00003c5b-9dfe-7dfe-83fa-39891226e1cb,6,3101,14063508.0,{}
114,00003c5b-9dfe-7dfe-83fa-39891226e1cb,6,3101,13815517.0,{}
115,00003c5b-9dfe-7dfe-83fa-39891226e1cb,6,3101,13617954.0,{}
116,00003c5b-9dfe-7dfe-83fa-39891226e1cb,6,3101,14120111.0,{}
117,00003c5b-9dfe-7dfe-83fa-39891226e1cb,6,3101,13503104.0,{}
118,00003c5b-9dfe-7dfe-83fa-39891226e1cb,6,3101,13513111.0,{}
119,00003c5b-9dfe-7dfe-83fa-39891226e1cb,6,3101,13527649.0,{}
120,00003c5b-9dfe-7dfe-83fa-39891226e1cb,6,3101,13500142.0,{}
121,00003c5b-9dfe-7dfe-83fa-39891226e1cb,6,3101,13499454.0,{}
122,00003c5b-9dfe-7dfe-83fa-39891226e1cb,6,3101,13515724.0,{}
123,00003c5b-9dfe-7dfe-83fa-39891226e1cb,6,3101,13517857.0,{}
124,00003c5b-9dfe-7dfe-83fa-39891226e1cb,6,3101,13495247.0,{}
125,00003c5b-9dfe-7dfe-83fa-39891226e1cb,6,3101,13523853.0,{}
126,00003c5b-9dfe-7dfe-83fa-39891226e1cb,6,3101,13258476.0,{}
127,00003c5b-9dfe-7dfe-83fa-39891226e1cb,7,2286,13824999.0,{}
128,00003c5b-9dfe-7dfe-83fa-39891226e1cb,7,3101,13730089.0,{}
129,00003c5b-9dfe-7dfe-83fa-39891226e1cb,7,3101,13744240.0,{}
130,00003c5b-9dfe-7dfe-83fa-39891226e1cb,7,3101,13772964.0,{}
131,00003c5b-9dfe-7dfe-83fa-39891226e1cb,7,3101,13686139.0,{}
132,00003c5b-9dfe-7dfe-83fa-39891226e1cb,7,3101,13705956.0,{}
133,00003c5b-9dfe-7dfe-83fa-39891226e1cb,7,3101,13557929.0,{}
134,00003c5b-9dfe-7dfe-83fa-39891226e1cb,7,3101,13813560.0,{}
135,00003c5b-9dfe-7dfe-83fa-39891226e1cb,7,3101,13733653.0,{}
136,00003c5b-9dfe-7dfe-83fa-39891226e1cb,7,3101,13544804.0,{}
137,00003c5b-9dfe-7dfe-83fa-39891226e1cb,7,3101,13812696.0,{}
138,00003c5b-9dfe-7dfe-83fa-39891226e1cb,7,3101,13103695.0,{}
139,00003c5b-9dfe-7dfe-83fa-39891226e1cb,7,3101,12566156.0,{}
140,00003c5b-9dfe-7dfe-83fa-39891226e1cb,7,3101,12881850.0,{}
141,00003c5b-9dfe-7dfe-83fa-39891226e1cb,7,3101,12798617.0,{}
142,00003c5b-9dfe-7dfe-83fa-39891226e1cb,7,3101,12853910.0,{}
143,00003c5b-9dfe-7dfe-83fa-39891226e1cb,7,3101,13140834.0,{}
144,00003c5b-9dfe-7dfe-83fa-39891226e1cb,7,3101,12961893.0,{}
145,00003c5b-9dfe-7dfe-83fa-39891226e1cb,7,3101,12994066.0,{}
146,00003c5b-9dfe-7dfe-83fa-39891226e1cb,7,3101,12952468.0,{}
147,00003c5b-9dfe-7dfe-83fa-39891226e1cb,7,3101,12967732.0,{}
148,00003c5b-9dfe-7dfe-83fa-39891226e1cb,8,2286,13443375.0,{}
149,00003c5b-9dfe-7dfe-83fa-39891226e1cb,8,3101,12867936.0,{}
150,00003c5b-9dfe-7dfe-83fa-39891226e1cb,8,3101,12920563.0,{}
151,00003c5b-9dfe-7dfe-83fa-39891226e1cb,8,3101,12810129.0,{}
152,00003c5b-9dfe-7dfe-83fa-39891226e1cb,8,3101,12925849.0,{}
153,00003c5b-9dfe-7dfe-83fa-39891226e1cb,8,3101,12928360.0,{}
154,00003c5b-9dfe-7dfe-83fa-39891226e1cb,8,3101,12935471.0,{}
155,00003c5b-9dfe-7dfe-83fa-39891226e1cb,8,3101,12781243.0,{}
156,00003c5b-9dfe-7dfe-83fa-39891226e1cb,8,3101,12845809.0,{}
157,00003c5b-9dfe-7dfe-83fa-39891226e1cb,8,3101,12793714.0,{}
158,00003c5b-9dfe-7dfe-83fa-39891226e1cb,8,3101,12921074.0,{}
159,00003c5b-9dfe-7dfe-83fa-39891226e1cb,8,3101,13264174.0,{}
160,00003c5b-9dfe-7dfe-83fa-39891226e1cb,8,3101,13355360.0,{}
161,00003c5b-9dfe-7dfe-83fa-39891226e1cb,8,3101,13351407.0,{}
162,00003c5b-9dfe-7dfe-83fa-39891226e1cb,8,3101,13432215.0,{}
163,00003c5b-9dfe-7dfe-83fa-39891226e1cb,8,3101,13238704.0,{}
164,00003c5b-9dfe-7dfe-83fa-39891226e1cb,8,3101,13126094.0,{}
165,00003c5b-9dfe-7dfe-83fa-39891226e1cb,8,3101,13269131.0,{}
166,00003c5b-9dfe-7dfe-83fa-39891226e1cb,8,3101,13288783.0,{}
167,00003c5b-9dfe-7dfe-83fa-39891226e1cb,8,3101,13149175.0,{}
168,00003c5b-9dfe-7dfe-83fa-39891226e1cb,8,3101,13298451.0,{}
169,00003c5b-9dfe-7dfe-83fa-39891226e1cb,9,2286,14490128.0,{}
170,00003c5b-9dfe-7dfe-83fa-39891226e1cb,9,3101,11744509.0,{}
171,00003c5b-9dfe-7dfe-83fa-39891226e1cb,9,3101,11466068.0,{}
172,00003c5b-9dfe-7dfe-83fa-39891226e1cb,9,3101,11853931.0,{}
173,00003c5b-9dfe-7dfe-83fa-39891226e1cb,9,3101,11539129.0,{}
174,00003c5b-9dfe-7dfe-83fa-39891226e1cb,9,3101,11489177.0,{}
175,00003c5b-9dfe-7dfe-83fa-39891226e1cb,9,3101,13109001.0,{}
176,00003c5b-9dfe-7dfe-83fa-39891226e1cb,9,3101,13097803.0,{}
177,00003c5b-9dfe-7dfe-83fa-39891226e1cb,9,3101,13175542.0,{}
178,00003c5b-9dfe-7dfe-83fa-39891226e1cb,9,3101,13172498.0,{}
179,00003c5b-9dfe-7dfe-83fa-39891226e1cb,9,3101,13163613.0,{}
180,00003c5b-9dfe-7dfe-83fa-39891226e1cb,9,3101,14478593.0,{}
181,00003c5b-9dfe-7dfe-83fa-39891226e1cb,9,3101,14420939.0,{}
182,00003c5b-9dfe-7dfe-83fa-39891226e1cb,9,3101,14314956.0,{}
183,00003c5b-9dfe-7dfe-83fa-39891226e1cb,9,3101,14360405.0,{}
184,00003c5b-9dfe-7dfe-83fa-39891226e1cb,9,3101,14228032.0,{}
185,00003c5b-9dfe-7dfe-83fa-39891226e1cb,9,3101,14004169.0,{}
186,00003c5b-9dfe-7dfe-83fa-39891226e1cb,9,3101,14264623.0,{}
187,00003c5b-9dfe-7dfe-83fa-39891226e1cb,9,3101,14274841.0,{}
188,00003c5b-9dfe-7dfe-83fa-39891226e1cb,9,3101,14103242.0,{}
189,00003c5b-9dfe-7dfe-83fa-39891226e1cb,9,3101,14270155.0,{}
190,00003c5b-9dfe-7dfe-83fa-39891226e1cb,10,2286,14006690.0,{}
191,00003c5b-9dfe-7dfe-83fa-39891226e1cb,10,3101,13540405.0,{}
192,00003c5b-9dfe-7dfe-83fa-39891226e1cb,10,3101,13798774.0,{}
193,00003c5b-9dfe-7dfe-83fa-39891226e1cb,10,3101,13524728.0,{}
194,00003c5b-9dfe-7dfe-83fa-39891226e1cb,10,3101,13820755.0,{}
195,00003c5b-9dfe-7dfe-83fa-39891226e1cb,10,3101,13853470.0,{}
196,00003c5b-9dfe-7dfe-83fa-39891226e1cb,10,3101,13931515.0,{}
197,00003c5b-9dfe-7dfe-83fa-39891226e1cb,10,3101,13966222.0,{}
198,00003c5b-9dfe-7dfe-83fa-39891226e1cb,10,3101,13841808.0,{}
199,00003c5b-9dfe-7dfe-83fa-39891226e1cb,10,3101,13995175.0,{}
200,00003c5b-9dfe-7dfe-83fa-39891226e1cb,10,3101,13976160.0,{}
201,00003c5b-9dfe-7dfe-83fa-39891226e1cb,10,3101,12434368.0,{}
202,00003c5b-9dfe-7dfe-83fa-39891226e1cb,10,3101,12313003.0,{}
203,00003c5b-9dfe-7dfe-83fa-39891226e1cb,10,3101,12453115.0,{}
204,00003c5b-9dfe-7dfe-83fa-39891226e1cb,10,3101,12381671.0,{}
205,00003c5b-9dfe-7dfe-83fa-39891226e1cb,10,3101,12383612.0,{}
206,00003c5b-9dfe-7dfe-83fa-39891226e1cb,10,3101,12415531.0,{}
207,00003c5b-9dfe-7dfe-83fa-39891226e1cb,10,3101,12431746.0,{}
208,00003c5b-9dfe-7dfe-83fa-39891226e1cb,10,3101,12406113.0,{}
209,00003c5b-9dfe-7dfe-83fa-39891226e1cb,10,3101,12276960.0,{}
210,00003c5b-9dfe-7dfe-83fa-39891226e1cb,10,3101,12232591.0,{}
211,00003c5b-9dfe-7dfe-83fa-39891226e1cb,11,2286,13298225.0,{}
212,00003c5b-9dfe-7dfe-83fa-39891226e1cb,11,3101,13216633.0,{}
213,00003c5b-9dfe-7dfe-83fa-39891226e1cb,11,3101,13240940.0,{}
214,00003c5b-9dfe-7dfe-83fa-39891226e1cb,11,3101,13287074.0,{}
215,00003c5b-9dfe-7dfe-83fa-39891226e1cb,11,3101,13127525.0,{}
216,00003c5b-9dfe-7dfe-83fa-39891226e1cb,11,3101,13136429.0,{}
217,00003c5b-9dfe-7dfe-83fa-39891226e1cb,11,3101,13058711.0,{}
218,00003c5b-9dfe-7dfe-83fa-39891226e1cb,11,3101,12954967.0,{}
219,00003c5b-9dfe-7dfe-83fa-39891226e1cb,11,3101,13136119.0,{}
220,00003c5b-9dfe-7dfe-83fa-39891226e1cb,11,3101,13047910.0,{}
221,00003c5b-9dfe-7dfe-83fa-39891226e1cb,11,3101,13120488.0,{}
222,00003c5b-9dfe-7dfe-83fa-39891226e1cb,11,3101,12602274.0,{}
223,00003c5b-9dfe-7dfe-83fa-39891226e1cb,11,3101,12669547.0,{}
224,00003c5b-9dfe-7dfe-83fa-39891226e1cb,11,3101,12604554.0,{}
225,00003c5b-9dfe-7dfe-83fa-39891226e1cb,11,3101,12585645.0,{}
226,00003c5b-9dfe-7dfe-83fa-39891226e1cb,11,3101,12644858.0,{}
227,00003c5b-9dfe-7dfe-83fa-39891226e1cb,11,3101,12592101.0,{}
228,00003c5b-9dfe-7dfe-83fa-39891226e1cb,11,3101,12595487.0,{}
229,00003c5b-9dfe-7dfe-83fa-39891226e1cb,11,3101,12596370.0,{}
230,00003c5b-9dfe-7dfe-83fa-39891226e1cb,11,3101,12586948.0,{}
231,00003c5b-9dfe-7dfe-83fa-39891226e1cb,11,3101,12583403.0,{}
232,00003c5b-9dfe-7dfe-83fa-39891226e1cb,12,2286,12843034.0,{}
233,00003c5b-9dfe-7dfe-83fa-39891226e1cb,12,3101,12710516.0,{}
234,00003c5b-9dfe-7dfe-83fa-39891226e1cb,12,3101,12772292.0,{}
235,00003c5b-9dfe-7dfe-83fa-39891226e1cb,12,3101,12766518.0,{}
236,00003c5b-9dfe-7dfe-83fa-39891226e1cb,12,3101,12777101.0,{}
237,00003c5b-9dfe-7dfe-83fa-39891226e1cb,12,3101,12721477.0,{}
238,00003c5b-9dfe-7dfe-83fa-39891226e1cb,12,3101,12832139.0,{}
239,00003c5b-9dfe-7dfe-83fa-39891226e1cb,12,3101,12783419.0,{}
240,00003c5b-9dfe-7dfe-83fa-39891226e1cb,12,3101,12667943.0,{}
241,00003c5b-9dfe-7dfe-83fa-39891226e1cb,12,3101,12685154.0,{}
242,00003c5b-9dfe-7dfe-83fa-39891226e1cb,12,3101,12593291.0,{}
243,00003c5b-9dfe-7dfe-83fa-39891226e1cb,12,3101,11633793.0,{}
244,00003c5b-9dfe-7dfe-83fa-39891226e1cb,12,3101,11623324.0,{}
245,00003c5b-9dfe-7dfe-83fa-39891226e1cb,12,3101,11404695.0,{}
246,00003c5b-9dfe-7dfe-83fa-39891226e1cb,12,3101,11725854.0,{}
247,00003c5b-9dfe-7dfe-83fa-39891226e1cb,12,3101,11498020.0,{}
248,00003c5b-9dfe-7dfe-83fa-39891226e1cb,12,3101,11608985.0,{}
249,00003c5b-9dfe-7dfe-83fa-39891226e1cb,12,3101,11535753.0,{}
250,00003c5b-9dfe-7dfe-83fa-39891226e1cb,12,3101,11643937.0,{}
251,00003c5b-9dfe-7dfe-83fa-39891226e1cb,12,3101,11591731.0,{}
252,00003c5b-9dfe-7dfe-83fa-39891226e1cb,12,3101,11590385.0,{}
253,00003c5b-9dfe-7dfe-83fa-39891226e1cb,13,2286,13132559.0,{}
254,00003c5b-9dfe-7dfe-83fa-39891226e1cb,13,3101,12373514.0,{}
255,00003c5b-9dfe-7dfe-83fa-39891226e1cb,13,3101,12132521.0,{}
256,00003c5b-9dfe-7dfe-83fa-39891226e1cb,13,3101,12203815.0,{}
257,00003c5b-9dfe-7dfe-83fa-39891226e1cb,13,3101,12079954.0,{}
258,00003c5b-9dfe-7dfe-83fa-39891226e1cb,13,3101,12134213.0,{}
259,00003c5b-9dfe-7dfe-83fa-39891226e1cb,13,3101,12261583.0,{}
260,00003c5b-9dfe-7dfe-83fa-39891226e1cb,13,3101,12288920.0,{}
261,00003c5b-9dfe-7dfe-83fa-39891226e1cb,13,3101,12219361.0,{}
262,00003c5b-9dfe-7dfe-83fa-39891226e1cb,13,3101,12195875.0,{}
263,00003c5b-9dfe-7dfe-83fa-39891226e1cb,13,3101,12255847.0,{}
264,00003c5b-9dfe-7dfe-83fa-39891226e1cb,13,3101,12654501.0,{}
265,00003c5b-9dfe-7dfe-83fa-39891226e1cb,13,3101,12825745.0,{}
266,00003c5b-9dfe-7dfe-83fa-39891226e1cb,13,3101,12925619.0,{}
267,00003c5b-9dfe-7dfe-83fa-39891226e1cb,13,3101,12656662.0,{}
268,00003c5b-9dfe-7dfe-83fa-39891226e1cb,13,3101,12665241.0,{}
269,00003c5b-9dfe-7dfe-83fa-39891226e1cb,13,3101,12864889.0,{}
270,00003c5b-9dfe-7dfe-83fa-39891226e1cb,13,3101,12847529.0,{}
271,00003c5b-9dfe-7dfe-83fa-39891226e1cb,13,3101,13120926.0,{}
272,00003c5b-9dfe-7dfe-83fa-39891226e1cb,13,3101,12921989.0,{}
273,00003c5b-9dfe-7dfe-83fa-39891226e1cb,13,3101,12892894.0,{}
274,00003c5b-9dfe-7dfe-83fa-39891226e1cb,14,2286,13693445.0,{}
275,00003c5b-9dfe-7dfe-83fa-39891226e1cb,14,3101,12894008.0,{}
276,00003c5b-9dfe-7dfe-83fa-39891226e1cb,14,3101,12889895.0,{}
277,00003c5b-9dfe-7dfe-83fa-39891226e1cb,14,3101,12903200.0,{}
278,00003c5b-9dfe-7dfe-83fa-39891226e1cb,14,3101,12877084.0,{}
279,00003c5b-9dfe-7dfe-83fa-39891226e1cb,14,3101,12915636.0,{}
280,00003c5b-9dfe-7dfe-83fa-39891226e1cb,14,3101,12909663.0,{}
281,00003c5b-9dfe-7dfe-83fa-39891226e1cb,14,3101,12901427.0,{}
282,00003c5b-9dfe-7dfe-83fa-39891226e1cb,14,3101,12903676.0,{}
283,00003c5b-9dfe-7dfe-83fa-39891226e1cb,14,3101,12907439.0,{}
284,00003c5b-9dfe-7dfe-83fa-39891226e1cb,14,3101,12902980.0,{}
285,00003c5b-9dfe-7dfe-83fa-39891226e1cb,14,3101,13367435.0,{}
286,00003c5b-9dfe-7dfe-83fa-39891226e1cb,14,3101,13286975.0,{}
287,00003c5b-9dfe-7dfe-83fa-39891226e1cb,14,3101,13439662.0,{}
288,00003c5b-9dfe-7dfe-83fa-39891226e1cb,14,3101,13432890.0,{}
289,00003c5b-9dfe-7dfe-83fa-39891226e1cb,14,3101,13440406.0,{}
290,00003c5b-9dfe-7dfe-83fa-39891226e1cb,14,3101,13425138.0,{}
291,00003c5b-9dfe-7dfe-83fa-39891226e1cb,14,3101,13549354.0,{}
292,00003c5b-9dfe-7dfe-83fa-39891226e1cb,14,3101,13546499.0,{}
293,00003c5b-9dfe-7dfe-83fa-39891226e1cb,14,3101,13682282.0,{}
294,00003c5b-9dfe-7dfe-83fa-39891226e1cb,14,3101,13658732.0,{}
295,00003c5b-9dfe-7dfe-83fa-39891226e1cb,15,2286,13306279.0,{}
296,00003c5b-9dfe-7dfe-83fa-39891226e1cb,15,3101,13237785.0,{}
297,00003c5b-9dfe-7dfe-83fa-39891226e1cb,15,3101,13221782.0,{}
298,00003c5b-9dfe-7dfe-83fa-39891226e1cb,15,3101,13227445.0,{}
299,00003c5b-9dfe-7dfe-83fa-39891226e1cb,15,3101,13095481.0,{}
300,00003c5b-9dfe-7dfe-83fa-39891226e1cb,15,3101,13238791.0,{}
301,00003c5b-9dfe-7dfe-83fa-39891226e1cb,15,3101,13093871.0,{}
302,00003c5b-9dfe-7dfe-83fa-39891226e1cb,15,3101,13017354.0,{}
303,00003c5b-9dfe-7dfe-83fa-39891226e1cb,15,3101,13121777.0,{}
304,00003c5b-9dfe-7dfe-83fa-39891226e1cb,15,3101,13295237.0,{}
305,00003c5b-9dfe-7dfe-83fa-39891226e1cb,15,3101,13019193.0,{}
306,00003c5b-9dfe-7dfe-83fa-39891226e1cb,15,3101,11541768.0,{}
307,00003c5b-9dfe-7dfe-83fa-39891226e1cb,15,3101,11153969.0,{}
308,00003c5b-9dfe-7dfe-83fa-39891226e1cb,15,3101,11054401.0,{}
309,00003c5b-9dfe-7dfe-83fa-39891226e1cb,15,3101,10997608.0,{}
310,00003c5b-9dfe-7dfe-83fa-39891226e1cb,15,3101,11006683.0,{}
311,00003c5b-9dfe-7dfe-83fa-39891226e1cb,15,3101,11464276.0,{}
312,00003c5b-9dfe-7dfe-83fa-39891226e1cb,15,3101,11508894.0,{}
313,00003c5b-9dfe-7dfe-83fa-39891226e1cb,15,3101,11570451.0,{}
314,00003c5b-9dfe-7dfe-83fa-39891226e1cb,15,3101,11554705.0,{}
315,00003c5b-9dfe-7dfe-83fa-39891226e1cb,15,3101,11495275.0,{}
316,00003c5b-9dfe-7dfe-83fa-39891226e1cb,16,2286,12822500.0,{}
317,00003c5b-9dfe-7dfe-83fa-39891226e1cb,16,3101,12732628.0,{}
318,00003c5b-9dfe-7dfe-83fa-39891226e1cb,16,3101,12725407.0,{}
319,00003c5b-9dfe-7dfe-83fa-39891226e1cb,16,3101,12810878.0,{}
320,00003c5b-9dfe-7dfe-83fa-39891226e1cb,16,3101,12788096.0,{}
321,00003c5b-9dfe-7dfe-83fa-39891226e1cb,16,3101,12761438.0,{}
322,00003c5b-9dfe-7dfe-83fa-39891226e1cb,16,3101,12557011.0,{}
323,00003c5b-9dfe-7dfe-83fa-39891226e1cb,16,3101,12606406.0,{}
324,00003c5b-9dfe-7dfe-83fa-39891226e1cb,16,3101,12648373.0,{}
325,00003c5b-9dfe-7dfe-83fa-39891226e1cb,16,3101,12544737.0,{}
326,00003c5b-9dfe-7dfe-83fa-39891226e1cb,16,3101,12529497.0,{}
327,00003c5b-9dfe-7dfe-83fa-39891226e1cb,16,3101,12122615.0,{}
328,00003c5b-9dfe-7dfe-83fa-39891226e1cb,16,3101,12131109.0,{}
329,00003c5b-9dfe-7dfe-83fa-39891226e1cb,16,3101,12133455.0,{}
330,00003c5b-9dfe-7dfe-83fa-39891226e1cb,16,3101,12144938.0,{}
331,00003c5b-9dfe-7dfe-83fa-39891226e1cb,16,3101,12151447.0,{}
332,00003c5b-9dfe-7dfe-83fa-39891226e1cb,16,3101,12094657.0,{}
333,00003c5b-9dfe-7dfe-83fa-39891226e1cb,16,3101,12093221.0,{}
334,00003c5b-9dfe-7dfe-83fa-39891226e1cb,16,3101,12097603.0,{}
335,00003c5b-9dfe-7dfe-83fa-39891226e1cb,16,3101,12097637.0,{}
336,00003c5b-9dfe-7dfe-83fa-39891226e1cb,16,3101,12089520.0,{}
337,00003c5b-9dfe-7dfe-83fa-39891226e1cb,17,2286,44543.0,{}
338,00003c5b-9dfe-7dfe-83fa-39891226e1cb,17,3101,5404.0,{}
339,00003c5b-9dfe-7dfe-83fa-39891226e1cb,17,3101,5374.0,{}
340,00003c5b-9dfe-7dfe-83fa-39891226e1cb,17,3101,5363.0,{}
341,00003c5b-9dfe-7dfe-83fa-39891226e1cb,17,3101,5454.0,{}
342,00003c5b-9dfe-7dfe-83fa-39891226e1cb,17,3101,5438.0,{}
343,00003c5b-9dfe-7dfe-83fa-39891226e1cb,17,3101,5554.0,{}
344,00003c5b-9dfe-7dfe-83fa-39891226e1cb,17,3101,5601.0,{}
345,00003c5b-9dfe-7dfe-83fa-39891226e1cb,17,3101,5627.0,{}
346,00003c5b-9dfe-7dfe-83fa-39891226e1cb,17,3101,5652.0,{}
347,00003c5b-9dfe-7dfe-83fa-39891226e1cb,17,3101,5673.0,{}
348,00003c5b-9dfe-7dfe-83fa-39891226e1cb,17,3101,5417.0,{}
349,00003c5b-9dfe-7dfe-83fa-39891226e1cb,17,3101,5368.0,{}
350,00003c5b-9dfe-7dfe-83fa-39891226e1cb,17,3101,5361.0,{}
351,00003c5b-9dfe-7dfe-83fa-39891226e1cb,17,3101,5443.0,{}
352,00003c5b-9dfe-7dfe-83fa-39891226e1cb,17,3101,5436.0,{}
353,00003c5b-9dfe-7dfe-83fa-39891226e1cb,17,3101,5584.0,{}
354,00003c5b-9dfe-7dfe-83fa-39891226e1cb,17,3101,5613.0,{}
355,00003c5b-9dfe-7dfe-83fa-39891226e1cb,17,3101,5665.0,{}
356,00003c5b-9dfe-7dfe-83fa-39891226e1cb,17,3101,5629.0,{}
357,00003c5b-9dfe-7dfe-83fa-39891226e1cb,17,3101,5662.0,{}
358,00003c5b-9dfe-7dfe-83fa-39891226e1cb,18,2286,15395.0,{}
359,00003c5b-9dfe-7dfe-83fa-39891226e1cb,18,3101,5163.0,{}
360,00003c5b-9dfe-7dfe-83fa-39891226e1cb,18,3101,5043.0,{}
361,00003c5b-9dfe-7dfe-83fa-39891226e1cb,18,3101,5022.0,{}
362,00003c5b-9dfe-7dfe-83fa-39891226e1cb,18,3101,5215.0,{}
363,00003c5b-9dfe-7dfe-83fa-39891226e1cb,18,3101,5218.0,{}
364,00003c5b-9dfe-7dfe-83fa-39891226e1cb,18,3101,5186.0,{}
365,00003c5b-9dfe-7dfe-83fa-39891226e1cb,18,3101,5180.0,{}
366,00003c5b-9dfe-7dfe-83fa-39891226e1cb,18,3101,5215.0,{}
367,00003c5b-9dfe-7dfe-83fa-39891226e1cb,18,3101,5197.0,{}
368,00003c5b-9dfe-7dfe-83fa-39891226e1cb,18,3101,5202.0,{}
369,00003c5b-9dfe-7dfe-83fa-39891226e1cb,18,3101,5118.0,{}
370,00003c5b-9dfe-7dfe-83fa-39891226e1cb,18,3101,4994.0,{}
371,00003c5b-9dfe-7dfe-83fa-39891226e1cb,18,3101,5002.0,{}
372,00003c5b-9dfe-7dfe-83fa-39891226e1cb,18,3101,5186.0,{}
373,00003c5b-9dfe-7dfe-83fa-39891226e1cb,18,3101,5190.0,{}
374,00003c5b-9dfe-7dfe-83fa-39891226e1cb,18,3101,5209.0,{}
375,00003c5b-9dfe-7dfe-83fa-39891226e1cb,18,3101,5193.0,{}
376,00003c5b-9dfe-7dfe-83fa-39891226e1cb,18,3101,5207.0,{}
377,00003c5b-9dfe-7dfe-83fa-39891226e1cb,18,3101,5204.0,{}
378,00003c5b-9dfe-7dfe-83fa-39891226e1cb,18,3101,5199.0,{}
379,00003c5b-9dfe-7dfe-83fa-39891226e1cb,19,2286,42403.0,{}
380,00003c5b-9dfe-7dfe-83fa-39891226e1cb,19,3101,29595.0,{}
381,00003c5b-9dfe-7dfe-83fa-39891226e1cb,19,3101,30912.0,{}
382,00003c5b-9dfe-7dfe-83fa-39891226e1cb,19,3101,30914.0,{}
383,00003c5b-9dfe-7dfe-83fa-39891226e1cb,19,3101,30923.0,{}
384,00003c5b-9dfe-7dfe-83fa-39891226e1cb,19,3101,31035.0,{}
385,00003c5b-9dfe-7dfe-83fa-39891226e1cb,19,3101,30550.0,{}
386,00003c5b-9dfe-7dfe-83fa-39891226e1cb,19,3101,30977.0,{}
387,00003c5b-9dfe-7dfe-83fa-39891226e1cb,19,3101,30451.0,{}
388,00003c5b-9dfe-7dfe-83fa-39891226e1cb,19,3101,30967.0,{}
389,00003c5b-9dfe-7dfe-83fa-39891226e1cb,19,3101,30997.0,{}
390,00003c5b-9dfe-7dfe-83fa-39891226e1cb,19,3101,31020.0,{}
391,00003c5b-9dfe-7dfe-83fa-39891226e1cb,19,3101,30465.0,{}
392,00003c5b-9dfe-7dfe-83fa-39891226e1cb,19,3101,29456.0,{}
393,00003c5b-9dfe-7dfe-83fa-39891226e1cb,19,3101,30339.0,{}
394,00003c5b-9dfe-7dfe-83fa-39891226e1cb,19,3101,30613.0,{}
395,00003c5b-9dfe-7dfe-83fa-39891226e1cb,19,3101,31020.0,{}
396,00003c5b-9dfe-7dfe-83fa-39891226e1cb,19,3101,28918.0,{}
397,00003c5b-9dfe-7dfe-83fa-39891226e1cb,19,3101,31035.0,{}
398,00003c5b-9dfe-7dfe-83fa-39891226e1cb,19,3101,31058.0,{}
399,00003c5b-9dfe-7dfe-83fa-39891226e1cb,19,3101,30871.0,{}
400,00003c5b-9dfe-7dfe-83fa-39891226e1cb,20,2286,3588847.0,{}
401,00003c5b-9dfe-7dfe-83fa-39891226e1cb,20,3101,3576373.0,{}
402,00003c5b-9dfe-7dfe-83fa-39891226e1cb,20,3101,3205727.0,{}
403,00003c5b-9dfe-7dfe-83fa-39891226e1cb,20,3101,3216616.0,{}
404,00003c5b-9dfe-7dfe-83fa-39891226e1cb,20,3101,3235103.0,{}
405,00003c5b-9dfe-7dfe-83fa-39891226e1cb,20,3101,3486257.0,{}
406,00003c5b-9dfe-7dfe-83fa-39891226e1cb,20,3101,3161148.0,{}
407,00003c5b-9dfe-7dfe-83fa-39891226e1cb,20,3101,3198320.0,{}
408,00003c5b-9dfe-7dfe-83fa-39891226e1cb,20,3101,3492040.0,{}
409,00003c5b-9dfe-7dfe-83fa-39891226e1cb,20,3101,3346371.0,{}
410,00003c5b-9dfe-7dfe-83fa-39891226e1cb,20,3101,3244212.0,{}
411,00003c5b-9dfe-7dfe-83fa-39891226e1cb,20,3101,3126915.0,{}
412,00003c5b-9dfe-7dfe-83fa-39891226e1cb,20,3101,3128774.0,{}
413,00003c5b-9dfe-7dfe-83fa-39891226e1cb,20,3101,3147949.0,{}
414,00003c5b-9dfe-7dfe-83fa-39891226e1cb,20,3101,3123186.0,{}
415,00003c5b-9dfe-7dfe-83fa-39891226e1cb,20,3101,3136664.0,{}
416,00003c5b-9dfe-7dfe-83fa-39891226e1cb,20,3101,3084436.0,{}
417,00003c5b-9dfe-7dfe-83fa-39891226e1cb,20,3101,3070786.0,{}
418,00003c5b-9dfe-7dfe-83fa-39891226e1cb,20,3101,3025545.0,{}
419,00003c5b-9dfe-7dfe-83fa-39891226e1cb,20,3101,3133711.0,{}
420,00003c5b-9dfe-7dfe-83fa-39891226e1cb,20,3101,3104109.0,{}
421,00003c5b-9dfe-7dfe-83fa-39891226e1cb,21,2286,3075428.0,{}
422,00003c5b-9dfe-7dfe-83fa-39891226e1cb,21,3101,2359640.0,{}
423,00003c5b-9dfe-7dfe-83fa-39891226e1cb,21,3101,2703624.0,{}
424,00003c5b-9dfe-7dfe-83fa-39891226e1cb,21,3101,2720643.0,{}
425,00003c5b-9dfe-7dfe-83fa-39891226e1cb,21,3101,2638206.0,{}
426,00003c5b-9dfe-7dfe-83fa-39891226e1cb,21,3101,2884524.0,{}
427,00003c5b-9dfe-7dfe-83fa-39891226e1cb,21,3101,2449515.0,{}
428,00003c5b-9dfe-7dfe-83fa-39891226e1cb,21,3101,2401047.0,{}
429,00003c5b-9dfe-7dfe-83fa-39891226e1cb,21,3101,2402266.0,{}
430,00003c5b-9dfe-7dfe-83fa-39891226e1cb,21,3101,2230833.0,{}
431,00003c5b-9dfe-7dfe-83fa-39891226e1cb,21,3101,2398910.0,{}
432,00003c5b-9dfe-7dfe-83fa-39891226e1cb,21,3101,2451087.0,{}
433,00003c5b-9dfe-7dfe-83fa-39891226e1cb,21,3101,2447972.0,{}
434,00003c5b-9dfe-7dfe-83fa-39891226e1cb,21,3101,2439141.0,{}
435,00003c5b-9dfe-7dfe-83fa-39891226e1cb,21,3101,2460526.0,{}
436,00003c5b-9dfe-7dfe-83fa-39891226e1cb,21,3101,2452369.0,{}
437,00003c5b-9dfe-7dfe-83fa-39891226e1cb,21,3101,2728657.0,{}
438,00003c5b-9dfe-7dfe-83fa-39891226e1cb,21,3101,2443250.0,{}
439,00003c5b-9dfe-7dfe-83fa-39891226e1cb,21,3101,3064408.0,{}
440,00003c5b-9dfe-7dfe-83fa-39891226e1cb,21,3101,2909084.0,{}
441,00003c5b-9dfe-7dfe-83fa-39891226e1cb,21,3101,3006133.0,{}
442,00003c5b-9dfe-7dfe-83fa-39891226e1cb,22,2286,3260223.0,{}
443,00003c5b-9dfe-7dfe-83fa-39891226e1cb,22,3101,2890851.0,{}
444,00003c5b-9dfe-7dfe-83fa-39891226e1cb,22,3101,2822801.0,{}
445,00003c5b-9dfe-7dfe-83fa-39891226e1cb,22,3101,2895260.0,{}
446,00003c5b-9dfe-7dfe-83fa-39891226e1cb,22,3101,2890823.0,{}
447,00003c5b-9dfe-7dfe-83fa-39891226e1cb,22,3101,2913407.0,{}
448,00003c5b-9dfe-7dfe-83fa-39891226e1cb,22,3101,2498354.0,{}
449,00003c5b-9dfe-7dfe-83fa-39891226e1cb,22,3101,2485943.0,{}
450,00003c5b-9dfe-7dfe-83fa-39891226e1cb,22,3101,2504863.0,{}
451,00003c5b-9dfe-7dfe-83fa-39891226e1cb,22,3101,2508068.0,{}
452,00003c5b-9dfe-7dfe-83fa-39891226e1cb,22,3101,2548320.0,{}
453,00003c5b-9dfe-7dfe-83fa-39891226e1cb,22,3101,2673451.0,{}
454,00003c5b-9dfe-7dfe-83fa-39891226e1cb,22,3101,2598326.0,{}
455,00003c5b-9dfe-7dfe-83fa-39891226e1cb,22,3101,3244547.0,{}
456,00003c5b-9dfe-7dfe-83fa-39891226e1cb,22,3101,3245405.0,{}
457,00003c5b-9dfe-7dfe-83fa-39891226e1cb,22,3101,3249117.0,{}
458,00003c5b-9dfe-7dfe-83fa-39891226e1cb,22,3101,2481048.0,{}
459,00003c5b-9dfe-7dfe-83fa-39891226e1cb,22,3101,2478866.0,{}
460,00003c5b-9dfe-7dfe-83fa-39891226e1cb,22,3101,2463113.0,{}
461,00003c5b-9dfe-7dfe-83fa-39891226e1cb,22,3101,2467320.0,{}
462,00003c5b-9dfe-7dfe-83fa-39891226e1cb,22,3101,2531532.0,{}
463,00003c5b-9dfe-7dfe-83fa-39891226e1cb,23,2286,3310974.0,{}
464,00003c5b-9dfe-7dfe-83fa-39891226e1cb,23,3101,2303443.0,{}
465,00003c5b-9dfe-7dfe-83fa-39891226e1cb,23,3101,3013893.0,{}
466,00003c5b-9dfe-7dfe-83fa-39891226e1cb,23,3101,3299606.0,{}
467,00003c5b-9dfe-7dfe-83fa-39891226e1cb,23,3101,3010810.0,{}
468,00003c5b-9dfe-7dfe-83fa-39891226e1cb,23,3101,3014175.0,{}
469,00003c5b-9dfe-7dfe-83fa-39891226e1cb,23,3101,2546420.0,{}
470,00003c5b-9dfe-7dfe-83fa-39891226e1cb,23,3101,2548248.0,{}
471,00003c5b-9dfe-7dfe-83fa-39891226e1cb,23,3101,2530659.0,{}
472,00003c5b-9dfe-7dfe-83fa-39891226e1cb,23,3101,2547446.0,{}
473,00003c5b-9dfe-7dfe-83fa-39891226e1cb,23,3101,2552278.0,{}
474,00003c5b-9dfe-7dfe-83fa-39891226e1cb,23,3101,2478373.0,{}
475,00003c5b-9dfe-7dfe-83fa-39891226e1cb,23,3101,2463776.0,{}
476,00003c5b-9dfe-7dfe-83fa-39891226e1cb,23,3101,2462582.0,{}
477,00003c5b-9dfe-7dfe-83fa-39891226e1cb,23,3101,2308930.0,{}
478,00003c5b-9dfe-7dfe-83fa-39891226e1cb,23,3101,2302429.0,{}
479,00003c5b-9dfe-7dfe-83fa-39891226e1cb,23,3101,2862192.0,{}
480,00003c5b-9dfe-7dfe-83fa-39891226e1cb,23,3101,2674560.0,{}
481,00003c5b-9dfe-7dfe-83fa-39891226e1cb,23,3101,2673782.0,{}
482,00003c5b-9dfe-7dfe-83fa-39891226e1cb,23,3101,2635326.0,{}
483,00003c5b-9dfe-7dfe-83fa-39891226e1cb,23,3101,3062404.0,{}
484,00003c5b-9dfe-7dfe-83fa-39891226e1cb,24,2286,3008074.0,{}
485,00003c5b-9dfe-7dfe-83fa-39891226e1cb,24,3101,2394894.0,{}
486,00003c5b-9dfe-7dfe-83fa-39891226e1cb,24,3101,2405480.0,{}
487,00003c5b-9dfe-7dfe-83fa-39891226e1cb,24,3101,2988748.0,{}
488,00003c5b-9dfe-7dfe-83fa-39891226e1cb,24,3101,2995938.0,{}
489,00003c5b-9dfe-7dfe-83fa-39891226e1cb,24,3101,2996434.0,{}
490,00003c5b-9dfe-7dfe-83fa-39891226e1cb,24,3101,2938215.0,{}
491,00003c5b-9dfe-7dfe-83fa-39891226e1cb,24,3101,2952648.0,{}
492,00003c5b-9dfe-7dfe-83fa-39891226e1cb,24,3101,2952157.0,{}
493,00003c5b-9dfe-7dfe-83fa-39891226e1cb,24,3101,2368949.0,{}
494,00003c5b-9dfe-7dfe-83fa-39891226e1cb,24,3101,2981005.0,{}
495,00003c5b-9dfe-7dfe-83fa-39891226e1cb,24,3101,2888906.0,{}
496,00003c5b-9dfe-7dfe-83fa-39891226e1cb,24,3101,2864557.0,{}
497,00003c5b-9dfe-7dfe-83fa-39891226e1cb,24,3101,2847806.0,{}
498,00003c5b-9dfe-7dfe-83fa-39891226e1cb,24,3101,2861999.0,{}
499,00003c5b-9dfe-7dfe-83fa-39891226e1cb,24,3101,2862382.0,{}
500,00003c5b-9dfe-7dfe-83fa-39891226e1cb,24,3101,2376980.0,{}
501,00003c5b-9dfe-7dfe-83fa-39891226e1cb,24,3101,2483237.0,{}
502,00003c5b-9dfe-7dfe-83fa-39891226e1cb,24,3101,2551271.0,{}
503,00003c5b-9dfe-7dfe-83fa-39891226e1cb,24,3101,2514255.0,{}
504,00003c5b-9dfe-7dfe-83fa-39891226e1cb,24,3101,2479078.0,{}
505,00003c5b-9dfe-7dfe-83fa-39891226e1cb,25,2286,3108619.0,{}
506,00003c5b-9dfe-7dfe-83fa-39891226e1cb,25,3101,2446722.0,{}
507,00003c5b-9dfe-7dfe-83fa-39891226e1cb,25,3101,2414721.0,{}
508,00003c5b-9dfe-7dfe-83fa-39891226e1cb,25,3101,2419978.0,{}
509,00003c5b-9dfe-7dfe-83fa-39891226e1cb,25,3101,2313875.0,{}
510,00003c5b-9dfe-7dfe-83fa-39891226e1cb,25,3101,2440396.0,{}
511,00003c5b-9dfe-7dfe-83fa-39891226e1cb,25,3101,2411659.0,{}
512,00003c5b-9dfe-7dfe-83fa-39891226e1cb,25,3101,2385834.0,{}
513,00003c5b-9dfe-7dfe-83fa-39891226e1cb,25,3101,2402097.0,{}
514,00003c5b-9dfe-7dfe-83fa-39891226e1cb,25,3101,2597478.0,{}
515,00003c5b-9dfe-7dfe-83fa-39891226e1cb,25,3101,2558854.0,{}
516,00003c5b-9dfe-7dfe-83fa-39891226e1cb,25,3101,2509013.0,{}
517,00003c5b-9dfe-7dfe-83fa-39891226e1cb,25,3101,2503798.0,{}
518,00003c5b-9dfe-7dfe-83fa-39891226e1cb,25,3101,3059653.0,{}
519,00003c5b-9dfe-7dfe-83fa-39891226e1cb,25,3101,3058330.0,{}
520,00003c5b-9dfe-7dfe-83fa-39891226e1cb,25,3101,3089750.0,{}
521,00003c5b-9dfe-7dfe-83fa-39891226e1cb,25,3101,3087439.0,{}
522,00003c5b-9dfe-7dfe-83fa-39891226e1cb,25,3101,2517774.0,{}
523,00003c5b-9dfe-7dfe-83fa-39891226e1cb,25,3101,3069188.0,{}
524,00003c5b-9dfe-7dfe-83fa-39891226e1cb,25,3101,3096868.0,{}
525,00003c5b-9dfe-7dfe-83fa-39891226e1cb,25,3101,2615588.0,{}
526,00003c5b-9dfe-7dfe-83fa-39891226e1cb,26,2286,3737621.0,{}
527,00003c5b-9dfe-7dfe-83fa-39891226e1cb,26,3101,3000901.0,{}
528,00003c5b-9dfe-7dfe-83fa-39891226e1cb,26,3101,2869676.0,{}
529,00003c5b-9dfe-7dfe-83fa-39891226e1cb,26,3101,3051241.0,{}
530,00003c5b-9dfe-7dfe-83fa-39891226e1cb,26,3101,2875272.0,{}
531,00003c5b-9dfe-7dfe-83fa-39891226e1cb,26,3101,2863915.0,{}
532,00003c5b-9dfe-7dfe-83fa-39891226e1cb,26,3101,3605895.0,{}
533,00003c5b-9dfe-7dfe-83fa-39891226e1cb,26,3101,3540650.0,{}
534,00003c5b-9dfe-7dfe-83fa-39891226e1cb,26,3101,3409301.0,{}
535,00003c5b-9dfe-7dfe-83fa-39891226e1cb,26,3101,3402232.0,{}
536,00003c5b-9dfe-7dfe-83fa-39891226e1cb,26,3101,3725989.0,{}
537,00003c5b-9dfe-7dfe-83fa-39891226e1cb,26,3101,3078760.0,{}
538,00003c5b-9dfe-7dfe-83fa-39891226e1cb,26,3101,2856989.0,{}
539,00003c5b-9dfe-7dfe-83fa-39891226e1cb,26,3101,3122049.0,{}
540,00003c5b-9dfe-7dfe-83fa-39891226e1cb,26,3101,3116698.0,{}
541,00003c5b-9dfe-7dfe-83fa-39891226e1cb,26,3101,2929944.0,{}
542,00003c5b-9dfe-7dfe-83fa-39891226e1cb,26,3101,3381732.0,{}
543,00003c5b-9dfe-7dfe-83fa-39891226e1cb,26,3101,2691379.0,{}
544,00003c5b-9dfe-7dfe-83fa-39891226e1cb,26,3101,3714804.0,{}
545,00003c5b-9dfe-7dfe-83fa-39891226e1cb,26,3101,3402993.0,{}
546,00003c5b-9dfe-7dfe-83fa-39891226e1cb,26,3101,3442216.0,{}
547,00003c5b-9dfe-7dfe-83fa-39891226e1cb,27,2286,3615649.0,{}
548,00003c5b-9dfe-7dfe-83fa-39891226e1cb,27,3101,2842640.0,{}
549,00003c5b-9dfe-7dfe-83fa-39891226e1cb,27,3101,3140059.0,{}
550,00003c5b-9dfe-7dfe-83fa-39891226e1cb,27,3101,2836173.0,{}
551,00003c5b-9dfe-7dfe-83fa-39891226e1cb,27,3101,2879711.0,{}
552,00003c5b-9dfe-7dfe-83fa-39891226e1cb,27,3101,2775806.0,{}
553,00003c5b-9dfe-7dfe-83fa-39891226e1cb,27,3101,3304154.0,{}
554,00003c5b-9dfe-7dfe-83fa-39891226e1cb,27,3101,2883047.0,{}
555,00003c5b-9dfe-7dfe-83fa-39891226e1cb,27,3101,3294030.0,{}
556,00003c5b-9dfe-7dfe-83fa-39891226e1cb,27,3101,3604293.0,{}
557,00003c5b-9dfe-7dfe-83fa-39891226e1cb,27,3101,3305492.0,{}
558,00003c5b-9dfe-7dfe-83fa-39891226e1cb,27,3101,2741807.0,{}
559,00003c5b-9dfe-7dfe-83fa-39891226e1cb,27,3101,2739000.0,{}
560,00003c5b-9dfe-7dfe-83fa-39891226e1cb,27,3101,2657475.0,{}
561,00003c5b-9dfe-7dfe-83fa-39891226e1cb,27,3101,2719867.0,{}
562,00003c5b-9dfe-7dfe-83fa-39891226e1cb,27,3101,2711349.0,{}
563,00003c5b-9dfe-7dfe-83fa-39891226e1cb,27,3101,2647849.0,{}
564,00003c5b-9dfe-7dfe-83fa-39891226e1cb,27,3101,3117722.0,{}
565,00003c5b-9dfe-7dfe-83fa-39891226e1cb,27,3101,3112421.0,{}
566,00003c5b-9dfe-7dfe-83fa-39891226e1cb,27,3101,2978684.0,{}
567,00003c5b-9dfe-7dfe-83fa-39891226e1cb,27,3101,3076288.0,{}
568,00003c5b-9dfe-7dfe-83fa-39891226e1cb,28,2286,3636431.0,{}
569,00003c5b-9dfe-7dfe-83fa-39891226e1cb,28,3101,3610235.0,{}
570,00003c5b-9dfe-7dfe-83fa-39891226e1cb,28,3101,2618665.0,{}
571,00003c5b-9dfe-7dfe-83fa-39891226e1cb,28,3101,3318454.0,{}
572,00003c5b-9dfe-7dfe-83fa-39891226e1cb,28,3101,3323737.0,{}
573,00003c5b-9dfe-7dfe-83fa-39891226e1cb,28,3101,3624463.0,{}
574,00003c5b-9dfe-7dfe-83fa-39891226e1cb,28,3101,2683714.0,{}
575,00003c5b-9dfe-7dfe-83fa-39891226e1cb,28,3101,2689977.0,{}
576,00003c5b-9dfe-7dfe-83fa-39891226e1cb,28,3101,2681898.0,{}
577,00003c5b-9dfe-7dfe-83fa-39891226e1cb,28,3101,2975396.0,{}
578,00003c5b-9dfe-7dfe-83fa-39891226e1cb,28,3101,2789003.0,{}
579,00003c5b-9dfe-7dfe-83fa-39891226e1cb,28,3101,2679135.0,{}
580,00003c5b-9dfe-7dfe-83fa-39891226e1cb,28,3101,3298218.0,{}
581,00003c5b-9dfe-7dfe-83fa-39891226e1cb,28,3101,3308949.0,{}
582,00003c5b-9dfe-7dfe-83fa-39891226e1cb,28,3101,3301057.0,{}
583,00003c5b-9dfe-7dfe-83fa-39891226e1cb,28,3101,3307090.0,{}
584,00003c5b-9dfe-7dfe-83fa-39891226e1cb,28,3101,3201364.0,{}
585,00003c5b-9dfe-7dfe-83fa-39891226e1cb,28,3101,2706250.0,{}
586,00003c5b-9dfe-7dfe-83fa-39891226e1cb,28,3101,3196114.0,{}
587,00003c5b-9dfe-7dfe-83fa-39891226e1cb,28,3101,2968218.0,{}
588,00003c5b-9dfe-7dfe-83fa-39891226e1cb,28,3101,3021530.0,{}
589,00003c5b-9dfe-7dfe-83fa-39891226e1cb,29,2286,3429762.0,{}
590,00003c5b-9dfe-7dfe-83fa-39891226e1cb,29,3101,3113725.0,{}
591,00003c5b-9dfe-7dfe-83fa-39891226e1cb,29,3101,2599939.0,{}
592,00003c5b-9dfe-7dfe-83fa-39891226e1cb,29,3101,2615863.0,{}
593,00003c5b-9dfe-7dfe-83fa-39891226e1cb,29,3101,3064316.0,{}
594,00003c5b-9dfe-7dfe-83fa-39891226e1cb,29,3101,2503839.0,{}
595,00003c5b-9dfe-7dfe-83fa-39891226e1cb,29,3101,3243597.0,{}
596,00003c5b-9dfe-7dfe-83fa-39891226e1cb,29,3101,3191000.0,{}
597,00003c5b-9dfe-7dfe-83fa-39891226e1cb,29,3101,2752251.0,{}
598,00003c5b-9dfe-7dfe-83fa-39891226e1cb,29,3101,3243674.0,{}
599,00003c5b-9dfe-7dfe-83fa-39891226e1cb,29,3101,3252111.0,{}
600,00003c5b-9dfe-7dfe-83fa-39891226e1cb,29,3101,2617585.0,{}
601,00003c5b-9dfe-7dfe-83fa-39891226e1cb,29,3101,3241283.0,{}
602,00003c5b-9dfe-7dfe-83fa-39891226e1cb,29,3101,2930017.0,{}
603,00003c5b-9dfe-7dfe-83fa-39891226e1cb,29,3101,2887097.0,{}
604,00003c5b-9dfe-7dfe-83fa-39891226e1cb,29,3101,2612699.0,{}
605,00003c5b-9dfe-7dfe-83fa-39891226e1cb,29,3101,2511794.0,{}
606,00003c5b-9dfe-7dfe-83fa-39891226e1cb,29,3101,3059068.0,{}
607,00003c5b-9dfe-7dfe-83fa-39891226e1cb,29,3101,3116334.0,{}
608,00003c5b-9dfe-7dfe-83fa-39891226e1cb,29,3101,3417828.0,{}
609,00003c5b-9dfe-7dfe-83fa-39891226e1cb,29,3101,2446454.0,{}
610,00003c5b-9dfe-7dfe-83fa-39891226e1cb,30,2286,3651331.0,{}
611,00003c5b-9dfe-7dfe-83fa-39891226e1cb,30,3101,2692877.0,{}
612,00003c5b-9dfe-7dfe-83fa-39891226e1cb,30,3101,2709979.0,{}
613,00003c5b-9dfe-7dfe-83fa-39891226e1cb,30,3101,2668201.0,{}
614,00003c5b-9dfe-7dfe-83fa-39891226e1cb,30,3101,2720464.0,{}
615,00003c5b-9dfe-7dfe-83fa-39891226e1cb,30,3101,2718844.0,{}
616,00003c5b-9dfe-7dfe-83fa-39891226e1cb,30,3101,2717598.0,{}
617,00003c5b-9dfe-7dfe-83fa-39891226e1cb,30,3101,3054574.0,{}
618,00003c5b-9dfe-7dfe-83fa-39891226e1cb,30,3101,2924787.0,{}
619,00003c5b-9dfe-7dfe-83fa-39891226e1cb,30,3101,3033925.0,{}
620,00003c5b-9dfe-7dfe-83fa-39891226e1cb,30,3101,3128868.0,{}
621,00003c5b-9dfe-7dfe-83fa-39891226e1cb,30,3101,2863333.0,{}
622,00003c5b-9dfe-7dfe-83fa-39891226e1cb,30,3101,2729186.0,{}
623,00003c5b-9dfe-7dfe-83fa-39891226e1cb,30,3101,2861995.0,{}
624,00003c5b-9dfe-7dfe-83fa-39891226e1cb,30,3101,2937136.0,{}
625,00003c5b-9dfe-7dfe-83fa-39891226e1cb,30,3101,2817678.0,{}
626,00003c5b-9dfe-7dfe-83fa-39891226e1cb,30,3101,3335391.0,{}
627,00003c5b-9dfe-7dfe-83fa-39891226e1cb,30,3101,3639528.0,{}
628,00003c5b-9dfe-7dfe-83fa-39891226e1cb,30,3101,3300062.0,{}
629,00003c5b-9dfe-7dfe-83fa-39891226e1cb,30,3101,3292886.0,{}
630,00003c5b-9dfe-7dfe-83fa-39891226e1cb,30,3101,3611195.0,{}
631,00003c5b-9dfe-7dfe-83fa-39891226e1cb,31,2286,3515465.0,{}
632,00003c5b-9dfe-7dfe-83fa-39891226e1cb,31,3101,3170272.0,{}
633,00003c5b-9dfe-7dfe-83fa-39891226e1cb,31,3101,3503778.0,{}
634,00003c5b-9dfe-7dfe-83fa-39891226e1cb,31,3101,3170945.0,{}
635,00003c5b-9dfe-7dfe-83fa-39891226e1cb,31,3101,3157941.0,{}
636,00003c5b-9dfe-7dfe-83fa-39891226e1cb,31,3101,3172703.0,{}
637,00003c5b-9dfe-7dfe-83fa-39891226e1cb,31,3101,2588409.0,{}
638,00003c5b-9dfe-7dfe-83fa-39891226e1cb,31,3101,2587162.0,{}
639,00003c5b-9dfe-7dfe-83fa-39891226e1cb,31,3101,2581906.0,{}
640,00003c5b-9dfe-7dfe-83fa-39891226e1cb,31,3101,2662544.0,{}
641,00003c5b-9dfe-7dfe-83fa-39891226e1cb,31,3101,3044403.0,{}
642,00003c5b-9dfe-7dfe-83fa-39891226e1cb,31,3101,2765487.0,{}
643,00003c5b-9dfe-7dfe-83fa-39891226e1cb,31,3101,2746588.0,{}
644,00003c5b-9dfe-7dfe-83fa-39891226e1cb,31,3101,2758231.0,{}
645,00003c5b-9dfe-7dfe-83fa-39891226e1cb,31,3101,2620128.0,{}
646,00003c5b-9dfe-7dfe-83fa-39891226e1cb,31,3101,2732774.0,{}
647,00003c5b-9dfe-7dfe-83fa-39891226e1cb,31,3101,2806313.0,{}
648,00003c5b-9dfe-7dfe-83fa-39891226e1cb,31,3101,2959625.0,{}
649,00003c5b-9dfe-7dfe-83fa-39891226e1cb,31,3101,2945200.0,{}
650,00003c5b-9dfe-7dfe-83fa-39891226e1cb,31,3101,2776111.0,{}
651,00003c5b-9dfe-7dfe-83fa-39891226e1cb,31,3101,3036395.0,{}
652,00003c5b-9dfe-7dfe-83fa-39891226e1cb,32,2286,3160153.0,{}
653,00003c5b-9dfe-7dfe-83fa-39891226e1cb,32,3101,3130473.0,{}
654,00003c5b-9dfe-7dfe-83fa-39891226e1cb,32,3101,3083369.0,{}
655,00003c5b-9dfe-7dfe-83fa-39891226e1cb,32,3101,3133455.0,{}
656,00003c5b-9dfe-7dfe-83fa-39891226e1cb,32,3101,2559071.0,{}
657,00003c5b-9dfe-7dfe-83fa-39891226e1cb,32,3101,3147826.0,{}
658,00003c5b-9dfe-7dfe-83fa-39891226e1cb,32,3101,2848408.0,{}
659,00003c5b-9dfe-7dfe-83fa-39891226e1cb,32,3101,2838928.0,{}
660,00003c5b-9dfe-7dfe-83fa-39891226e1cb,32,3101,2644592.0,{}
661,00003c5b-9dfe-7dfe-83fa-39891226e1cb,32,3101,2843319.0,{}
662,00003c5b-9dfe-7dfe-83fa-39891226e1cb,32,3101,2849010.0,{}
663,00003c5b-9dfe-7dfe-83fa-39891226e1cb,32,3101,2535514.0,{}
664,00003c5b-9dfe-7dfe-83fa-39891226e1cb,32,3101,2719065.0,{}
665,00003c5b-9dfe-7dfe-83fa-39891226e1cb,32,3101,2483261.0,{}
666,00003c5b-9dfe-7dfe-83fa-39891226e1cb,32,3101,2713922.0,{}
667,00003c5b-9dfe-7dfe-83fa-39891226e1cb,32,3101,2580432.0,{}
668,00003c5b-9dfe-7dfe-83fa-39891226e1cb,32,3101,2962751.0,{}
669,00003c5b-9dfe-7dfe-83fa-39891226e1cb,32,3101,3065585.0,{}
670,00003c5b-9dfe-7dfe-83fa-39891226e1cb,32,3101,2565378.0,{}
671,00003c5b-9dfe-7dfe-83fa-39891226e1cb,32,3101,3021767.0,{}
672,00003c5b-9dfe-7dfe-83fa-39891226e1cb,32,3101,2964158.0,{}
673,00003c5b-9dfe-7dfe-83fa-39891226e1cb,33,2286,48974.0,{}
674,00003c5b-9dfe-7dfe-83fa-39891226e1cb,33,3101,5538.0,{}
675,00003c5b-9dfe-7dfe-83fa-39891226e1cb,33,3101,5520.0,{}
676,00003c5b-9dfe-7dfe-83fa-39891226e1cb,33,3101,5497.0,{}
677,00003c5b-9dfe-7dfe-83fa-39891226e1cb,33,3101,5472.0,{}
678,00003c5b-9dfe-7dfe-83fa-39891226e1cb,33,3101,5454.0,{}
679,00003c5b-9dfe-7dfe-83fa-39891226e1cb,33,3101,5697.0,{}
680,00003c5b-9dfe-7dfe-83fa-39891226e1cb,33,3101,5734.0,{}
681,00003c5b-9dfe-7dfe-83fa-39891226e1cb,33,3101,5750.0,{}
682,00003c5b-9dfe-7dfe-83fa-39891226e1cb,33,3101,5766.0,{}
683,00003c5b-9dfe-7dfe-83fa-39891226e1cb,33,3101,5780.0,{}
684,00003c5b-9dfe-7dfe-83fa-39891226e1cb,33,3101,5571.0,{}
685,00003c5b-9dfe-7dfe-83fa-39891226e1cb,33,3101,5530.0,{}
686,00003c5b-9dfe-7dfe-83fa-39891226e1cb,33,3101,5533.0,{}
687,00003c5b-9dfe-7dfe-83fa-39891226e1cb,33,3101,5517.0,{}
688,00003c5b-9dfe-7dfe-83fa-39891226e1cb,33,3101,5510.0,{}
689,00003c5b-9dfe-7dfe-83fa-39891226e1cb,33,3101,5626.0,{}
690,00003c5b-9dfe-7dfe-83fa-39891226e1cb,33,3101,5651.0,{}
691,00003c5b-9dfe-7dfe-83fa-39891226e1cb,33,3101,5681.0,{}
692,00003c5b-9dfe-7dfe-83fa-39891226e1cb,33,3101,5554.0,{}
693,00003c5b-9dfe-7dfe-83fa-39891226e1cb,33,3101,5591.0,{}
694,00003c5b-9dfe-7dfe-83fa-39891226e1cb,34,2286,14103.0,{}
695,00003c5b-9dfe-7dfe-83fa-39891226e1cb,34,3101,3469.0,{}
696,00003c5b-9dfe-7dfe-83fa-39891226e1cb,34,3101,3491.0,{}
697,00003c5b-9dfe-7dfe-83fa-39891226e1cb,34,3101,3517.0,{}
698,00003c5b-9dfe-7dfe-83fa-39891226e1cb,34,3101,3358.0,{}
699,00003c5b-9dfe-7dfe-83fa-39891226e1cb,34,3101,3460.0,{}
700,00003c5b-9dfe-7dfe-83fa-39891226e1cb,34,3101,3449.0,{}
701,00003c5b-9dfe-7dfe-83fa-39891226e1cb,34,3101,3594.0,{}
702,00003c5b-9dfe-7dfe-83fa-39891226e1cb,34,3101,3599.0,{}
703,00003c5b-9dfe-7dfe-83fa-39891226e1cb,34,3101,3456.0,{}
704,00003c5b-9dfe-7dfe-83fa-39891226e1cb,34,3101,3484.0,{}
705,00003c5b-9dfe-7dfe-83fa-39891226e1cb,34,3101,3611.0,{}
706,00003c5b-9dfe-7dfe-83fa-39891226e1cb,34,3101,3550.0,{}
707,00003c5b-9dfe-7dfe-83fa-39891226e1cb,34,3101,3603.0,{}
708,00003c5b-9dfe-7dfe-83fa-39891226e1cb,34,3101,3564.0,{}
709,00003c5b-9dfe-7dfe-83fa-39891226e1cb,34,3101,3595.0,{}
710,00003c5b-9dfe-7dfe-83fa-39891226e1cb,34,3101,3507.0,{}
711,00003c5b-9dfe-7dfe-83fa-39891226e1cb,34,3101,3501.0,{}
712,00003c5b-9dfe-7dfe-83fa-39891226e1cb,34,3101,3507.0,{}
713,00003c5b-9dfe-7dfe-83fa-39891226e1cb,34,3101,3378.0,{}
714,00003c5b-9dfe-7dfe-83fa-39891226e1cb,34,3101,3451.0,{}
715,00003c5b-9dfe-7dfe-83fa-39891226e1cb,35,2286,19762.0,{}
716,00003c5b-9dfe-7dfe-83fa-39891226e1cb,35,3101,7329.0,{}
717,00003c5b-9dfe-7dfe-83fa-39891226e1cb,35,3101,7336.0,{}
718,00003c5b-9dfe-7dfe-83fa-39891226e1cb,35,3101,7590.0,{}
719,00003c5b-9dfe-7dfe-83fa-39891226e1cb,35,3101,7631.0,{}
720,00003c5b-9dfe-7dfe-83fa-39891226e1cb,35,3101,7620.0,{}
721,00003c5b-9dfe-7dfe-83fa-39891226e1cb,35,3101,7263.0,{}
722,00003c5b-9dfe-7dfe-83fa-39891226e1cb,35,3101,7397.0,{}
723,00003c5b-9dfe-7dfe-83fa-39891226e1cb,35,3101,7608.0,{}
724,00003c5b-9dfe-7dfe-83fa-39891226e1cb,35,3101,7598.0,{}
725,00003c5b-9dfe-7dfe-83fa-39891226e1cb,35,3101,6935.0,{}
726,00003c5b-9dfe-7dfe-83fa-39891226e1cb,35,3101,7379.0,{}
727,00003c5b-9dfe-7dfe-83fa-39891226e1cb,35,3101,7523.0,{}
728,00003c5b-9dfe-7dfe-83fa-39891226e1cb,35,3101,7503.0,{}
729,00003c5b-9dfe-7dfe-83fa-39891226e1cb,35,3101,7598.0,{}
730,00003c5b-9dfe-7dfe-83fa-39891226e1cb,35,3101,6950.0,{}
731,00003c5b-9dfe-7dfe-83fa-39891226e1cb,35,3101,7264.0,{}
732,00003c5b-9dfe-7dfe-83fa-39891226e1cb,35,3101,7429.0,{}
733,00003c5b-9dfe-7dfe-83fa-39891226e1cb,35,3101,7599.0,{}
734,00003c5b-9dfe-7dfe-83fa-39891226e1cb,35,3101,7620.0,{}
735,00003c5b-9dfe-7dfe-83fa-39891226e1cb,35,3101,7609.0,{}
736,00003c5b-9dfe-7dfe-83fa-39891226e1cb,36,2286,7087741.0,{}
737,00003c5b-9dfe-7dfe-83fa-39891226e1cb,36,3101,7057133.0,{}
738,00003c5b-9dfe-7dfe-83fa-39891226e1cb,36,3101,7075564.0,{}
739,00003c5b-9dfe-7dfe-83fa-39891226e1cb,36,3101,7047568.0,{}
740,00003c5b-9dfe-7dfe-83fa-39891226e1cb,36,3101,7067938.0,{}
741,00003c5b-9dfe-7dfe-83fa-39891226e1cb,36,3101,6728643.0,{}
742,00003c5b-9dfe-7dfe-83fa-39891226e1cb,36,3101,6715088.0,{}
743,00003c5b-9dfe-7dfe-83fa-39891226e1cb,36,3101,6712220.0,{}
744,00003c5b-9dfe-7dfe-83fa-39891226e1cb,36,3101,6713164.0,{}
745,00003c5b-9dfe-7dfe-83fa-39891226e1cb,36,3101,6699316.0,{}
746,00003c5b-9dfe-7dfe-83fa-39891226e1cb,36,3101,6712872.0,{}
747,00003c5b-9dfe-7dfe-83fa-39891226e1cb,36,3101,6462228.0,{}
748,00003c5b-9dfe-7dfe-83fa-39891226e1cb,36,3101,6429681.0,{}
749,00003c5b-9dfe-7dfe-83fa-39891226e1cb,36,3101,6403993.0,{}
750,00003c5b-9dfe-7dfe-83fa-39891226e1cb,36,3101,6490173.0,{}
751,00003c5b-9dfe-7dfe-83fa-39891226e1cb,36,3101,6238412.0,{}
752,00003c5b-9dfe-7dfe-83fa-39891226e1cb,36,3101,6415711.0,{}
753,00003c5b-9dfe-7dfe-83fa-39891226e1cb,36,3101,6225296.0,{}
754,00003c5b-9dfe-7dfe-83fa-39891226e1cb,36,3101,6419406.0,{}
755,00003c5b-9dfe-7dfe-83fa-39891226e1cb,36,3101,6284668.0,{}
756,00003c5b-9dfe-7dfe-83fa-39891226e1cb,36,3101,6408521.0,{}
757,00003c5b-9dfe-7dfe-83fa-39891226e1cb,37,2286,5553135.0,{}
758,00003c5b-9dfe-7dfe-83fa-39891226e1cb,37,3101,5272977.0,{}
759,00003c5b-9dfe-7dfe-83fa-39891226e1cb,37,3101,5101399.0,{}
760,00003c5b-9dfe-7dfe-83fa-39891226e1cb,37,3101,5090696.0,{}
761,00003c5b-9dfe-7dfe-83fa-39891226e1cb,37,3101,5093503.0,{}
762,00003c5b-9dfe-7dfe-83fa-39891226e1cb,37,3101,5115979.0,{}
763,00003c5b-9dfe-7dfe-83fa-39891226e1cb,37,3101,5404687.0,{}
764,00003c5b-9dfe-7dfe-83fa-39891226e1cb,37,3101,5406169.0,{}
765,00003c5b-9dfe-7dfe-83fa-39891226e1cb,37,3101,5401343.0,{}
766,00003c5b-9dfe-7dfe-83fa-39891226e1cb,37,3101,5403028.0,{}
767,00003c5b-9dfe-7dfe-83fa-39891226e1cb,37,3101,5406885.0,{}
768,00003c5b-9dfe-7dfe-83fa-39891226e1cb,37,3101,5360234.0,{}
769,00003c5b-9dfe-7dfe-83fa-39891226e1cb,37,3101,5085795.0,{}
770,00003c5b-9dfe-7dfe-83fa-39891226e1cb,37,3101,5352976.0,{}
771,00003c5b-9dfe-7dfe-83fa-39891226e1cb,37,3101,5359245.0,{}
772,00003c5b-9dfe-7dfe-83fa-39891226e1cb,37,3101,5169153.0,{}
773,00003c5b-9dfe-7dfe-83fa-39891226e1cb,37,3101,5468334.0,{}
774,00003c5b-9dfe-7dfe-83fa-39891226e1cb,37,3101,5541749.0,{}
775,00003c5b-9dfe-7dfe-83fa-39891226e1cb,37,3101,4679391.0,{}
776,00003c5b-9dfe-7dfe-83fa-39891226e1cb,37,3101,5381476.0,{}
777,00003c5b-9dfe-7dfe-83fa-39891226e1cb,37,3101,5260005.0,{}
778,00003c5b-9dfe-7dfe-83fa-39891226e1cb,38,2286,5910924.0,{}
779,00003c5b-9dfe-7dfe-83fa-39891226e1cb,38,3101,5711686.0,{}
780,00003c5b-9dfe-7dfe-83fa-39891226e1cb,38,3101,5899074.0,{}
781,00003c5b-9dfe-7dfe-83fa-39891226e1cb,38,3101,5732170.0,{}
782,00003c5b-9dfe-7dfe-83fa-39891226e1cb,38,3101,5731561.0,{}
783,00003c5b-9dfe-7dfe-83fa-39891226e1cb,38,3101,5427250.0,{}
784,00003c5b-9dfe-7dfe-83fa-39891226e1cb,38,3101,5231224.0,{}
785,00003c5b-9dfe-7dfe-83fa-39891226e1cb,38,3101,5193590.0,{}
786,00003c5b-9dfe-7dfe-83fa-39891226e1cb,38,3101,5298001.0,{}
787,00003c5b-9dfe-7dfe-83fa-39891226e1cb,38,3101,5316304.0,{}
788,00003c5b-9dfe-7dfe-83fa-39891226e1cb,38,3101,5318935.0,{}
789,00003c5b-9dfe-7dfe-83fa-39891226e1cb,38,3101,5680772.0,{}
790,00003c5b-9dfe-7dfe-83fa-39891226e1cb,38,3101,5682649.0,{}
791,00003c5b-9dfe-7dfe-83fa-39891226e1cb,38,3101,5683942.0,{}
792,00003c5b-9dfe-7dfe-83fa-39891226e1cb,38,3101,5683320.0,{}
793,00003c5b-9dfe-7dfe-83fa-39891226e1cb,38,3101,5679239.0,{}
794,00003c5b-9dfe-7dfe-83fa-39891226e1cb,38,3101,5434117.0,{}
795,00003c5b-9dfe-7dfe-83fa-39891226e1cb,38,3101,5518298.0,{}
796,00003c5b-9dfe-7dfe-83fa-39891226e1cb,38,3101,5350297.0,{}
797,00003c5b-9dfe-7dfe-83fa-39891226e1cb,38,3101,5323598.0,{}
798,00003c5b-9dfe-7dfe-83fa-39891226e1cb,38,3101,5314164.0,{}
799,00003c5b-9dfe-7dfe-83fa-39891226e1cb,39,2286,5451121.0,{}
800,00003c5b-9dfe-7dfe-83fa-39891226e1cb,39,3101,5079404.0,{}
801,00003c5b-9dfe-7dfe-83fa-39891226e1cb,39,3101,5050708.0,{}
802,00003c5b-9dfe-7dfe-83fa-39891226e1cb,39,3101,5054942.0,{}
803,00003c5b-9dfe-7dfe-83fa-39891226e1cb,39,3101,5036151.0,{}
804,00003c5b-9dfe-7dfe-83fa-39891226e1cb,39,3101,5009013.0,{}
805,00003c5b-9dfe-7dfe-83fa-39891226e1cb,39,3101,5261887.0,{}
806,00003c5b-9dfe-7dfe-83fa-39891226e1cb,39,3101,5271059.0,{}
807,00003c5b-9dfe-7dfe-83fa-39891226e1cb,39,3101,5235299.0,{}
808,00003c5b-9dfe-7dfe-83fa-39891226e1cb,39,3101,5269842.0,{}
809,00003c5b-9dfe-7dfe-83fa-39891226e1cb,39,3101,5265716.0,{}
810,00003c5b-9dfe-7dfe-83fa-39891226e1cb,39,3101,5074465.0,{}
811,00003c5b-9dfe-7dfe-83fa-39891226e1cb,39,3101,4964601.0,{}
812,00003c5b-9dfe-7dfe-83fa-39891226e1cb,39,3101,4957362.0,{}
813,00003c5b-9dfe-7dfe-83fa-39891226e1cb,39,3101,4961466.0,{}
814,00003c5b-9dfe-7dfe-83fa-39891226e1cb,39,3101,5001800.0,{}
815,00003c5b-9dfe-7dfe-83fa-39891226e1cb,39,3101,5421390.0,{}
816,00003c5b-9dfe-7dfe-83fa-39891226e1cb,39,3101,5433341.0,{}
817,00003c5b-9dfe-7dfe-83fa-39891226e1cb,39,3101,5438711.0,{}
818,00003c5b-9dfe-7dfe-83fa-39891226e1cb,39,3101,5377694.0,{}
819,00003c5b-9dfe-7dfe-83fa-39891226e1cb,39,3101,5410779.0,{}
820,00003c5b-9dfe-7dfe-83fa-39891226e1cb,40,2286,5342413.0,{}
821,00003c5b-9dfe-7dfe-83fa-39891226e1cb,40,3101,4919085.0,{}
822,00003c5b-9dfe-7dfe-83fa-39891226e1cb,40,3101,5014020.0,{}
823,00003c5b-9dfe-7dfe-83fa-39891226e1cb,40,3101,5051548.0,{}
824,00003c5b-9dfe-7dfe-83fa-39891226e1cb,40,3101,5094880.0,{}
825,00003c5b-9dfe-7dfe-83fa-39891226e1cb,40,3101,4908138.0,{}
826,00003c5b-9dfe-7dfe-83fa-39891226e1cb,40,3101,5292460.0,{}
827,00003c5b-9dfe-7dfe-83fa-39891226e1cb,40,3101,5289955.0,{}
828,00003c5b-9dfe-7dfe-83fa-39891226e1cb,40,3101,5254324.0,{}
829,00003c5b-9dfe-7dfe-83fa-39891226e1cb,40,3101,5116534.0,{}
830,00003c5b-9dfe-7dfe-83fa-39891226e1cb,40,3101,5290695.0,{}
831,00003c5b-9dfe-7dfe-83fa-39891226e1cb,40,3101,5304118.0,{}
832,00003c5b-9dfe-7dfe-83fa-39891226e1cb,40,3101,5302744.0,{}
833,00003c5b-9dfe-7dfe-83fa-39891226e1cb,40,3101,5300294.0,{}
834,00003c5b-9dfe-7dfe-83fa-39891226e1cb,40,3101,5299347.0,{}
835,00003c5b-9dfe-7dfe-83fa-39891226e1cb,40,3101,5304047.0,{}
836,00003c5b-9dfe-7dfe-83fa-39891226e1cb,40,3101,5094859.0,{}
837,00003c5b-9dfe-7dfe-83fa-39891226e1cb,40,3101,5307208.0,{}
838,00003c5b-9dfe-7dfe-83fa-39891226e1cb,40,3101,5299633.0,{}
839,00003c5b-9dfe-7dfe-83fa-39891226e1cb,40,3101,5330808.0,{}
840,00003c5b-9dfe-7dfe-83fa-39891226e1cb,40,3101,5304533.0,{}
841,00003c5b-9dfe-7dfe-83fa-39891226e1cb,41,2286,6426336.0,{}
842,00003c5b-9dfe-7dfe-83fa-39891226e1cb,41,3101,6209457.0,{}
843,00003c5b-9dfe-7dfe-83fa-39891226e1cb,41,3101,6414437.0,{}
844,00003c5b-9dfe-7dfe-83fa-39891226e1cb,41,3101,6205528.0,{}
845,00003c5b-9dfe-7dfe-83fa-39891226e1cb,41,3101,6212418.0,{}
846,00003c5b-9dfe-7dfe-83fa-39891226e1cb,41,3101,6176977.0,{}
847,00003c5b-9dfe-7dfe-83fa-39891226e1cb,41,3101,5768478.0,{}
848,00003c5b-9dfe-7dfe-83fa-39891226e1cb,41,3101,5766694.0,{}
849,00003c5b-9dfe-7dfe-83fa-39891226e1cb,41,3101,5767910.0,{}
850,00003c5b-9dfe-7dfe-83fa-39891226e1cb,41,3101,5771597.0,{}
851,00003c5b-9dfe-7dfe-83fa-39891226e1cb,41,3101,5769391.0,{}
852,00003c5b-9dfe-7dfe-83fa-39891226e1cb,41,3101,5582173.0,{}
853,00003c5b-9dfe-7dfe-83fa-39891226e1cb,41,3101,5652670.0,{}
854,00003c5b-9dfe-7dfe-83fa-39891226e1cb,41,3101,5311162.0,{}
855,00003c5b-9dfe-7dfe-83fa-39891226e1cb,41,3101,5626873.0,{}
856,00003c5b-9dfe-7dfe-83fa-39891226e1cb,41,3101,5637971.0,{}
857,00003c5b-9dfe-7dfe-83fa-39891226e1cb,41,3101,5583881.0,{}
858,00003c5b-9dfe-7dfe-83fa-39891226e1cb,41,3101,5757560.0,{}
859,00003c5b-9dfe-7dfe-83fa-39891226e1cb,41,3101,5574367.0,{}
860,00003c5b-9dfe-7dfe-83fa-39891226e1cb,41,3101,5567151.0,{}
861,00003c5b-9dfe-7dfe-83fa-39891226e1cb,41,3101,5420264.0,{}
862,00003c5b-9dfe-7dfe-83fa-39891226e1cb,42,2286,5392561.0,{}
863,00003c5b-9dfe-7dfe-83fa-39891226e1cb,42,3101,5249874.0,{}
864,00003c5b-9dfe-7dfe-83fa-39891226e1cb,42,3101,5291098.0,{}
865,00003c5b-9dfe-7dfe-83fa-39891226e1cb,42,3101,5197740.0,{}
866,00003c5b-9dfe-7dfe-83fa-39891226e1cb,42,3101,5310948.0,{}
867,00003c5b-9dfe-7dfe-83fa-39891226e1cb,42,3101,5323214.0,{}
868,00003c5b-9dfe-7dfe-83fa-39891226e1cb,42,3101,5361580.0,{}
869,00003c5b-9dfe-7dfe-83fa-39891226e1cb,42,3101,5342463.0,{}
870,00003c5b-9dfe-7dfe-83fa-39891226e1cb,42,3101,5350511.0,{}
871,00003c5b-9dfe-7dfe-83fa-39891226e1cb,42,3101,5340583.0,{}
872,00003c5b-9dfe-7dfe-83fa-39891226e1cb,42,3101,5142998.0,{}
873,00003c5b-9dfe-7dfe-83fa-39891226e1cb,42,3101,5361765.0,{}
874,00003c5b-9dfe-7dfe-83fa-39891226e1cb,42,3101,5251757.0,{}
875,00003c5b-9dfe-7dfe-83fa-39891226e1cb,42,3101,5380751.0,{}
876,00003c5b-9dfe-7dfe-83fa-39891226e1cb,42,3101,5380683.0,{}
877,00003c5b-9dfe-7dfe-83fa-39891226e1cb,42,3101,5378529.0,{}
878,00003c5b-9dfe-7dfe-83fa-39891226e1cb,42,3101,5363820.0,{}
879,00003c5b-9dfe-7dfe-83fa-39891226e1cb,42,3101,5105315.0,{}
880,00003c5b-9dfe-7dfe-83fa-39891226e1cb,42,3101,5361772.0,{}
881,00003c5b-9dfe-7dfe-83fa-39891226e1cb,42,3101,5368524.0,{}
882,00003c5b-9dfe-7dfe-83fa-39891226e1cb,42,3101,5363002.0,{}
883,00003c5b-9dfe-7dfe-83fa-39891226e1cb,43,2286,6151070.0,{}
884,00003c5b-9dfe-7dfe-83fa-39891226e1cb,43,3101,6038280.0,{}
885,00003c5b-9dfe-7dfe-83fa-39891226e1cb,43,3101,5678663.0,{}
886,00003c5b-9dfe-7dfe-83fa-39891226e1cb,43,3101,5808191.0,{}
887,00003c5b-9dfe-7dfe-83fa-39891226e1cb,43,3101,5890363.0,{}
888,00003c5b-9dfe-7dfe-83fa-39891226e1cb,43,3101,5827737.0,{}
889,00003c5b-9dfe-7dfe-83fa-39891226e1cb,43,3101,5886064.0,{}
890,00003c5b-9dfe-7dfe-83fa-39891226e1cb,43,3101,5884047.0,{}
891,00003c5b-9dfe-7dfe-83fa-39891226e1cb,43,3101,5877245.0,{}
892,00003c5b-9dfe-7dfe-83fa-39891226e1cb,43,3101,5883895.0,{}
893,00003c5b-9dfe-7dfe-83fa-39891226e1cb,43,3101,5884823.0,{}
894,00003c5b-9dfe-7dfe-83fa-39891226e1cb,43,3101,5437259.0,{}
895,00003c5b-9dfe-7dfe-83fa-39891226e1cb,43,3101,5702110.0,{}
896,00003c5b-9dfe-7dfe-83fa-39891226e1cb,43,3101,5698586.0,{}
897,00003c5b-9dfe-7dfe-83fa-39891226e1cb,43,3101,5680354.0,{}
898,00003c5b-9dfe-7dfe-83fa-39891226e1cb,43,3101,5698239.0,{}
899,00003c5b-9dfe-7dfe-83fa-39891226e1cb,43,3101,6117887.0,{}
900,00003c5b-9dfe-7dfe-83fa-39891226e1cb,43,3101,6131784.0,{}
901,00003c5b-9dfe-7dfe-83fa-39891226e1cb,43,3101,5991495.0,{}
902,00003c5b-9dfe-7dfe-83fa-39891226e1cb,43,3101,6040980.0,{}
903,00003c5b-9dfe-7dfe-83fa-39891226e1cb,43,3101,6139018.0,{}
904,00003c5b-9dfe-7dfe-83fa-39891226e1cb,44,2286,5403035.0,{}
905,00003c5b-9dfe-7dfe-83fa-39891226e1cb,44,3101,5170943.0,{}
906,00003c5b-9dfe-7dfe-83fa-39891226e1cb,44,3101,5070269.0,{}
907,00003c5b-9dfe-7dfe-83fa-39891226e1cb,44,3101,5011410.0,{}
908,00003c5b-9dfe-7dfe-83fa-39891226e1cb,44,3101,5122509.0,{}
909,00003c5b-9dfe-7dfe-83fa-39891226e1cb,44,3101,4932624.0,{}
910,00003c5b-9dfe-7dfe-83fa-39891226e1cb,44,3101,5387993.0,{}
911,00003c5b-9dfe-7dfe-83fa-39891226e1cb,44,3101,5391626.0,{}
912,00003c5b-9dfe-7dfe-83fa-39891226e1cb,44,3101,5388431.0,{}
913,00003c5b-9dfe-7dfe-83fa-39891226e1cb,44,3101,5383935.0,{}
914,00003c5b-9dfe-7dfe-83fa-39891226e1cb,44,3101,5387077.0,{}
915,00003c5b-9dfe-7dfe-83fa-39891226e1cb,44,3101,5108524.0,{}
916,00003c5b-9dfe-7dfe-83fa-39891226e1cb,44,3101,5196739.0,{}
917,00003c5b-9dfe-7dfe-83fa-39891226e1cb,44,3101,5195792.0,{}
918,00003c5b-9dfe-7dfe-83fa-39891226e1cb,44,3101,5140022.0,{}
919,00003c5b-9dfe-7dfe-83fa-39891226e1cb,44,3101,5152406.0,{}
920,00003c5b-9dfe-7dfe-83fa-39891226e1cb,44,3101,5141333.0,{}
921,00003c5b-9dfe-7dfe-83fa-39891226e1cb,44,3101,5178822.0,{}
922,00003c5b-9dfe-7dfe-83fa-39891226e1cb,44,3101,5186468.0,{}
923,00003c5b-9dfe-7dfe-83fa-39891226e1cb,44,3101,5015781.0,{}
924,00003c5b-9dfe-7dfe-83fa-39891226e1cb,44,3101,5185674.0,{}
925,00003c5b-9dfe-7dfe-83fa-39891226e1cb,45,2286,5976196.0,{}
926,00003c5b-9dfe-7dfe-83fa-39891226e1cb,45,3101,4959737.0,{}
927,00003c5b-9dfe-7dfe-83fa-39891226e1cb,45,3101,4851896.0,{}
928,00003c5b-9dfe-7dfe-83fa-39891226e1cb,45,3101,5028641.0,{}
929,00003c5b-9dfe-7dfe-83fa-39891226e1cb,45,3101,4840839.0,{}
930,00003c5b-9dfe-7dfe-83fa-39891226e1cb,45,3101,5163121.0,{}
931,00003c5b-9dfe-7dfe-83fa-39891226e1cb,45,3101,5469182.0,{}
932,00003c5b-9dfe-7dfe-83fa-39891226e1cb,45,3101,5472045.0,{}
933,00003c5b-9dfe-7dfe-83fa-39891226e1cb,45,3101,5466215.0,{}
934,00003c5b-9dfe-7dfe-83fa-39891226e1cb,45,3101,5462707.0,{}
935,00003c5b-9dfe-7dfe-83fa-39891226e1cb,45,3101,5469303.0,{}
936,00003c5b-9dfe-7dfe-83fa-39891226e1cb,45,3101,5774571.0,{}
937,00003c5b-9dfe-7dfe-83fa-39891226e1cb,45,3101,5774480.0,{}
938,00003c5b-9dfe-7dfe-83fa-39891226e1cb,45,3101,5783456.0,{}
939,00003c5b-9dfe-7dfe-83fa-39891226e1cb,45,3101,5964670.0,{}
940,00003c5b-9dfe-7dfe-83fa-39891226e1cb,45,3101,5775794.0,{}
941,00003c5b-9dfe-7dfe-83fa-39891226e1cb,45,3101,5154771.0,{}
942,00003c5b-9dfe-7dfe-83fa-39891226e1cb,45,3101,5161353.0,{}
943,00003c5b-9dfe-7dfe-83fa-39891226e1cb,45,3101,4997685.0,{}
944,00003c5b-9dfe-7dfe-83fa-39891226e1cb,45,3101,5112479.0,{}
945,00003c5b-9dfe-7dfe-83fa-39891226e1cb,45,3101,5106343.0,{}
946,00003c5b-9dfe-7dfe-83fa-39891226e1cb,46,2286,5485146.0,{}
947,00003c5b-9dfe-7dfe-83fa-39891226e1cb,46,3101,5151407.0,{}
948,00003c5b-9dfe-7dfe-83fa-39891226e1cb,46,3101,5071245.0,{}
949,00003c5b-9dfe-7dfe-83fa-39891226e1cb,46,3101,5060567.0,{}
950,00003c5b-9dfe-7dfe-83fa-39891226e1cb,46,3101,5021976.0,{}
951,00003c5b-9dfe-7dfe-83fa-39891226e1cb,46,3101,5010075.0,{}
952,00003c5b-9dfe-7dfe-83fa-39891226e1cb,46,3101,5317615.0,{}
953,00003c5b-9dfe-7dfe-83fa-39891226e1cb,46,3101,5320082.0,{}
954,00003c5b-9dfe-7dfe-83fa-39891226e1cb,46,3101,5161479.0,{}
955,00003c5b-9dfe-7dfe-83fa-39891226e1cb,46,3101,5317479.0,{}
956,00003c5b-9dfe-7dfe-83fa-39891226e1cb,46,3101,5308832.0,{}
957,00003c5b-9dfe-7dfe-83fa-39891226e1cb,46,3101,5473642.0,{}
958,00003c5b-9dfe-7dfe-83fa-39891226e1cb,46,3101,5343906.0,{}
959,00003c5b-9dfe-7dfe-83fa-39891226e1cb,46,3101,5408495.0,{}
960,00003c5b-9dfe-7dfe-83fa-39891226e1cb,46,3101,5340503.0,{}
961,00003c5b-9dfe-7dfe-83fa-39891226e1cb,46,3101,5386899.0,{}
962,00003c5b-9dfe-7dfe-83fa-39891226e1cb,46,3101,5285160.0,{}
963,00003c5b-9dfe-7dfe-83fa-39891226e1cb,46,3101,5147097.0,{}
964,00003c5b-9dfe-7dfe-83fa-39891226e1cb,46,3101,5047032.0,{}
965,00003c5b-9dfe-7dfe-83fa-39891226e1cb,46,3101,5286292.0,{}
966,00003c5b-9dfe-7dfe-83fa-39891226e1cb,46,3101,5281563.0,{}
967,00003c5b-9dfe-7dfe-83fa-39891226e1cb,47,2286,5981999.0,{}
968,00003c5b-9dfe-7dfe-83fa-39891226e1cb,47,3101,4565890.0,{}
969,00003c5b-9dfe-7dfe-83fa-39891226e1cb,47,3101,4394395.0,{}
970,00003c5b-9dfe-7dfe-83fa-39891226e1cb,47,3101,4928202.0,{}
971,00003c5b-9dfe-7dfe-83fa-39891226e1cb,47,3101,4489202.0,{}
972,00003c5b-9dfe-7dfe-83fa-39891226e1cb,47,3101,4844382.0,{}
973,00003c5b-9dfe-7dfe-83fa-39891226e1cb,47,3101,5525212.0,{}
974,00003c5b-9dfe-7dfe-83fa-39891226e1cb,47,3101,5523539.0,{}
975,00003c5b-9dfe-7dfe-83fa-39891226e1cb,47,3101,5520834.0,{}
976,00003c5b-9dfe-7dfe-83fa-39891226e1cb,47,3101,5521744.0,{}
977,00003c5b-9dfe-7dfe-83fa-39891226e1cb,47,3101,5522971.0,{}
978,00003c5b-9dfe-7dfe-83fa-39891226e1cb,47,3101,5969905.0,{}
979,00003c5b-9dfe-7dfe-83fa-39891226e1cb,47,3101,5955028.0,{}
980,00003c5b-9dfe-7dfe-83fa-39891226e1cb,47,3101,5764018.0,{}
981,00003c5b-9dfe-7dfe-83fa-39891226e1cb,47,3101,5808017.0,{}
982,00003c5b-9dfe-7dfe-83fa-39891226e1cb,47,3101,5822376.0,{}
983,00003c5b-9dfe-7dfe-83fa-39891226e1cb,47,3101,4953170.0,{}
984,00003c5b-9dfe-7dfe-83fa-39891226e1cb,47,3101,4974105.0,{}
985,00003c5b-9dfe-7dfe-83fa-39891226e1cb,47,3101,5164525.0,{}
986,00003c5b-9dfe-7dfe-83fa-39891226e1cb,47,3101,5154381.0,{}
987,00003c5b-9dfe-7dfe-83fa-39891226e1cb,47,3101,5059119.0,{}
988,00003c5b-9dfe-7dfe-83fa-39891226e1cb,48,2286,5501421.0,{}
989,00003c5b-9dfe-7dfe-83fa-39891226e1cb,48,3101,5489528.0,{}
990,00003c5b-9dfe-7dfe-83fa-39891226e1cb,48,3101,5489945.0,{}
991,00003c5b-9dfe-7dfe-83fa-39891226e1cb,48,3101,5485920.0,{}
992,00003c5b-9dfe-7dfe-83fa-39891226e1cb,48,3101,5473881.0,{}
993,00003c5b-9dfe-7dfe-83fa-39891226e1cb,48,3101,5471051.0,{}
994,00003c5b-9dfe-7dfe-83fa-39891226e1cb,48,3101,5110784.0,{}
995,00003c5b-9dfe-7dfe-83fa-39891226e1cb,48,3101,5108823.0,{}
996,00003c5b-9dfe-7dfe-83fa-39891226e1cb,48,3101,5105687.0,{}
997,00003c5b-9dfe-7dfe-83fa-39891226e1cb,48,3101,5108985.0,{}
998,00003c5b-9dfe-7dfe-83fa-39891226e1cb,48,3101,5110436.0,{}
999,00003c5b-9dfe-7dfe-83fa-39891226e1cb,48,3101,4867739.0,{}
1000,00003c5b-9dfe-7dfe-83fa-39891226e1cb,48,3101,4657801.0,{}
1001,00003c5b-9dfe-7dfe-83fa-39891226e1cb,48,3101,4281327.0,{}
1002,00003c5b-9dfe-7dfe-83fa-39891226e1cb,48,3101,4464833.0,{}
1003,00003c5b-9dfe-7dfe-83fa-39891226e1cb,48,3101,4461734.0,{}
1004,00003c5b-9dfe-7dfe-83fa-39891226e1cb,48,3101,4601491.0,{}
1005,00003c5b-9dfe-7dfe-83fa-39891226e1cb,48,3101,4600177.0,{}
1006,00003c5b-9dfe-7dfe-83fa-39891226e1cb,48,3101,4583593.0,{}
1007,00003c5b-9dfe-7dfe-83fa-39891226e1cb,48,3101,4622139.0,{}
1008,00003c5b-9dfe-7dfe-83fa-39891226e1cb,48,3101,4588867.0,{}

=== TABLE: top_kernels ===name,total_calls,total_duration,average,percentage
gemm_gate_up_mq4g256_lloyd_wmma,39,105581.571,2707.219,99.8949065964825
__amd_rocclr_fillBufferAligned,6,90.837,15.139,0.0859444839147609
convert_f32_to_f16,3,20.239,6.746,0.0191489196027042

