=== TABLE: busy ===agent_id,type,GpuTime,WallTime,Busy
1,GPU,108090733,2673257419,0.0404340907208383

=== TABLE: rocpd_info_kernel_symbol ===id,guid,nid,pid,code_object_id,kernel_name,display_name,kernel_object,kernarg_segment_size,kernarg_segment_alignment,group_segment_size,private_segment_size,sgpr_count,arch_vgpr_count,accum_vgpr_count,extdata
1,00003ca5-a0a5-70a5-a83c-6a77ab91cbf3,1655282045,1291264,1,__amd_rocclr_initHeap.kd,__amd_rocclr_initHeap,138270468891392,24,16,0,0,128,16,0,"{""size"":88,""kernel_id"":1,""code_object_id"":1,""kernel_name"":""__amd_rocclr_initHeap.kd"",""kernel_object"":138270468891392,""kernarg_segment_size"":24,""kernarg_segment_alignment"":16,""group_segment_size"":0,""private_segment_size"":0,""sgpr_count"":128,""arch_vgpr_count"":16,""accum_vgpr_count"":0,""kernel_code_entry_byte_offset"":16896,""kernel_address"":{""handle"":138270468908288},""formatted_kernel_name"":""__amd_rocclr_initHeap"",""demangled_kernel_name"":""__amd_rocclr_initHeap.kd"",""truncated_kernel_name"":""__amd_rocclr_initHeap.kd""}"
2,00003ca5-a0a5-70a5-a83c-6a77ab91cbf3,1655282045,1291264,1,__amd_rocclr_copyBuffer.kd,__amd_rocclr_copyBuffer,138270468890496,48,16,0,0,128,16,0,"{""size"":88,""kernel_id"":2,""code_object_id"":1,""kernel_name"":""__amd_rocclr_copyBuffer.kd"",""kernel_object"":138270468890496,""kernarg_segment_size"":48,""kernarg_segment_alignment"":16,""group_segment_size"":0,""private_segment_size"":0,""sgpr_count"":128,""arch_vgpr_count"":16,""accum_vgpr_count"":0,""kernel_code_entry_byte_offset"":7552,""kernel_address"":{""handle"":138270468898048},""formatted_kernel_name"":""__amd_rocclr_copyBuffer"",""demangled_kernel_name"":""__amd_rocclr_copyBuffer.kd"",""truncated_kernel_name"":""__amd_rocclr_copyBuffer.kd""}"
3,00003ca5-a0a5-70a5-a83c-6a77ab91cbf3,1655282045,1291264,1,__amd_rocclr_copyBufferRectAligned.kd,__amd_rocclr_copyBufferRectAligned,138270468890688,384,16,0,0,128,16,0,"{""size"":88,""kernel_id"":3,""code_object_id"":1,""kernel_name"":""__amd_rocclr_copyBufferRectAligned.kd"",""kernel_object"":138270468890688,""kernarg_segment_size"":384,""kernarg_segment_alignment"":16,""group_segment_size"":0,""private_segment_size"":0,""sgpr_count"":128,""arch_vgpr_count"":16,""accum_vgpr_count"":0,""kernel_code_entry_byte_offset"":9152,""kernel_address"":{""handle"":138270468899840},""formatted_kernel_name"":""__amd_rocclr_copyBufferRectAligned"",""demangled_kernel_name"":""__amd_rocclr_copyBufferRectAligned.kd"",""truncated_kernel_name"":""__amd_rocclr_copyBufferRectAligned.kd""}"
4,00003ca5-a0a5-70a5-a83c-6a77ab91cbf3,1655282045,1291264,1,__amd_rocclr_streamOpsWait.kd,__amd_rocclr_streamOpsWait,138270468891328,40,16,0,0,128,8,0,"{""size"":88,""kernel_id"":4,""code_object_id"":1,""kernel_name"":""__amd_rocclr_streamOpsWait.kd"",""kernel_object"":138270468891328,""kernarg_segment_size"":40,""kernarg_segment_alignment"":16,""group_segment_size"":0,""private_segment_size"":0,""sgpr_count"":128,""arch_vgpr_count"":8,""accum_vgpr_count"":0,""kernel_code_entry_byte_offset"":16192,""kernel_address"":{""handle"":138270468907520},""formatted_kernel_name"":""__amd_rocclr_streamOpsWait"",""demangled_kernel_name"":""__amd_rocclr_streamOpsWait.kd"",""truncated_kernel_name"":""__amd_rocclr_streamOpsWait.kd""}"
5,00003ca5-a0a5-70a5-a83c-6a77ab91cbf3,1655282045,1291264,1,__amd_rocclr_fillBufferAligned2D.kd,__amd_rocclr_fillBufferAligned2D,138270468890432,336,16,0,0,128,8,0,"{""size"":88,""kernel_id"":5,""code_object_id"":1,""kernel_name"":""__amd_rocclr_fillBufferAligned2D.kd"",""kernel_object"":138270468890432,""kernarg_segment_size"":336,""kernarg_segment_alignment"":16,""group_segment_size"":0,""private_segment_size"":0,""sgpr_count"":128,""arch_vgpr_count"":8,""accum_vgpr_count"":0,""kernel_code_entry_byte_offset"":6848,""kernel_address"":{""handle"":138270468897280},""formatted_kernel_name"":""__amd_rocclr_fillBufferAligned2D"",""demangled_kernel_name"":""__amd_rocclr_fillBufferAligned2D.kd"",""truncated_kernel_name"":""__amd_rocclr_fillBufferAligned2D.kd""}"
6,00003ca5-a0a5-70a5-a83c-6a77ab91cbf3,1655282045,1291264,1,__amd_rocclr_copyImage1DA.kd,__amd_rocclr_copyImage1DA,138270468890944,320,16,0,0,128,8,0,"{""size"":88,""kernel_id"":6,""code_object_id"":1,""kernel_name"":""__amd_rocclr_copyImage1DA.kd"",""kernel_object"":138270468890944,""kernarg_segment_size"":320,""kernarg_segment_alignment"":16,""group_segment_size"":0,""private_segment_size"":0,""sgpr_count"":128,""arch_vgpr_count"":8,""accum_vgpr_count"":0,""kernel_code_entry_byte_offset"":12736,""kernel_address"":{""handle"":138270468903680},""formatted_kernel_name"":""__amd_rocclr_copyImage1DA"",""demangled_kernel_name"":""__amd_rocclr_copyImage1DA.kd"",""truncated_kernel_name"":""__amd_rocclr_copyImage1DA.kd""}"
7,00003ca5-a0a5-70a5-a83c-6a77ab91cbf3,1655282045,1291264,1,__amd_rocclr_copyImage.kd,__amd_rocclr_copyImage,138270468890880,320,16,0,0,128,8,0,"{""size"":88,""kernel_id"":7,""code_object_id"":1,""kernel_name"":""__amd_rocclr_copyImage.kd"",""kernel_object"":138270468890880,""kernarg_segment_size"":320,""kernarg_segment_alignment"":16,""group_segment_size"":0,""private_segment_size"":0,""sgpr_count"":128,""arch_vgpr_count"":8,""accum_vgpr_count"":0,""kernel_code_entry_byte_offset"":12288,""kernel_address"":{""handle"":138270468903168},""formatted_kernel_name"":""__amd_rocclr_copyImage"",""demangled_kernel_name"":""__amd_rocclr_copyImage.kd"",""truncated_kernel_name"":""__amd_rocclr_copyImage.kd""}"
8,00003ca5-a0a5-70a5-a83c-6a77ab91cbf3,1655282045,1291264,1,__amd_rocclr_streamOpsDecrement.kd,__amd_rocclr_streamOpsDecrement,138270468891264,24,16,0,0,128,8,0,"{""size"":88,""kernel_id"":8,""code_object_id"":1,""kernel_name"":""__amd_rocclr_streamOpsDecrement.kd"",""kernel_object"":138270468891264,""kernarg_segment_size"":24,""kernarg_segment_alignment"":16,""group_segment_size"":0,""private_segment_size"":0,""sgpr_count"":128,""arch_vgpr_count"":8,""accum_vgpr_count"":0,""kernel_code_entry_byte_offset"":16000,""kernel_address"":{""handle"":138270468907264},""formatted_kernel_name"":""__amd_rocclr_streamOpsDecrement"",""demangled_kernel_name"":""__amd_rocclr_streamOpsDecrement.kd"",""truncated_kernel_name"":""__amd_rocclr_streamOpsDecrement.kd""}"
9,00003ca5-a0a5-70a5-a83c-6a77ab91cbf3,1655282045,1291264,1,__amd_rocclr_fillBufferAligned.kd,__amd_rocclr_fillBufferAligned,138270468890368,40,16,0,0,128,16,0,"{""size"":88,""kernel_id"":9,""code_object_id"":1,""kernel_name"":""__amd_rocclr_fillBufferAligned.kd"",""kernel_object"":138270468890368,""kernarg_segment_size"":40,""kernarg_segment_alignment"":16,""group_segment_size"":0,""private_segment_size"":0,""sgpr_count"":128,""arch_vgpr_count"":16,""accum_vgpr_count"":0,""kernel_code_entry_byte_offset"":5376,""kernel_address"":{""handle"":138270468895744},""formatted_kernel_name"":""__amd_rocclr_fillBufferAligned"",""demangled_kernel_name"":""__amd_rocclr_fillBufferAligned.kd"",""truncated_kernel_name"":""__amd_rocclr_fillBufferAligned.kd""}"
10,00003ca5-a0a5-70a5-a83c-6a77ab91cbf3,1655282045,1291264,1,__amd_rocclr_copyBufferRect.kd,__amd_rocclr_copyBufferRect,138270468890624,384,16,0,0,128,16,0,"{""size"":88,""kernel_id"":10,""code_object_id"":1,""kernel_name"":""__amd_rocclr_copyBufferRect.kd"",""kernel_object"":138270468890624,""kernarg_segment_size"":384,""kernarg_segment_alignment"":16,""group_segment_size"":0,""private_segment_size"":0,""sgpr_count"":128,""arch_vgpr_count"":16,""accum_vgpr_count"":0,""kernel_code_entry_byte_offset"":8704,""kernel_address"":{""handle"":138270468899328},""formatted_kernel_name"":""__amd_rocclr_copyBufferRect"",""demangled_kernel_name"":""__amd_rocclr_copyBufferRect.kd"",""truncated_kernel_name"":""__amd_rocclr_copyBufferRect.kd""}"
11,00003ca5-a0a5-70a5-a83c-6a77ab91cbf3,1655282045,1291264,1,__amd_rocclr_fillImage.kd,__amd_rocclr_fillImage,138270468890816,360,16,0,0,128,16,0,"{""size"":88,""kernel_id"":11,""code_object_id"":1,""kernel_name"":""__amd_rocclr_fillImage.kd"",""kernel_object"":138270468890816,""kernarg_segment_size"":360,""kernarg_segment_alignment"":16,""group_segment_size"":0,""private_segment_size"":0,""sgpr_count"":128,""arch_vgpr_count"":16,""accum_vgpr_count"":0,""kernel_code_entry_byte_offset"":11584,""kernel_address"":{""handle"":138270468902400},""formatted_kernel_name"":""__amd_rocclr_fillImage"",""demangled_kernel_name"":""__amd_rocclr_fillImage.kd"",""truncated_kernel_name"":""__amd_rocclr_fillImage.kd""}"
12,00003ca5-a0a5-70a5-a83c-6a77ab91cbf3,1655282045,1291264,1,__amd_rocclr_batchMemOp.kd,__amd_rocclr_batchMemOp,138270468890752,272,16,0,0,128,8,0,"{""size"":88,""kernel_id"":12,""code_object_id"":1,""kernel_name"":""__amd_rocclr_batchMemOp.kd"",""kernel_object"":138270468890752,""kernarg_segment_size"":272,""kernarg_segment_alignment"":16,""group_segment_size"":0,""private_segment_size"":0,""sgpr_count"":128,""arch_vgpr_count"":8,""accum_vgpr_count"":0,""kernel_code_entry_byte_offset"":9856,""kernel_address"":{""handle"":138270468900608},""formatted_kernel_name"":""__amd_rocclr_batchMemOp"",""demangled_kernel_name"":""__amd_rocclr_batchMemOp.kd"",""truncated_kernel_name"":""__amd_rocclr_batchMemOp.kd""}"
13,00003ca5-a0a5-70a5-a83c-6a77ab91cbf3,1655282045,1291264,1,__amd_rocclr_copyBufferToImage.kd,__amd_rocclr_copyBufferToImage,138270468891008,416,16,0,0,128,16,0,"{""size"":88,""kernel_id"":13,""code_object_id"":1,""kernel_name"":""__amd_rocclr_copyBufferToImage.kd"",""kernel_object"":138270468891008,""kernarg_segment_size"":416,""kernarg_segment_alignment"":16,""group_segment_size"":0,""private_segment_size"":0,""sgpr_count"":128,""arch_vgpr_count"":16,""accum_vgpr_count"":0,""kernel_code_entry_byte_offset"":13184,""kernel_address"":{""handle"":138270468904192},""formatted_kernel_name"":""__amd_rocclr_copyBufferToImage"",""demangled_kernel_name"":""__amd_rocclr_copyBufferToImage.kd"",""truncated_kernel_name"":""__amd_rocclr_copyBufferToImage.kd""}"
14,00003ca5-a0a5-70a5-a83c-6a77ab91cbf3,1655282045,1291264,1,__amd_rocclr_copyImageToBuffer.kd,__amd_rocclr_copyImageToBuffer,138270468891072,416,16,0,0,128,16,0,"{""size"":88,""kernel_id"":14,""code_object_id"":1,""kernel_name"":""__amd_rocclr_copyImageToBuffer.kd"",""kernel_object"":138270468891072,""kernarg_segment_size"":416,""kernarg_segment_alignment"":16,""group_segment_size"":0,""private_segment_size"":0,""sgpr_count"":128,""arch_vgpr_count"":16,""accum_vgpr_count"":0,""kernel_code_entry_byte_offset"":14400,""kernel_address"":{""handle"":138270468905472},""formatted_kernel_name"":""__amd_rocclr_copyImageToBuffer"",""demangled_kernel_name"":""__amd_rocclr_copyImageToBuffer.kd"",""truncated_kernel_name"":""__amd_rocclr_copyImageToBuffer.kd""}"
15,00003ca5-a0a5-70a5-a83c-6a77ab91cbf3,1655282045,1291264,1,__amd_rocclr_streamOpsIncrement.kd,__amd_rocclr_streamOpsIncrement,138270468891200,24,16,0,0,128,8,0,"{""size"":88,""kernel_id"":15,""code_object_id"":1,""kernel_name"":""__amd_rocclr_streamOpsIncrement.kd"",""kernel_object"":138270468891200,""kernarg_segment_size"":24,""kernarg_segment_alignment"":16,""group_segment_size"":0,""private_segment_size"":0,""sgpr_count"":128,""arch_vgpr_count"":8,""accum_vgpr_count"":0,""kernel_code_entry_byte_offset"":15808,""kernel_address"":{""handle"":138270468907008},""formatted_kernel_name"":""__amd_rocclr_streamOpsIncrement"",""demangled_kernel_name"":""__amd_rocclr_streamOpsIncrement.kd"",""truncated_kernel_name"":""__amd_rocclr_streamOpsIncrement.kd""}"
16,00003ca5-a0a5-70a5-a83c-6a77ab91cbf3,1655282045,1291264,1,__amd_rocclr_copyBufferAligned.kd,__amd_rocclr_copyBufferAligned,138270468890560,304,16,0,0,128,8,0,"{""size"":88,""kernel_id"":16,""code_object_id"":1,""kernel_name"":""__amd_rocclr_copyBufferAligned.kd"",""kernel_object"":138270468890560,""kernarg_segment_size"":304,""kernarg_segment_alignment"":16,""group_segment_size"":0,""private_segment_size"":0,""sgpr_count"":128,""arch_vgpr_count"":8,""accum_vgpr_count"":0,""kernel_code_entry_byte_offset"":8256,""kernel_address"":{""handle"":138270468898816},""formatted_kernel_name"":""__amd_rocclr_copyBufferAligned"",""demangled_kernel_name"":""__amd_rocclr_copyBufferAligned.kd"",""truncated_kernel_name"":""__amd_rocclr_copyBufferAligned.kd""}"
17,00003ca5-a0a5-70a5-a83c-6a77ab91cbf3,1655282045,1291264,1,__amd_rocclr_streamOpsWrite.kd,__amd_rocclr_streamOpsWrite,138270468891136,24,16,0,0,128,8,0,"{""size"":88,""kernel_id"":17,""code_object_id"":1,""kernel_name"":""__amd_rocclr_streamOpsWrite.kd"",""kernel_object"":138270468891136,""kernarg_segment_size"":24,""kernarg_segment_alignment"":16,""group_segment_size"":0,""private_segment_size"":0,""sgpr_count"":128,""arch_vgpr_count"":8,""accum_vgpr_count"":0,""kernel_code_entry_byte_offset"":15616,""kernel_address"":{""handle"":138270468906752},""formatted_kernel_name"":""__amd_rocclr_streamOpsWrite"",""demangled_kernel_name"":""__amd_rocclr_streamOpsWrite.kd"",""truncated_kernel_name"":""__amd_rocclr_streamOpsWrite.kd""}"
18,00003ca5-a0a5-70a5-a83c-6a77ab91cbf3,1655282045,1291264,2,gemm_gate_up_mq4g256_lloyd_wmma.kd,gemm_gate_up_mq4g256_lloyd_wmma,138270468769728,56,16,512,0,128,96,0,"{""size"":88,""kernel_id"":18,""code_object_id"":2,""kernel_name"":""gemm_gate_up_mq4g256_lloyd_wmma.kd"",""kernel_object"":138270468769728,""kernarg_segment_size"":56,""kernarg_segment_alignment"":16,""group_segment_size"":512,""private_segment_size"":0,""sgpr_count"":128,""arch_vgpr_count"":96,""accum_vgpr_count"":0,""kernel_code_entry_byte_offset"":4160,""kernel_address"":{""handle"":138270468773888},""formatted_kernel_name"":""gemm_gate_up_mq4g256_lloyd_wmma"",""demangled_kernel_name"":""gemm_gate_up_mq4g256_lloyd_wmma.kd"",""truncated_kernel_name"":""gemm_gate_up_mq4g256_lloyd_wmma.kd""}"
19,00003ca5-a0a5-70a5-a83c-6a77ab91cbf3,1655282045,1291264,3,gemm_hfq4g256_residual_fp16.kd,gemm_hfq4g256_residual_fp16,138270468704768,36,16,0,0,128,104,0,"{""size"":88,""kernel_id"":19,""code_object_id"":3,""kernel_name"":""gemm_hfq4g256_residual_fp16.kd"",""kernel_object"":138270468704768,""kernarg_segment_size"":36,""kernarg_segment_alignment"":16,""group_segment_size"":0,""private_segment_size"":0,""sgpr_count"":128,""arch_vgpr_count"":104,""accum_vgpr_count"":0,""kernel_code_entry_byte_offset"":4608,""kernel_address"":{""handle"":138270468709376},""formatted_kernel_name"":""gemm_hfq4g256_residual_fp16"",""demangled_kernel_name"":""gemm_hfq4g256_residual_fp16.kd"",""truncated_kernel_name"":""gemm_hfq4g256_residual_fp16.kd""}"
20,00003ca5-a0a5-70a5-a83c-6a77ab91cbf3,1655282045,1291264,3,convert_f32_to_f16.kd,convert_f32_to_f16,138270468704704,20,16,0,0,128,8,0,"{""size"":88,""kernel_id"":20,""code_object_id"":3,""kernel_name"":""convert_f32_to_f16.kd"",""kernel_object"":138270468704704,""kernarg_segment_size"":20,""kernarg_segment_alignment"":16,""group_segment_size"":0,""private_segment_size"":0,""sgpr_count"":128,""arch_vgpr_count"":8,""accum_vgpr_count"":0,""kernel_code_entry_byte_offset"":4416,""kernel_address"":{""handle"":138270468709120},""formatted_kernel_name"":""convert_f32_to_f16"",""demangled_kernel_name"":""convert_f32_to_f16.kd"",""truncated_kernel_name"":""convert_f32_to_f16.kd""}"
21,00003ca5-a0a5-70a5-a83c-6a77ab91cbf3,1655282045,1291264,4,gemm_gate_up_mq4g256_lloyd_wmma.kd,gemm_gate_up_mq4g256_lloyd_wmma,138270468507584,56,16,512,0,128,96,0,"{""size"":88,""kernel_id"":21,""code_object_id"":4,""kernel_name"":""gemm_gate_up_mq4g256_lloyd_wmma.kd"",""kernel_object"":138270468507584,""kernarg_segment_size"":56,""kernarg_segment_alignment"":16,""group_segment_size"":512,""private_segment_size"":0,""sgpr_count"":128,""arch_vgpr_count"":96,""accum_vgpr_count"":0,""kernel_code_entry_byte_offset"":4160,""kernel_address"":{""handle"":138270468511744},""formatted_kernel_name"":""gemm_gate_up_mq4g256_lloyd_wmma"",""demangled_kernel_name"":""gemm_gate_up_mq4g256_lloyd_wmma.kd"",""truncated_kernel_name"":""gemm_gate_up_mq4g256_lloyd_wmma.kd""}"
22,00003ca5-a0a5-70a5-a83c-6a77ab91cbf3,1655282045,1291264,5,gemm_hfq4g256_residual_fp16.kd,gemm_hfq4g256_residual_fp16,138270464690688,36,16,0,0,128,104,0,"{""size"":88,""kernel_id"":22,""code_object_id"":5,""kernel_name"":""gemm_hfq4g256_residual_fp16.kd"",""kernel_object"":138270464690688,""kernarg_segment_size"":36,""kernarg_segment_alignment"":16,""group_segment_size"":0,""private_segment_size"":0,""sgpr_count"":128,""arch_vgpr_count"":104,""accum_vgpr_count"":0,""kernel_code_entry_byte_offset"":4608,""kernel_address"":{""handle"":138270464695296},""formatted_kernel_name"":""gemm_hfq4g256_residual_fp16"",""demangled_kernel_name"":""gemm_hfq4g256_residual_fp16.kd"",""truncated_kernel_name"":""gemm_hfq4g256_residual_fp16.kd""}"
23,00003ca5-a0a5-70a5-a83c-6a77ab91cbf3,1655282045,1291264,5,convert_f32_to_f16.kd,convert_f32_to_f16,138270464690624,20,16,0,0,128,8,0,"{""size"":88,""kernel_id"":23,""code_object_id"":5,""kernel_name"":""convert_f32_to_f16.kd"",""kernel_object"":138270464690624,""kernarg_segment_size"":20,""kernarg_segment_alignment"":16,""group_segment_size"":0,""private_segment_size"":0,""sgpr_count"":128,""arch_vgpr_count"":8,""accum_vgpr_count"":0,""kernel_code_entry_byte_offset"":4416,""kernel_address"":{""handle"":138270464695040},""formatted_kernel_name"":""convert_f32_to_f16"",""demangled_kernel_name"":""convert_f32_to_f16.kd"",""truncated_kernel_name"":""convert_f32_to_f16.kd""}"
24,00003ca5-a0a5-70a5-a83c-6a77ab91cbf3,1655282045,1291264,6,gemm_gate_up_mq4g256_lloyd_wmma.kd,gemm_gate_up_mq4g256_lloyd_wmma,138270464608192,56,16,512,0,128,96,0,"{""size"":88,""kernel_id"":24,""code_object_id"":6,""kernel_name"":""gemm_gate_up_mq4g256_lloyd_wmma.kd"",""kernel_object"":138270464608192,""kernarg_segment_size"":56,""kernarg_segment_alignment"":16,""group_segment_size"":512,""private_segment_size"":0,""sgpr_count"":128,""arch_vgpr_count"":96,""accum_vgpr_count"":0,""kernel_code_entry_byte_offset"":4160,""kernel_address"":{""handle"":138270464612352},""formatted_kernel_name"":""gemm_gate_up_mq4g256_lloyd_wmma"",""demangled_kernel_name"":""gemm_gate_up_mq4g256_lloyd_wmma.kd"",""truncated_kernel_name"":""gemm_gate_up_mq4g256_lloyd_wmma.kd""}"
25,00003ca5-a0a5-70a5-a83c-6a77ab91cbf3,1655282045,1291264,7,gemm_hfq4g256_residual_fp16.kd,gemm_hfq4g256_residual_fp16,138270388390400,36,16,0,0,128,104,0,"{""size"":88,""kernel_id"":25,""code_object_id"":7,""kernel_name"":""gemm_hfq4g256_residual_fp16.kd"",""kernel_object"":138270388390400,""kernarg_segment_size"":36,""kernarg_segment_alignment"":16,""group_segment_size"":0,""private_segment_size"":0,""sgpr_count"":128,""arch_vgpr_count"":104,""accum_vgpr_count"":0,""kernel_code_entry_byte_offset"":4608,""kernel_address"":{""handle"":138270388395008},""formatted_kernel_name"":""gemm_hfq4g256_residual_fp16"",""demangled_kernel_name"":""gemm_hfq4g256_residual_fp16.kd"",""truncated_kernel_name"":""gemm_hfq4g256_residual_fp16.kd""}"
26,00003ca5-a0a5-70a5-a83c-6a77ab91cbf3,1655282045,1291264,7,convert_f32_to_f16.kd,convert_f32_to_f16,138270388390336,20,16,0,0,128,8,0,"{""size"":88,""kernel_id"":26,""code_object_id"":7,""kernel_name"":""convert_f32_to_f16.kd"",""kernel_object"":138270388390336,""kernarg_segment_size"":20,""kernarg_segment_alignment"":16,""group_segment_size"":0,""private_segment_size"":0,""sgpr_count"":128,""arch_vgpr_count"":8,""accum_vgpr_count"":0,""kernel_code_entry_byte_offset"":4416,""kernel_address"":{""handle"":138270388394752},""formatted_kernel_name"":""convert_f32_to_f16"",""demangled_kernel_name"":""convert_f32_to_f16.kd"",""truncated_kernel_name"":""convert_f32_to_f16.kd""}"

=== TABLE: rocpd_info_pmc ===id,guid,nid,pid,agent_id,target_arch,event_code,instance_id,name,symbol,description,long_description,component,units,value_type,block,expression,is_constant,is_derived,extdata
2964,00003ca5-a0a5-70a5-a83c-6a77ab91cbf3,1655282045,1291264,1,GPU,,,SQC_LDS_IDX_ACTIVE,SQC_LDS_IDX_ACTIVE,"Number of cycles LDS is used for indexed (non-direct,non-interpolation) operations. {per-simd, emulated, C1}","",rocm,"",ABS,SQ,"",0,0,"{""size"":312,""id"":{""handle"":29988},""type"":2,""cpu_cores_count"":0,""simd_count"":80,""mem_banks_count"":1,""caches_count"":86,""io_links_count"":1,""cpu_core_id_base"":0,""simd_id_base"":2147487744,""max_waves_per_simd"":16,""lds_size_in_kb"":64,""gds_size_in_kb"":0,""num_gws"":64,""wave_front_size"":32,""num_xcc"":1,""cu_count"":40,""array_count"":4,""num_shader_banks"":2,""simd_arrays_per_engine"":2,""cu_per_simd_array"":10,""simd_per_cu"":2,""max_slots_scratch_cu"":32,""gfx_target_version"":110501,""vendor_id"":4098,""device_id"":5510,""location_id"":50432,""domain"":0,""drm_render_minor"":128,""num_sdma_engines"":1,""num_sdma_xgmi_engines"":0,""num_sdma_queues_per_engine"":6,""num_cp_queues"":8,""max_engine_clk_ccompute"":5187,""max_engine_clk_fcompute"":2900,""sdma_fw_version"":{""uCodeSDMA"":14,""uCodeRes"":0},""fw_version"":{""uCode"":32,""Major"":0,""Minor"":0,""Stepping"":0},""capability"":{""HotPluggable"":0,""HSAMMUPresent"":0,""SharedWithGraphics"":0,""QueueSizePowerOfTwo"":0,""QueueSize32bit"":0,""QueueIdleEvent"":0,""VALimit"":0,""WatchPointsSupported"":1,""WatchPointsTotalBits"":2,""DoorbellType"":2,""AQLQueueDoubleMap"":0,""DebugTrapSupported"":1,""WaveLaunchTrapOverrideSupported"":1,""WaveLaunchModeSupported"":1,""PreciseMemoryOperationsSupported"":0,""DEPRECATED_SRAM_EDCSupport"":0,""Mem_EDCSupport"":0,""RASEventNotify"":0,""ASICRevision"":0,""SRAM_EDCSupport"":0,""SVMAPISupported"":1,""CoherentHostAccess"":0,""DebugSupportedFirmware"":1},""cu_per_engine"":20,""max_waves_per_cu"":32,""family_id"":150,""workgroup_max_size"":1024,""grid_max_size"":4294967295,""local_mem_size"":0,""hive_id"":0,""gpu_id"":35128,""workgroup_max_dim"":{""x"":1024,""y"":1024,""z"":1024},""grid_max_dim"":{""x"":2147483647,""y"":65535,""z"":65535},""name"":""gfx1151"",""vendor_name"":""AMD"",""product_name"":""Radeon 8060S Graphics"",""model_name"":""ip discovery"",""node_id"":1,""logical_node_id"":1,""logical_node_type_id"":0,""runtime_visibility"":{""hsa"":1,""hip"":1,""rccl"":1,""rocdecode"":1},""uuid"":{""bytes"":{""value0"":0,""value1"":0,""value2"":0,""value3"":0,""value4"":0,""value5"":0,""value6"":0,""value7"":0,""value8"":0,""value9"":0,""value10"":0,""value11"":0,""value12"":0,""value13"":0,""value14"":0,""value15"":0}},""mem_banks"":[{""heap_type"":1,""flags"":{""HotPluggable"":0,""NonVolatile"":0},""width"":256,""mem_clk_max"":1000,""size_in_bytes"":137438953472}],""caches"":[{""processor_id_low"":2147487744,""size"":32,""level"":1,""cache_line_size"":128,""cache_lines_per_tag"":0,""association"":0,""latency"":0,""type"":{""Data"":1,""Instruction"":0,""CPU"":0,""HSACU"":1}},{""processor_id_low"":2147487745,""size"":32,""level"":1,""cache_line_size"":128,""cache_lines_per_tag"":0,""association"":0,""latency"":0,""type"":{""Data"":1,""Instruction"":0,""CPU"":0,""HSACU"":1}},{""processor_id_low"":2147487746,""size"":32,""level"":1,""cache_line_size"":128,""cache_lines_per_tag"":0,""association"":0,""latency"":0,""type"":{""Data"":1,""Instruction"":0,""CPU"":0,""HSACU"":1}},{""processor_id_low"":2147487747,""size"":32,""level"":1,""cache_line_size"":128,""cache_lines_per_tag"":0,""association"":0,""latency"":0,""type"":{""Data"":1,""Instruction"":0,""CPU"":0,""HSACU"":1}},{""processor_id_low"":2147487748,""size"":32,""level"":1,""cache_line_size"":128,""cache_lines_per_tag"":0,""association"":0,""latency"":0,""type"":{""Data"":1,""Instruction"":0,""CPU"":0,""HSACU"":1}},{""processor_id_low"":2147487749,""size"":32,""level"":1,""cache_line_size"":128,""cache_lines_per_tag"":0,""association"":0,""latency"":0,""type"":{""Data"":1,""Instruction"":0,""CPU"":0,""HSACU"":1}},{""processor_id_low"":2147487750,""size"":32,""level"":1,""cache_line_size"":128,""cache_lines_per_tag"":0,""association"":0,""latency"":0,""type"":{""Data"":1,""Instruction"":0,""CPU"":0,""HSACU"":1}},{""processor_id_low"":2147487751,""size"":32,""level"":1,""cache_line_size"":128,""cache_lines_per_tag"":0,""association"":0,""latency"":0,""type"":{""Data"":1,""Instruction"":0,""CPU"":0,""HSACU"":1}},{""processor_id_low"":2147487752,""size"":32,""level"":1,""cache_line_size"":128,""cache_lines_per_tag"":0,""association"":0,""latency"":0,""type"":{""Data"":1,""Instruction"":0,""CPU"":0,""HSACU"":1}},{""processor_id_low"":2147487753,""size"":32,""level"":1,""cache_line_size"":128,""cache_lines_per_tag"":0,""association"":0,""latency"":0,""type"":{""Data"":1,""Instruction"":0,""CPU"":0,""HSACU"":1}},{""processor_id_low"":2147487754,""size"":32,""level"":1,""cache_line_size"":128,""cache_lines_per_tag"":0,""association"":0,""latency"":0,""type"":{""Data"":1,""Instruction"":0,""CPU"":0,""HSACU"":1}},{""processor_id_low"":2147487755,""size"":32,""level"":1,""cache_line_size"":128,""cache_lines_per_tag"":0,""association"":0,""latency"":0,""type"":{""Data"":1,""Instruction"":0,""CPU"":0,""HSACU"":1}},{""processor_id_low"":2147487756,""size"":32,""level"":1,""cache_line_size"":128,""cache_lines_per_tag"":0,""association"":0,""latency"":0,""type"":{""Data"":1,""Instruction"":0,""CPU"":0,""HSACU"":1}},{""processor_id_low"":2147487757,""size"":32,""level"":1,""cache_line_size"":128,""cache_lines_per_tag"":0,""association"":0,""latency"":0,""type"":{""Data"":1,""Instruction"":0,""CPU"":0,""HSACU"":1}},{""processor_id_low"":2147487758,""size"":32,""level"":1,""cache_line_size"":128,""cache_lines_per_tag"":0,""association"":0,""latency"":0,""type"":{""Data"":1,""Instruction"":0,""CPU"":0,""HSACU"":1}},{""processor_id_low"":2147487759,""size"":32,""level"":1,""cache_line_size"":128,""cache_lines_per_tag"":0,""association"":0,""latency"":0,""type"":{""Data"":1,""Instruction"":0,""CPU"":0,""HSACU"":1}},{""processor_id_low"":2147487760,""size"":32,""level"":1,""cache_line_size"":128,""cache_lines_per_tag"":0,""association"":0,""latency"":0,""type"":{""Data"":1,""Instruction"":0,""CPU"":0,""HSACU"":1}},{""processor_id_low"":2147487761,""size"":32,""level"":1,""cache_line_size"":128,""cache_lines_per_tag"":0,""association"":0,""latency"":0,""type"":{""Data"":1,""Instruction"":0,""CPU"":0,""HSACU"":1}},{""processor_id_low"":2147487762,""size"":32,""level"":1,""cache_line_size"":128,""cache_lines_per_tag"":0,""association"":0,""latency"":0,""type"":{""Data"":1,""Instruction"":0,""CPU"":0,""HSACU"":1}},{""processor_id_low"":2147487763,""size"":32,""level"":1,""cache_line_size"":128,""cache_lines_per_tag"":0,""association"":0,""latency"":0,""type"":{""Data"":1,""Instruction"":0,""CPU"":0,""HSACU"":1}},{""processor_id_low"":2147487764,""size"":32,""level"":1,""cache_line_size"":128,""cache_lines_per_tag"":0,""association"":0,""latency"":0,""type"":{""Data"":1,""Instruction"":0,""CPU"":0,""HSACU"":1}},{""processor_id_low"":2147487765,""size"":32,""level"":1,""cache_line_size"":128,""cache_lines_per_tag"":0,""association"":0,""latency"":0,""type"":{""Data"":1,""Instruction"":0,""CPU"":0,""HSACU"":1}},{""processor_id_low"":2147487766,""size"":32,""level"":1,""cache_line_size"":128,""cache_lines_per_tag"":0,""association"":0,""latency"":0,""type"":{""Data"":1,""Instruction"":0,""CPU"":0,""HSACU"":1}},{""processor_id_low"":2147487767,""size"":32,""level"":1,""cache_line_size"":128,""cache_lines_per_tag"":0,""association"":0,""latency"":0,""type"":{""Data"":1,""Instruction"":0,""CPU"":0,""HSACU"":1}},{""processor_id_low"":2147487768,""size"":32,""level"":1,""cache_line_size"":128,""cache_lines_per_tag"":0,""association"":0,""latency"":0,""type"":{""Data"":1,""Instruction"":0,""CPU"":0,""HSACU"":1}},{""processor_id_low"":2147487769,""size"":32,""level"":1,""cache_line_size"":128,""cache_lines_per_tag"":0,""association"":0,""latency"":0,""type"":{""Data"":1,""Instruction"":0,""CPU"":0,""HSACU"":1}},{""processor_id_low"":2147487770,""size"":32,""level"":1,""cache_line_size"":128,""cache_lines_per_tag"":0,""association"":0,""latency"":0,""type"":{""Data"":1,""Instruction"":0,""CPU"":0,""HSACU"":1}},{""processor_id_low"":2147487771,""size"":32,""level"":1,""cache_line_size"":128,""cache_lines_per_tag"":0,""association"":0,""latency"":0,""type"":{""Data"":1,""Instruction"":0,""CPU"":0,""HSACU"":1}},{""processor_id_low"":2147487772,""size"":32,""level"":1,""cache_line_size"":128,""cache_lines_per_tag"":0,""association"":0,""latency"":0,""type"":{""Data"":1,""Instruction"":0,""CPU"":0,""HSACU"":1}},{""processor_id_low"":2147487773,""size"":32,""level"":1,""cache_line_size"":128,""cache_lines_per_tag"":0,""association"":0,""latency"":0,""type"":{""Data"":1,""Instruction"":0,""CPU"":0,""HSACU"":1}},{""processor_id_low"":2147487774,""size"":32,""level"":1,""cache_line_size"":128,""cache_lines_per_tag"":0,""association"":0,""latency"":0,""type"":{""Data"":1,""Instruction"":0,""CPU"":0,""HSACU"":1}},{""processor_id_low"":2147487775,""size"":32,""level"":1,""cache_line_size"":128,""cache_lines_per_tag"":0,""association"":0,""latency"":0,""type"":{""Data"":1,""Instruction"":0,""CPU"":0,""HSACU"":1}},{""processor_id_low"":2147487776,""size"":32,""level"":1,""cache_line_size"":128,""cache_lines_per_tag"":0,""association"":0,""latency"":0,""type"":{""Data"":1,""Instruction"":0,""CPU"":0,""HSACU"":1}},{""processor_id_low"":2147487777,""size"":32,""level"":1,""cache_line_size"":128,""cache_lines_per_tag"":0,""association"":0,""latency"":0,""type"":{""Data"":1,""Instruction"":0,""CPU"":0,""HSACU"":1}},{""processor_id_low"":2147487778,""size"":32,""level"":1,""cache_line_size"":128,""cache_lines_per_tag"":0,""association"":0,""latency"":0,""type"":{""Data"":1,""Instruction"":0,""CPU"":0,""HSACU"":1}},{""processor_id_low"":2147487779,""size"":32,""level"":1,""cache_line_size"":128,""cache_lines_per_tag"":0,""association"":0,""latency"":0,""type"":{""Data"":1,""Instruction"":0,""CPU"":0,""HSACU"":1}},{""processor_id_low"":2147487780,""size"":32,""level"":1,""cache_line_size"":128,""cache_lines_per_tag"":0,""association"":0,""latency"":0,""type"":{""Data"":1,""Instruction"":0,""CPU"":0,""HSACU"":1}},{""processor_id_low"":2147487781,""size"":32,""level"":1,""cache_line_size"":128,""cache_lines_per_tag"":0,""association"":0,""latency"":0,""type"":{""Data"":1,""Instruction"":0,""CPU"":0,""HSACU"":1}},{""processor_id_low"":2147487782,""size"":32,""level"":1,""cache_line_size"":128,""cache_lines_per_tag"":0,""association"":0,""latency"":0,""type"":{""Data"":1,""Instruction"":0,""CPU"":0,""HSACU"":1}},{""processor_id_low"":2147487783,""size"":32,""level"":1,""cache_line_size"":128,""cache_lines_per_tag"":0,""association"":0,""latency"":0,""type"":{""Data"":1,""Instruction"":0,""CPU"":0,""HSACU"":1}},{""processor_id_low"":2147487744,""size"":32,""level"":1,""cache_line_size"":128,""cache_lines_per_tag"":0,""association"":0,""latency"":0,""type"":{""Data"":0,""Instruction"":1,""CPU"":0,""HSACU"":1}},{""processor_id_low"":2147487746,""size"":32,""level"":1,""cache_line_size"":128,""cache_lines_per_tag"":0,""association"":0,""latency"":0,""type"":{""Data"":0,""Instruction"":1,""CPU"":0,""HSACU"":1}},{""processor_id_low"":2147487748,""size"":32,""level"":1,""cache_line_size"":128,""cache_lines_per_tag"":0,""association"":0,""latency"":0,""type"":{""Data"":0,""Instruction"":1,""CPU"":0,""HSACU"":1}},{""processor_id_low"":2147487750,""size"":32,""level"":1,""cache_line_size"":128,""cache_lines_per_tag"":0,""association"":0,""latency"":0,""type"":{""Data"":0,""Instruction"":1,""CPU"":0,""HSACU"":1}},{""processor_id_low"":2147487752,""size"":32,""level"":1,""cache_line_size"":128,""cache_lines_per_tag"":0,""association"":0,""latency"":0,""type"":{""Data"":0,""Instruction"":1,""CPU"":0,""HSACU"":1}},{""processor_id_low"":2147487754,""size"":32,""level"":1,""cache_line_size"":128,""cache_lines_per_tag"":0,""association"":0,""latency"":0,""type"":{""Data"":0,""Instruction"":1,""CPU"":0,""HSACU"":1}},{""processor_id_low"":2147487756,""size"":32,""level"":1,""cache_line_size"":128,""cache_lines_per_tag"":0,""association"":0,""latency"":0,""type"":{""Data"":0,""Instruction"":1,""CPU"":0,""HSACU"":1}},{""processor_id_low"":2147487758,""size"":32,""level"":1,""cache_line_size"":128,""cache_lines_per_tag"":0,""association"":0,""latency"":0,""type"":{""Data"":0,""Instruction"":1,""CPU"":0,""HSACU"":1}},{""processor_id_low"":2147487760,""size"":32,""level"":1,""cache_line_size"":128,""cache_lines_per_tag"":0,""association"":0,""latency"":0,""type"":{""Data"":0,""Instruction"":1,""CPU"":0,""HSACU"":1}},{""processor_id_low"":2147487762,""size"":32,""level"":1,""cache_line_size"":128,""cache_lines_per_tag"":0,""association"":0,""latency"":0,""type"":{""Data"":0,""Instruction"":1,""CPU"":0,""HSACU"":1}},{""processor_id_low"":2147487764,""size"":32,""level"":1,""cache_line_size"":128,""cache_lines_per_tag"":0,""association"":0,""latency"":0,""type"":{""Data"":0,""Instruction"":1,""CPU"":0,""HSACU"":1}},{""processor_id_low"":2147487766,""size"":32,""level"":1,""cache_line_size"":128,""cache_lines_per_tag"":0,""association"":0,""latency"":0,""type"":{""Data"":0,""Instruction"":1,""CPU"":0,""HSACU"":1}},{""processor_id_low"":2147487768,""size"":32,""level"":1,""cache_line_size"":128,""cache_lines_per_tag"":0,""association"":0,""latency"":0,""type"":{""Data"":0,""Instruction"":1,""CPU"":0,""HSACU"":1}},{""processor_id_low"":2147487770,""size"":32,""level"":1,""cache_line_size"":128,""cache_lines_per_tag"":0,""association"":0,""latency"":0,""type"":{""Data"":0,""Instruction"":1,""CPU"":0,""HSACU"":1}},{""processor_id_low"":2147487772,""size"":32,""level"":1,""cache_line_size"":128,""cache_lines_per_tag"":0,""association"":0,""latency"":0,""type"":{""Data"":0,""Instruction"":1,""CPU"":0,""HSACU"":1}},{""processor_id_low"":2147487774,""size"":32,""level"":1,""cache_line_size"":128,""cache_lines_per_tag"":0,""association"":0,""latency"":0,""type"":{""Data"":0,""Instruction"":1,""CPU"":0,""HSACU"":1}},{""processor_id_low"":2147487776,""size"":32,""level"":1,""cache_line_size"":128,""cache_lines_per_tag"":0,""association"":0,""latency"":0,""type"":{""Data"":0,""Instruction"":1,""CPU"":0,""HSACU"":1}},{""processor_id_low"":2147487778,""size"":32,""level"":1,""cache_line_size"":128,""cache_lines_per_tag"":0,""association"":0,""latency"":0,""type"":{""Data"":0,""Instruction"":1,""CPU"":0,""HSACU"":1}},{""processor_id_low"":2147487780,""size"":32,""level"":1,""cache_line_size"":128,""cache_lines_per_tag"":0,""association"":0,""latency"":0,""type"":{""Data"":0,""Instruction"":1,""CPU"":0,""HSACU"":1}},{""processor_id_low"":2147487782,""size"":32,""level"":1,""cache_line_size"":128,""cache_lines_per_tag"":0,""association"":0,""latency"":0,""type"":{""Data"":0,""Instruction"":1,""CPU"":0,""HSACU"":1}},{""processor_id_low"":2147487744,""size"":16,""level"":1,""cache_line_size"":64,""cache_lines_per_tag"":0,""association"":0,""latency"":0,""type"":{""Data"":1,""Instruction"":0,""CPU"":0,""HSACU"":1}},{""processor_id_low"":2147487746,""size"":16,""level"":1,""cache_line_size"":64,""cache_lines_per_tag"":0,""association"":0,""latency"":0,""type"":{""Data"":1,""Instruction"":0,""CPU"":0,""HSACU"":1}},{""processor_id_low"":2147487748,""size"":16,""level"":1,""cache_line_size"":64,""cache_lines_per_tag"":0,""association"":0,""latency"":0,""type"":{""Data"":1,""Instruction"":0,""CPU"":0,""HSACU"":1}},{""processor_id_low"":2147487750,""size"":16,""level"":1,""cache_line_size"":64,""cache_lines_per_tag"":0,""association"":0,""latency"":0,""type"":{""Data"":1,""Instruction"":0,""CPU"":0,""HSACU"":1}},{""processor_id_low"":2147487752,""size"":16,""level"":1,""cache_line_size"":64,""cache_lines_per_tag"":0,""association"":0,""latency"":0,""type"":{""Data"":1,""Instruction"":0,""CPU"":0,""HSACU"":1}},{""processor_id_low"":2147487754,""size"":16,""level"":1,""cache_line_size"":64,""cache_lines_per_tag"":0,""association"":0,""latency"":0,""type"":{""Data"":1,""Instruction"":0,""CPU"":0,""HSACU"":1}},{""processor_id_low"":2147487756,""size"":16,""level"":1,""cache_line_size"":64,""cache_lines_per_tag"":0,""association"":0,""latency"":0,""type"":{""Data"":1,""Instruction"":0,""CPU"":0,""HSACU"":1}},{""processor_id_low"":2147487758,""size"":16,""level"":1,""cache_line_size"":64,""cache_lines_per_tag"":0,""association"":0,""latency"":0,""type"":{""Data"":1,""Instruction"":0,""CPU"":0,""HSACU"":1}},{""processor_id_low"":2147487760,""size"":16,""level"":1,""cache_line_size"":64,""cache_lines_per_tag"":0,""association"":0,""latency"":0,""type"":{""Data"":1,""Instruction"":0,""CPU"":0,""HSACU"":1}},{""processor_id_low"":2147487762,""size"":16,""level"":1,""cache_line_size"":64,""cache_lines_per_tag"":0,""association"":0,""latency"":0,""type"":{""Data"":1,""Instruction"":0,""CPU"":0,""HSACU"":1}},{""processor_id_low"":2147487764,""size"":16,""level"":1,""cache_line_size"":64,""cache_lines_per_tag"":0,""association"":0,""latency"":0,""type"":{""Data"":1,""Instruction"":0,""CPU"":0,""HSACU"":1}},{""processor_id_low"":2147487766,""size"":16,""level"":1,""cache_line_size"":64,""cache_lines_per_tag"":0,""association"":0,""latency"":0,""type"":{""Data"":1,""Instruction"":0,""CPU"":0,""HSACU"":1}},{""processor_id_low"":2147487768,""size"":16,""level"":1,""cache_line_size"":64,""cache_lines_per_tag"":0,""association"":0,""latency"":0,""type"":{""Data"":1,""Instruction"":0,""CPU"":0,""HSACU"":1}},{""processor_id_low"":2147487770,""size"":16,""level"":1,""cache_line_size"":64,""cache_lines_per_tag"":0,""association"":0,""latency"":0,""type"":{""Data"":1,""Instruction"":0,""CPU"":0,""HSACU"":1}},{""processor_id_low"":2147487772,""size"":16,""level"":1,""cache_line_size"":64,""cache_lines_per_tag"":0,""association"":0,""latency"":0,""type"":{""Data"":1,""Instruction"":0,""CPU"":0,""HSACU"":1}},{""processor_id_low"":2147487774,""size"":16,""level"":1,""cache_line_size"":64,""cache_lines_per_tag"":0,""association"":0,""latency"":0,""type"":{""Data"":1,""Instruction"":0,""CPU"":0,""HSACU"":1}},{""processor_id_low"":2147487776,""size"":16,""level"":1,""cache_line_size"":64,""cache_lines_per_tag"":0,""association"":0,""latency"":0,""type"":{""Data"":1,""Instruction"":0,""CPU"":0,""HSACU"":1}},{""processor_id_low"":2147487778,""size"":16,""level"":1,""cache_line_size"":64,""cache_lines_per_tag"":0,""association"":0,""latency"":0,""type"":{""Data"":1,""Instruction"":0,""CPU"":0,""HSACU"":1}},{""processor_id_low"":2147487780,""size"":16,""level"":1,""cache_line_size"":64,""cache_lines_per_tag"":0,""association"":0,""latency"":0,""type"":{""Data"":1,""Instruction"":0,""CPU"":0,""HSACU"":1}},{""processor_id_low"":2147487782,""size"":16,""level"":1,""cache_line_size"":64,""cache_lines_per_tag"":0,""association"":0,""latency"":0,""type"":{""Data"":1,""Instruction"":0,""CPU"":0,""HSACU"":1}},{""processor_id_low"":2147487744,""size"":256,""level"":1,""cache_line_size"":128,""cache_lines_per_tag"":0,""association"":0,""latency"":0,""type"":{""Data"":1,""Instruction"":0,""CPU"":0,""HSACU"":1}},{""processor_id_low"":2147487754,""size"":256,""level"":1,""cache_line_size"":128,""cache_lines_per_tag"":0,""association"":0,""latency"":0,""type"":{""Data"":1,""Instruction"":0,""CPU"":0,""HSACU"":1}},{""processor_id_low"":2147487764,""size"":256,""level"":1,""cache_line_size"":128,""cache_lines_per_tag"":0,""association"":0,""latency"":0,""type"":{""Data"":1,""Instruction"":0,""CPU"":0,""HSACU"":1}},{""processor_id_low"":2147487774,""size"":256,""level"":1,""cache_line_size"":128,""cache_lines_per_tag"":0,""association"":0,""latency"":0,""type"":{""Data"":1,""Instruction"":0,""CPU"":0,""HSACU"":1}},{""processor_id_low"":2147487744,""size"":2048,""level"":2,""cache_line_size"":128,""cache_lines_per_tag"":0,""association"":0,""latency"":0,""type"":{""Data"":1,""Instruction"":0,""CPU"":0,""HSACU"":1}},{""processor_id_low"":2147487744,""size"":32768,""level"":3,""cache_line_size"":64,""cache_lines_per_tag"":0,""association"":0,""latency"":0,""type"":{""Data"":1,""Instruction"":0,""CPU"":0,""HSACU"":1}}],""io_links"":[{""type"":2,""version_major"":0,""version_minor"":0,""node_from"":1,""node_to"":0,""weight"":20,""min_latency"":0,""max_latency"":0,""min_bandwidth"":0,""max_bandwidth"":32000,""recommended_transfer_size"":0,""flags"":{""Override"":1,""NonCoherent"":0,""NoAtomics32bit"":0,""NoAtomics64bit"":0,""NoPeerToPeerDMA"":0}}],""gpu_index"":0}"
8070450532247928832,00003ca5-a0a5-70a5-a83c-6a77ab91cbf3,1655282045,1291264,,,,,KFD_EVENT_PAGE_MIGRATE,KFD_EVENT_PAGE_MIGRATE,"KFD page migration events","",rocm,"",ABS,KFD,,0,0,{}
8070450532247928833,00003ca5-a0a5-70a5-a83c-6a77ab91cbf3,1655282045,1291264,,,,,KFD_EVENT_PAGE_FAULT,KFD_EVENT_PAGE_FAULT,"KFD page fault events","",rocm,"",ABS,KFD,,0,0,{}
8070450532247928834,00003ca5-a0a5-70a5-a83c-6a77ab91cbf3,1655282045,1291264,,,,,KFD_EVENT_QUEUE,KFD_EVENT_QUEUE,"KFD queue eviction/restore events","",rocm,"",ABS,KFD,,0,0,{}
8070450532247928835,00003ca5-a0a5-70a5-a83c-6a77ab91cbf3,1655282045,1291264,,,,,KFD_EVENT_UNMAP_FROM_GPU,KFD_EVENT_UNMAP_FROM_GPU,"KFD unmap from GPU events","",rocm,"",ABS,KFD,,0,0,{}
8070450532247928836,00003ca5-a0a5-70a5-a83c-6a77ab91cbf3,1655282045,1291264,,,,,KFD_EVENT_DROPPED_EVENTS,KFD_EVENT_DROPPED_EVENTS,"KFD dropped_events events","",rocm,"",ABS,KFD,,0,0,{}
8070450532247928837,00003ca5-a0a5-70a5-a83c-6a77ab91cbf3,1655282045,1291264,,,,,KFD_PAGE_MIGRATE,KFD_PAGE_MIGRATE,"KFD page migration paired records","",rocm,"",ABS,KFD,,0,0,{}
8070450532247928838,00003ca5-a0a5-70a5-a83c-6a77ab91cbf3,1655282045,1291264,,,,,KFD_PAGE_FAULT,KFD_PAGE_FAULT,"KFD page fault paired records","",rocm,"",ABS,KFD,,0,0,{}
8070450532247928839,00003ca5-a0a5-70a5-a83c-6a77ab91cbf3,1655282045,1291264,,,,,KFD_QUEUE,KFD_QUEUE,"KFD queue eviction/restore paired records","",rocm,"",ABS,KFD,,0,0,{}

=== TABLE: rocpd_pmc_event ===id,guid,event_id,pmc_id,value,extdata
1,00003ca5-a0a5-70a5-a83c-6a77ab91cbf3,1,2964,0.0,{}
2,00003ca5-a0a5-70a5-a83c-6a77ab91cbf3,1,2964,0.0,{}
3,00003ca5-a0a5-70a5-a83c-6a77ab91cbf3,1,2964,0.0,{}
4,00003ca5-a0a5-70a5-a83c-6a77ab91cbf3,1,2964,0.0,{}
5,00003ca5-a0a5-70a5-a83c-6a77ab91cbf3,1,2964,0.0,{}
6,00003ca5-a0a5-70a5-a83c-6a77ab91cbf3,1,2964,0.0,{}
7,00003ca5-a0a5-70a5-a83c-6a77ab91cbf3,1,2964,0.0,{}
8,00003ca5-a0a5-70a5-a83c-6a77ab91cbf3,1,2964,0.0,{}
9,00003ca5-a0a5-70a5-a83c-6a77ab91cbf3,1,2964,0.0,{}
10,00003ca5-a0a5-70a5-a83c-6a77ab91cbf3,1,2964,0.0,{}
11,00003ca5-a0a5-70a5-a83c-6a77ab91cbf3,1,2964,0.0,{}
12,00003ca5-a0a5-70a5-a83c-6a77ab91cbf3,1,2964,0.0,{}
13,00003ca5-a0a5-70a5-a83c-6a77ab91cbf3,1,2964,0.0,{}
14,00003ca5-a0a5-70a5-a83c-6a77ab91cbf3,1,2964,0.0,{}
15,00003ca5-a0a5-70a5-a83c-6a77ab91cbf3,1,2964,0.0,{}
16,00003ca5-a0a5-70a5-a83c-6a77ab91cbf3,1,2964,0.0,{}
17,00003ca5-a0a5-70a5-a83c-6a77ab91cbf3,1,2964,0.0,{}
18,00003ca5-a0a5-70a5-a83c-6a77ab91cbf3,1,2964,0.0,{}
19,00003ca5-a0a5-70a5-a83c-6a77ab91cbf3,1,2964,0.0,{}
20,00003ca5-a0a5-70a5-a83c-6a77ab91cbf3,1,2964,0.0,{}
21,00003ca5-a0a5-70a5-a83c-6a77ab91cbf3,2,2964,0.0,{}
22,00003ca5-a0a5-70a5-a83c-6a77ab91cbf3,2,2964,0.0,{}
23,00003ca5-a0a5-70a5-a83c-6a77ab91cbf3,2,2964,0.0,{}
24,00003ca5-a0a5-70a5-a83c-6a77ab91cbf3,2,2964,0.0,{}
25,00003ca5-a0a5-70a5-a83c-6a77ab91cbf3,2,2964,0.0,{}
26,00003ca5-a0a5-70a5-a83c-6a77ab91cbf3,2,2964,0.0,{}
27,00003ca5-a0a5-70a5-a83c-6a77ab91cbf3,2,2964,0.0,{}
28,00003ca5-a0a5-70a5-a83c-6a77ab91cbf3,2,2964,0.0,{}
29,00003ca5-a0a5-70a5-a83c-6a77ab91cbf3,2,2964,0.0,{}
30,00003ca5-a0a5-70a5-a83c-6a77ab91cbf3,2,2964,0.0,{}
31,00003ca5-a0a5-70a5-a83c-6a77ab91cbf3,2,2964,0.0,{}
32,00003ca5-a0a5-70a5-a83c-6a77ab91cbf3,2,2964,0.0,{}
33,00003ca5-a0a5-70a5-a83c-6a77ab91cbf3,2,2964,0.0,{}
34,00003ca5-a0a5-70a5-a83c-6a77ab91cbf3,2,2964,0.0,{}
35,00003ca5-a0a5-70a5-a83c-6a77ab91cbf3,2,2964,0.0,{}
36,00003ca5-a0a5-70a5-a83c-6a77ab91cbf3,2,2964,0.0,{}
37,00003ca5-a0a5-70a5-a83c-6a77ab91cbf3,2,2964,0.0,{}
38,00003ca5-a0a5-70a5-a83c-6a77ab91cbf3,2,2964,0.0,{}
39,00003ca5-a0a5-70a5-a83c-6a77ab91cbf3,2,2964,0.0,{}
40,00003ca5-a0a5-70a5-a83c-6a77ab91cbf3,2,2964,0.0,{}
41,00003ca5-a0a5-70a5-a83c-6a77ab91cbf3,3,2964,0.0,{}
42,00003ca5-a0a5-70a5-a83c-6a77ab91cbf3,3,2964,0.0,{}
43,00003ca5-a0a5-70a5-a83c-6a77ab91cbf3,3,2964,0.0,{}
44,00003ca5-a0a5-70a5-a83c-6a77ab91cbf3,3,2964,0.0,{}
45,00003ca5-a0a5-70a5-a83c-6a77ab91cbf3,3,2964,0.0,{}
46,00003ca5-a0a5-70a5-a83c-6a77ab91cbf3,3,2964,0.0,{}
47,00003ca5-a0a5-70a5-a83c-6a77ab91cbf3,3,2964,0.0,{}
48,00003ca5-a0a5-70a5-a83c-6a77ab91cbf3,3,2964,0.0,{}
49,00003ca5-a0a5-70a5-a83c-6a77ab91cbf3,3,2964,0.0,{}
50,00003ca5-a0a5-70a5-a83c-6a77ab91cbf3,3,2964,0.0,{}
51,00003ca5-a0a5-70a5-a83c-6a77ab91cbf3,3,2964,0.0,{}
52,00003ca5-a0a5-70a5-a83c-6a77ab91cbf3,3,2964,0.0,{}
53,00003ca5-a0a5-70a5-a83c-6a77ab91cbf3,3,2964,0.0,{}
54,00003ca5-a0a5-70a5-a83c-6a77ab91cbf3,3,2964,0.0,{}
55,00003ca5-a0a5-70a5-a83c-6a77ab91cbf3,3,2964,0.0,{}
56,00003ca5-a0a5-70a5-a83c-6a77ab91cbf3,3,2964,0.0,{}
57,00003ca5-a0a5-70a5-a83c-6a77ab91cbf3,3,2964,0.0,{}
58,00003ca5-a0a5-70a5-a83c-6a77ab91cbf3,3,2964,0.0,{}
59,00003ca5-a0a5-70a5-a83c-6a77ab91cbf3,3,2964,0.0,{}
60,00003ca5-a0a5-70a5-a83c-6a77ab91cbf3,3,2964,0.0,{}
61,00003ca5-a0a5-70a5-a83c-6a77ab91cbf3,4,2964,5757978.0,{}
62,00003ca5-a0a5-70a5-a83c-6a77ab91cbf3,4,2964,5755850.0,{}
63,00003ca5-a0a5-70a5-a83c-6a77ab91cbf3,4,2964,5756767.0,{}
64,00003ca5-a0a5-70a5-a83c-6a77ab91cbf3,4,2964,6026980.0,{}
65,00003ca5-a0a5-70a5-a83c-6a77ab91cbf3,4,2964,6872230.0,{}
66,00003ca5-a0a5-70a5-a83c-6a77ab91cbf3,4,2964,6333406.0,{}
67,00003ca5-a0a5-70a5-a83c-6a77ab91cbf3,4,2964,6297122.0,{}
68,00003ca5-a0a5-70a5-a83c-6a77ab91cbf3,4,2964,6908391.0,{}
69,00003ca5-a0a5-70a5-a83c-6a77ab91cbf3,4,2964,6224184.0,{}
70,00003ca5-a0a5-70a5-a83c-6a77ab91cbf3,4,2964,6242222.0,{}
71,00003ca5-a0a5-70a5-a83c-6a77ab91cbf3,4,2964,6170741.0,{}
72,00003ca5-a0a5-70a5-a83c-6a77ab91cbf3,4,2964,6134722.0,{}
73,00003ca5-a0a5-70a5-a83c-6a77ab91cbf3,4,2964,6135193.0,{}
74,00003ca5-a0a5-70a5-a83c-6a77ab91cbf3,4,2964,6135738.0,{}
75,00003ca5-a0a5-70a5-a83c-6a77ab91cbf3,4,2964,6135909.0,{}
76,00003ca5-a0a5-70a5-a83c-6a77ab91cbf3,4,2964,6423503.0,{}
77,00003ca5-a0a5-70a5-a83c-6a77ab91cbf3,4,2964,6314716.0,{}
78,00003ca5-a0a5-70a5-a83c-6a77ab91cbf3,4,2964,6171924.0,{}
79,00003ca5-a0a5-70a5-a83c-6a77ab91cbf3,4,2964,6260327.0,{}
80,00003ca5-a0a5-70a5-a83c-6a77ab91cbf3,4,2964,6296293.0,{}
81,00003ca5-a0a5-70a5-a83c-6a77ab91cbf3,5,2964,4768503.0,{}
82,00003ca5-a0a5-70a5-a83c-6a77ab91cbf3,5,2964,4478592.0,{}
83,00003ca5-a0a5-70a5-a83c-6a77ab91cbf3,5,2964,4659940.0,{}
84,00003ca5-a0a5-70a5-a83c-6a77ab91cbf3,5,2964,4604015.0,{}
85,00003ca5-a0a5-70a5-a83c-6a77ab91cbf3,5,2964,4515194.0,{}
86,00003ca5-a0a5-70a5-a83c-6a77ab91cbf3,5,2964,7916496.0,{}
87,00003ca5-a0a5-70a5-a83c-6a77ab91cbf3,5,2964,7844042.0,{}
88,00003ca5-a0a5-70a5-a83c-6a77ab91cbf3,5,2964,7845683.0,{}
89,00003ca5-a0a5-70a5-a83c-6a77ab91cbf3,5,2964,7898424.0,{}
90,00003ca5-a0a5-70a5-a83c-6a77ab91cbf3,5,2964,7646665.0,{}
91,00003ca5-a0a5-70a5-a83c-6a77ab91cbf3,5,2964,8060431.0,{}
92,00003ca5-a0a5-70a5-a83c-6a77ab91cbf3,5,2964,8059150.0,{}
93,00003ca5-a0a5-70a5-a83c-6a77ab91cbf3,5,2964,8059241.0,{}
94,00003ca5-a0a5-70a5-a83c-6a77ab91cbf3,5,2964,8060000.0,{}
95,00003ca5-a0a5-70a5-a83c-6a77ab91cbf3,5,2964,8042443.0,{}
96,00003ca5-a0a5-70a5-a83c-6a77ab91cbf3,5,2964,4318480.0,{}
97,00003ca5-a0a5-70a5-a83c-6a77ab91cbf3,5,2964,4605374.0,{}
98,00003ca5-a0a5-70a5-a83c-6a77ab91cbf3,5,2964,4246203.0,{}
99,00003ca5-a0a5-70a5-a83c-6a77ab91cbf3,5,2964,4604175.0,{}
100,00003ca5-a0a5-70a5-a83c-6a77ab91cbf3,5,2964,4121145.0,{}
101,00003ca5-a0a5-70a5-a83c-6a77ab91cbf3,6,2964,7806314.0,{}
102,00003ca5-a0a5-70a5-a83c-6a77ab91cbf3,6,2964,7863643.0,{}
103,00003ca5-a0a5-70a5-a83c-6a77ab91cbf3,6,2964,7466505.0,{}
104,00003ca5-a0a5-70a5-a83c-6a77ab91cbf3,6,2964,7789211.0,{}
105,00003ca5-a0a5-70a5-a83c-6a77ab91cbf3,6,2964,7735492.0,{}
106,00003ca5-a0a5-70a5-a83c-6a77ab91cbf3,6,2964,4605760.0,{}
107,00003ca5-a0a5-70a5-a83c-6a77ab91cbf3,6,2964,4606479.0,{}
108,00003ca5-a0a5-70a5-a83c-6a77ab91cbf3,6,2964,4605724.0,{}
109,00003ca5-a0a5-70a5-a83c-6a77ab91cbf3,6,2964,5091538.0,{}
110,00003ca5-a0a5-70a5-a83c-6a77ab91cbf3,6,2964,4605015.0,{}
111,00003ca5-a0a5-70a5-a83c-6a77ab91cbf3,6,2964,6439769.0,{}
112,00003ca5-a0a5-70a5-a83c-6a77ab91cbf3,6,2964,6261219.0,{}
113,00003ca5-a0a5-70a5-a83c-6a77ab91cbf3,6,2964,6314870.0,{}
114,00003ca5-a0a5-70a5-a83c-6a77ab91cbf3,6,2964,6206868.0,{}
115,00003ca5-a0a5-70a5-a83c-6a77ab91cbf3,6,2964,6171801.0,{}
116,00003ca5-a0a5-70a5-a83c-6a77ab91cbf3,6,2964,6171316.0,{}
117,00003ca5-a0a5-70a5-a83c-6a77ab91cbf3,6,2964,6153463.0,{}
118,00003ca5-a0a5-70a5-a83c-6a77ab91cbf3,6,2964,6153648.0,{}
119,00003ca5-a0a5-70a5-a83c-6a77ab91cbf3,6,2964,6153173.0,{}
120,00003ca5-a0a5-70a5-a83c-6a77ab91cbf3,6,2964,6152388.0,{}
121,00003ca5-a0a5-70a5-a83c-6a77ab91cbf3,7,2964,6208379.0,{}
122,00003ca5-a0a5-70a5-a83c-6a77ab91cbf3,7,2964,6260764.0,{}
123,00003ca5-a0a5-70a5-a83c-6a77ab91cbf3,7,2964,6584814.0,{}
124,00003ca5-a0a5-70a5-a83c-6a77ab91cbf3,7,2964,6262323.0,{}
125,00003ca5-a0a5-70a5-a83c-6a77ab91cbf3,7,2964,6187682.0,{}
126,00003ca5-a0a5-70a5-a83c-6a77ab91cbf3,7,2964,6134855.0,{}
127,00003ca5-a0a5-70a5-a83c-6a77ab91cbf3,7,2964,6152831.0,{}
128,00003ca5-a0a5-70a5-a83c-6a77ab91cbf3,7,2964,6135099.0,{}
129,00003ca5-a0a5-70a5-a83c-6a77ab91cbf3,7,2964,6135040.0,{}
130,00003ca5-a0a5-70a5-a83c-6a77ab91cbf3,7,2964,6117272.0,{}
131,00003ca5-a0a5-70a5-a83c-6a77ab91cbf3,7,2964,6907541.0,{}
132,00003ca5-a0a5-70a5-a83c-6a77ab91cbf3,7,2964,6871704.0,{}
133,00003ca5-a0a5-70a5-a83c-6a77ab91cbf3,7,2964,6764323.0,{}
134,00003ca5-a0a5-70a5-a83c-6a77ab91cbf3,7,2964,6783256.0,{}
135,00003ca5-a0a5-70a5-a83c-6a77ab91cbf3,7,2964,6765832.0,{}
136,00003ca5-a0a5-70a5-a83c-6a77ab91cbf3,7,2964,5307192.0,{}
137,00003ca5-a0a5-70a5-a83c-6a77ab91cbf3,7,2964,5504872.0,{}
138,00003ca5-a0a5-70a5-a83c-6a77ab91cbf3,7,2964,5757151.0,{}
139,00003ca5-a0a5-70a5-a83c-6a77ab91cbf3,7,2964,5755797.0,{}
140,00003ca5-a0a5-70a5-a83c-6a77ab91cbf3,7,2964,5757469.0,{}
141,00003ca5-a0a5-70a5-a83c-6a77ab91cbf3,8,2964,5180639.0,{}
142,00003ca5-a0a5-70a5-a83c-6a77ab91cbf3,8,2964,4804046.0,{}
143,00003ca5-a0a5-70a5-a83c-6a77ab91cbf3,8,2964,4605559.0,{}
144,00003ca5-a0a5-70a5-a83c-6a77ab91cbf3,8,2964,4695591.0,{}
145,00003ca5-a0a5-70a5-a83c-6a77ab91cbf3,8,2964,4606345.0,{}
146,00003ca5-a0a5-70a5-a83c-6a77ab91cbf3,8,2964,7735129.0,{}
147,00003ca5-a0a5-70a5-a83c-6a77ab91cbf3,8,2964,7916458.0,{}
148,00003ca5-a0a5-70a5-a83c-6a77ab91cbf3,8,2964,7626757.0,{}
149,00003ca5-a0a5-70a5-a83c-6a77ab91cbf3,8,2964,7574350.0,{}
150,00003ca5-a0a5-70a5-a83c-6a77ab91cbf3,8,2964,7431232.0,{}
151,00003ca5-a0a5-70a5-a83c-6a77ab91cbf3,8,2964,6026958.0,{}
152,00003ca5-a0a5-70a5-a83c-6a77ab91cbf3,8,2964,6118736.0,{}
153,00003ca5-a0a5-70a5-a83c-6a77ab91cbf3,8,2964,6062913.0,{}
154,00003ca5-a0a5-70a5-a83c-6a77ab91cbf3,8,2964,6081027.0,{}
155,00003ca5-a0a5-70a5-a83c-6a77ab91cbf3,8,2964,6009484.0,{}
156,00003ca5-a0a5-70a5-a83c-6a77ab91cbf3,8,2964,6421857.0,{}
157,00003ca5-a0a5-70a5-a83c-6a77ab91cbf3,8,2964,6314011.0,{}
158,00003ca5-a0a5-70a5-a83c-6a77ab91cbf3,8,2964,6188575.0,{}
159,00003ca5-a0a5-70a5-a83c-6a77ab91cbf3,8,2964,6314517.0,{}
160,00003ca5-a0a5-70a5-a83c-6a77ab91cbf3,8,2964,6640012.0,{}
161,00003ca5-a0a5-70a5-a83c-6a77ab91cbf3,9,2964,4893766.0,{}
162,00003ca5-a0a5-70a5-a83c-6a77ab91cbf3,9,2964,5181132.0,{}
163,00003ca5-a0a5-70a5-a83c-6a77ab91cbf3,9,2964,5180590.0,{}
164,00003ca5-a0a5-70a5-a83c-6a77ab91cbf3,9,2964,4606050.0,{}
165,00003ca5-a0a5-70a5-a83c-6a77ab91cbf3,9,2964,4606544.0,{}
166,00003ca5-a0a5-70a5-a83c-6a77ab91cbf3,9,2964,7573797.0,{}
167,00003ca5-a0a5-70a5-a83c-6a77ab91cbf3,9,2964,7681405.0,{}
168,00003ca5-a0a5-70a5-a83c-6a77ab91cbf3,9,2964,7573778.0,{}
169,00003ca5-a0a5-70a5-a83c-6a77ab91cbf3,9,2964,7089095.0,{}
170,00003ca5-a0a5-70a5-a83c-6a77ab91cbf3,9,2964,7790049.0,{}
171,00003ca5-a0a5-70a5-a83c-6a77ab91cbf3,9,2964,6097872.0,{}
172,00003ca5-a0a5-70a5-a83c-6a77ab91cbf3,9,2964,5523714.0,{}
173,00003ca5-a0a5-70a5-a83c-6a77ab91cbf3,9,2964,5936882.0,{}
174,00003ca5-a0a5-70a5-a83c-6a77ab91cbf3,9,2964,5775741.0,{}
175,00003ca5-a0a5-70a5-a83c-6a77ab91cbf3,9,2964,5702902.0,{}
176,00003ca5-a0a5-70a5-a83c-6a77ab91cbf3,9,2964,6675854.0,{}
177,00003ca5-a0a5-70a5-a83c-6a77ab91cbf3,9,2964,6549083.0,{}
178,00003ca5-a0a5-70a5-a83c-6a77ab91cbf3,9,2964,6530517.0,{}
179,00003ca5-a0a5-70a5-a83c-6a77ab91cbf3,9,2964,6692852.0,{}
180,00003ca5-a0a5-70a5-a83c-6a77ab91cbf3,9,2964,6692573.0,{}
181,00003ca5-a0a5-70a5-a83c-6a77ab91cbf3,10,2964,5595112.0,{}
182,00003ca5-a0a5-70a5-a83c-6a77ab91cbf3,10,2964,5595720.0,{}
183,00003ca5-a0a5-70a5-a83c-6a77ab91cbf3,10,2964,5595067.0,{}
184,00003ca5-a0a5-70a5-a83c-6a77ab91cbf3,10,2964,5595899.0,{}
185,00003ca5-a0a5-70a5-a83c-6a77ab91cbf3,10,2964,5577159.0,{}
186,00003ca5-a0a5-70a5-a83c-6a77ab91cbf3,10,2964,6926582.0,{}
187,00003ca5-a0a5-70a5-a83c-6a77ab91cbf3,10,2964,6999834.0,{}
188,00003ca5-a0a5-70a5-a83c-6a77ab91cbf3,10,2964,6836585.0,{}
189,00003ca5-a0a5-70a5-a83c-6a77ab91cbf3,10,2964,6728983.0,{}
190,00003ca5-a0a5-70a5-a83c-6a77ab91cbf3,10,2964,6728405.0,{}
191,00003ca5-a0a5-70a5-a83c-6a77ab91cbf3,10,2964,6908492.0,{}
192,00003ca5-a0a5-70a5-a83c-6a77ab91cbf3,10,2964,6907781.0,{}
193,00003ca5-a0a5-70a5-a83c-6a77ab91cbf3,10,2964,6908478.0,{}
194,00003ca5-a0a5-70a5-a83c-6a77ab91cbf3,10,2964,6908600.0,{}
195,00003ca5-a0a5-70a5-a83c-6a77ab91cbf3,10,2964,6908119.0,{}
196,00003ca5-a0a5-70a5-a83c-6a77ab91cbf3,10,2964,5540885.0,{}
197,00003ca5-a0a5-70a5-a83c-6a77ab91cbf3,10,2964,5739010.0,{}
198,00003ca5-a0a5-70a5-a83c-6a77ab91cbf3,10,2964,5559018.0,{}
199,00003ca5-a0a5-70a5-a83c-6a77ab91cbf3,10,2964,5307597.0,{}
200,00003ca5-a0a5-70a5-a83c-6a77ab91cbf3,10,2964,5486870.0,{}
201,00003ca5-a0a5-70a5-a83c-6a77ab91cbf3,11,2964,6980903.0,{}
202,00003ca5-a0a5-70a5-a83c-6a77ab91cbf3,11,2964,6961508.0,{}
203,00003ca5-a0a5-70a5-a83c-6a77ab91cbf3,11,2964,6872068.0,{}
204,00003ca5-a0a5-70a5-a83c-6a77ab91cbf3,11,2964,6854665.0,{}
205,00003ca5-a0a5-70a5-a83c-6a77ab91cbf3,11,2964,6817244.0,{}
206,00003ca5-a0a5-70a5-a83c-6a77ab91cbf3,11,2964,5668325.0,{}
207,00003ca5-a0a5-70a5-a83c-6a77ab91cbf3,11,2964,5666675.0,{}
208,00003ca5-a0a5-70a5-a83c-6a77ab91cbf3,11,2964,5379431.0,{}
209,00003ca5-a0a5-70a5-a83c-6a77ab91cbf3,11,2964,5559510.0,{}
210,00003ca5-a0a5-70a5-a83c-6a77ab91cbf3,11,2964,5415496.0,{}
211,00003ca5-a0a5-70a5-a83c-6a77ab91cbf3,11,2964,7861133.0,{}
212,00003ca5-a0a5-70a5-a83c-6a77ab91cbf3,11,2964,8058539.0,{}
213,00003ca5-a0a5-70a5-a83c-6a77ab91cbf3,11,2964,7934256.0,{}
214,00003ca5-a0a5-70a5-a83c-6a77ab91cbf3,11,2964,7701358.0,{}
215,00003ca5-a0a5-70a5-a83c-6a77ab91cbf3,11,2964,7593708.0,{}
216,00003ca5-a0a5-70a5-a83c-6a77ab91cbf3,11,2964,4606252.0,{}
217,00003ca5-a0a5-70a5-a83c-6a77ab91cbf3,11,2964,4605284.0,{}
218,00003ca5-a0a5-70a5-a83c-6a77ab91cbf3,11,2964,4607078.0,{}
219,00003ca5-a0a5-70a5-a83c-6a77ab91cbf3,11,2964,4605396.0,{}
220,00003ca5-a0a5-70a5-a83c-6a77ab91cbf3,11,2964,4605367.0,{}
221,00003ca5-a0a5-70a5-a83c-6a77ab91cbf3,12,2964,7717828.0,{}
222,00003ca5-a0a5-70a5-a83c-6a77ab91cbf3,12,2964,7843462.0,{}
223,00003ca5-a0a5-70a5-a83c-6a77ab91cbf3,12,2964,7933647.0,{}
224,00003ca5-a0a5-70a5-a83c-6a77ab91cbf3,12,2964,7897317.0,{}
225,00003ca5-a0a5-70a5-a83c-6a77ab91cbf3,12,2964,7753969.0,{}
226,00003ca5-a0a5-70a5-a83c-6a77ab91cbf3,12,2964,4605914.0,{}
227,00003ca5-a0a5-70a5-a83c-6a77ab91cbf3,12,2964,4606031.0,{}
228,00003ca5-a0a5-70a5-a83c-6a77ab91cbf3,12,2964,4605293.0,{}
229,00003ca5-a0a5-70a5-a83c-6a77ab91cbf3,12,2964,4605146.0,{}
230,00003ca5-a0a5-70a5-a83c-6a77ab91cbf3,12,2964,4606281.0,{}
231,00003ca5-a0a5-70a5-a83c-6a77ab91cbf3,12,2964,6836902.0,{}
232,00003ca5-a0a5-70a5-a83c-6a77ab91cbf3,12,2964,6873272.0,{}
233,00003ca5-a0a5-70a5-a83c-6a77ab91cbf3,12,2964,6908432.0,{}
234,00003ca5-a0a5-70a5-a83c-6a77ab91cbf3,12,2964,6944271.0,{}
235,00003ca5-a0a5-70a5-a83c-6a77ab91cbf3,12,2964,6727664.0,{}
236,00003ca5-a0a5-70a5-a83c-6a77ab91cbf3,12,2964,5577823.0,{}
237,00003ca5-a0a5-70a5-a83c-6a77ab91cbf3,12,2964,5577695.0,{}
238,00003ca5-a0a5-70a5-a83c-6a77ab91cbf3,12,2964,5577445.0,{}
239,00003ca5-a0a5-70a5-a83c-6a77ab91cbf3,12,2964,5578064.0,{}
240,00003ca5-a0a5-70a5-a83c-6a77ab91cbf3,12,2964,5577740.0,{}
241,00003ca5-a0a5-70a5-a83c-6a77ab91cbf3,13,2964,5451159.0,{}
242,00003ca5-a0a5-70a5-a83c-6a77ab91cbf3,13,2964,5523193.0,{}
243,00003ca5-a0a5-70a5-a83c-6a77ab91cbf3,13,2964,5433027.0,{}
244,00003ca5-a0a5-70a5-a83c-6a77ab91cbf3,13,2964,5756796.0,{}
245,00003ca5-a0a5-70a5-a83c-6a77ab91cbf3,13,2964,5467925.0,{}
246,00003ca5-a0a5-70a5-a83c-6a77ab91cbf3,13,2964,6908403.0,{}
247,00003ca5-a0a5-70a5-a83c-6a77ab91cbf3,13,2964,6909155.0,{}
248,00003ca5-a0a5-70a5-a83c-6a77ab91cbf3,13,2964,6908887.0,{}
249,00003ca5-a0a5-70a5-a83c-6a77ab91cbf3,13,2964,6908229.0,{}
250,00003ca5-a0a5-70a5-a83c-6a77ab91cbf3,13,2964,6909422.0,{}
251,00003ca5-a0a5-70a5-a83c-6a77ab91cbf3,13,2964,6081695.0,{}
252,00003ca5-a0a5-70a5-a83c-6a77ab91cbf3,13,2964,6026627.0,{}
253,00003ca5-a0a5-70a5-a83c-6a77ab91cbf3,13,2964,6099361.0,{}
254,00003ca5-a0a5-70a5-a83c-6a77ab91cbf3,13,2964,6153006.0,{}
255,00003ca5-a0a5-70a5-a83c-6a77ab91cbf3,13,2964,6099522.0,{}
256,00003ca5-a0a5-70a5-a83c-6a77ab91cbf3,13,2964,6531375.0,{}
257,00003ca5-a0a5-70a5-a83c-6a77ab91cbf3,13,2964,6261011.0,{}
258,00003ca5-a0a5-70a5-a83c-6a77ab91cbf3,13,2964,6278430.0,{}
259,00003ca5-a0a5-70a5-a83c-6a77ab91cbf3,13,2964,6261225.0,{}
260,00003ca5-a0a5-70a5-a83c-6a77ab91cbf3,13,2964,6385748.0,{}
261,00003ca5-a0a5-70a5-a83c-6a77ab91cbf3,14,2964,5325258.0,{}
262,00003ca5-a0a5-70a5-a83c-6a77ab91cbf3,14,2964,5758590.0,{}
263,00003ca5-a0a5-70a5-a83c-6a77ab91cbf3,14,2964,5757086.0,{}
264,00003ca5-a0a5-70a5-a83c-6a77ab91cbf3,14,2964,5288672.0,{}
265,00003ca5-a0a5-70a5-a83c-6a77ab91cbf3,14,2964,5827726.0,{}
266,00003ca5-a0a5-70a5-a83c-6a77ab91cbf3,14,2964,6835134.0,{}
267,00003ca5-a0a5-70a5-a83c-6a77ab91cbf3,14,2964,6838005.0,{}
268,00003ca5-a0a5-70a5-a83c-6a77ab91cbf3,14,2964,6783174.0,{}
269,00003ca5-a0a5-70a5-a83c-6a77ab91cbf3,14,2964,6908729.0,{}
270,00003ca5-a0a5-70a5-a83c-6a77ab91cbf3,14,2964,6853662.0,{}
271,00003ca5-a0a5-70a5-a83c-6a77ab91cbf3,14,2964,5307025.0,{}
272,00003ca5-a0a5-70a5-a83c-6a77ab91cbf3,14,2964,5469692.0,{}
273,00003ca5-a0a5-70a5-a83c-6a77ab91cbf3,14,2964,5467799.0,{}
274,00003ca5-a0a5-70a5-a83c-6a77ab91cbf3,14,2964,5290392.0,{}
275,00003ca5-a0a5-70a5-a83c-6a77ab91cbf3,14,2964,5415182.0,{}
276,00003ca5-a0a5-70a5-a83c-6a77ab91cbf3,14,2964,7070857.0,{}
277,00003ca5-a0a5-70a5-a83c-6a77ab91cbf3,14,2964,7287626.0,{}
278,00003ca5-a0a5-70a5-a83c-6a77ab91cbf3,14,2964,7035361.0,{}
279,00003ca5-a0a5-70a5-a83c-6a77ab91cbf3,14,2964,6890918.0,{}
280,00003ca5-a0a5-70a5-a83c-6a77ab91cbf3,14,2964,6943308.0,{}
281,00003ca5-a0a5-70a5-a83c-6a77ab91cbf3,15,2964,6440730.0,{}
282,00003ca5-a0a5-70a5-a83c-6a77ab91cbf3,15,2964,6458635.0,{}
283,00003ca5-a0a5-70a5-a83c-6a77ab91cbf3,15,2964,6188484.0,{}
284,00003ca5-a0a5-70a5-a83c-6a77ab91cbf3,15,2964,6171141.0,{}
285,00003ca5-a0a5-70a5-a83c-6a77ab91cbf3,15,2964,6154155.0,{}
286,00003ca5-a0a5-70a5-a83c-6a77ab91cbf3,15,2964,6153607.0,{}
287,00003ca5-a0a5-70a5-a83c-6a77ab91cbf3,15,2964,6154481.0,{}
288,00003ca5-a0a5-70a5-a83c-6a77ab91cbf3,15,2964,6152812.0,{}
289,00003ca5-a0a5-70a5-a83c-6a77ab91cbf3,15,2964,6153751.0,{}
290,00003ca5-a0a5-70a5-a83c-6a77ab91cbf3,15,2964,6152389.0,{}
291,00003ca5-a0a5-70a5-a83c-6a77ab91cbf3,15,2964,6836183.0,{}
292,00003ca5-a0a5-70a5-a83c-6a77ab91cbf3,15,2964,6908379.0,{}
293,00003ca5-a0a5-70a5-a83c-6a77ab91cbf3,15,2964,6171186.0,{}
294,00003ca5-a0a5-70a5-a83c-6a77ab91cbf3,15,2964,6692488.0,{}
295,00003ca5-a0a5-70a5-a83c-6a77ab91cbf3,15,2964,6781928.0,{}
296,00003ca5-a0a5-70a5-a83c-6a77ab91cbf3,15,2964,5756117.0,{}
297,00003ca5-a0a5-70a5-a83c-6a77ab91cbf3,15,2964,5757551.0,{}
298,00003ca5-a0a5-70a5-a83c-6a77ab91cbf3,15,2964,5756741.0,{}
299,00003ca5-a0a5-70a5-a83c-6a77ab91cbf3,15,2964,5757095.0,{}
300,00003ca5-a0a5-70a5-a83c-6a77ab91cbf3,15,2964,5756343.0,{}
301,00003ca5-a0a5-70a5-a83c-6a77ab91cbf3,16,2964,5595244.0,{}
302,00003ca5-a0a5-70a5-a83c-6a77ab91cbf3,16,2964,5576899.0,{}
303,00003ca5-a0a5-70a5-a83c-6a77ab91cbf3,16,2964,5577273.0,{}
304,00003ca5-a0a5-70a5-a83c-6a77ab91cbf3,16,2964,5612939.0,{}
305,00003ca5-a0a5-70a5-a83c-6a77ab91cbf3,16,2964,5631283.0,{}
306,00003ca5-a0a5-70a5-a83c-6a77ab91cbf3,16,2964,6818788.0,{}
307,00003ca5-a0a5-70a5-a83c-6a77ab91cbf3,16,2964,7035326.0,{}
308,00003ca5-a0a5-70a5-a83c-6a77ab91cbf3,16,2964,6890900.0,{}
309,00003ca5-a0a5-70a5-a83c-6a77ab91cbf3,16,2964,6710828.0,{}
310,00003ca5-a0a5-70a5-a83c-6a77ab91cbf3,16,2964,6729198.0,{}
311,00003ca5-a0a5-70a5-a83c-6a77ab91cbf3,16,2964,4605761.0,{}
312,00003ca5-a0a5-70a5-a83c-6a77ab91cbf3,16,2964,4605532.0,{}
313,00003ca5-a0a5-70a5-a83c-6a77ab91cbf3,16,2964,4605764.0,{}
314,00003ca5-a0a5-70a5-a83c-6a77ab91cbf3,16,2964,4605344.0,{}
315,00003ca5-a0a5-70a5-a83c-6a77ab91cbf3,16,2964,4606039.0,{}
316,00003ca5-a0a5-70a5-a83c-6a77ab91cbf3,16,2964,7896991.0,{}
317,00003ca5-a0a5-70a5-a83c-6a77ab91cbf3,16,2964,7448929.0,{}
318,00003ca5-a0a5-70a5-a83c-6a77ab91cbf3,16,2964,7987433.0,{}
319,00003ca5-a0a5-70a5-a83c-6a77ab91cbf3,16,2964,7825475.0,{}
320,00003ca5-a0a5-70a5-a83c-6a77ab91cbf3,16,2964,7988250.0,{}
321,00003ca5-a0a5-70a5-a83c-6a77ab91cbf3,17,2964,0.0,{}
322,00003ca5-a0a5-70a5-a83c-6a77ab91cbf3,17,2964,0.0,{}
323,00003ca5-a0a5-70a5-a83c-6a77ab91cbf3,17,2964,0.0,{}
324,00003ca5-a0a5-70a5-a83c-6a77ab91cbf3,17,2964,0.0,{}
325,00003ca5-a0a5-70a5-a83c-6a77ab91cbf3,17,2964,0.0,{}
326,00003ca5-a0a5-70a5-a83c-6a77ab91cbf3,17,2964,0.0,{}
327,00003ca5-a0a5-70a5-a83c-6a77ab91cbf3,17,2964,0.0,{}
328,00003ca5-a0a5-70a5-a83c-6a77ab91cbf3,17,2964,0.0,{}
329,00003ca5-a0a5-70a5-a83c-6a77ab91cbf3,17,2964,0.0,{}
330,00003ca5-a0a5-70a5-a83c-6a77ab91cbf3,17,2964,0.0,{}
331,00003ca5-a0a5-70a5-a83c-6a77ab91cbf3,17,2964,0.0,{}
332,00003ca5-a0a5-70a5-a83c-6a77ab91cbf3,17,2964,0.0,{}
333,00003ca5-a0a5-70a5-a83c-6a77ab91cbf3,17,2964,0.0,{}
334,00003ca5-a0a5-70a5-a83c-6a77ab91cbf3,17,2964,0.0,{}
335,00003ca5-a0a5-70a5-a83c-6a77ab91cbf3,17,2964,0.0,{}
336,00003ca5-a0a5-70a5-a83c-6a77ab91cbf3,17,2964,0.0,{}
337,00003ca5-a0a5-70a5-a83c-6a77ab91cbf3,17,2964,0.0,{}
338,00003ca5-a0a5-70a5-a83c-6a77ab91cbf3,17,2964,0.0,{}
339,00003ca5-a0a5-70a5-a83c-6a77ab91cbf3,17,2964,0.0,{}
340,00003ca5-a0a5-70a5-a83c-6a77ab91cbf3,17,2964,0.0,{}
341,00003ca5-a0a5-70a5-a83c-6a77ab91cbf3,18,2964,0.0,{}
342,00003ca5-a0a5-70a5-a83c-6a77ab91cbf3,18,2964,0.0,{}
343,00003ca5-a0a5-70a5-a83c-6a77ab91cbf3,18,2964,0.0,{}
344,00003ca5-a0a5-70a5-a83c-6a77ab91cbf3,18,2964,0.0,{}
345,00003ca5-a0a5-70a5-a83c-6a77ab91cbf3,18,2964,0.0,{}
346,00003ca5-a0a5-70a5-a83c-6a77ab91cbf3,18,2964,0.0,{}
347,00003ca5-a0a5-70a5-a83c-6a77ab91cbf3,18,2964,0.0,{}
348,00003ca5-a0a5-70a5-a83c-6a77ab91cbf3,18,2964,0.0,{}
349,00003ca5-a0a5-70a5-a83c-6a77ab91cbf3,18,2964,0.0,{}
350,00003ca5-a0a5-70a5-a83c-6a77ab91cbf3,18,2964,0.0,{}
351,00003ca5-a0a5-70a5-a83c-6a77ab91cbf3,18,2964,0.0,{}
352,00003ca5-a0a5-70a5-a83c-6a77ab91cbf3,18,2964,0.0,{}
353,00003ca5-a0a5-70a5-a83c-6a77ab91cbf3,18,2964,0.0,{}
354,00003ca5-a0a5-70a5-a83c-6a77ab91cbf3,18,2964,0.0,{}
355,00003ca5-a0a5-70a5-a83c-6a77ab91cbf3,18,2964,0.0,{}
356,00003ca5-a0a5-70a5-a83c-6a77ab91cbf3,18,2964,0.0,{}
357,00003ca5-a0a5-70a5-a83c-6a77ab91cbf3,18,2964,0.0,{}
358,00003ca5-a0a5-70a5-a83c-6a77ab91cbf3,18,2964,0.0,{}
359,00003ca5-a0a5-70a5-a83c-6a77ab91cbf3,18,2964,0.0,{}
360,00003ca5-a0a5-70a5-a83c-6a77ab91cbf3,18,2964,0.0,{}
361,00003ca5-a0a5-70a5-a83c-6a77ab91cbf3,19,2964,0.0,{}
362,00003ca5-a0a5-70a5-a83c-6a77ab91cbf3,19,2964,0.0,{}
363,00003ca5-a0a5-70a5-a83c-6a77ab91cbf3,19,2964,0.0,{}
364,00003ca5-a0a5-70a5-a83c-6a77ab91cbf3,19,2964,0.0,{}
365,00003ca5-a0a5-70a5-a83c-6a77ab91cbf3,19,2964,0.0,{}
366,00003ca5-a0a5-70a5-a83c-6a77ab91cbf3,19,2964,0.0,{}
367,00003ca5-a0a5-70a5-a83c-6a77ab91cbf3,19,2964,0.0,{}
368,00003ca5-a0a5-70a5-a83c-6a77ab91cbf3,19,2964,0.0,{}
369,00003ca5-a0a5-70a5-a83c-6a77ab91cbf3,19,2964,0.0,{}
370,00003ca5-a0a5-70a5-a83c-6a77ab91cbf3,19,2964,0.0,{}
371,00003ca5-a0a5-70a5-a83c-6a77ab91cbf3,19,2964,0.0,{}
372,00003ca5-a0a5-70a5-a83c-6a77ab91cbf3,19,2964,0.0,{}
373,00003ca5-a0a5-70a5-a83c-6a77ab91cbf3,19,2964,0.0,{}
374,00003ca5-a0a5-70a5-a83c-6a77ab91cbf3,19,2964,0.0,{}
375,00003ca5-a0a5-70a5-a83c-6a77ab91cbf3,19,2964,0.0,{}
376,00003ca5-a0a5-70a5-a83c-6a77ab91cbf3,19,2964,0.0,{}
377,00003ca5-a0a5-70a5-a83c-6a77ab91cbf3,19,2964,0.0,{}
378,00003ca5-a0a5-70a5-a83c-6a77ab91cbf3,19,2964,0.0,{}
379,00003ca5-a0a5-70a5-a83c-6a77ab91cbf3,19,2964,0.0,{}
380,00003ca5-a0a5-70a5-a83c-6a77ab91cbf3,19,2964,0.0,{}
381,00003ca5-a0a5-70a5-a83c-6a77ab91cbf3,20,2964,1151843.0,{}
382,00003ca5-a0a5-70a5-a83c-6a77ab91cbf3,20,2964,1151289.0,{}
383,00003ca5-a0a5-70a5-a83c-6a77ab91cbf3,20,2964,1710100.0,{}
384,00003ca5-a0a5-70a5-a83c-6a77ab91cbf3,20,2964,1726298.0,{}
385,00003ca5-a0a5-70a5-a83c-6a77ab91cbf3,20,2964,1151391.0,{}
386,00003ca5-a0a5-70a5-a83c-6a77ab91cbf3,20,2964,1637148.0,{}
387,00003ca5-a0a5-70a5-a83c-6a77ab91cbf3,20,2964,1656198.0,{}
388,00003ca5-a0a5-70a5-a83c-6a77ab91cbf3,20,2964,1618405.0,{}
389,00003ca5-a0a5-70a5-a83c-6a77ab91cbf3,20,2964,1565429.0,{}
390,00003ca5-a0a5-70a5-a83c-6a77ab91cbf3,20,2964,2175810.0,{}
391,00003ca5-a0a5-70a5-a83c-6a77ab91cbf3,20,2964,1546413.0,{}
392,00003ca5-a0a5-70a5-a83c-6a77ab91cbf3,20,2964,1547567.0,{}
393,00003ca5-a0a5-70a5-a83c-6a77ab91cbf3,20,2964,1925021.0,{}
394,00003ca5-a0a5-70a5-a83c-6a77ab91cbf3,20,2964,1547819.0,{}
395,00003ca5-a0a5-70a5-a83c-6a77ab91cbf3,20,2964,1744794.0,{}
396,00003ca5-a0a5-70a5-a83c-6a77ab91cbf3,20,2964,1475815.0,{}
397,00003ca5-a0a5-70a5-a83c-6a77ab91cbf3,20,2964,1529499.0,{}
398,00003ca5-a0a5-70a5-a83c-6a77ab91cbf3,20,2964,1404219.0,{}
399,00003ca5-a0a5-70a5-a83c-6a77ab91cbf3,20,2964,1277072.0,{}
400,00003ca5-a0a5-70a5-a83c-6a77ab91cbf3,20,2964,1547982.0,{}
401,00003ca5-a0a5-70a5-a83c-6a77ab91cbf3,21,2964,1906593.0,{}
402,00003ca5-a0a5-70a5-a83c-6a77ab91cbf3,21,2964,1781636.0,{}
403,00003ca5-a0a5-70a5-a83c-6a77ab91cbf3,21,2964,2069176.0,{}
404,00003ca5-a0a5-70a5-a83c-6a77ab91cbf3,21,2964,1727947.0,{}
405,00003ca5-a0a5-70a5-a83c-6a77ab91cbf3,21,2964,2302815.0,{}
406,00003ca5-a0a5-70a5-a83c-6a77ab91cbf3,21,2964,1151887.0,{}
407,00003ca5-a0a5-70a5-a83c-6a77ab91cbf3,21,2964,1150903.0,{}
408,00003ca5-a0a5-70a5-a83c-6a77ab91cbf3,21,2964,1152061.0,{}
409,00003ca5-a0a5-70a5-a83c-6a77ab91cbf3,21,2964,1151390.0,{}
410,00003ca5-a0a5-70a5-a83c-6a77ab91cbf3,21,2964,1151658.0,{}
411,00003ca5-a0a5-70a5-a83c-6a77ab91cbf3,21,2964,1151078.0,{}
412,00003ca5-a0a5-70a5-a83c-6a77ab91cbf3,21,2964,1152222.0,{}
413,00003ca5-a0a5-70a5-a83c-6a77ab91cbf3,21,2964,1168759.0,{}
414,00003ca5-a0a5-70a5-a83c-6a77ab91cbf3,21,2964,1151686.0,{}
415,00003ca5-a0a5-70a5-a83c-6a77ab91cbf3,21,2964,1150745.0,{}
416,00003ca5-a0a5-70a5-a83c-6a77ab91cbf3,21,2964,2213802.0,{}
417,00003ca5-a0a5-70a5-a83c-6a77ab91cbf3,21,2964,1726919.0,{}
418,00003ca5-a0a5-70a5-a83c-6a77ab91cbf3,21,2964,1727576.0,{}
419,00003ca5-a0a5-70a5-a83c-6a77ab91cbf3,21,2964,2301950.0,{}
420,00003ca5-a0a5-70a5-a83c-6a77ab91cbf3,21,2964,1799309.0,{}
421,00003ca5-a0a5-70a5-a83c-6a77ab91cbf3,22,2964,1475799.0,{}
422,00003ca5-a0a5-70a5-a83c-6a77ab91cbf3,22,2964,1150907.0,{}
423,00003ca5-a0a5-70a5-a83c-6a77ab91cbf3,22,2964,1889557.0,{}
424,00003ca5-a0a5-70a5-a83c-6a77ab91cbf3,22,2964,1583036.0,{}
425,00003ca5-a0a5-70a5-a83c-6a77ab91cbf3,22,2964,1493832.0,{}
426,00003ca5-a0a5-70a5-a83c-6a77ab91cbf3,22,2964,1510693.0,{}
427,00003ca5-a0a5-70a5-a83c-6a77ab91cbf3,22,2964,1673671.0,{}
428,00003ca5-a0a5-70a5-a83c-6a77ab91cbf3,22,2964,1403920.0,{}
429,00003ca5-a0a5-70a5-a83c-6a77ab91cbf3,22,2964,1692374.0,{}
430,00003ca5-a0a5-70a5-a83c-6a77ab91cbf3,22,2964,1672951.0,{}
431,00003ca5-a0a5-70a5-a83c-6a77ab91cbf3,22,2964,2068135.0,{}
432,00003ca5-a0a5-70a5-a83c-6a77ab91cbf3,22,2964,1151460.0,{}
433,00003ca5-a0a5-70a5-a83c-6a77ab91cbf3,22,2964,1960629.0,{}
434,00003ca5-a0a5-70a5-a83c-6a77ab91cbf3,22,2964,2303270.0,{}
435,00003ca5-a0a5-70a5-a83c-6a77ab91cbf3,22,2964,2302468.0,{}
436,00003ca5-a0a5-70a5-a83c-6a77ab91cbf3,22,2964,1151603.0,{}
437,00003ca5-a0a5-70a5-a83c-6a77ab91cbf3,22,2964,1150744.0,{}
438,00003ca5-a0a5-70a5-a83c-6a77ab91cbf3,22,2964,1151753.0,{}
439,00003ca5-a0a5-70a5-a83c-6a77ab91cbf3,22,2964,1151269.0,{}
440,00003ca5-a0a5-70a5-a83c-6a77ab91cbf3,22,2964,1152041.0,{}
441,00003ca5-a0a5-70a5-a83c-6a77ab91cbf3,23,2964,1150706.0,{}
442,00003ca5-a0a5-70a5-a83c-6a77ab91cbf3,23,2964,1349544.0,{}
443,00003ca5-a0a5-70a5-a83c-6a77ab91cbf3,23,2964,1313429.0,{}
444,00003ca5-a0a5-70a5-a83c-6a77ab91cbf3,23,2964,1277939.0,{}
445,00003ca5-a0a5-70a5-a83c-6a77ab91cbf3,23,2964,1150699.0,{}
446,00003ca5-a0a5-70a5-a83c-6a77ab91cbf3,23,2964,1259628.0,{}
447,00003ca5-a0a5-70a5-a83c-6a77ab91cbf3,23,2964,1996541.0,{}
448,00003ca5-a0a5-70a5-a83c-6a77ab91cbf3,23,2964,2015661.0,{}
449,00003ca5-a0a5-70a5-a83c-6a77ab91cbf3,23,2964,1726618.0,{}
450,00003ca5-a0a5-70a5-a83c-6a77ab91cbf3,23,2964,2302552.0,{}
451,00003ca5-a0a5-70a5-a83c-6a77ab91cbf3,23,2964,1924952.0,{}
452,00003ca5-a0a5-70a5-a83c-6a77ab91cbf3,23,2964,1331995.0,{}
453,00003ca5-a0a5-70a5-a83c-6a77ab91cbf3,23,2964,1475512.0,{}
454,00003ca5-a0a5-70a5-a83c-6a77ab91cbf3,23,2964,1367479.0,{}
455,00003ca5-a0a5-70a5-a83c-6a77ab91cbf3,23,2964,1618877.0,{}
456,00003ca5-a0a5-70a5-a83c-6a77ab91cbf3,23,2964,1547788.0,{}
457,00003ca5-a0a5-70a5-a83c-6a77ab91cbf3,23,2964,1547509.0,{}
458,00003ca5-a0a5-70a5-a83c-6a77ab91cbf3,23,2964,1548305.0,{}
459,00003ca5-a0a5-70a5-a83c-6a77ab91cbf3,23,2964,1546876.0,{}
460,00003ca5-a0a5-70a5-a83c-6a77ab91cbf3,23,2964,1637502.0,{}
461,00003ca5-a0a5-70a5-a83c-6a77ab91cbf3,24,2964,1655074.0,{}
462,00003ca5-a0a5-70a5-a83c-6a77ab91cbf3,24,2964,1295919.0,{}
463,00003ca5-a0a5-70a5-a83c-6a77ab91cbf3,24,2964,1186890.0,{}
464,00003ca5-a0a5-70a5-a83c-6a77ab91cbf3,24,2964,1817790.0,{}
465,00003ca5-a0a5-70a5-a83c-6a77ab91cbf3,24,2964,2158528.0,{}
466,00003ca5-a0a5-70a5-a83c-6a77ab91cbf3,24,2964,1619831.0,{}
467,00003ca5-a0a5-70a5-a83c-6a77ab91cbf3,24,2964,1330700.0,{}
468,00003ca5-a0a5-70a5-a83c-6a77ab91cbf3,24,2964,1385838.0,{}
469,00003ca5-a0a5-70a5-a83c-6a77ab91cbf3,24,2964,1655194.0,{}
470,00003ca5-a0a5-70a5-a83c-6a77ab91cbf3,24,2964,1439785.0,{}
471,00003ca5-a0a5-70a5-a83c-6a77ab91cbf3,24,2964,1187355.0,{}
472,00003ca5-a0a5-70a5-a83c-6a77ab91cbf3,24,2964,1151071.0,{}
473,00003ca5-a0a5-70a5-a83c-6a77ab91cbf3,24,2964,1728299.0,{}
474,00003ca5-a0a5-70a5-a83c-6a77ab91cbf3,24,2964,1150851.0,{}
475,00003ca5-a0a5-70a5-a83c-6a77ab91cbf3,24,2964,1169740.0,{}
476,00003ca5-a0a5-70a5-a83c-6a77ab91cbf3,24,2964,1294425.0,{}
477,00003ca5-a0a5-70a5-a83c-6a77ab91cbf3,24,2964,1763914.0,{}
478,00003ca5-a0a5-70a5-a83c-6a77ab91cbf3,24,2964,1493334.0,{}
479,00003ca5-a0a5-70a5-a83c-6a77ab91cbf3,24,2964,2303550.0,{}
480,00003ca5-a0a5-70a5-a83c-6a77ab91cbf3,24,2964,2302024.0,{}
481,00003ca5-a0a5-70a5-a83c-6a77ab91cbf3,25,2964,1601497.0,{}
482,00003ca5-a0a5-70a5-a83c-6a77ab91cbf3,25,2964,1150764.0,{}
483,00003ca5-a0a5-70a5-a83c-6a77ab91cbf3,25,2964,1151842.0,{}
484,00003ca5-a0a5-70a5-a83c-6a77ab91cbf3,25,2964,1421068.0,{}
485,00003ca5-a0a5-70a5-a83c-6a77ab91cbf3,25,2964,1242103.0,{}
486,00003ca5-a0a5-70a5-a83c-6a77ab91cbf3,25,2964,1888223.0,{}
487,00003ca5-a0a5-70a5-a83c-6a77ab91cbf3,25,2964,1547228.0,{}
488,00003ca5-a0a5-70a5-a83c-6a77ab91cbf3,25,2964,1960992.0,{}
489,00003ca5-a0a5-70a5-a83c-6a77ab91cbf3,25,2964,1745955.0,{}
490,00003ca5-a0a5-70a5-a83c-6a77ab91cbf3,25,2964,1834513.0,{}
491,00003ca5-a0a5-70a5-a83c-6a77ab91cbf3,25,2964,1475256.0,{}
492,00003ca5-a0a5-70a5-a83c-6a77ab91cbf3,25,2964,1691396.0,{}
493,00003ca5-a0a5-70a5-a83c-6a77ab91cbf3,25,2964,1690360.0,{}
494,00003ca5-a0a5-70a5-a83c-6a77ab91cbf3,25,2964,1457804.0,{}
495,00003ca5-a0a5-70a5-a83c-6a77ab91cbf3,25,2964,1727367.0,{}
496,00003ca5-a0a5-70a5-a83c-6a77ab91cbf3,25,2964,1493655.0,{}
497,00003ca5-a0a5-70a5-a83c-6a77ab91cbf3,25,2964,1493079.0,{}
498,00003ca5-a0a5-70a5-a83c-6a77ab91cbf3,25,2964,1493516.0,{}
499,00003ca5-a0a5-70a5-a83c-6a77ab91cbf3,25,2964,1493599.0,{}
500,00003ca5-a0a5-70a5-a83c-6a77ab91cbf3,25,2964,1529895.0,{}
501,00003ca5-a0a5-70a5-a83c-6a77ab91cbf3,26,2964,1727777.0,{}
502,00003ca5-a0a5-70a5-a83c-6a77ab91cbf3,26,2964,1151637.0,{}
503,00003ca5-a0a5-70a5-a83c-6a77ab91cbf3,26,2964,2303431.0,{}
504,00003ca5-a0a5-70a5-a83c-6a77ab91cbf3,26,2964,1726739.0,{}
505,00003ca5-a0a5-70a5-a83c-6a77ab91cbf3,26,2964,1727569.0,{}
506,00003ca5-a0a5-70a5-a83c-6a77ab91cbf3,26,2964,1150960.0,{}
507,00003ca5-a0a5-70a5-a83c-6a77ab91cbf3,26,2964,1170167.0,{}
508,00003ca5-a0a5-70a5-a83c-6a77ab91cbf3,26,2964,1709148.0,{}
509,00003ca5-a0a5-70a5-a83c-6a77ab91cbf3,26,2964,1151755.0,{}
510,00003ca5-a0a5-70a5-a83c-6a77ab91cbf3,26,2964,1726630.0,{}
511,00003ca5-a0a5-70a5-a83c-6a77ab91cbf3,26,2964,2285281.0,{}
512,00003ca5-a0a5-70a5-a83c-6a77ab91cbf3,26,2964,1727343.0,{}
513,00003ca5-a0a5-70a5-a83c-6a77ab91cbf3,26,2964,1151947.0,{}
514,00003ca5-a0a5-70a5-a83c-6a77ab91cbf3,26,2964,2302150.0,{}
515,00003ca5-a0a5-70a5-a83c-6a77ab91cbf3,26,2964,1151493.0,{}
516,00003ca5-a0a5-70a5-a83c-6a77ab91cbf3,26,2964,1151010.0,{}
517,00003ca5-a0a5-70a5-a83c-6a77ab91cbf3,26,2964,1386172.0,{}
518,00003ca5-a0a5-70a5-a83c-6a77ab91cbf3,26,2964,1654710.0,{}
519,00003ca5-a0a5-70a5-a83c-6a77ab91cbf3,26,2964,1151712.0,{}
520,00003ca5-a0a5-70a5-a83c-6a77ab91cbf3,26,2964,1582481.0,{}
521,00003ca5-a0a5-70a5-a83c-6a77ab91cbf3,27,2964,1762613.0,{}
522,00003ca5-a0a5-70a5-a83c-6a77ab91cbf3,27,2964,1601609.0,{}
523,00003ca5-a0a5-70a5-a83c-6a77ab91cbf3,27,2964,1781154.0,{}
524,00003ca5-a0a5-70a5-a83c-6a77ab91cbf3,27,2964,1835873.0,{}
525,00003ca5-a0a5-70a5-a83c-6a77ab91cbf3,27,2964,1906783.0,{}
526,00003ca5-a0a5-70a5-a83c-6a77ab91cbf3,27,2964,1457675.0,{}
527,00003ca5-a0a5-70a5-a83c-6a77ab91cbf3,27,2964,1150948.0,{}
528,00003ca5-a0a5-70a5-a83c-6a77ab91cbf3,27,2964,1314080.0,{}
529,00003ca5-a0a5-70a5-a83c-6a77ab91cbf3,27,2964,1151370.0,{}
530,00003ca5-a0a5-70a5-a83c-6a77ab91cbf3,27,2964,1583664.0,{}
531,00003ca5-a0a5-70a5-a83c-6a77ab91cbf3,27,2964,1278046.0,{}
532,00003ca5-a0a5-70a5-a83c-6a77ab91cbf3,27,2964,1636565.0,{}
533,00003ca5-a0a5-70a5-a83c-6a77ab91cbf3,27,2964,1547457.0,{}
534,00003ca5-a0a5-70a5-a83c-6a77ab91cbf3,27,2964,1834873.0,{}
535,00003ca5-a0a5-70a5-a83c-6a77ab91cbf3,27,2964,1637758.0,{}
536,00003ca5-a0a5-70a5-a83c-6a77ab91cbf3,27,2964,1547005.0,{}
537,00003ca5-a0a5-70a5-a83c-6a77ab91cbf3,27,2964,1637011.0,{}
538,00003ca5-a0a5-70a5-a83c-6a77ab91cbf3,27,2964,1492552.0,{}
539,00003ca5-a0a5-70a5-a83c-6a77ab91cbf3,27,2964,1385618.0,{}
540,00003ca5-a0a5-70a5-a83c-6a77ab91cbf3,27,2964,1547458.0,{}
541,00003ca5-a0a5-70a5-a83c-6a77ab91cbf3,28,2964,1493364.0,{}
542,00003ca5-a0a5-70a5-a83c-6a77ab91cbf3,28,2964,1493989.0,{}
543,00003ca5-a0a5-70a5-a83c-6a77ab91cbf3,28,2964,1493242.0,{}
544,00003ca5-a0a5-70a5-a83c-6a77ab91cbf3,28,2964,1494117.0,{}
545,00003ca5-a0a5-70a5-a83c-6a77ab91cbf3,28,2964,1492925.0,{}
546,00003ca5-a0a5-70a5-a83c-6a77ab91cbf3,28,2964,1494357.0,{}
547,00003ca5-a0a5-70a5-a83c-6a77ab91cbf3,28,2964,1583017.0,{}
548,00003ca5-a0a5-70a5-a83c-6a77ab91cbf3,28,2964,1727456.0,{}
549,00003ca5-a0a5-70a5-a83c-6a77ab91cbf3,28,2964,1492577.0,{}
550,00003ca5-a0a5-70a5-a83c-6a77ab91cbf3,28,2964,1781480.0,{}
551,00003ca5-a0a5-70a5-a83c-6a77ab91cbf3,28,2964,1151349.0,{}
552,00003ca5-a0a5-70a5-a83c-6a77ab91cbf3,28,2964,1421568.0,{}
553,00003ca5-a0a5-70a5-a83c-6a77ab91cbf3,28,2964,1384770.0,{}
554,00003ca5-a0a5-70a5-a83c-6a77ab91cbf3,28,2964,1151527.0,{}
555,00003ca5-a0a5-70a5-a83c-6a77ab91cbf3,28,2964,1151005.0,{}
556,00003ca5-a0a5-70a5-a83c-6a77ab91cbf3,28,2964,1673854.0,{}
557,00003ca5-a0a5-70a5-a83c-6a77ab91cbf3,28,2964,2302428.0,{}
558,00003ca5-a0a5-70a5-a83c-6a77ab91cbf3,28,2964,1673285.0,{}
559,00003ca5-a0a5-70a5-a83c-6a77ab91cbf3,28,2964,1906179.0,{}
560,00003ca5-a0a5-70a5-a83c-6a77ab91cbf3,28,2964,1727623.0,{}
561,00003ca5-a0a5-70a5-a83c-6a77ab91cbf3,29,2964,1637389.0,{}
562,00003ca5-a0a5-70a5-a83c-6a77ab91cbf3,29,2964,1367887.0,{}
563,00003ca5-a0a5-70a5-a83c-6a77ab91cbf3,29,2964,1726461.0,{}
564,00003ca5-a0a5-70a5-a83c-6a77ab91cbf3,29,2964,1817094.0,{}
565,00003ca5-a0a5-70a5-a83c-6a77ab91cbf3,29,2964,1565143.0,{}
566,00003ca5-a0a5-70a5-a83c-6a77ab91cbf3,29,2964,1314011.0,{}
567,00003ca5-a0a5-70a5-a83c-6a77ab91cbf3,29,2964,1708340.0,{}
568,00003ca5-a0a5-70a5-a83c-6a77ab91cbf3,29,2964,1457674.0,{}
569,00003ca5-a0a5-70a5-a83c-6a77ab91cbf3,29,2964,1456763.0,{}
570,00003ca5-a0a5-70a5-a83c-6a77ab91cbf3,29,2964,1493633.0,{}
571,00003ca5-a0a5-70a5-a83c-6a77ab91cbf3,29,2964,1763407.0,{}
572,00003ca5-a0a5-70a5-a83c-6a77ab91cbf3,29,2964,2301897.0,{}
573,00003ca5-a0a5-70a5-a83c-6a77ab91cbf3,29,2964,1386023.0,{}
574,00003ca5-a0a5-70a5-a83c-6a77ab91cbf3,29,2964,2087426.0,{}
575,00003ca5-a0a5-70a5-a83c-6a77ab91cbf3,29,2964,1763392.0,{}
576,00003ca5-a0a5-70a5-a83c-6a77ab91cbf3,29,2964,1240675.0,{}
577,00003ca5-a0a5-70a5-a83c-6a77ab91cbf3,29,2964,1151897.0,{}
578,00003ca5-a0a5-70a5-a83c-6a77ab91cbf3,29,2964,1349687.0,{}
579,00003ca5-a0a5-70a5-a83c-6a77ab91cbf3,29,2964,1152297.0,{}
580,00003ca5-a0a5-70a5-a83c-6a77ab91cbf3,29,2964,1349016.0,{}
581,00003ca5-a0a5-70a5-a83c-6a77ab91cbf3,30,2964,1152067.0,{}
582,00003ca5-a0a5-70a5-a83c-6a77ab91cbf3,30,2964,1708317.0,{}
583,00003ca5-a0a5-70a5-a83c-6a77ab91cbf3,30,2964,1367524.0,{}
584,00003ca5-a0a5-70a5-a83c-6a77ab91cbf3,30,2964,1673087.0,{}
585,00003ca5-a0a5-70a5-a83c-6a77ab91cbf3,30,2964,1152335.0,{}
586,00003ca5-a0a5-70a5-a83c-6a77ab91cbf3,30,2964,1150759.0,{}
587,00003ca5-a0a5-70a5-a83c-6a77ab91cbf3,30,2964,1727420.0,{}
588,00003ca5-a0a5-70a5-a83c-6a77ab91cbf3,30,2964,2302209.0,{}
589,00003ca5-a0a5-70a5-a83c-6a77ab91cbf3,30,2964,1151794.0,{}
590,00003ca5-a0a5-70a5-a83c-6a77ab91cbf3,30,2964,2159388.0,{}
591,00003ca5-a0a5-70a5-a83c-6a77ab91cbf3,30,2964,1583588.0,{}
592,00003ca5-a0a5-70a5-a83c-6a77ab91cbf3,30,2964,1150882.0,{}
593,00003ca5-a0a5-70a5-a83c-6a77ab91cbf3,30,2964,1583745.0,{}
594,00003ca5-a0a5-70a5-a83c-6a77ab91cbf3,30,2964,1151696.0,{}
595,00003ca5-a0a5-70a5-a83c-6a77ab91cbf3,30,2964,1440119.0,{}
596,00003ca5-a0a5-70a5-a83c-6a77ab91cbf3,30,2964,1726517.0,{}
597,00003ca5-a0a5-70a5-a83c-6a77ab91cbf3,30,2964,1727033.0,{}
598,00003ca5-a0a5-70a5-a83c-6a77ab91cbf3,30,2964,2302491.0,{}
599,00003ca5-a0a5-70a5-a83c-6a77ab91cbf3,30,2964,1727771.0,{}
600,00003ca5-a0a5-70a5-a83c-6a77ab91cbf3,30,2964,1151370.0,{}
601,00003ca5-a0a5-70a5-a83c-6a77ab91cbf3,31,2964,2302457.0,{}
602,00003ca5-a0a5-70a5-a83c-6a77ab91cbf3,31,2964,2303028.0,{}
603,00003ca5-a0a5-70a5-a83c-6a77ab91cbf3,31,2964,1727057.0,{}
604,00003ca5-a0a5-70a5-a83c-6a77ab91cbf3,31,2964,1727609.0,{}
605,00003ca5-a0a5-70a5-a83c-6a77ab91cbf3,31,2964,1726699.0,{}
606,00003ca5-a0a5-70a5-a83c-6a77ab91cbf3,31,2964,1151525.0,{}
607,00003ca5-a0a5-70a5-a83c-6a77ab91cbf3,31,2964,1151042.0,{}
608,00003ca5-a0a5-70a5-a83c-6a77ab91cbf3,31,2964,1152336.0,{}
609,00003ca5-a0a5-70a5-a83c-6a77ab91cbf3,31,2964,1150668.0,{}
610,00003ca5-a0a5-70a5-a83c-6a77ab91cbf3,31,2964,1151678.0,{}
611,00003ca5-a0a5-70a5-a83c-6a77ab91cbf3,31,2964,1403772.0,{}
612,00003ca5-a0a5-70a5-a83c-6a77ab91cbf3,31,2964,1475919.0,{}
613,00003ca5-a0a5-70a5-a83c-6a77ab91cbf3,31,2964,1888671.0,{}
614,00003ca5-a0a5-70a5-a83c-6a77ab91cbf3,31,2964,1871031.0,{}
615,00003ca5-a0a5-70a5-a83c-6a77ab91cbf3,31,2964,1762522.0,{}
616,00003ca5-a0a5-70a5-a83c-6a77ab91cbf3,31,2964,1385863.0,{}
617,00003ca5-a0a5-70a5-a83c-6a77ab91cbf3,31,2964,1493464.0,{}
618,00003ca5-a0a5-70a5-a83c-6a77ab91cbf3,31,2964,1385809.0,{}
619,00003ca5-a0a5-70a5-a83c-6a77ab91cbf3,31,2964,1330966.0,{}
620,00003ca5-a0a5-70a5-a83c-6a77ab91cbf3,31,2964,1547996.0,{}
621,00003ca5-a0a5-70a5-a83c-6a77ab91cbf3,32,2964,1762541.0,{}
622,00003ca5-a0a5-70a5-a83c-6a77ab91cbf3,32,2964,1548448.0,{}
623,00003ca5-a0a5-70a5-a83c-6a77ab91cbf3,32,2964,1529377.0,{}
624,00003ca5-a0a5-70a5-a83c-6a77ab91cbf3,32,2964,1601355.0,{}
625,00003ca5-a0a5-70a5-a83c-6a77ab91cbf3,32,2964,1528351.0,{}
626,00003ca5-a0a5-70a5-a83c-6a77ab91cbf3,32,2964,1511792.0,{}
627,00003ca5-a0a5-70a5-a83c-6a77ab91cbf3,32,2964,1151732.0,{}
628,00003ca5-a0a5-70a5-a83c-6a77ab91cbf3,32,2964,1602561.0,{}
629,00003ca5-a0a5-70a5-a83c-6a77ab91cbf3,32,2964,1672638.0,{}
630,00003ca5-a0a5-70a5-a83c-6a77ab91cbf3,32,2964,1637699.0,{}
631,00003ca5-a0a5-70a5-a83c-6a77ab91cbf3,32,2964,1870970.0,{}
632,00003ca5-a0a5-70a5-a83c-6a77ab91cbf3,32,2964,1979213.0,{}
633,00003ca5-a0a5-70a5-a83c-6a77ab91cbf3,32,2964,1366721.0,{}
634,00003ca5-a0a5-70a5-a83c-6a77ab91cbf3,32,2964,2302988.0,{}
635,00003ca5-a0a5-70a5-a83c-6a77ab91cbf3,32,2964,1726670.0,{}
636,00003ca5-a0a5-70a5-a83c-6a77ab91cbf3,32,2964,1476034.0,{}
637,00003ca5-a0a5-70a5-a83c-6a77ab91cbf3,32,2964,1150839.0,{}
638,00003ca5-a0a5-70a5-a83c-6a77ab91cbf3,32,2964,1367635.0,{}
639,00003ca5-a0a5-70a5-a83c-6a77ab91cbf3,32,2964,1150704.0,{}
640,00003ca5-a0a5-70a5-a83c-6a77ab91cbf3,32,2964,1151844.0,{}
641,00003ca5-a0a5-70a5-a83c-6a77ab91cbf3,33,2964,0.0,{}
642,00003ca5-a0a5-70a5-a83c-6a77ab91cbf3,33,2964,0.0,{}
643,00003ca5-a0a5-70a5-a83c-6a77ab91cbf3,33,2964,0.0,{}
644,00003ca5-a0a5-70a5-a83c-6a77ab91cbf3,33,2964,0.0,{}
645,00003ca5-a0a5-70a5-a83c-6a77ab91cbf3,33,2964,0.0,{}
646,00003ca5-a0a5-70a5-a83c-6a77ab91cbf3,33,2964,0.0,{}
647,00003ca5-a0a5-70a5-a83c-6a77ab91cbf3,33,2964,0.0,{}
648,00003ca5-a0a5-70a5-a83c-6a77ab91cbf3,33,2964,0.0,{}
649,00003ca5-a0a5-70a5-a83c-6a77ab91cbf3,33,2964,0.0,{}
650,00003ca5-a0a5-70a5-a83c-6a77ab91cbf3,33,2964,0.0,{}
651,00003ca5-a0a5-70a5-a83c-6a77ab91cbf3,33,2964,0.0,{}
652,00003ca5-a0a5-70a5-a83c-6a77ab91cbf3,33,2964,0.0,{}
653,00003ca5-a0a5-70a5-a83c-6a77ab91cbf3,33,2964,0.0,{}
654,00003ca5-a0a5-70a5-a83c-6a77ab91cbf3,33,2964,0.0,{}
655,00003ca5-a0a5-70a5-a83c-6a77ab91cbf3,33,2964,0.0,{}
656,00003ca5-a0a5-70a5-a83c-6a77ab91cbf3,33,2964,0.0,{}
657,00003ca5-a0a5-70a5-a83c-6a77ab91cbf3,33,2964,0.0,{}
658,00003ca5-a0a5-70a5-a83c-6a77ab91cbf3,33,2964,0.0,{}
659,00003ca5-a0a5-70a5-a83c-6a77ab91cbf3,33,2964,0.0,{}
660,00003ca5-a0a5-70a5-a83c-6a77ab91cbf3,33,2964,0.0,{}
661,00003ca5-a0a5-70a5-a83c-6a77ab91cbf3,34,2964,0.0,{}
662,00003ca5-a0a5-70a5-a83c-6a77ab91cbf3,34,2964,0.0,{}
663,00003ca5-a0a5-70a5-a83c-6a77ab91cbf3,34,2964,0.0,{}
664,00003ca5-a0a5-70a5-a83c-6a77ab91cbf3,34,2964,0.0,{}
665,00003ca5-a0a5-70a5-a83c-6a77ab91cbf3,34,2964,0.0,{}
666,00003ca5-a0a5-70a5-a83c-6a77ab91cbf3,34,2964,0.0,{}
667,00003ca5-a0a5-70a5-a83c-6a77ab91cbf3,34,2964,0.0,{}
668,00003ca5-a0a5-70a5-a83c-6a77ab91cbf3,34,2964,0.0,{}
669,00003ca5-a0a5-70a5-a83c-6a77ab91cbf3,34,2964,0.0,{}
670,00003ca5-a0a5-70a5-a83c-6a77ab91cbf3,34,2964,0.0,{}
671,00003ca5-a0a5-70a5-a83c-6a77ab91cbf3,34,2964,0.0,{}
672,00003ca5-a0a5-70a5-a83c-6a77ab91cbf3,34,2964,0.0,{}
673,00003ca5-a0a5-70a5-a83c-6a77ab91cbf3,34,2964,0.0,{}
674,00003ca5-a0a5-70a5-a83c-6a77ab91cbf3,34,2964,0.0,{}
675,00003ca5-a0a5-70a5-a83c-6a77ab91cbf3,34,2964,0.0,{}
676,00003ca5-a0a5-70a5-a83c-6a77ab91cbf3,34,2964,0.0,{}
677,00003ca5-a0a5-70a5-a83c-6a77ab91cbf3,34,2964,0.0,{}
678,00003ca5-a0a5-70a5-a83c-6a77ab91cbf3,34,2964,0.0,{}
679,00003ca5-a0a5-70a5-a83c-6a77ab91cbf3,34,2964,0.0,{}
680,00003ca5-a0a5-70a5-a83c-6a77ab91cbf3,34,2964,0.0,{}
681,00003ca5-a0a5-70a5-a83c-6a77ab91cbf3,35,2964,0.0,{}
682,00003ca5-a0a5-70a5-a83c-6a77ab91cbf3,35,2964,0.0,{}
683,00003ca5-a0a5-70a5-a83c-6a77ab91cbf3,35,2964,0.0,{}
684,00003ca5-a0a5-70a5-a83c-6a77ab91cbf3,35,2964,0.0,{}
685,00003ca5-a0a5-70a5-a83c-6a77ab91cbf3,35,2964,0.0,{}
686,00003ca5-a0a5-70a5-a83c-6a77ab91cbf3,35,2964,0.0,{}
687,00003ca5-a0a5-70a5-a83c-6a77ab91cbf3,35,2964,0.0,{}
688,00003ca5-a0a5-70a5-a83c-6a77ab91cbf3,35,2964,0.0,{}
689,00003ca5-a0a5-70a5-a83c-6a77ab91cbf3,35,2964,0.0,{}
690,00003ca5-a0a5-70a5-a83c-6a77ab91cbf3,35,2964,0.0,{}
691,00003ca5-a0a5-70a5-a83c-6a77ab91cbf3,35,2964,0.0,{}
692,00003ca5-a0a5-70a5-a83c-6a77ab91cbf3,35,2964,0.0,{}
693,00003ca5-a0a5-70a5-a83c-6a77ab91cbf3,35,2964,0.0,{}
694,00003ca5-a0a5-70a5-a83c-6a77ab91cbf3,35,2964,0.0,{}
695,00003ca5-a0a5-70a5-a83c-6a77ab91cbf3,35,2964,0.0,{}
696,00003ca5-a0a5-70a5-a83c-6a77ab91cbf3,35,2964,0.0,{}
697,00003ca5-a0a5-70a5-a83c-6a77ab91cbf3,35,2964,0.0,{}
698,00003ca5-a0a5-70a5-a83c-6a77ab91cbf3,35,2964,0.0,{}
699,00003ca5-a0a5-70a5-a83c-6a77ab91cbf3,35,2964,0.0,{}
700,00003ca5-a0a5-70a5-a83c-6a77ab91cbf3,35,2964,0.0,{}
701,00003ca5-a0a5-70a5-a83c-6a77ab91cbf3,36,2964,1745210.0,{}
702,00003ca5-a0a5-70a5-a83c-6a77ab91cbf3,36,2964,1853261.0,{}
703,00003ca5-a0a5-70a5-a83c-6a77ab91cbf3,36,2964,1241538.0,{}
704,00003ca5-a0a5-70a5-a83c-6a77ab91cbf3,36,2964,1636896.0,{}
705,00003ca5-a0a5-70a5-a83c-6a77ab91cbf3,36,2964,1475844.0,{}
706,00003ca5-a0a5-70a5-a83c-6a77ab91cbf3,36,2964,1294852.0,{}
707,00003ca5-a0a5-70a5-a83c-6a77ab91cbf3,36,2964,1277483.0,{}
708,00003ca5-a0a5-70a5-a83c-6a77ab91cbf3,36,2964,1942392.0,{}
709,00003ca5-a0a5-70a5-a83c-6a77ab91cbf3,36,2964,1331531.0,{}
710,00003ca5-a0a5-70a5-a83c-6a77ab91cbf3,36,2964,1745379.0,{}
711,00003ca5-a0a5-70a5-a83c-6a77ab91cbf3,36,2964,1475934.0,{}
712,00003ca5-a0a5-70a5-a83c-6a77ab91cbf3,36,2964,1259203.0,{}
713,00003ca5-a0a5-70a5-a83c-6a77ab91cbf3,36,2964,1457806.0,{}
714,00003ca5-a0a5-70a5-a83c-6a77ab91cbf3,36,2964,1259054.0,{}
715,00003ca5-a0a5-70a5-a83c-6a77ab91cbf3,36,2964,1258960.0,{}
716,00003ca5-a0a5-70a5-a83c-6a77ab91cbf3,36,2964,1744312.0,{}
717,00003ca5-a0a5-70a5-a83c-6a77ab91cbf3,36,2964,1690989.0,{}
718,00003ca5-a0a5-70a5-a83c-6a77ab91cbf3,36,2964,1691298.0,{}
719,00003ca5-a0a5-70a5-a83c-6a77ab91cbf3,36,2964,2032502.0,{}
720,00003ca5-a0a5-70a5-a83c-6a77ab91cbf3,36,2964,1674105.0,{}
721,00003ca5-a0a5-70a5-a83c-6a77ab91cbf3,37,2964,1404160.0,{}
722,00003ca5-a0a5-70a5-a83c-6a77ab91cbf3,37,2964,1402619.0,{}
723,00003ca5-a0a5-70a5-a83c-6a77ab91cbf3,37,2964,1564826.0,{}
724,00003ca5-a0a5-70a5-a83c-6a77ab91cbf3,37,2964,1403043.0,{}
725,00003ca5-a0a5-70a5-a83c-6a77ab91cbf3,37,2964,1313330.0,{}
726,00003ca5-a0a5-70a5-a83c-6a77ab91cbf3,37,2964,1763220.0,{}
727,00003ca5-a0a5-70a5-a83c-6a77ab91cbf3,37,2964,1673087.0,{}
728,00003ca5-a0a5-70a5-a83c-6a77ab91cbf3,37,2964,1691713.0,{}
729,00003ca5-a0a5-70a5-a83c-6a77ab91cbf3,37,2964,1655634.0,{}
730,00003ca5-a0a5-70a5-a83c-6a77ab91cbf3,37,2964,1672860.0,{}
731,00003ca5-a0a5-70a5-a83c-6a77ab91cbf3,37,2964,1816677.0,{}
732,00003ca5-a0a5-70a5-a83c-6a77ab91cbf3,37,2964,1385790.0,{}
733,00003ca5-a0a5-70a5-a83c-6a77ab91cbf3,37,2964,1763463.0,{}
734,00003ca5-a0a5-70a5-a83c-6a77ab91cbf3,37,2964,1780497.0,{}
735,00003ca5-a0a5-70a5-a83c-6a77ab91cbf3,37,2964,1313489.0,{}
736,00003ca5-a0a5-70a5-a83c-6a77ab91cbf3,37,2964,2302686.0,{}
737,00003ca5-a0a5-70a5-a83c-6a77ab91cbf3,37,2964,1151440.0,{}
738,00003ca5-a0a5-70a5-a83c-6a77ab91cbf3,37,2964,1151201.0,{}
739,00003ca5-a0a5-70a5-a83c-6a77ab91cbf3,37,2964,1727092.0,{}
740,00003ca5-a0a5-70a5-a83c-6a77ab91cbf3,37,2964,1151722.0,{}
741,00003ca5-a0a5-70a5-a83c-6a77ab91cbf3,38,2964,1151241.0,{}
742,00003ca5-a0a5-70a5-a83c-6a77ab91cbf3,38,2964,1151738.0,{}
743,00003ca5-a0a5-70a5-a83c-6a77ab91cbf3,38,2964,1151039.0,{}
744,00003ca5-a0a5-70a5-a83c-6a77ab91cbf3,38,2964,1151400.0,{}
745,00003ca5-a0a5-70a5-a83c-6a77ab91cbf3,38,2964,1151234.0,{}
746,00003ca5-a0a5-70a5-a83c-6a77ab91cbf3,38,2964,2051207.0,{}
747,00003ca5-a0a5-70a5-a83c-6a77ab91cbf3,38,2964,1943363.0,{}
748,00003ca5-a0a5-70a5-a83c-6a77ab91cbf3,38,2964,1978051.0,{}
749,00003ca5-a0a5-70a5-a83c-6a77ab91cbf3,38,2964,1835562.0,{}
750,00003ca5-a0a5-70a5-a83c-6a77ab91cbf3,38,2964,1978650.0,{}
751,00003ca5-a0a5-70a5-a83c-6a77ab91cbf3,38,2964,1152063.0,{}
752,00003ca5-a0a5-70a5-a83c-6a77ab91cbf3,38,2964,1151890.0,{}
753,00003ca5-a0a5-70a5-a83c-6a77ab91cbf3,38,2964,1151260.0,{}
754,00003ca5-a0a5-70a5-a83c-6a77ab91cbf3,38,2964,1152111.0,{}
755,00003ca5-a0a5-70a5-a83c-6a77ab91cbf3,38,2964,1151018.0,{}
756,00003ca5-a0a5-70a5-a83c-6a77ab91cbf3,38,2964,2266161.0,{}
757,00003ca5-a0a5-70a5-a83c-6a77ab91cbf3,38,2964,1762946.0,{}
758,00003ca5-a0a5-70a5-a83c-6a77ab91cbf3,38,2964,1906669.0,{}
759,00003ca5-a0a5-70a5-a83c-6a77ab91cbf3,38,2964,2123406.0,{}
760,00003ca5-a0a5-70a5-a83c-6a77ab91cbf3,38,2964,1727540.0,{}
761,00003ca5-a0a5-70a5-a83c-6a77ab91cbf3,39,2964,2302882.0,{}
762,00003ca5-a0a5-70a5-a83c-6a77ab91cbf3,39,2964,1906929.0,{}
763,00003ca5-a0a5-70a5-a83c-6a77ab91cbf3,39,2964,1259602.0,{}
764,00003ca5-a0a5-70a5-a83c-6a77ab91cbf3,39,2964,2302202.0,{}
765,00003ca5-a0a5-70a5-a83c-6a77ab91cbf3,39,2964,1997023.0,{}
766,00003ca5-a0a5-70a5-a83c-6a77ab91cbf3,39,2964,1151167.0,{}
767,00003ca5-a0a5-70a5-a83c-6a77ab91cbf3,39,2964,1151462.0,{}
768,00003ca5-a0a5-70a5-a83c-6a77ab91cbf3,39,2964,1169691.0,{}
769,00003ca5-a0a5-70a5-a83c-6a77ab91cbf3,39,2964,1151176.0,{}
770,00003ca5-a0a5-70a5-a83c-6a77ab91cbf3,39,2964,1151848.0,{}
771,00003ca5-a0a5-70a5-a83c-6a77ab91cbf3,39,2964,2014509.0,{}
772,00003ca5-a0a5-70a5-a83c-6a77ab91cbf3,39,2964,1852565.0,{}
773,00003ca5-a0a5-70a5-a83c-6a77ab91cbf3,39,2964,1961012.0,{}
774,00003ca5-a0a5-70a5-a83c-6a77ab91cbf3,39,2964,1835278.0,{}
775,00003ca5-a0a5-70a5-a83c-6a77ab91cbf3,39,2964,2123778.0,{}
776,00003ca5-a0a5-70a5-a83c-6a77ab91cbf3,39,2964,1151939.0,{}
777,00003ca5-a0a5-70a5-a83c-6a77ab91cbf3,39,2964,1151194.0,{}
778,00003ca5-a0a5-70a5-a83c-6a77ab91cbf3,39,2964,1152198.0,{}
779,00003ca5-a0a5-70a5-a83c-6a77ab91cbf3,39,2964,1151032.0,{}
780,00003ca5-a0a5-70a5-a83c-6a77ab91cbf3,39,2964,1151062.0,{}
781,00003ca5-a0a5-70a5-a83c-6a77ab91cbf3,40,2964,1818193.0,{}
782,00003ca5-a0a5-70a5-a83c-6a77ab91cbf3,40,2964,1781090.0,{}
783,00003ca5-a0a5-70a5-a83c-6a77ab91cbf3,40,2964,2014785.0,{}
784,00003ca5-a0a5-70a5-a83c-6a77ab91cbf3,40,2964,2302389.0,{}
785,00003ca5-a0a5-70a5-a83c-6a77ab91cbf3,40,2964,1870356.0,{}
786,00003ca5-a0a5-70a5-a83c-6a77ab91cbf3,40,2964,1151577.0,{}
787,00003ca5-a0a5-70a5-a83c-6a77ab91cbf3,40,2964,1151858.0,{}
788,00003ca5-a0a5-70a5-a83c-6a77ab91cbf3,40,2964,1151881.0,{}
789,00003ca5-a0a5-70a5-a83c-6a77ab91cbf3,40,2964,1152017.0,{}
790,00003ca5-a0a5-70a5-a83c-6a77ab91cbf3,40,2964,1151140.0,{}
791,00003ca5-a0a5-70a5-a83c-6a77ab91cbf3,40,2964,1151118.0,{}
792,00003ca5-a0a5-70a5-a83c-6a77ab91cbf3,40,2964,1151793.0,{}
793,00003ca5-a0a5-70a5-a83c-6a77ab91cbf3,40,2964,1151042.0,{}
794,00003ca5-a0a5-70a5-a83c-6a77ab91cbf3,40,2964,1151381.0,{}
795,00003ca5-a0a5-70a5-a83c-6a77ab91cbf3,40,2964,1151143.0,{}
796,00003ca5-a0a5-70a5-a83c-6a77ab91cbf3,40,2964,1997004.0,{}
797,00003ca5-a0a5-70a5-a83c-6a77ab91cbf3,40,2964,1853086.0,{}
798,00003ca5-a0a5-70a5-a83c-6a77ab91cbf3,40,2964,2086189.0,{}
799,00003ca5-a0a5-70a5-a83c-6a77ab91cbf3,40,2964,1997484.0,{}
800,00003ca5-a0a5-70a5-a83c-6a77ab91cbf3,40,2964,1853023.0,{}
801,00003ca5-a0a5-70a5-a83c-6a77ab91cbf3,41,2964,2105040.0,{}
802,00003ca5-a0a5-70a5-a83c-6a77ab91cbf3,41,2964,2050352.0,{}
803,00003ca5-a0a5-70a5-a83c-6a77ab91cbf3,41,2964,1834360.0,{}
804,00003ca5-a0a5-70a5-a83c-6a77ab91cbf3,41,2964,1960440.0,{}
805,00003ca5-a0a5-70a5-a83c-6a77ab91cbf3,41,2964,1835030.0,{}
806,00003ca5-a0a5-70a5-a83c-6a77ab91cbf3,41,2964,1151919.0,{}
807,00003ca5-a0a5-70a5-a83c-6a77ab91cbf3,41,2964,1151920.0,{}
808,00003ca5-a0a5-70a5-a83c-6a77ab91cbf3,41,2964,1152052.0,{}
809,00003ca5-a0a5-70a5-a83c-6a77ab91cbf3,41,2964,1151191.0,{}
810,00003ca5-a0a5-70a5-a83c-6a77ab91cbf3,41,2964,1151961.0,{}
811,00003ca5-a0a5-70a5-a83c-6a77ab91cbf3,41,2964,2302612.0,{}
812,00003ca5-a0a5-70a5-a83c-6a77ab91cbf3,41,2964,1151841.0,{}
813,00003ca5-a0a5-70a5-a83c-6a77ab91cbf3,41,2964,2105089.0,{}
814,00003ca5-a0a5-70a5-a83c-6a77ab91cbf3,41,2964,2302832.0,{}
815,00003ca5-a0a5-70a5-a83c-6a77ab91cbf3,41,2964,1925172.0,{}
816,00003ca5-a0a5-70a5-a83c-6a77ab91cbf3,41,2964,1150900.0,{}
817,00003ca5-a0a5-70a5-a83c-6a77ab91cbf3,41,2964,1151479.0,{}
818,00003ca5-a0a5-70a5-a83c-6a77ab91cbf3,41,2964,1151123.0,{}
819,00003ca5-a0a5-70a5-a83c-6a77ab91cbf3,41,2964,1151512.0,{}
820,00003ca5-a0a5-70a5-a83c-6a77ab91cbf3,41,2964,1151724.0,{}
821,00003ca5-a0a5-70a5-a83c-6a77ab91cbf3,42,2964,1906887.0,{}
822,00003ca5-a0a5-70a5-a83c-6a77ab91cbf3,42,2964,2050878.0,{}
823,00003ca5-a0a5-70a5-a83c-6a77ab91cbf3,42,2964,2159519.0,{}
824,00003ca5-a0a5-70a5-a83c-6a77ab91cbf3,42,2964,1834648.0,{}
825,00003ca5-a0a5-70a5-a83c-6a77ab91cbf3,42,2964,1835077.0,{}
826,00003ca5-a0a5-70a5-a83c-6a77ab91cbf3,42,2964,1151442.0,{}
827,00003ca5-a0a5-70a5-a83c-6a77ab91cbf3,42,2964,1151178.0,{}
828,00003ca5-a0a5-70a5-a83c-6a77ab91cbf3,42,2964,1151820.0,{}
829,00003ca5-a0a5-70a5-a83c-6a77ab91cbf3,42,2964,1150965.0,{}
830,00003ca5-a0a5-70a5-a83c-6a77ab91cbf3,42,2964,1151433.0,{}
831,00003ca5-a0a5-70a5-a83c-6a77ab91cbf3,42,2964,1870424.0,{}
832,00003ca5-a0a5-70a5-a83c-6a77ab91cbf3,42,2964,1799925.0,{}
833,00003ca5-a0a5-70a5-a83c-6a77ab91cbf3,42,2964,2302463.0,{}
834,00003ca5-a0a5-70a5-a83c-6a77ab91cbf3,42,2964,2050852.0,{}
835,00003ca5-a0a5-70a5-a83c-6a77ab91cbf3,42,2964,1762379.0,{}
836,00003ca5-a0a5-70a5-a83c-6a77ab91cbf3,42,2964,1151130.0,{}
837,00003ca5-a0a5-70a5-a83c-6a77ab91cbf3,42,2964,1151634.0,{}
838,00003ca5-a0a5-70a5-a83c-6a77ab91cbf3,42,2964,1151836.0,{}
839,00003ca5-a0a5-70a5-a83c-6a77ab91cbf3,42,2964,1152016.0,{}
840,00003ca5-a0a5-70a5-a83c-6a77ab91cbf3,42,2964,1152043.0,{}
841,00003ca5-a0a5-70a5-a83c-6a77ab91cbf3,43,2964,1942374.0,{}
842,00003ca5-a0a5-70a5-a83c-6a77ab91cbf3,43,2964,1943189.0,{}
843,00003ca5-a0a5-70a5-a83c-6a77ab91cbf3,43,2964,1708734.0,{}
844,00003ca5-a0a5-70a5-a83c-6a77ab91cbf3,43,2964,2069161.0,{}
845,00003ca5-a0a5-70a5-a83c-6a77ab91cbf3,43,2964,2123173.0,{}
846,00003ca5-a0a5-70a5-a83c-6a77ab91cbf3,43,2964,1151180.0,{}
847,00003ca5-a0a5-70a5-a83c-6a77ab91cbf3,43,2964,1151930.0,{}
848,00003ca5-a0a5-70a5-a83c-6a77ab91cbf3,43,2964,1151297.0,{}
849,00003ca5-a0a5-70a5-a83c-6a77ab91cbf3,43,2964,1151134.0,{}
850,00003ca5-a0a5-70a5-a83c-6a77ab91cbf3,43,2964,1151741.0,{}
851,00003ca5-a0a5-70a5-a83c-6a77ab91cbf3,43,2964,1152047.0,{}
852,00003ca5-a0a5-70a5-a83c-6a77ab91cbf3,43,2964,1151125.0,{}
853,00003ca5-a0a5-70a5-a83c-6a77ab91cbf3,43,2964,1152024.0,{}
854,00003ca5-a0a5-70a5-a83c-6a77ab91cbf3,43,2964,1150968.0,{}
855,00003ca5-a0a5-70a5-a83c-6a77ab91cbf3,43,2964,1150972.0,{}
856,00003ca5-a0a5-70a5-a83c-6a77ab91cbf3,43,2964,1744379.0,{}
857,00003ca5-a0a5-70a5-a83c-6a77ab91cbf3,43,2964,2266886.0,{}
858,00003ca5-a0a5-70a5-a83c-6a77ab91cbf3,43,2964,2015007.0,{}
859,00003ca5-a0a5-70a5-a83c-6a77ab91cbf3,43,2964,1961102.0,{}
860,00003ca5-a0a5-70a5-a83c-6a77ab91cbf3,43,2964,1800126.0,{}
861,00003ca5-a0a5-70a5-a83c-6a77ab91cbf3,44,2964,1744930.0,{}
862,00003ca5-a0a5-70a5-a83c-6a77ab91cbf3,44,2964,1852885.0,{}
863,00003ca5-a0a5-70a5-a83c-6a77ab91cbf3,44,2964,1492712.0,{}
864,00003ca5-a0a5-70a5-a83c-6a77ab91cbf3,44,2964,1493528.0,{}
865,00003ca5-a0a5-70a5-a83c-6a77ab91cbf3,44,2964,1492908.0,{}
866,00003ca5-a0a5-70a5-a83c-6a77ab91cbf3,44,2964,1493687.0,{}
867,00003ca5-a0a5-70a5-a83c-6a77ab91cbf3,44,2964,1493654.0,{}
868,00003ca5-a0a5-70a5-a83c-6a77ab91cbf3,44,2964,1492999.0,{}
869,00003ca5-a0a5-70a5-a83c-6a77ab91cbf3,44,2964,1493593.0,{}
870,00003ca5-a0a5-70a5-a83c-6a77ab91cbf3,44,2964,1493182.0,{}
871,00003ca5-a0a5-70a5-a83c-6a77ab91cbf3,44,2964,1151009.0,{}
872,00003ca5-a0a5-70a5-a83c-6a77ab91cbf3,44,2964,1421098.0,{}
873,00003ca5-a0a5-70a5-a83c-6a77ab91cbf3,44,2964,1727027.0,{}
874,00003ca5-a0a5-70a5-a83c-6a77ab91cbf3,44,2964,1727699.0,{}
875,00003ca5-a0a5-70a5-a83c-6a77ab91cbf3,44,2964,1295963.0,{}
876,00003ca5-a0a5-70a5-a83c-6a77ab91cbf3,44,2964,1727490.0,{}
877,00003ca5-a0a5-70a5-a83c-6a77ab91cbf3,44,2964,1726799.0,{}
878,00003ca5-a0a5-70a5-a83c-6a77ab91cbf3,44,2964,1727485.0,{}
879,00003ca5-a0a5-70a5-a83c-6a77ab91cbf3,44,2964,1726809.0,{}
880,00003ca5-a0a5-70a5-a83c-6a77ab91cbf3,44,2964,1313092.0,{}
881,00003ca5-a0a5-70a5-a83c-6a77ab91cbf3,45,2964,1942146.0,{}
882,00003ca5-a0a5-70a5-a83c-6a77ab91cbf3,45,2964,2248851.0,{}
883,00003ca5-a0a5-70a5-a83c-6a77ab91cbf3,45,2964,2105441.0,{}
884,00003ca5-a0a5-70a5-a83c-6a77ab91cbf3,45,2964,1870187.0,{}
885,00003ca5-a0a5-70a5-a83c-6a77ab91cbf3,45,2964,1619598.0,{}
886,00003ca5-a0a5-70a5-a83c-6a77ab91cbf3,45,2964,1151455.0,{}
887,00003ca5-a0a5-70a5-a83c-6a77ab91cbf3,45,2964,1151058.0,{}
888,00003ca5-a0a5-70a5-a83c-6a77ab91cbf3,45,2964,1151751.0,{}
889,00003ca5-a0a5-70a5-a83c-6a77ab91cbf3,45,2964,1151005.0,{}
890,00003ca5-a0a5-70a5-a83c-6a77ab91cbf3,45,2964,1151386.0,{}
891,00003ca5-a0a5-70a5-a83c-6a77ab91cbf3,45,2964,1151925.0,{}
892,00003ca5-a0a5-70a5-a83c-6a77ab91cbf3,45,2964,1151956.0,{}
893,00003ca5-a0a5-70a5-a83c-6a77ab91cbf3,45,2964,1151125.0,{}
894,00003ca5-a0a5-70a5-a83c-6a77ab91cbf3,45,2964,1152116.0,{}
895,00003ca5-a0a5-70a5-a83c-6a77ab91cbf3,45,2964,1151056.0,{}
896,00003ca5-a0a5-70a5-a83c-6a77ab91cbf3,45,2964,2302181.0,{}
897,00003ca5-a0a5-70a5-a83c-6a77ab91cbf3,45,2964,2266839.0,{}
898,00003ca5-a0a5-70a5-a83c-6a77ab91cbf3,45,2964,1907186.0,{}
899,00003ca5-a0a5-70a5-a83c-6a77ab91cbf3,45,2964,1763911.0,{}
900,00003ca5-a0a5-70a5-a83c-6a77ab91cbf3,45,2964,1547376.0,{}
901,00003ca5-a0a5-70a5-a83c-6a77ab91cbf3,46,2964,1834824.0,{}
902,00003ca5-a0a5-70a5-a83c-6a77ab91cbf3,46,2964,1907015.0,{}
903,00003ca5-a0a5-70a5-a83c-6a77ab91cbf3,46,2964,1907516.0,{}
904,00003ca5-a0a5-70a5-a83c-6a77ab91cbf3,46,2964,1834824.0,{}
905,00003ca5-a0a5-70a5-a83c-6a77ab91cbf3,46,2964,2302929.0,{}
906,00003ca5-a0a5-70a5-a83c-6a77ab91cbf3,46,2964,1151359.0,{}
907,00003ca5-a0a5-70a5-a83c-6a77ab91cbf3,46,2964,1151274.0,{}
908,00003ca5-a0a5-70a5-a83c-6a77ab91cbf3,46,2964,1151769.0,{}
909,00003ca5-a0a5-70a5-a83c-6a77ab91cbf3,46,2964,1150856.0,{}
910,00003ca5-a0a5-70a5-a83c-6a77ab91cbf3,46,2964,1151332.0,{}
911,00003ca5-a0a5-70a5-a83c-6a77ab91cbf3,46,2964,1834204.0,{}
912,00003ca5-a0a5-70a5-a83c-6a77ab91cbf3,46,2964,2266301.0,{}
913,00003ca5-a0a5-70a5-a83c-6a77ab91cbf3,46,2964,1871470.0,{}
914,00003ca5-a0a5-70a5-a83c-6a77ab91cbf3,46,2964,1799116.0,{}
915,00003ca5-a0a5-70a5-a83c-6a77ab91cbf3,46,2964,2016426.0,{}
916,00003ca5-a0a5-70a5-a83c-6a77ab91cbf3,46,2964,1151961.0,{}
917,00003ca5-a0a5-70a5-a83c-6a77ab91cbf3,46,2964,1151221.0,{}
918,00003ca5-a0a5-70a5-a83c-6a77ab91cbf3,46,2964,1152105.0,{}
919,00003ca5-a0a5-70a5-a83c-6a77ab91cbf3,46,2964,1150958.0,{}
920,00003ca5-a0a5-70a5-a83c-6a77ab91cbf3,46,2964,1151089.0,{}
921,00003ca5-a0a5-70a5-a83c-6a77ab91cbf3,47,2964,1654626.0,{}
922,00003ca5-a0a5-70a5-a83c-6a77ab91cbf3,47,2964,1493142.0,{}
923,00003ca5-a0a5-70a5-a83c-6a77ab91cbf3,47,2964,1654672.0,{}
924,00003ca5-a0a5-70a5-a83c-6a77ab91cbf3,47,2964,2033010.0,{}
925,00003ca5-a0a5-70a5-a83c-6a77ab91cbf3,47,2964,2105557.0,{}
926,00003ca5-a0a5-70a5-a83c-6a77ab91cbf3,47,2964,1709155.0,{}
927,00003ca5-a0a5-70a5-a83c-6a77ab91cbf3,47,2964,1151874.0,{}
928,00003ca5-a0a5-70a5-a83c-6a77ab91cbf3,47,2964,1151459.0,{}
929,00003ca5-a0a5-70a5-a83c-6a77ab91cbf3,47,2964,1439136.0,{}
930,00003ca5-a0a5-70a5-a83c-6a77ab91cbf3,47,2964,1151625.0,{}
931,00003ca5-a0a5-70a5-a83c-6a77ab91cbf3,47,2964,1494173.0,{}
932,00003ca5-a0a5-70a5-a83c-6a77ab91cbf3,47,2964,1492986.0,{}
933,00003ca5-a0a5-70a5-a83c-6a77ab91cbf3,47,2964,1492881.0,{}
934,00003ca5-a0a5-70a5-a83c-6a77ab91cbf3,47,2964,1492600.0,{}
935,00003ca5-a0a5-70a5-a83c-6a77ab91cbf3,47,2964,1492912.0,{}
936,00003ca5-a0a5-70a5-a83c-6a77ab91cbf3,47,2964,1745382.0,{}
937,00003ca5-a0a5-70a5-a83c-6a77ab91cbf3,47,2964,1547502.0,{}
938,00003ca5-a0a5-70a5-a83c-6a77ab91cbf3,47,2964,1493708.0,{}
939,00003ca5-a0a5-70a5-a83c-6a77ab91cbf3,47,2964,1494264.0,{}
940,00003ca5-a0a5-70a5-a83c-6a77ab91cbf3,47,2964,1797885.0,{}
941,00003ca5-a0a5-70a5-a83c-6a77ab91cbf3,48,2964,1727923.0,{}
942,00003ca5-a0a5-70a5-a83c-6a77ab91cbf3,48,2964,1726965.0,{}
943,00003ca5-a0a5-70a5-a83c-6a77ab91cbf3,48,2964,1152056.0,{}
944,00003ca5-a0a5-70a5-a83c-6a77ab91cbf3,48,2964,1726334.0,{}
945,00003ca5-a0a5-70a5-a83c-6a77ab91cbf3,48,2964,1726817.0,{}
946,00003ca5-a0a5-70a5-a83c-6a77ab91cbf3,48,2964,1726694.0,{}
947,00003ca5-a0a5-70a5-a83c-6a77ab91cbf3,48,2964,1727207.0,{}
948,00003ca5-a0a5-70a5-a83c-6a77ab91cbf3,48,2964,1727436.0,{}
949,00003ca5-a0a5-70a5-a83c-6a77ab91cbf3,48,2964,1151870.0,{}
950,00003ca5-a0a5-70a5-a83c-6a77ab91cbf3,48,2964,1151925.0,{}
951,00003ca5-a0a5-70a5-a83c-6a77ab91cbf3,48,2964,1942840.0,{}
952,00003ca5-a0a5-70a5-a83c-6a77ab91cbf3,48,2964,1654683.0,{}
953,00003ca5-a0a5-70a5-a83c-6a77ab91cbf3,48,2964,1493316.0,{}
954,00003ca5-a0a5-70a5-a83c-6a77ab91cbf3,48,2964,1493342.0,{}
955,00003ca5-a0a5-70a5-a83c-6a77ab91cbf3,48,2964,1492861.0,{}
956,00003ca5-a0a5-70a5-a83c-6a77ab91cbf3,48,2964,1493351.0,{}
957,00003ca5-a0a5-70a5-a83c-6a77ab91cbf3,48,2964,1493369.0,{}
958,00003ca5-a0a5-70a5-a83c-6a77ab91cbf3,48,2964,1493371.0,{}
959,00003ca5-a0a5-70a5-a83c-6a77ab91cbf3,48,2964,1492771.0,{}
960,00003ca5-a0a5-70a5-a83c-6a77ab91cbf3,48,2964,1493418.0,{}

=== TABLE: top_kernels ===name,total_calls,total_duration,average,percentage
gemm_gate_up_mq4g256_lloyd_wmma,39,107981.338,2768.752,99.898793359094
__amd_rocclr_fillBufferAligned,6,88.036,14.672,0.0814463900434462
convert_f32_to_f16,3,21.359,7.119,0.0197602508625786

