=== TABLE: busy ===agent_id,type,GpuTime,WallTime,Busy
1,GPU,104328470,2738214887,0.0381009067240529

=== TABLE: rocpd_info_kernel_symbol ===id,guid,nid,pid,code_object_id,kernel_name,display_name,kernel_object,kernarg_segment_size,kernarg_segment_alignment,group_segment_size,private_segment_size,sgpr_count,arch_vgpr_count,accum_vgpr_count,extdata
1,00003c5b-f6cc-76cc-b059-8c20628ac001,1655282045,1260143,1,__amd_rocclr_streamOpsWait.kd,__amd_rocclr_streamOpsWait,123739518329536,40,16,0,0,128,8,0,"{""size"":88,""kernel_id"":1,""code_object_id"":1,""kernel_name"":""__amd_rocclr_streamOpsWait.kd"",""kernel_object"":123739518329536,""kernarg_segment_size"":40,""kernarg_segment_alignment"":16,""group_segment_size"":0,""private_segment_size"":0,""sgpr_count"":128,""arch_vgpr_count"":8,""accum_vgpr_count"":0,""kernel_code_entry_byte_offset"":16192,""kernel_address"":{""handle"":123739518345728},""formatted_kernel_name"":""__amd_rocclr_streamOpsWait"",""demangled_kernel_name"":""__amd_rocclr_streamOpsWait.kd"",""truncated_kernel_name"":""__amd_rocclr_streamOpsWait.kd""}"
2,00003c5b-f6cc-76cc-b059-8c20628ac001,1655282045,1260143,1,__amd_rocclr_streamOpsDecrement.kd,__amd_rocclr_streamOpsDecrement,123739518329472,24,16,0,0,128,8,0,"{""size"":88,""kernel_id"":2,""code_object_id"":1,""kernel_name"":""__amd_rocclr_streamOpsDecrement.kd"",""kernel_object"":123739518329472,""kernarg_segment_size"":24,""kernarg_segment_alignment"":16,""group_segment_size"":0,""private_segment_size"":0,""sgpr_count"":128,""arch_vgpr_count"":8,""accum_vgpr_count"":0,""kernel_code_entry_byte_offset"":16000,""kernel_address"":{""handle"":123739518345472},""formatted_kernel_name"":""__amd_rocclr_streamOpsDecrement"",""demangled_kernel_name"":""__amd_rocclr_streamOpsDecrement.kd"",""truncated_kernel_name"":""__amd_rocclr_streamOpsDecrement.kd""}"
3,00003c5b-f6cc-76cc-b059-8c20628ac001,1655282045,1260143,1,__amd_rocclr_streamOpsIncrement.kd,__amd_rocclr_streamOpsIncrement,123739518329408,24,16,0,0,128,8,0,"{""size"":88,""kernel_id"":3,""code_object_id"":1,""kernel_name"":""__amd_rocclr_streamOpsIncrement.kd"",""kernel_object"":123739518329408,""kernarg_segment_size"":24,""kernarg_segment_alignment"":16,""group_segment_size"":0,""private_segment_size"":0,""sgpr_count"":128,""arch_vgpr_count"":8,""accum_vgpr_count"":0,""kernel_code_entry_byte_offset"":15808,""kernel_address"":{""handle"":123739518345216},""formatted_kernel_name"":""__amd_rocclr_streamOpsIncrement"",""demangled_kernel_name"":""__amd_rocclr_streamOpsIncrement.kd"",""truncated_kernel_name"":""__amd_rocclr_streamOpsIncrement.kd""}"
4,00003c5b-f6cc-76cc-b059-8c20628ac001,1655282045,1260143,1,__amd_rocclr_fillBufferAligned.kd,__amd_rocclr_fillBufferAligned,123739518328576,40,16,0,0,128,16,0,"{""size"":88,""kernel_id"":4,""code_object_id"":1,""kernel_name"":""__amd_rocclr_fillBufferAligned.kd"",""kernel_object"":123739518328576,""kernarg_segment_size"":40,""kernarg_segment_alignment"":16,""group_segment_size"":0,""private_segment_size"":0,""sgpr_count"":128,""arch_vgpr_count"":16,""accum_vgpr_count"":0,""kernel_code_entry_byte_offset"":5376,""kernel_address"":{""handle"":123739518333952},""formatted_kernel_name"":""__amd_rocclr_fillBufferAligned"",""demangled_kernel_name"":""__amd_rocclr_fillBufferAligned.kd"",""truncated_kernel_name"":""__amd_rocclr_fillBufferAligned.kd""}"
5,00003c5b-f6cc-76cc-b059-8c20628ac001,1655282045,1260143,1,__amd_rocclr_fillImage.kd,__amd_rocclr_fillImage,123739518329024,360,16,0,0,128,16,0,"{""size"":88,""kernel_id"":5,""code_object_id"":1,""kernel_name"":""__amd_rocclr_fillImage.kd"",""kernel_object"":123739518329024,""kernarg_segment_size"":360,""kernarg_segment_alignment"":16,""group_segment_size"":0,""private_segment_size"":0,""sgpr_count"":128,""arch_vgpr_count"":16,""accum_vgpr_count"":0,""kernel_code_entry_byte_offset"":11584,""kernel_address"":{""handle"":123739518340608},""formatted_kernel_name"":""__amd_rocclr_fillImage"",""demangled_kernel_name"":""__amd_rocclr_fillImage.kd"",""truncated_kernel_name"":""__amd_rocclr_fillImage.kd""}"
6,00003c5b-f6cc-76cc-b059-8c20628ac001,1655282045,1260143,1,__amd_rocclr_fillBufferAligned2D.kd,__amd_rocclr_fillBufferAligned2D,123739518328640,336,16,0,0,128,8,0,"{""size"":88,""kernel_id"":6,""code_object_id"":1,""kernel_name"":""__amd_rocclr_fillBufferAligned2D.kd"",""kernel_object"":123739518328640,""kernarg_segment_size"":336,""kernarg_segment_alignment"":16,""group_segment_size"":0,""private_segment_size"":0,""sgpr_count"":128,""arch_vgpr_count"":8,""accum_vgpr_count"":0,""kernel_code_entry_byte_offset"":6848,""kernel_address"":{""handle"":123739518335488},""formatted_kernel_name"":""__amd_rocclr_fillBufferAligned2D"",""demangled_kernel_name"":""__amd_rocclr_fillBufferAligned2D.kd"",""truncated_kernel_name"":""__amd_rocclr_fillBufferAligned2D.kd""}"
7,00003c5b-f6cc-76cc-b059-8c20628ac001,1655282045,1260143,1,__amd_rocclr_copyBuffer.kd,__amd_rocclr_copyBuffer,123739518328704,48,16,0,0,128,16,0,"{""size"":88,""kernel_id"":7,""code_object_id"":1,""kernel_name"":""__amd_rocclr_copyBuffer.kd"",""kernel_object"":123739518328704,""kernarg_segment_size"":48,""kernarg_segment_alignment"":16,""group_segment_size"":0,""private_segment_size"":0,""sgpr_count"":128,""arch_vgpr_count"":16,""accum_vgpr_count"":0,""kernel_code_entry_byte_offset"":7552,""kernel_address"":{""handle"":123739518336256},""formatted_kernel_name"":""__amd_rocclr_copyBuffer"",""demangled_kernel_name"":""__amd_rocclr_copyBuffer.kd"",""truncated_kernel_name"":""__amd_rocclr_copyBuffer.kd""}"
8,00003c5b-f6cc-76cc-b059-8c20628ac001,1655282045,1260143,1,__amd_rocclr_copyBufferRect.kd,__amd_rocclr_copyBufferRect,123739518328832,384,16,0,0,128,16,0,"{""size"":88,""kernel_id"":8,""code_object_id"":1,""kernel_name"":""__amd_rocclr_copyBufferRect.kd"",""kernel_object"":123739518328832,""kernarg_segment_size"":384,""kernarg_segment_alignment"":16,""group_segment_size"":0,""private_segment_size"":0,""sgpr_count"":128,""arch_vgpr_count"":16,""accum_vgpr_count"":0,""kernel_code_entry_byte_offset"":8704,""kernel_address"":{""handle"":123739518337536},""formatted_kernel_name"":""__amd_rocclr_copyBufferRect"",""demangled_kernel_name"":""__amd_rocclr_copyBufferRect.kd"",""truncated_kernel_name"":""__amd_rocclr_copyBufferRect.kd""}"
9,00003c5b-f6cc-76cc-b059-8c20628ac001,1655282045,1260143,1,__amd_rocclr_streamOpsWrite.kd,__amd_rocclr_streamOpsWrite,123739518329344,24,16,0,0,128,8,0,"{""size"":88,""kernel_id"":9,""code_object_id"":1,""kernel_name"":""__amd_rocclr_streamOpsWrite.kd"",""kernel_object"":123739518329344,""kernarg_segment_size"":24,""kernarg_segment_alignment"":16,""group_segment_size"":0,""private_segment_size"":0,""sgpr_count"":128,""arch_vgpr_count"":8,""accum_vgpr_count"":0,""kernel_code_entry_byte_offset"":15616,""kernel_address"":{""handle"":123739518344960},""formatted_kernel_name"":""__amd_rocclr_streamOpsWrite"",""demangled_kernel_name"":""__amd_rocclr_streamOpsWrite.kd"",""truncated_kernel_name"":""__amd_rocclr_streamOpsWrite.kd""}"
10,00003c5b-f6cc-76cc-b059-8c20628ac001,1655282045,1260143,1,__amd_rocclr_batchMemOp.kd,__amd_rocclr_batchMemOp,123739518328960,272,16,0,0,128,8,0,"{""size"":88,""kernel_id"":10,""code_object_id"":1,""kernel_name"":""__amd_rocclr_batchMemOp.kd"",""kernel_object"":123739518328960,""kernarg_segment_size"":272,""kernarg_segment_alignment"":16,""group_segment_size"":0,""private_segment_size"":0,""sgpr_count"":128,""arch_vgpr_count"":8,""accum_vgpr_count"":0,""kernel_code_entry_byte_offset"":9856,""kernel_address"":{""handle"":123739518338816},""formatted_kernel_name"":""__amd_rocclr_batchMemOp"",""demangled_kernel_name"":""__amd_rocclr_batchMemOp.kd"",""truncated_kernel_name"":""__amd_rocclr_batchMemOp.kd""}"
11,00003c5b-f6cc-76cc-b059-8c20628ac001,1655282045,1260143,1,__amd_rocclr_copyImage.kd,__amd_rocclr_copyImage,123739518329088,320,16,0,0,128,8,0,"{""size"":88,""kernel_id"":11,""code_object_id"":1,""kernel_name"":""__amd_rocclr_copyImage.kd"",""kernel_object"":123739518329088,""kernarg_segment_size"":320,""kernarg_segment_alignment"":16,""group_segment_size"":0,""private_segment_size"":0,""sgpr_count"":128,""arch_vgpr_count"":8,""accum_vgpr_count"":0,""kernel_code_entry_byte_offset"":12288,""kernel_address"":{""handle"":123739518341376},""formatted_kernel_name"":""__amd_rocclr_copyImage"",""demangled_kernel_name"":""__amd_rocclr_copyImage.kd"",""truncated_kernel_name"":""__amd_rocclr_copyImage.kd""}"
12,00003c5b-f6cc-76cc-b059-8c20628ac001,1655282045,1260143,1,__amd_rocclr_initHeap.kd,__amd_rocclr_initHeap,123739518329600,24,16,0,0,128,16,0,"{""size"":88,""kernel_id"":12,""code_object_id"":1,""kernel_name"":""__amd_rocclr_initHeap.kd"",""kernel_object"":123739518329600,""kernarg_segment_size"":24,""kernarg_segment_alignment"":16,""group_segment_size"":0,""private_segment_size"":0,""sgpr_count"":128,""arch_vgpr_count"":16,""accum_vgpr_count"":0,""kernel_code_entry_byte_offset"":16896,""kernel_address"":{""handle"":123739518346496},""formatted_kernel_name"":""__amd_rocclr_initHeap"",""demangled_kernel_name"":""__amd_rocclr_initHeap.kd"",""truncated_kernel_name"":""__amd_rocclr_initHeap.kd""}"
13,00003c5b-f6cc-76cc-b059-8c20628ac001,1655282045,1260143,1,__amd_rocclr_copyBufferAligned.kd,__amd_rocclr_copyBufferAligned,123739518328768,304,16,0,0,128,8,0,"{""size"":88,""kernel_id"":13,""code_object_id"":1,""kernel_name"":""__amd_rocclr_copyBufferAligned.kd"",""kernel_object"":123739518328768,""kernarg_segment_size"":304,""kernarg_segment_alignment"":16,""group_segment_size"":0,""private_segment_size"":0,""sgpr_count"":128,""arch_vgpr_count"":8,""accum_vgpr_count"":0,""kernel_code_entry_byte_offset"":8256,""kernel_address"":{""handle"":123739518337024},""formatted_kernel_name"":""__amd_rocclr_copyBufferAligned"",""demangled_kernel_name"":""__amd_rocclr_copyBufferAligned.kd"",""truncated_kernel_name"":""__amd_rocclr_copyBufferAligned.kd""}"
14,00003c5b-f6cc-76cc-b059-8c20628ac001,1655282045,1260143,1,__amd_rocclr_copyImage1DA.kd,__amd_rocclr_copyImage1DA,123739518329152,320,16,0,0,128,8,0,"{""size"":88,""kernel_id"":14,""code_object_id"":1,""kernel_name"":""__amd_rocclr_copyImage1DA.kd"",""kernel_object"":123739518329152,""kernarg_segment_size"":320,""kernarg_segment_alignment"":16,""group_segment_size"":0,""private_segment_size"":0,""sgpr_count"":128,""arch_vgpr_count"":8,""accum_vgpr_count"":0,""kernel_code_entry_byte_offset"":12736,""kernel_address"":{""handle"":123739518341888},""formatted_kernel_name"":""__amd_rocclr_copyImage1DA"",""demangled_kernel_name"":""__amd_rocclr_copyImage1DA.kd"",""truncated_kernel_name"":""__amd_rocclr_copyImage1DA.kd""}"
15,00003c5b-f6cc-76cc-b059-8c20628ac001,1655282045,1260143,1,__amd_rocclr_copyBufferRectAligned.kd,__amd_rocclr_copyBufferRectAligned,123739518328896,384,16,0,0,128,16,0,"{""size"":88,""kernel_id"":15,""code_object_id"":1,""kernel_name"":""__amd_rocclr_copyBufferRectAligned.kd"",""kernel_object"":123739518328896,""kernarg_segment_size"":384,""kernarg_segment_alignment"":16,""group_segment_size"":0,""private_segment_size"":0,""sgpr_count"":128,""arch_vgpr_count"":16,""accum_vgpr_count"":0,""kernel_code_entry_byte_offset"":9152,""kernel_address"":{""handle"":123739518338048},""formatted_kernel_name"":""__amd_rocclr_copyBufferRectAligned"",""demangled_kernel_name"":""__amd_rocclr_copyBufferRectAligned.kd"",""truncated_kernel_name"":""__amd_rocclr_copyBufferRectAligned.kd""}"
16,00003c5b-f6cc-76cc-b059-8c20628ac001,1655282045,1260143,1,__amd_rocclr_copyBufferToImage.kd,__amd_rocclr_copyBufferToImage,123739518329216,416,16,0,0,128,16,0,"{""size"":88,""kernel_id"":16,""code_object_id"":1,""kernel_name"":""__amd_rocclr_copyBufferToImage.kd"",""kernel_object"":123739518329216,""kernarg_segment_size"":416,""kernarg_segment_alignment"":16,""group_segment_size"":0,""private_segment_size"":0,""sgpr_count"":128,""arch_vgpr_count"":16,""accum_vgpr_count"":0,""kernel_code_entry_byte_offset"":13184,""kernel_address"":{""handle"":123739518342400},""formatted_kernel_name"":""__amd_rocclr_copyBufferToImage"",""demangled_kernel_name"":""__amd_rocclr_copyBufferToImage.kd"",""truncated_kernel_name"":""__amd_rocclr_copyBufferToImage.kd""}"
17,00003c5b-f6cc-76cc-b059-8c20628ac001,1655282045,1260143,1,__amd_rocclr_copyImageToBuffer.kd,__amd_rocclr_copyImageToBuffer,123739518329280,416,16,0,0,128,16,0,"{""size"":88,""kernel_id"":17,""code_object_id"":1,""kernel_name"":""__amd_rocclr_copyImageToBuffer.kd"",""kernel_object"":123739518329280,""kernarg_segment_size"":416,""kernarg_segment_alignment"":16,""group_segment_size"":0,""private_segment_size"":0,""sgpr_count"":128,""arch_vgpr_count"":16,""accum_vgpr_count"":0,""kernel_code_entry_byte_offset"":14400,""kernel_address"":{""handle"":123739518343680},""formatted_kernel_name"":""__amd_rocclr_copyImageToBuffer"",""demangled_kernel_name"":""__amd_rocclr_copyImageToBuffer.kd"",""truncated_kernel_name"":""__amd_rocclr_copyImageToBuffer.kd""}"
18,00003c5b-f6cc-76cc-b059-8c20628ac001,1655282045,1260143,2,gemm_gate_up_mq4g256_lloyd_wmma.kd,gemm_gate_up_mq4g256_lloyd_wmma,123739514439616,56,16,512,0,128,96,0,"{""size"":88,""kernel_id"":18,""code_object_id"":2,""kernel_name"":""gemm_gate_up_mq4g256_lloyd_wmma.kd"",""kernel_object"":123739514439616,""kernarg_segment_size"":56,""kernarg_segment_alignment"":16,""group_segment_size"":512,""private_segment_size"":0,""sgpr_count"":128,""arch_vgpr_count"":96,""accum_vgpr_count"":0,""kernel_code_entry_byte_offset"":4160,""kernel_address"":{""handle"":123739514443776},""formatted_kernel_name"":""gemm_gate_up_mq4g256_lloyd_wmma"",""demangled_kernel_name"":""gemm_gate_up_mq4g256_lloyd_wmma.kd"",""truncated_kernel_name"":""gemm_gate_up_mq4g256_lloyd_wmma.kd""}"
19,00003c5b-f6cc-76cc-b059-8c20628ac001,1655282045,1260143,3,gemm_hfq4g256_residual_fp16.kd,gemm_hfq4g256_residual_fp16,123739514358272,36,16,0,0,128,104,0,"{""size"":88,""kernel_id"":19,""code_object_id"":3,""kernel_name"":""gemm_hfq4g256_residual_fp16.kd"",""kernel_object"":123739514358272,""kernarg_segment_size"":36,""kernarg_segment_alignment"":16,""group_segment_size"":0,""private_segment_size"":0,""sgpr_count"":128,""arch_vgpr_count"":104,""accum_vgpr_count"":0,""kernel_code_entry_byte_offset"":4608,""kernel_address"":{""handle"":123739514362880},""formatted_kernel_name"":""gemm_hfq4g256_residual_fp16"",""demangled_kernel_name"":""gemm_hfq4g256_residual_fp16.kd"",""truncated_kernel_name"":""gemm_hfq4g256_residual_fp16.kd""}"
20,00003c5b-f6cc-76cc-b059-8c20628ac001,1655282045,1260143,3,convert_f32_to_f16.kd,convert_f32_to_f16,123739514358208,20,16,0,0,128,8,0,"{""size"":88,""kernel_id"":20,""code_object_id"":3,""kernel_name"":""convert_f32_to_f16.kd"",""kernel_object"":123739514358208,""kernarg_segment_size"":20,""kernarg_segment_alignment"":16,""group_segment_size"":0,""private_segment_size"":0,""sgpr_count"":128,""arch_vgpr_count"":8,""accum_vgpr_count"":0,""kernel_code_entry_byte_offset"":4416,""kernel_address"":{""handle"":123739514362624},""formatted_kernel_name"":""convert_f32_to_f16"",""demangled_kernel_name"":""convert_f32_to_f16.kd"",""truncated_kernel_name"":""convert_f32_to_f16.kd""}"
21,00003c5b-f6cc-76cc-b059-8c20628ac001,1655282045,1260143,4,gemm_gate_up_mq4g256_lloyd_wmma.kd,gemm_gate_up_mq4g256_lloyd_wmma,123739438286784,56,16,512,0,128,96,0,"{""size"":88,""kernel_id"":21,""code_object_id"":4,""kernel_name"":""gemm_gate_up_mq4g256_lloyd_wmma.kd"",""kernel_object"":123739438286784,""kernarg_segment_size"":56,""kernarg_segment_alignment"":16,""group_segment_size"":512,""private_segment_size"":0,""sgpr_count"":128,""arch_vgpr_count"":96,""accum_vgpr_count"":0,""kernel_code_entry_byte_offset"":4160,""kernel_address"":{""handle"":123739438290944},""formatted_kernel_name"":""gemm_gate_up_mq4g256_lloyd_wmma"",""demangled_kernel_name"":""gemm_gate_up_mq4g256_lloyd_wmma.kd"",""truncated_kernel_name"":""gemm_gate_up_mq4g256_lloyd_wmma.kd""}"
22,00003c5b-f6cc-76cc-b059-8c20628ac001,1655282045,1260143,5,gemm_hfq4g256_residual_fp16.kd,gemm_hfq4g256_residual_fp16,123739438205440,36,16,0,0,128,104,0,"{""size"":88,""kernel_id"":22,""code_object_id"":5,""kernel_name"":""gemm_hfq4g256_residual_fp16.kd"",""kernel_object"":123739438205440,""kernarg_segment_size"":36,""kernarg_segment_alignment"":16,""group_segment_size"":0,""private_segment_size"":0,""sgpr_count"":128,""arch_vgpr_count"":104,""accum_vgpr_count"":0,""kernel_code_entry_byte_offset"":4608,""kernel_address"":{""handle"":123739438210048},""formatted_kernel_name"":""gemm_hfq4g256_residual_fp16"",""demangled_kernel_name"":""gemm_hfq4g256_residual_fp16.kd"",""truncated_kernel_name"":""gemm_hfq4g256_residual_fp16.kd""}"
23,00003c5b-f6cc-76cc-b059-8c20628ac001,1655282045,1260143,5,convert_f32_to_f16.kd,convert_f32_to_f16,123739438205376,20,16,0,0,128,8,0,"{""size"":88,""kernel_id"":23,""code_object_id"":5,""kernel_name"":""convert_f32_to_f16.kd"",""kernel_object"":123739438205376,""kernarg_segment_size"":20,""kernarg_segment_alignment"":16,""group_segment_size"":0,""private_segment_size"":0,""sgpr_count"":128,""arch_vgpr_count"":8,""accum_vgpr_count"":0,""kernel_code_entry_byte_offset"":4416,""kernel_address"":{""handle"":123739438209792},""formatted_kernel_name"":""convert_f32_to_f16"",""demangled_kernel_name"":""convert_f32_to_f16.kd"",""truncated_kernel_name"":""convert_f32_to_f16.kd""}"
24,00003c5b-f6cc-76cc-b059-8c20628ac001,1655282045,1260143,6,gemm_gate_up_mq4g256_lloyd_wmma.kd,gemm_gate_up_mq4g256_lloyd_wmma,123739314259904,56,16,512,0,128,96,0,"{""size"":88,""kernel_id"":24,""code_object_id"":6,""kernel_name"":""gemm_gate_up_mq4g256_lloyd_wmma.kd"",""kernel_object"":123739314259904,""kernarg_segment_size"":56,""kernarg_segment_alignment"":16,""group_segment_size"":512,""private_segment_size"":0,""sgpr_count"":128,""arch_vgpr_count"":96,""accum_vgpr_count"":0,""kernel_code_entry_byte_offset"":4160,""kernel_address"":{""handle"":123739314264064},""formatted_kernel_name"":""gemm_gate_up_mq4g256_lloyd_wmma"",""demangled_kernel_name"":""gemm_gate_up_mq4g256_lloyd_wmma.kd"",""truncated_kernel_name"":""gemm_gate_up_mq4g256_lloyd_wmma.kd""}"
25,00003c5b-f6cc-76cc-b059-8c20628ac001,1655282045,1260143,7,gemm_hfq4g256_residual_fp16.kd,gemm_hfq4g256_residual_fp16,123739283884544,36,16,0,0,128,104,0,"{""size"":88,""kernel_id"":25,""code_object_id"":7,""kernel_name"":""gemm_hfq4g256_residual_fp16.kd"",""kernel_object"":123739283884544,""kernarg_segment_size"":36,""kernarg_segment_alignment"":16,""group_segment_size"":0,""private_segment_size"":0,""sgpr_count"":128,""arch_vgpr_count"":104,""accum_vgpr_count"":0,""kernel_code_entry_byte_offset"":4608,""kernel_address"":{""handle"":123739283889152},""formatted_kernel_name"":""gemm_hfq4g256_residual_fp16"",""demangled_kernel_name"":""gemm_hfq4g256_residual_fp16.kd"",""truncated_kernel_name"":""gemm_hfq4g256_residual_fp16.kd""}"
26,00003c5b-f6cc-76cc-b059-8c20628ac001,1655282045,1260143,7,convert_f32_to_f16.kd,convert_f32_to_f16,123739283884480,20,16,0,0,128,8,0,"{""size"":88,""kernel_id"":26,""code_object_id"":7,""kernel_name"":""convert_f32_to_f16.kd"",""kernel_object"":123739283884480,""kernarg_segment_size"":20,""kernarg_segment_alignment"":16,""group_segment_size"":0,""private_segment_size"":0,""sgpr_count"":128,""arch_vgpr_count"":8,""accum_vgpr_count"":0,""kernel_code_entry_byte_offset"":4416,""kernel_address"":{""handle"":123739283888896},""formatted_kernel_name"":""convert_f32_to_f16"",""demangled_kernel_name"":""convert_f32_to_f16.kd"",""truncated_kernel_name"":""convert_f32_to_f16.kd""}"

=== TABLE: rocpd_info_pmc ===id,guid,nid,pid,agent_id,target_arch,event_code,instance_id,name,symbol,description,long_description,component,units,value_type,block,expression,is_constant,is_derived,extdata
2379,00003c5b-f6cc-76cc-b059-8c20628ac001,1655282045,1260143,1,GPU,,,LDSBankConflict,LDSBankConflict,"The percentage of GPUTime LDS is stalled by bank conflicts. Value range: 0% (optimal) to 100% (bad).","",rocm,"",ABS,"","100*reduce(SQC_LDS_BANK_CONFLICT,sum)/reduce(SQC_LDS_IDX_ACTIVE,sum)",0,1,"{""size"":312,""id"":{""handle"":45581},""type"":2,""cpu_cores_count"":0,""simd_count"":80,""mem_banks_count"":1,""caches_count"":86,""io_links_count"":1,""cpu_core_id_base"":0,""simd_id_base"":2147487744,""max_waves_per_simd"":16,""lds_size_in_kb"":64,""gds_size_in_kb"":0,""num_gws"":64,""wave_front_size"":32,""num_xcc"":1,""cu_count"":40,""array_count"":4,""num_shader_banks"":2,""simd_arrays_per_engine"":2,""cu_per_simd_array"":10,""simd_per_cu"":2,""max_slots_scratch_cu"":32,""gfx_target_version"":110501,""vendor_id"":4098,""device_id"":5510,""location_id"":50432,""domain"":0,""drm_render_minor"":128,""num_sdma_engines"":1,""num_sdma_xgmi_engines"":0,""num_sdma_queues_per_engine"":6,""num_cp_queues"":8,""max_engine_clk_ccompute"":5187,""max_engine_clk_fcompute"":2900,""sdma_fw_version"":{""uCodeSDMA"":14,""uCodeRes"":0},""fw_version"":{""uCode"":32,""Major"":0,""Minor"":0,""Stepping"":0},""capability"":{""HotPluggable"":0,""HSAMMUPresent"":0,""SharedWithGraphics"":0,""QueueSizePowerOfTwo"":0,""QueueSize32bit"":0,""QueueIdleEvent"":0,""VALimit"":0,""WatchPointsSupported"":1,""WatchPointsTotalBits"":2,""DoorbellType"":2,""AQLQueueDoubleMap"":0,""DebugTrapSupported"":1,""WaveLaunchTrapOverrideSupported"":1,""WaveLaunchModeSupported"":1,""PreciseMemoryOperationsSupported"":0,""DEPRECATED_SRAM_EDCSupport"":0,""Mem_EDCSupport"":0,""RASEventNotify"":0,""ASICRevision"":0,""SRAM_EDCSupport"":0,""SVMAPISupported"":1,""CoherentHostAccess"":0,""DebugSupportedFirmware"":1},""cu_per_engine"":20,""max_waves_per_cu"":32,""family_id"":150,""workgroup_max_size"":1024,""grid_max_size"":4294967295,""local_mem_size"":0,""hive_id"":0,""gpu_id"":35128,""workgroup_max_dim"":{""x"":1024,""y"":1024,""z"":1024},""grid_max_dim"":{""x"":2147483647,""y"":65535,""z"":65535},""name"":""gfx1151"",""vendor_name"":""AMD"",""product_name"":""Radeon 8060S Graphics"",""model_name"":""ip discovery"",""node_id"":1,""logical_node_id"":1,""logical_node_type_id"":0,""runtime_visibility"":{""hsa"":1,""hip"":1,""rccl"":1,""rocdecode"":1},""uuid"":{""bytes"":{""value0"":0,""value1"":0,""value2"":0,""value3"":0,""value4"":0,""value5"":0,""value6"":0,""value7"":0,""value8"":0,""value9"":0,""value10"":0,""value11"":0,""value12"":0,""value13"":0,""value14"":0,""value15"":0}},""mem_banks"":[{""heap_type"":1,""flags"":{""HotPluggable"":0,""NonVolatile"":0},""width"":256,""mem_clk_max"":1000,""size_in_bytes"":137438953472}],""caches"":[{""processor_id_low"":2147487744,""size"":32,""level"":1,""cache_line_size"":128,""cache_lines_per_tag"":0,""association"":0,""latency"":0,""type"":{""Data"":1,""Instruction"":0,""CPU"":0,""HSACU"":1}},{""processor_id_low"":2147487745,""size"":32,""level"":1,""cache_line_size"":128,""cache_lines_per_tag"":0,""association"":0,""latency"":0,""type"":{""Data"":1,""Instruction"":0,""CPU"":0,""HSACU"":1}},{""processor_id_low"":2147487746,""size"":32,""level"":1,""cache_line_size"":128,""cache_lines_per_tag"":0,""association"":0,""latency"":0,""type"":{""Data"":1,""Instruction"":0,""CPU"":0,""HSACU"":1}},{""processor_id_low"":2147487747,""size"":32,""level"":1,""cache_line_size"":128,""cache_lines_per_tag"":0,""association"":0,""latency"":0,""type"":{""Data"":1,""Instruction"":0,""CPU"":0,""HSACU"":1}},{""processor_id_low"":2147487748,""size"":32,""level"":1,""cache_line_size"":128,""cache_lines_per_tag"":0,""association"":0,""latency"":0,""type"":{""Data"":1,""Instruction"":0,""CPU"":0,""HSACU"":1}},{""processor_id_low"":2147487749,""size"":32,""level"":1,""cache_line_size"":128,""cache_lines_per_tag"":0,""association"":0,""latency"":0,""type"":{""Data"":1,""Instruction"":0,""CPU"":0,""HSACU"":1}},{""processor_id_low"":2147487750,""size"":32,""level"":1,""cache_line_size"":128,""cache_lines_per_tag"":0,""association"":0,""latency"":0,""type"":{""Data"":1,""Instruction"":0,""CPU"":0,""HSACU"":1}},{""processor_id_low"":2147487751,""size"":32,""level"":1,""cache_line_size"":128,""cache_lines_per_tag"":0,""association"":0,""latency"":0,""type"":{""Data"":1,""Instruction"":0,""CPU"":0,""HSACU"":1}},{""processor_id_low"":2147487752,""size"":32,""level"":1,""cache_line_size"":128,""cache_lines_per_tag"":0,""association"":0,""latency"":0,""type"":{""Data"":1,""Instruction"":0,""CPU"":0,""HSACU"":1}},{""processor_id_low"":2147487753,""size"":32,""level"":1,""cache_line_size"":128,""cache_lines_per_tag"":0,""association"":0,""latency"":0,""type"":{""Data"":1,""Instruction"":0,""CPU"":0,""HSACU"":1}},{""processor_id_low"":2147487754,""size"":32,""level"":1,""cache_line_size"":128,""cache_lines_per_tag"":0,""association"":0,""latency"":0,""type"":{""Data"":1,""Instruction"":0,""CPU"":0,""HSACU"":1}},{""processor_id_low"":2147487755,""size"":32,""level"":1,""cache_line_size"":128,""cache_lines_per_tag"":0,""association"":0,""latency"":0,""type"":{""Data"":1,""Instruction"":0,""CPU"":0,""HSACU"":1}},{""processor_id_low"":2147487756,""size"":32,""level"":1,""cache_line_size"":128,""cache_lines_per_tag"":0,""association"":0,""latency"":0,""type"":{""Data"":1,""Instruction"":0,""CPU"":0,""HSACU"":1}},{""processor_id_low"":2147487757,""size"":32,""level"":1,""cache_line_size"":128,""cache_lines_per_tag"":0,""association"":0,""latency"":0,""type"":{""Data"":1,""Instruction"":0,""CPU"":0,""HSACU"":1}},{""processor_id_low"":2147487758,""size"":32,""level"":1,""cache_line_size"":128,""cache_lines_per_tag"":0,""association"":0,""latency"":0,""type"":{""Data"":1,""Instruction"":0,""CPU"":0,""HSACU"":1}},{""processor_id_low"":2147487759,""size"":32,""level"":1,""cache_line_size"":128,""cache_lines_per_tag"":0,""association"":0,""latency"":0,""type"":{""Data"":1,""Instruction"":0,""CPU"":0,""HSACU"":1}},{""processor_id_low"":2147487760,""size"":32,""level"":1,""cache_line_size"":128,""cache_lines_per_tag"":0,""association"":0,""latency"":0,""type"":{""Data"":1,""Instruction"":0,""CPU"":0,""HSACU"":1}},{""processor_id_low"":2147487761,""size"":32,""level"":1,""cache_line_size"":128,""cache_lines_per_tag"":0,""association"":0,""latency"":0,""type"":{""Data"":1,""Instruction"":0,""CPU"":0,""HSACU"":1}},{""processor_id_low"":2147487762,""size"":32,""level"":1,""cache_line_size"":128,""cache_lines_per_tag"":0,""association"":0,""latency"":0,""type"":{""Data"":1,""Instruction"":0,""CPU"":0,""HSACU"":1}},{""processor_id_low"":2147487763,""size"":32,""level"":1,""cache_line_size"":128,""cache_lines_per_tag"":0,""association"":0,""latency"":0,""type"":{""Data"":1,""Instruction"":0,""CPU"":0,""HSACU"":1}},{""processor_id_low"":2147487764,""size"":32,""level"":1,""cache_line_size"":128,""cache_lines_per_tag"":0,""association"":0,""latency"":0,""type"":{""Data"":1,""Instruction"":0,""CPU"":0,""HSACU"":1}},{""processor_id_low"":2147487765,""size"":32,""level"":1,""cache_line_size"":128,""cache_lines_per_tag"":0,""association"":0,""latency"":0,""type"":{""Data"":1,""Instruction"":0,""CPU"":0,""HSACU"":1}},{""processor_id_low"":2147487766,""size"":32,""level"":1,""cache_line_size"":128,""cache_lines_per_tag"":0,""association"":0,""latency"":0,""type"":{""Data"":1,""Instruction"":0,""CPU"":0,""HSACU"":1}},{""processor_id_low"":2147487767,""size"":32,""level"":1,""cache_line_size"":128,""cache_lines_per_tag"":0,""association"":0,""latency"":0,""type"":{""Data"":1,""Instruction"":0,""CPU"":0,""HSACU"":1}},{""processor_id_low"":2147487768,""size"":32,""level"":1,""cache_line_size"":128,""cache_lines_per_tag"":0,""association"":0,""latency"":0,""type"":{""Data"":1,""Instruction"":0,""CPU"":0,""HSACU"":1}},{""processor_id_low"":2147487769,""size"":32,""level"":1,""cache_line_size"":128,""cache_lines_per_tag"":0,""association"":0,""latency"":0,""type"":{""Data"":1,""Instruction"":0,""CPU"":0,""HSACU"":1}},{""processor_id_low"":2147487770,""size"":32,""level"":1,""cache_line_size"":128,""cache_lines_per_tag"":0,""association"":0,""latency"":0,""type"":{""Data"":1,""Instruction"":0,""CPU"":0,""HSACU"":1}},{""processor_id_low"":2147487771,""size"":32,""level"":1,""cache_line_size"":128,""cache_lines_per_tag"":0,""association"":0,""latency"":0,""type"":{""Data"":1,""Instruction"":0,""CPU"":0,""HSACU"":1}},{""processor_id_low"":2147487772,""size"":32,""level"":1,""cache_line_size"":128,""cache_lines_per_tag"":0,""association"":0,""latency"":0,""type"":{""Data"":1,""Instruction"":0,""CPU"":0,""HSACU"":1}},{""processor_id_low"":2147487773,""size"":32,""level"":1,""cache_line_size"":128,""cache_lines_per_tag"":0,""association"":0,""latency"":0,""type"":{""Data"":1,""Instruction"":0,""CPU"":0,""HSACU"":1}},{""processor_id_low"":2147487774,""size"":32,""level"":1,""cache_line_size"":128,""cache_lines_per_tag"":0,""association"":0,""latency"":0,""type"":{""Data"":1,""Instruction"":0,""CPU"":0,""HSACU"":1}},{""processor_id_low"":2147487775,""size"":32,""level"":1,""cache_line_size"":128,""cache_lines_per_tag"":0,""association"":0,""latency"":0,""type"":{""Data"":1,""Instruction"":0,""CPU"":0,""HSACU"":1}},{""processor_id_low"":2147487776,""size"":32,""level"":1,""cache_line_size"":128,""cache_lines_per_tag"":0,""association"":0,""latency"":0,""type"":{""Data"":1,""Instruction"":0,""CPU"":0,""HSACU"":1}},{""processor_id_low"":2147487777,""size"":32,""level"":1,""cache_line_size"":128,""cache_lines_per_tag"":0,""association"":0,""latency"":0,""type"":{""Data"":1,""Instruction"":0,""CPU"":0,""HSACU"":1}},{""processor_id_low"":2147487778,""size"":32,""level"":1,""cache_line_size"":128,""cache_lines_per_tag"":0,""association"":0,""latency"":0,""type"":{""Data"":1,""Instruction"":0,""CPU"":0,""HSACU"":1}},{""processor_id_low"":2147487779,""size"":32,""level"":1,""cache_line_size"":128,""cache_lines_per_tag"":0,""association"":0,""latency"":0,""type"":{""Data"":1,""Instruction"":0,""CPU"":0,""HSACU"":1}},{""processor_id_low"":2147487780,""size"":32,""level"":1,""cache_line_size"":128,""cache_lines_per_tag"":0,""association"":0,""latency"":0,""type"":{""Data"":1,""Instruction"":0,""CPU"":0,""HSACU"":1}},{""processor_id_low"":2147487781,""size"":32,""level"":1,""cache_line_size"":128,""cache_lines_per_tag"":0,""association"":0,""latency"":0,""type"":{""Data"":1,""Instruction"":0,""CPU"":0,""HSACU"":1}},{""processor_id_low"":2147487782,""size"":32,""level"":1,""cache_line_size"":128,""cache_lines_per_tag"":0,""association"":0,""latency"":0,""type"":{""Data"":1,""Instruction"":0,""CPU"":0,""HSACU"":1}},{""processor_id_low"":2147487783,""size"":32,""level"":1,""cache_line_size"":128,""cache_lines_per_tag"":0,""association"":0,""latency"":0,""type"":{""Data"":1,""Instruction"":0,""CPU"":0,""HSACU"":1}},{""processor_id_low"":2147487744,""size"":32,""level"":1,""cache_line_size"":128,""cache_lines_per_tag"":0,""association"":0,""latency"":0,""type"":{""Data"":0,""Instruction"":1,""CPU"":0,""HSACU"":1}},{""processor_id_low"":2147487746,""size"":32,""level"":1,""cache_line_size"":128,""cache_lines_per_tag"":0,""association"":0,""latency"":0,""type"":{""Data"":0,""Instruction"":1,""CPU"":0,""HSACU"":1}},{""processor_id_low"":2147487748,""size"":32,""level"":1,""cache_line_size"":128,""cache_lines_per_tag"":0,""association"":0,""latency"":0,""type"":{""Data"":0,""Instruction"":1,""CPU"":0,""HSACU"":1}},{""processor_id_low"":2147487750,""size"":32,""level"":1,""cache_line_size"":128,""cache_lines_per_tag"":0,""association"":0,""latency"":0,""type"":{""Data"":0,""Instruction"":1,""CPU"":0,""HSACU"":1}},{""processor_id_low"":2147487752,""size"":32,""level"":1,""cache_line_size"":128,""cache_lines_per_tag"":0,""association"":0,""latency"":0,""type"":{""Data"":0,""Instruction"":1,""CPU"":0,""HSACU"":1}},{""processor_id_low"":2147487754,""size"":32,""level"":1,""cache_line_size"":128,""cache_lines_per_tag"":0,""association"":0,""latency"":0,""type"":{""Data"":0,""Instruction"":1,""CPU"":0,""HSACU"":1}},{""processor_id_low"":2147487756,""size"":32,""level"":1,""cache_line_size"":128,""cache_lines_per_tag"":0,""association"":0,""latency"":0,""type"":{""Data"":0,""Instruction"":1,""CPU"":0,""HSACU"":1}},{""processor_id_low"":2147487758,""size"":32,""level"":1,""cache_line_size"":128,""cache_lines_per_tag"":0,""association"":0,""latency"":0,""type"":{""Data"":0,""Instruction"":1,""CPU"":0,""HSACU"":1}},{""processor_id_low"":2147487760,""size"":32,""level"":1,""cache_line_size"":128,""cache_lines_per_tag"":0,""association"":0,""latency"":0,""type"":{""Data"":0,""Instruction"":1,""CPU"":0,""HSACU"":1}},{""processor_id_low"":2147487762,""size"":32,""level"":1,""cache_line_size"":128,""cache_lines_per_tag"":0,""association"":0,""latency"":0,""type"":{""Data"":0,""Instruction"":1,""CPU"":0,""HSACU"":1}},{""processor_id_low"":2147487764,""size"":32,""level"":1,""cache_line_size"":128,""cache_lines_per_tag"":0,""association"":0,""latency"":0,""type"":{""Data"":0,""Instruction"":1,""CPU"":0,""HSACU"":1}},{""processor_id_low"":2147487766,""size"":32,""level"":1,""cache_line_size"":128,""cache_lines_per_tag"":0,""association"":0,""latency"":0,""type"":{""Data"":0,""Instruction"":1,""CPU"":0,""HSACU"":1}},{""processor_id_low"":2147487768,""size"":32,""level"":1,""cache_line_size"":128,""cache_lines_per_tag"":0,""association"":0,""latency"":0,""type"":{""Data"":0,""Instruction"":1,""CPU"":0,""HSACU"":1}},{""processor_id_low"":2147487770,""size"":32,""level"":1,""cache_line_size"":128,""cache_lines_per_tag"":0,""association"":0,""latency"":0,""type"":{""Data"":0,""Instruction"":1,""CPU"":0,""HSACU"":1}},{""processor_id_low"":2147487772,""size"":32,""level"":1,""cache_line_size"":128,""cache_lines_per_tag"":0,""association"":0,""latency"":0,""type"":{""Data"":0,""Instruction"":1,""CPU"":0,""HSACU"":1}},{""processor_id_low"":2147487774,""size"":32,""level"":1,""cache_line_size"":128,""cache_lines_per_tag"":0,""association"":0,""latency"":0,""type"":{""Data"":0,""Instruction"":1,""CPU"":0,""HSACU"":1}},{""processor_id_low"":2147487776,""size"":32,""level"":1,""cache_line_size"":128,""cache_lines_per_tag"":0,""association"":0,""latency"":0,""type"":{""Data"":0,""Instruction"":1,""CPU"":0,""HSACU"":1}},{""processor_id_low"":2147487778,""size"":32,""level"":1,""cache_line_size"":128,""cache_lines_per_tag"":0,""association"":0,""latency"":0,""type"":{""Data"":0,""Instruction"":1,""CPU"":0,""HSACU"":1}},{""processor_id_low"":2147487780,""size"":32,""level"":1,""cache_line_size"":128,""cache_lines_per_tag"":0,""association"":0,""latency"":0,""type"":{""Data"":0,""Instruction"":1,""CPU"":0,""HSACU"":1}},{""processor_id_low"":2147487782,""size"":32,""level"":1,""cache_line_size"":128,""cache_lines_per_tag"":0,""association"":0,""latency"":0,""type"":{""Data"":0,""Instruction"":1,""CPU"":0,""HSACU"":1}},{""processor_id_low"":2147487744,""size"":16,""level"":1,""cache_line_size"":64,""cache_lines_per_tag"":0,""association"":0,""latency"":0,""type"":{""Data"":1,""Instruction"":0,""CPU"":0,""HSACU"":1}},{""processor_id_low"":2147487746,""size"":16,""level"":1,""cache_line_size"":64,""cache_lines_per_tag"":0,""association"":0,""latency"":0,""type"":{""Data"":1,""Instruction"":0,""CPU"":0,""HSACU"":1}},{""processor_id_low"":2147487748,""size"":16,""level"":1,""cache_line_size"":64,""cache_lines_per_tag"":0,""association"":0,""latency"":0,""type"":{""Data"":1,""Instruction"":0,""CPU"":0,""HSACU"":1}},{""processor_id_low"":2147487750,""size"":16,""level"":1,""cache_line_size"":64,""cache_lines_per_tag"":0,""association"":0,""latency"":0,""type"":{""Data"":1,""Instruction"":0,""CPU"":0,""HSACU"":1}},{""processor_id_low"":2147487752,""size"":16,""level"":1,""cache_line_size"":64,""cache_lines_per_tag"":0,""association"":0,""latency"":0,""type"":{""Data"":1,""Instruction"":0,""CPU"":0,""HSACU"":1}},{""processor_id_low"":2147487754,""size"":16,""level"":1,""cache_line_size"":64,""cache_lines_per_tag"":0,""association"":0,""latency"":0,""type"":{""Data"":1,""Instruction"":0,""CPU"":0,""HSACU"":1}},{""processor_id_low"":2147487756,""size"":16,""level"":1,""cache_line_size"":64,""cache_lines_per_tag"":0,""association"":0,""latency"":0,""type"":{""Data"":1,""Instruction"":0,""CPU"":0,""HSACU"":1}},{""processor_id_low"":2147487758,""size"":16,""level"":1,""cache_line_size"":64,""cache_lines_per_tag"":0,""association"":0,""latency"":0,""type"":{""Data"":1,""Instruction"":0,""CPU"":0,""HSACU"":1}},{""processor_id_low"":2147487760,""size"":16,""level"":1,""cache_line_size"":64,""cache_lines_per_tag"":0,""association"":0,""latency"":0,""type"":{""Data"":1,""Instruction"":0,""CPU"":0,""HSACU"":1}},{""processor_id_low"":2147487762,""size"":16,""level"":1,""cache_line_size"":64,""cache_lines_per_tag"":0,""association"":0,""latency"":0,""type"":{""Data"":1,""Instruction"":0,""CPU"":0,""HSACU"":1}},{""processor_id_low"":2147487764,""size"":16,""level"":1,""cache_line_size"":64,""cache_lines_per_tag"":0,""association"":0,""latency"":0,""type"":{""Data"":1,""Instruction"":0,""CPU"":0,""HSACU"":1}},{""processor_id_low"":2147487766,""size"":16,""level"":1,""cache_line_size"":64,""cache_lines_per_tag"":0,""association"":0,""latency"":0,""type"":{""Data"":1,""Instruction"":0,""CPU"":0,""HSACU"":1}},{""processor_id_low"":2147487768,""size"":16,""level"":1,""cache_line_size"":64,""cache_lines_per_tag"":0,""association"":0,""latency"":0,""type"":{""Data"":1,""Instruction"":0,""CPU"":0,""HSACU"":1}},{""processor_id_low"":2147487770,""size"":16,""level"":1,""cache_line_size"":64,""cache_lines_per_tag"":0,""association"":0,""latency"":0,""type"":{""Data"":1,""Instruction"":0,""CPU"":0,""HSACU"":1}},{""processor_id_low"":2147487772,""size"":16,""level"":1,""cache_line_size"":64,""cache_lines_per_tag"":0,""association"":0,""latency"":0,""type"":{""Data"":1,""Instruction"":0,""CPU"":0,""HSACU"":1}},{""processor_id_low"":2147487774,""size"":16,""level"":1,""cache_line_size"":64,""cache_lines_per_tag"":0,""association"":0,""latency"":0,""type"":{""Data"":1,""Instruction"":0,""CPU"":0,""HSACU"":1}},{""processor_id_low"":2147487776,""size"":16,""level"":1,""cache_line_size"":64,""cache_lines_per_tag"":0,""association"":0,""latency"":0,""type"":{""Data"":1,""Instruction"":0,""CPU"":0,""HSACU"":1}},{""processor_id_low"":2147487778,""size"":16,""level"":1,""cache_line_size"":64,""cache_lines_per_tag"":0,""association"":0,""latency"":0,""type"":{""Data"":1,""Instruction"":0,""CPU"":0,""HSACU"":1}},{""processor_id_low"":2147487780,""size"":16,""level"":1,""cache_line_size"":64,""cache_lines_per_tag"":0,""association"":0,""latency"":0,""type"":{""Data"":1,""Instruction"":0,""CPU"":0,""HSACU"":1}},{""processor_id_low"":2147487782,""size"":16,""level"":1,""cache_line_size"":64,""cache_lines_per_tag"":0,""association"":0,""latency"":0,""type"":{""Data"":1,""Instruction"":0,""CPU"":0,""HSACU"":1}},{""processor_id_low"":2147487744,""size"":256,""level"":1,""cache_line_size"":128,""cache_lines_per_tag"":0,""association"":0,""latency"":0,""type"":{""Data"":1,""Instruction"":0,""CPU"":0,""HSACU"":1}},{""processor_id_low"":2147487754,""size"":256,""level"":1,""cache_line_size"":128,""cache_lines_per_tag"":0,""association"":0,""latency"":0,""type"":{""Data"":1,""Instruction"":0,""CPU"":0,""HSACU"":1}},{""processor_id_low"":2147487764,""size"":256,""level"":1,""cache_line_size"":128,""cache_lines_per_tag"":0,""association"":0,""latency"":0,""type"":{""Data"":1,""Instruction"":0,""CPU"":0,""HSACU"":1}},{""processor_id_low"":2147487774,""size"":256,""level"":1,""cache_line_size"":128,""cache_lines_per_tag"":0,""association"":0,""latency"":0,""type"":{""Data"":1,""Instruction"":0,""CPU"":0,""HSACU"":1}},{""processor_id_low"":2147487744,""size"":2048,""level"":2,""cache_line_size"":128,""cache_lines_per_tag"":0,""association"":0,""latency"":0,""type"":{""Data"":1,""Instruction"":0,""CPU"":0,""HSACU"":1}},{""processor_id_low"":2147487744,""size"":32768,""level"":3,""cache_line_size"":64,""cache_lines_per_tag"":0,""association"":0,""latency"":0,""type"":{""Data"":1,""Instruction"":0,""CPU"":0,""HSACU"":1}}],""io_links"":[{""type"":2,""version_major"":0,""version_minor"":0,""node_from"":1,""node_to"":0,""weight"":20,""min_latency"":0,""max_latency"":0,""min_bandwidth"":0,""max_bandwidth"":32000,""recommended_transfer_size"":0,""flags"":{""Override"":1,""NonCoherent"":0,""NoAtomics32bit"":0,""NoAtomics64bit"":0,""NoPeerToPeerDMA"":0}}],""gpu_index"":0}"
2948,00003c5b-f6cc-76cc-b059-8c20628ac001,1655282045,1260143,1,GPU,,,SQC_LDS_BANK_CONFLICT,SQC_LDS_BANK_CONFLICT,"Number of cycles LDS is stalled by bank conflicts. (emulated, C1)","",rocm,"",ABS,SQ,"",0,0,"{""size"":312,""id"":{""handle"":45581},""type"":2,""cpu_cores_count"":0,""simd_count"":80,""mem_banks_count"":1,""caches_count"":86,""io_links_count"":1,""cpu_core_id_base"":0,""simd_id_base"":2147487744,""max_waves_per_simd"":16,""lds_size_in_kb"":64,""gds_size_in_kb"":0,""num_gws"":64,""wave_front_size"":32,""num_xcc"":1,""cu_count"":40,""array_count"":4,""num_shader_banks"":2,""simd_arrays_per_engine"":2,""cu_per_simd_array"":10,""simd_per_cu"":2,""max_slots_scratch_cu"":32,""gfx_target_version"":110501,""vendor_id"":4098,""device_id"":5510,""location_id"":50432,""domain"":0,""drm_render_minor"":128,""num_sdma_engines"":1,""num_sdma_xgmi_engines"":0,""num_sdma_queues_per_engine"":6,""num_cp_queues"":8,""max_engine_clk_ccompute"":5187,""max_engine_clk_fcompute"":2900,""sdma_fw_version"":{""uCodeSDMA"":14,""uCodeRes"":0},""fw_version"":{""uCode"":32,""Major"":0,""Minor"":0,""Stepping"":0},""capability"":{""HotPluggable"":0,""HSAMMUPresent"":0,""SharedWithGraphics"":0,""QueueSizePowerOfTwo"":0,""QueueSize32bit"":0,""QueueIdleEvent"":0,""VALimit"":0,""WatchPointsSupported"":1,""WatchPointsTotalBits"":2,""DoorbellType"":2,""AQLQueueDoubleMap"":0,""DebugTrapSupported"":1,""WaveLaunchTrapOverrideSupported"":1,""WaveLaunchModeSupported"":1,""PreciseMemoryOperationsSupported"":0,""DEPRECATED_SRAM_EDCSupport"":0,""Mem_EDCSupport"":0,""RASEventNotify"":0,""ASICRevision"":0,""SRAM_EDCSupport"":0,""SVMAPISupported"":1,""CoherentHostAccess"":0,""DebugSupportedFirmware"":1},""cu_per_engine"":20,""max_waves_per_cu"":32,""family_id"":150,""workgroup_max_size"":1024,""grid_max_size"":4294967295,""local_mem_size"":0,""hive_id"":0,""gpu_id"":35128,""workgroup_max_dim"":{""x"":1024,""y"":1024,""z"":1024},""grid_max_dim"":{""x"":2147483647,""y"":65535,""z"":65535},""name"":""gfx1151"",""vendor_name"":""AMD"",""product_name"":""Radeon 8060S Graphics"",""model_name"":""ip discovery"",""node_id"":1,""logical_node_id"":1,""logical_node_type_id"":0,""runtime_visibility"":{""hsa"":1,""hip"":1,""rccl"":1,""rocdecode"":1},""uuid"":{""bytes"":{""value0"":0,""value1"":0,""value2"":0,""value3"":0,""value4"":0,""value5"":0,""value6"":0,""value7"":0,""value8"":0,""value9"":0,""value10"":0,""value11"":0,""value12"":0,""value13"":0,""value14"":0,""value15"":0}},""mem_banks"":[{""heap_type"":1,""flags"":{""HotPluggable"":0,""NonVolatile"":0},""width"":256,""mem_clk_max"":1000,""size_in_bytes"":137438953472}],""caches"":[{""processor_id_low"":2147487744,""size"":32,""level"":1,""cache_line_size"":128,""cache_lines_per_tag"":0,""association"":0,""latency"":0,""type"":{""Data"":1,""Instruction"":0,""CPU"":0,""HSACU"":1}},{""processor_id_low"":2147487745,""size"":32,""level"":1,""cache_line_size"":128,""cache_lines_per_tag"":0,""association"":0,""latency"":0,""type"":{""Data"":1,""Instruction"":0,""CPU"":0,""HSACU"":1}},{""processor_id_low"":2147487746,""size"":32,""level"":1,""cache_line_size"":128,""cache_lines_per_tag"":0,""association"":0,""latency"":0,""type"":{""Data"":1,""Instruction"":0,""CPU"":0,""HSACU"":1}},{""processor_id_low"":2147487747,""size"":32,""level"":1,""cache_line_size"":128,""cache_lines_per_tag"":0,""association"":0,""latency"":0,""type"":{""Data"":1,""Instruction"":0,""CPU"":0,""HSACU"":1}},{""processor_id_low"":2147487748,""size"":32,""level"":1,""cache_line_size"":128,""cache_lines_per_tag"":0,""association"":0,""latency"":0,""type"":{""Data"":1,""Instruction"":0,""CPU"":0,""HSACU"":1}},{""processor_id_low"":2147487749,""size"":32,""level"":1,""cache_line_size"":128,""cache_lines_per_tag"":0,""association"":0,""latency"":0,""type"":{""Data"":1,""Instruction"":0,""CPU"":0,""HSACU"":1}},{""processor_id_low"":2147487750,""size"":32,""level"":1,""cache_line_size"":128,""cache_lines_per_tag"":0,""association"":0,""latency"":0,""type"":{""Data"":1,""Instruction"":0,""CPU"":0,""HSACU"":1}},{""processor_id_low"":2147487751,""size"":32,""level"":1,""cache_line_size"":128,""cache_lines_per_tag"":0,""association"":0,""latency"":0,""type"":{""Data"":1,""Instruction"":0,""CPU"":0,""HSACU"":1}},{""processor_id_low"":2147487752,""size"":32,""level"":1,""cache_line_size"":128,""cache_lines_per_tag"":0,""association"":0,""latency"":0,""type"":{""Data"":1,""Instruction"":0,""CPU"":0,""HSACU"":1}},{""processor_id_low"":2147487753,""size"":32,""level"":1,""cache_line_size"":128,""cache_lines_per_tag"":0,""association"":0,""latency"":0,""type"":{""Data"":1,""Instruction"":0,""CPU"":0,""HSACU"":1}},{""processor_id_low"":2147487754,""size"":32,""level"":1,""cache_line_size"":128,""cache_lines_per_tag"":0,""association"":0,""latency"":0,""type"":{""Data"":1,""Instruction"":0,""CPU"":0,""HSACU"":1}},{""processor_id_low"":2147487755,""size"":32,""level"":1,""cache_line_size"":128,""cache_lines_per_tag"":0,""association"":0,""latency"":0,""type"":{""Data"":1,""Instruction"":0,""CPU"":0,""HSACU"":1}},{""processor_id_low"":2147487756,""size"":32,""level"":1,""cache_line_size"":128,""cache_lines_per_tag"":0,""association"":0,""latency"":0,""type"":{""Data"":1,""Instruction"":0,""CPU"":0,""HSACU"":1}},{""processor_id_low"":2147487757,""size"":32,""level"":1,""cache_line_size"":128,""cache_lines_per_tag"":0,""association"":0,""latency"":0,""type"":{""Data"":1,""Instruction"":0,""CPU"":0,""HSACU"":1}},{""processor_id_low"":2147487758,""size"":32,""level"":1,""cache_line_size"":128,""cache_lines_per_tag"":0,""association"":0,""latency"":0,""type"":{""Data"":1,""Instruction"":0,""CPU"":0,""HSACU"":1}},{""processor_id_low"":2147487759,""size"":32,""level"":1,""cache_line_size"":128,""cache_lines_per_tag"":0,""association"":0,""latency"":0,""type"":{""Data"":1,""Instruction"":0,""CPU"":0,""HSACU"":1}},{""processor_id_low"":2147487760,""size"":32,""level"":1,""cache_line_size"":128,""cache_lines_per_tag"":0,""association"":0,""latency"":0,""type"":{""Data"":1,""Instruction"":0,""CPU"":0,""HSACU"":1}},{""processor_id_low"":2147487761,""size"":32,""level"":1,""cache_line_size"":128,""cache_lines_per_tag"":0,""association"":0,""latency"":0,""type"":{""Data"":1,""Instruction"":0,""CPU"":0,""HSACU"":1}},{""processor_id_low"":2147487762,""size"":32,""level"":1,""cache_line_size"":128,""cache_lines_per_tag"":0,""association"":0,""latency"":0,""type"":{""Data"":1,""Instruction"":0,""CPU"":0,""HSACU"":1}},{""processor_id_low"":2147487763,""size"":32,""level"":1,""cache_line_size"":128,""cache_lines_per_tag"":0,""association"":0,""latency"":0,""type"":{""Data"":1,""Instruction"":0,""CPU"":0,""HSACU"":1}},{""processor_id_low"":2147487764,""size"":32,""level"":1,""cache_line_size"":128,""cache_lines_per_tag"":0,""association"":0,""latency"":0,""type"":{""Data"":1,""Instruction"":0,""CPU"":0,""HSACU"":1}},{""processor_id_low"":2147487765,""size"":32,""level"":1,""cache_line_size"":128,""cache_lines_per_tag"":0,""association"":0,""latency"":0,""type"":{""Data"":1,""Instruction"":0,""CPU"":0,""HSACU"":1}},{""processor_id_low"":2147487766,""size"":32,""level"":1,""cache_line_size"":128,""cache_lines_per_tag"":0,""association"":0,""latency"":0,""type"":{""Data"":1,""Instruction"":0,""CPU"":0,""HSACU"":1}},{""processor_id_low"":2147487767,""size"":32,""level"":1,""cache_line_size"":128,""cache_lines_per_tag"":0,""association"":0,""latency"":0,""type"":{""Data"":1,""Instruction"":0,""CPU"":0,""HSACU"":1}},{""processor_id_low"":2147487768,""size"":32,""level"":1,""cache_line_size"":128,""cache_lines_per_tag"":0,""association"":0,""latency"":0,""type"":{""Data"":1,""Instruction"":0,""CPU"":0,""HSACU"":1}},{""processor_id_low"":2147487769,""size"":32,""level"":1,""cache_line_size"":128,""cache_lines_per_tag"":0,""association"":0,""latency"":0,""type"":{""Data"":1,""Instruction"":0,""CPU"":0,""HSACU"":1}},{""processor_id_low"":2147487770,""size"":32,""level"":1,""cache_line_size"":128,""cache_lines_per_tag"":0,""association"":0,""latency"":0,""type"":{""Data"":1,""Instruction"":0,""CPU"":0,""HSACU"":1}},{""processor_id_low"":2147487771,""size"":32,""level"":1,""cache_line_size"":128,""cache_lines_per_tag"":0,""association"":0,""latency"":0,""type"":{""Data"":1,""Instruction"":0,""CPU"":0,""HSACU"":1}},{""processor_id_low"":2147487772,""size"":32,""level"":1,""cache_line_size"":128,""cache_lines_per_tag"":0,""association"":0,""latency"":0,""type"":{""Data"":1,""Instruction"":0,""CPU"":0,""HSACU"":1}},{""processor_id_low"":2147487773,""size"":32,""level"":1,""cache_line_size"":128,""cache_lines_per_tag"":0,""association"":0,""latency"":0,""type"":{""Data"":1,""Instruction"":0,""CPU"":0,""HSACU"":1}},{""processor_id_low"":2147487774,""size"":32,""level"":1,""cache_line_size"":128,""cache_lines_per_tag"":0,""association"":0,""latency"":0,""type"":{""Data"":1,""Instruction"":0,""CPU"":0,""HSACU"":1}},{""processor_id_low"":2147487775,""size"":32,""level"":1,""cache_line_size"":128,""cache_lines_per_tag"":0,""association"":0,""latency"":0,""type"":{""Data"":1,""Instruction"":0,""CPU"":0,""HSACU"":1}},{""processor_id_low"":2147487776,""size"":32,""level"":1,""cache_line_size"":128,""cache_lines_per_tag"":0,""association"":0,""latency"":0,""type"":{""Data"":1,""Instruction"":0,""CPU"":0,""HSACU"":1}},{""processor_id_low"":2147487777,""size"":32,""level"":1,""cache_line_size"":128,""cache_lines_per_tag"":0,""association"":0,""latency"":0,""type"":{""Data"":1,""Instruction"":0,""CPU"":0,""HSACU"":1}},{""processor_id_low"":2147487778,""size"":32,""level"":1,""cache_line_size"":128,""cache_lines_per_tag"":0,""association"":0,""latency"":0,""type"":{""Data"":1,""Instruction"":0,""CPU"":0,""HSACU"":1}},{""processor_id_low"":2147487779,""size"":32,""level"":1,""cache_line_size"":128,""cache_lines_per_tag"":0,""association"":0,""latency"":0,""type"":{""Data"":1,""Instruction"":0,""CPU"":0,""HSACU"":1}},{""processor_id_low"":2147487780,""size"":32,""level"":1,""cache_line_size"":128,""cache_lines_per_tag"":0,""association"":0,""latency"":0,""type"":{""Data"":1,""Instruction"":0,""CPU"":0,""HSACU"":1}},{""processor_id_low"":2147487781,""size"":32,""level"":1,""cache_line_size"":128,""cache_lines_per_tag"":0,""association"":0,""latency"":0,""type"":{""Data"":1,""Instruction"":0,""CPU"":0,""HSACU"":1}},{""processor_id_low"":2147487782,""size"":32,""level"":1,""cache_line_size"":128,""cache_lines_per_tag"":0,""association"":0,""latency"":0,""type"":{""Data"":1,""Instruction"":0,""CPU"":0,""HSACU"":1}},{""processor_id_low"":2147487783,""size"":32,""level"":1,""cache_line_size"":128,""cache_lines_per_tag"":0,""association"":0,""latency"":0,""type"":{""Data"":1,""Instruction"":0,""CPU"":0,""HSACU"":1}},{""processor_id_low"":2147487744,""size"":32,""level"":1,""cache_line_size"":128,""cache_lines_per_tag"":0,""association"":0,""latency"":0,""type"":{""Data"":0,""Instruction"":1,""CPU"":0,""HSACU"":1}},{""processor_id_low"":2147487746,""size"":32,""level"":1,""cache_line_size"":128,""cache_lines_per_tag"":0,""association"":0,""latency"":0,""type"":{""Data"":0,""Instruction"":1,""CPU"":0,""HSACU"":1}},{""processor_id_low"":2147487748,""size"":32,""level"":1,""cache_line_size"":128,""cache_lines_per_tag"":0,""association"":0,""latency"":0,""type"":{""Data"":0,""Instruction"":1,""CPU"":0,""HSACU"":1}},{""processor_id_low"":2147487750,""size"":32,""level"":1,""cache_line_size"":128,""cache_lines_per_tag"":0,""association"":0,""latency"":0,""type"":{""Data"":0,""Instruction"":1,""CPU"":0,""HSACU"":1}},{""processor_id_low"":2147487752,""size"":32,""level"":1,""cache_line_size"":128,""cache_lines_per_tag"":0,""association"":0,""latency"":0,""type"":{""Data"":0,""Instruction"":1,""CPU"":0,""HSACU"":1}},{""processor_id_low"":2147487754,""size"":32,""level"":1,""cache_line_size"":128,""cache_lines_per_tag"":0,""association"":0,""latency"":0,""type"":{""Data"":0,""Instruction"":1,""CPU"":0,""HSACU"":1}},{""processor_id_low"":2147487756,""size"":32,""level"":1,""cache_line_size"":128,""cache_lines_per_tag"":0,""association"":0,""latency"":0,""type"":{""Data"":0,""Instruction"":1,""CPU"":0,""HSACU"":1}},{""processor_id_low"":2147487758,""size"":32,""level"":1,""cache_line_size"":128,""cache_lines_per_tag"":0,""association"":0,""latency"":0,""type"":{""Data"":0,""Instruction"":1,""CPU"":0,""HSACU"":1}},{""processor_id_low"":2147487760,""size"":32,""level"":1,""cache_line_size"":128,""cache_lines_per_tag"":0,""association"":0,""latency"":0,""type"":{""Data"":0,""Instruction"":1,""CPU"":0,""HSACU"":1}},{""processor_id_low"":2147487762,""size"":32,""level"":1,""cache_line_size"":128,""cache_lines_per_tag"":0,""association"":0,""latency"":0,""type"":{""Data"":0,""Instruction"":1,""CPU"":0,""HSACU"":1}},{""processor_id_low"":2147487764,""size"":32,""level"":1,""cache_line_size"":128,""cache_lines_per_tag"":0,""association"":0,""latency"":0,""type"":{""Data"":0,""Instruction"":1,""CPU"":0,""HSACU"":1}},{""processor_id_low"":2147487766,""size"":32,""level"":1,""cache_line_size"":128,""cache_lines_per_tag"":0,""association"":0,""latency"":0,""type"":{""Data"":0,""Instruction"":1,""CPU"":0,""HSACU"":1}},{""processor_id_low"":2147487768,""size"":32,""level"":1,""cache_line_size"":128,""cache_lines_per_tag"":0,""association"":0,""latency"":0,""type"":{""Data"":0,""Instruction"":1,""CPU"":0,""HSACU"":1}},{""processor_id_low"":2147487770,""size"":32,""level"":1,""cache_line_size"":128,""cache_lines_per_tag"":0,""association"":0,""latency"":0,""type"":{""Data"":0,""Instruction"":1,""CPU"":0,""HSACU"":1}},{""processor_id_low"":2147487772,""size"":32,""level"":1,""cache_line_size"":128,""cache_lines_per_tag"":0,""association"":0,""latency"":0,""type"":{""Data"":0,""Instruction"":1,""CPU"":0,""HSACU"":1}},{""processor_id_low"":2147487774,""size"":32,""level"":1,""cache_line_size"":128,""cache_lines_per_tag"":0,""association"":0,""latency"":0,""type"":{""Data"":0,""Instruction"":1,""CPU"":0,""HSACU"":1}},{""processor_id_low"":2147487776,""size"":32,""level"":1,""cache_line_size"":128,""cache_lines_per_tag"":0,""association"":0,""latency"":0,""type"":{""Data"":0,""Instruction"":1,""CPU"":0,""HSACU"":1}},{""processor_id_low"":2147487778,""size"":32,""level"":1,""cache_line_size"":128,""cache_lines_per_tag"":0,""association"":0,""latency"":0,""type"":{""Data"":0,""Instruction"":1,""CPU"":0,""HSACU"":1}},{""processor_id_low"":2147487780,""size"":32,""level"":1,""cache_line_size"":128,""cache_lines_per_tag"":0,""association"":0,""latency"":0,""type"":{""Data"":0,""Instruction"":1,""CPU"":0,""HSACU"":1}},{""processor_id_low"":2147487782,""size"":32,""level"":1,""cache_line_size"":128,""cache_lines_per_tag"":0,""association"":0,""latency"":0,""type"":{""Data"":0,""Instruction"":1,""CPU"":0,""HSACU"":1}},{""processor_id_low"":2147487744,""size"":16,""level"":1,""cache_line_size"":64,""cache_lines_per_tag"":0,""association"":0,""latency"":0,""type"":{""Data"":1,""Instruction"":0,""CPU"":0,""HSACU"":1}},{""processor_id_low"":2147487746,""size"":16,""level"":1,""cache_line_size"":64,""cache_lines_per_tag"":0,""association"":0,""latency"":0,""type"":{""Data"":1,""Instruction"":0,""CPU"":0,""HSACU"":1}},{""processor_id_low"":2147487748,""size"":16,""level"":1,""cache_line_size"":64,""cache_lines_per_tag"":0,""association"":0,""latency"":0,""type"":{""Data"":1,""Instruction"":0,""CPU"":0,""HSACU"":1}},{""processor_id_low"":2147487750,""size"":16,""level"":1,""cache_line_size"":64,""cache_lines_per_tag"":0,""association"":0,""latency"":0,""type"":{""Data"":1,""Instruction"":0,""CPU"":0,""HSACU"":1}},{""processor_id_low"":2147487752,""size"":16,""level"":1,""cache_line_size"":64,""cache_lines_per_tag"":0,""association"":0,""latency"":0,""type"":{""Data"":1,""Instruction"":0,""CPU"":0,""HSACU"":1}},{""processor_id_low"":2147487754,""size"":16,""level"":1,""cache_line_size"":64,""cache_lines_per_tag"":0,""association"":0,""latency"":0,""type"":{""Data"":1,""Instruction"":0,""CPU"":0,""HSACU"":1}},{""processor_id_low"":2147487756,""size"":16,""level"":1,""cache_line_size"":64,""cache_lines_per_tag"":0,""association"":0,""latency"":0,""type"":{""Data"":1,""Instruction"":0,""CPU"":0,""HSACU"":1}},{""processor_id_low"":2147487758,""size"":16,""level"":1,""cache_line_size"":64,""cache_lines_per_tag"":0,""association"":0,""latency"":0,""type"":{""Data"":1,""Instruction"":0,""CPU"":0,""HSACU"":1}},{""processor_id_low"":2147487760,""size"":16,""level"":1,""cache_line_size"":64,""cache_lines_per_tag"":0,""association"":0,""latency"":0,""type"":{""Data"":1,""Instruction"":0,""CPU"":0,""HSACU"":1}},{""processor_id_low"":2147487762,""size"":16,""level"":1,""cache_line_size"":64,""cache_lines_per_tag"":0,""association"":0,""latency"":0,""type"":{""Data"":1,""Instruction"":0,""CPU"":0,""HSACU"":1}},{""processor_id_low"":2147487764,""size"":16,""level"":1,""cache_line_size"":64,""cache_lines_per_tag"":0,""association"":0,""latency"":0,""type"":{""Data"":1,""Instruction"":0,""CPU"":0,""HSACU"":1}},{""processor_id_low"":2147487766,""size"":16,""level"":1,""cache_line_size"":64,""cache_lines_per_tag"":0,""association"":0,""latency"":0,""type"":{""Data"":1,""Instruction"":0,""CPU"":0,""HSACU"":1}},{""processor_id_low"":2147487768,""size"":16,""level"":1,""cache_line_size"":64,""cache_lines_per_tag"":0,""association"":0,""latency"":0,""type"":{""Data"":1,""Instruction"":0,""CPU"":0,""HSACU"":1}},{""processor_id_low"":2147487770,""size"":16,""level"":1,""cache_line_size"":64,""cache_lines_per_tag"":0,""association"":0,""latency"":0,""type"":{""Data"":1,""Instruction"":0,""CPU"":0,""HSACU"":1}},{""processor_id_low"":2147487772,""size"":16,""level"":1,""cache_line_size"":64,""cache_lines_per_tag"":0,""association"":0,""latency"":0,""type"":{""Data"":1,""Instruction"":0,""CPU"":0,""HSACU"":1}},{""processor_id_low"":2147487774,""size"":16,""level"":1,""cache_line_size"":64,""cache_lines_per_tag"":0,""association"":0,""latency"":0,""type"":{""Data"":1,""Instruction"":0,""CPU"":0,""HSACU"":1}},{""processor_id_low"":2147487776,""size"":16,""level"":1,""cache_line_size"":64,""cache_lines_per_tag"":0,""association"":0,""latency"":0,""type"":{""Data"":1,""Instruction"":0,""CPU"":0,""HSACU"":1}},{""processor_id_low"":2147487778,""size"":16,""level"":1,""cache_line_size"":64,""cache_lines_per_tag"":0,""association"":0,""latency"":0,""type"":{""Data"":1,""Instruction"":0,""CPU"":0,""HSACU"":1}},{""processor_id_low"":2147487780,""size"":16,""level"":1,""cache_line_size"":64,""cache_lines_per_tag"":0,""association"":0,""latency"":0,""type"":{""Data"":1,""Instruction"":0,""CPU"":0,""HSACU"":1}},{""processor_id_low"":2147487782,""size"":16,""level"":1,""cache_line_size"":64,""cache_lines_per_tag"":0,""association"":0,""latency"":0,""type"":{""Data"":1,""Instruction"":0,""CPU"":0,""HSACU"":1}},{""processor_id_low"":2147487744,""size"":256,""level"":1,""cache_line_size"":128,""cache_lines_per_tag"":0,""association"":0,""latency"":0,""type"":{""Data"":1,""Instruction"":0,""CPU"":0,""HSACU"":1}},{""processor_id_low"":2147487754,""size"":256,""level"":1,""cache_line_size"":128,""cache_lines_per_tag"":0,""association"":0,""latency"":0,""type"":{""Data"":1,""Instruction"":0,""CPU"":0,""HSACU"":1}},{""processor_id_low"":2147487764,""size"":256,""level"":1,""cache_line_size"":128,""cache_lines_per_tag"":0,""association"":0,""latency"":0,""type"":{""Data"":1,""Instruction"":0,""CPU"":0,""HSACU"":1}},{""processor_id_low"":2147487774,""size"":256,""level"":1,""cache_line_size"":128,""cache_lines_per_tag"":0,""association"":0,""latency"":0,""type"":{""Data"":1,""Instruction"":0,""CPU"":0,""HSACU"":1}},{""processor_id_low"":2147487744,""size"":2048,""level"":2,""cache_line_size"":128,""cache_lines_per_tag"":0,""association"":0,""latency"":0,""type"":{""Data"":1,""Instruction"":0,""CPU"":0,""HSACU"":1}},{""processor_id_low"":2147487744,""size"":32768,""level"":3,""cache_line_size"":64,""cache_lines_per_tag"":0,""association"":0,""latency"":0,""type"":{""Data"":1,""Instruction"":0,""CPU"":0,""HSACU"":1}}],""io_links"":[{""type"":2,""version_major"":0,""version_minor"":0,""node_from"":1,""node_to"":0,""weight"":20,""min_latency"":0,""max_latency"":0,""min_bandwidth"":0,""max_bandwidth"":32000,""recommended_transfer_size"":0,""flags"":{""Override"":1,""NonCoherent"":0,""NoAtomics32bit"":0,""NoAtomics64bit"":0,""NoPeerToPeerDMA"":0}}],""gpu_index"":0}"
8070450532247928832,00003c5b-f6cc-76cc-b059-8c20628ac001,1655282045,1260143,,,,,KFD_EVENT_PAGE_MIGRATE,KFD_EVENT_PAGE_MIGRATE,"KFD page migration events","",rocm,"",ABS,KFD,,0,0,{}
8070450532247928833,00003c5b-f6cc-76cc-b059-8c20628ac001,1655282045,1260143,,,,,KFD_EVENT_PAGE_FAULT,KFD_EVENT_PAGE_FAULT,"KFD page fault events","",rocm,"",ABS,KFD,,0,0,{}
8070450532247928834,00003c5b-f6cc-76cc-b059-8c20628ac001,1655282045,1260143,,,,,KFD_EVENT_QUEUE,KFD_EVENT_QUEUE,"KFD queue eviction/restore events","",rocm,"",ABS,KFD,,0,0,{}
8070450532247928835,00003c5b-f6cc-76cc-b059-8c20628ac001,1655282045,1260143,,,,,KFD_EVENT_UNMAP_FROM_GPU,KFD_EVENT_UNMAP_FROM_GPU,"KFD unmap from GPU events","",rocm,"",ABS,KFD,,0,0,{}
8070450532247928836,00003c5b-f6cc-76cc-b059-8c20628ac001,1655282045,1260143,,,,,KFD_EVENT_DROPPED_EVENTS,KFD_EVENT_DROPPED_EVENTS,"KFD dropped_events events","",rocm,"",ABS,KFD,,0,0,{}
8070450532247928837,00003c5b-f6cc-76cc-b059-8c20628ac001,1655282045,1260143,,,,,KFD_PAGE_MIGRATE,KFD_PAGE_MIGRATE,"KFD page migration paired records","",rocm,"",ABS,KFD,,0,0,{}
8070450532247928838,00003c5b-f6cc-76cc-b059-8c20628ac001,1655282045,1260143,,,,,KFD_PAGE_FAULT,KFD_PAGE_FAULT,"KFD page fault paired records","",rocm,"",ABS,KFD,,0,0,{}
8070450532247928839,00003c5b-f6cc-76cc-b059-8c20628ac001,1655282045,1260143,,,,,KFD_QUEUE,KFD_QUEUE,"KFD queue eviction/restore paired records","",rocm,"",ABS,KFD,,0,0,{}

=== TABLE: rocpd_pmc_event ===id,guid,event_id,pmc_id,value,extdata
1,00003c5b-f6cc-76cc-b059-8c20628ac001,1,2379,0.0,{}
2,00003c5b-f6cc-76cc-b059-8c20628ac001,1,2948,0.0,{}
3,00003c5b-f6cc-76cc-b059-8c20628ac001,1,2948,0.0,{}
4,00003c5b-f6cc-76cc-b059-8c20628ac001,1,2948,0.0,{}
5,00003c5b-f6cc-76cc-b059-8c20628ac001,1,2948,0.0,{}
6,00003c5b-f6cc-76cc-b059-8c20628ac001,1,2948,0.0,{}
7,00003c5b-f6cc-76cc-b059-8c20628ac001,1,2948,0.0,{}
8,00003c5b-f6cc-76cc-b059-8c20628ac001,1,2948,0.0,{}
9,00003c5b-f6cc-76cc-b059-8c20628ac001,1,2948,0.0,{}
10,00003c5b-f6cc-76cc-b059-8c20628ac001,1,2948,0.0,{}
11,00003c5b-f6cc-76cc-b059-8c20628ac001,1,2948,0.0,{}
12,00003c5b-f6cc-76cc-b059-8c20628ac001,1,2948,0.0,{}
13,00003c5b-f6cc-76cc-b059-8c20628ac001,1,2948,0.0,{}
14,00003c5b-f6cc-76cc-b059-8c20628ac001,1,2948,0.0,{}
15,00003c5b-f6cc-76cc-b059-8c20628ac001,1,2948,0.0,{}
16,00003c5b-f6cc-76cc-b059-8c20628ac001,1,2948,0.0,{}
17,00003c5b-f6cc-76cc-b059-8c20628ac001,1,2948,0.0,{}
18,00003c5b-f6cc-76cc-b059-8c20628ac001,1,2948,0.0,{}
19,00003c5b-f6cc-76cc-b059-8c20628ac001,1,2948,0.0,{}
20,00003c5b-f6cc-76cc-b059-8c20628ac001,1,2948,0.0,{}
21,00003c5b-f6cc-76cc-b059-8c20628ac001,1,2948,0.0,{}
22,00003c5b-f6cc-76cc-b059-8c20628ac001,2,2379,0.0,{}
23,00003c5b-f6cc-76cc-b059-8c20628ac001,2,2948,0.0,{}
24,00003c5b-f6cc-76cc-b059-8c20628ac001,2,2948,0.0,{}
25,00003c5b-f6cc-76cc-b059-8c20628ac001,2,2948,0.0,{}
26,00003c5b-f6cc-76cc-b059-8c20628ac001,2,2948,0.0,{}
27,00003c5b-f6cc-76cc-b059-8c20628ac001,2,2948,0.0,{}
28,00003c5b-f6cc-76cc-b059-8c20628ac001,2,2948,0.0,{}
29,00003c5b-f6cc-76cc-b059-8c20628ac001,2,2948,0.0,{}
30,00003c5b-f6cc-76cc-b059-8c20628ac001,2,2948,0.0,{}
31,00003c5b-f6cc-76cc-b059-8c20628ac001,2,2948,0.0,{}
32,00003c5b-f6cc-76cc-b059-8c20628ac001,2,2948,0.0,{}
33,00003c5b-f6cc-76cc-b059-8c20628ac001,2,2948,0.0,{}
34,00003c5b-f6cc-76cc-b059-8c20628ac001,2,2948,0.0,{}
35,00003c5b-f6cc-76cc-b059-8c20628ac001,2,2948,0.0,{}
36,00003c5b-f6cc-76cc-b059-8c20628ac001,2,2948,0.0,{}
37,00003c5b-f6cc-76cc-b059-8c20628ac001,2,2948,0.0,{}
38,00003c5b-f6cc-76cc-b059-8c20628ac001,2,2948,0.0,{}
39,00003c5b-f6cc-76cc-b059-8c20628ac001,2,2948,0.0,{}
40,00003c5b-f6cc-76cc-b059-8c20628ac001,2,2948,0.0,{}
41,00003c5b-f6cc-76cc-b059-8c20628ac001,2,2948,0.0,{}
42,00003c5b-f6cc-76cc-b059-8c20628ac001,2,2948,0.0,{}
43,00003c5b-f6cc-76cc-b059-8c20628ac001,3,2379,0.0,{}
44,00003c5b-f6cc-76cc-b059-8c20628ac001,3,2948,0.0,{}
45,00003c5b-f6cc-76cc-b059-8c20628ac001,3,2948,0.0,{}
46,00003c5b-f6cc-76cc-b059-8c20628ac001,3,2948,0.0,{}
47,00003c5b-f6cc-76cc-b059-8c20628ac001,3,2948,0.0,{}
48,00003c5b-f6cc-76cc-b059-8c20628ac001,3,2948,0.0,{}
49,00003c5b-f6cc-76cc-b059-8c20628ac001,3,2948,0.0,{}
50,00003c5b-f6cc-76cc-b059-8c20628ac001,3,2948,0.0,{}
51,00003c5b-f6cc-76cc-b059-8c20628ac001,3,2948,0.0,{}
52,00003c5b-f6cc-76cc-b059-8c20628ac001,3,2948,0.0,{}
53,00003c5b-f6cc-76cc-b059-8c20628ac001,3,2948,0.0,{}
54,00003c5b-f6cc-76cc-b059-8c20628ac001,3,2948,0.0,{}
55,00003c5b-f6cc-76cc-b059-8c20628ac001,3,2948,0.0,{}
56,00003c5b-f6cc-76cc-b059-8c20628ac001,3,2948,0.0,{}
57,00003c5b-f6cc-76cc-b059-8c20628ac001,3,2948,0.0,{}
58,00003c5b-f6cc-76cc-b059-8c20628ac001,3,2948,0.0,{}
59,00003c5b-f6cc-76cc-b059-8c20628ac001,3,2948,0.0,{}
60,00003c5b-f6cc-76cc-b059-8c20628ac001,3,2948,0.0,{}
61,00003c5b-f6cc-76cc-b059-8c20628ac001,3,2948,0.0,{}
62,00003c5b-f6cc-76cc-b059-8c20628ac001,3,2948,0.0,{}
63,00003c5b-f6cc-76cc-b059-8c20628ac001,3,2948,0.0,{}
64,00003c5b-f6cc-76cc-b059-8c20628ac001,4,2379,53.7548053464959,{}
65,00003c5b-f6cc-76cc-b059-8c20628ac001,4,2948,3712447.0,{}
66,00003c5b-f6cc-76cc-b059-8c20628ac001,4,2948,3714512.0,{}
67,00003c5b-f6cc-76cc-b059-8c20628ac001,4,2948,3715034.0,{}
68,00003c5b-f6cc-76cc-b059-8c20628ac001,4,2948,3713395.0,{}
69,00003c5b-f6cc-76cc-b059-8c20628ac001,4,2948,3713833.0,{}
70,00003c5b-f6cc-76cc-b059-8c20628ac001,4,2948,2899904.0,{}
71,00003c5b-f6cc-76cc-b059-8c20628ac001,4,2948,2968499.0,{}
72,00003c5b-f6cc-76cc-b059-8c20628ac001,4,2948,2978118.0,{}
73,00003c5b-f6cc-76cc-b059-8c20628ac001,4,2948,3095306.0,{}
74,00003c5b-f6cc-76cc-b059-8c20628ac001,4,2948,2911099.0,{}
75,00003c5b-f6cc-76cc-b059-8c20628ac001,4,2948,3423294.0,{}
76,00003c5b-f6cc-76cc-b059-8c20628ac001,4,2948,3336639.0,{}
77,00003c5b-f6cc-76cc-b059-8c20628ac001,4,2948,3326979.0,{}
78,00003c5b-f6cc-76cc-b059-8c20628ac001,4,2948,3471495.0,{}
79,00003c5b-f6cc-76cc-b059-8c20628ac001,4,2948,3318062.0,{}
80,00003c5b-f6cc-76cc-b059-8c20628ac001,4,2948,3317210.0,{}
81,00003c5b-f6cc-76cc-b059-8c20628ac001,4,2948,3307806.0,{}
82,00003c5b-f6cc-76cc-b059-8c20628ac001,4,2948,3308080.0,{}
83,00003c5b-f6cc-76cc-b059-8c20628ac001,4,2948,3306940.0,{}
84,00003c5b-f6cc-76cc-b059-8c20628ac001,4,2948,3307704.0,{}
85,00003c5b-f6cc-76cc-b059-8c20628ac001,5,2379,53.7548053464959,{}
86,00003c5b-f6cc-76cc-b059-8c20628ac001,5,2948,3461373.0,{}
87,00003c5b-f6cc-76cc-b059-8c20628ac001,5,2948,3539047.0,{}
88,00003c5b-f6cc-76cc-b059-8c20628ac001,5,2948,3470952.0,{}
89,00003c5b-f6cc-76cc-b059-8c20628ac001,5,2948,3443458.0,{}
90,00003c5b-f6cc-76cc-b059-8c20628ac001,5,2948,3569965.0,{}
91,00003c5b-f6cc-76cc-b059-8c20628ac001,5,2948,3220408.0,{}
92,00003c5b-f6cc-76cc-b059-8c20628ac001,5,2948,3144727.0,{}
93,00003c5b-f6cc-76cc-b059-8c20628ac001,5,2948,3161605.0,{}
94,00003c5b-f6cc-76cc-b059-8c20628ac001,5,2948,3211057.0,{}
95,00003c5b-f6cc-76cc-b059-8c20628ac001,5,2948,3200958.0,{}
96,00003c5b-f6cc-76cc-b059-8c20628ac001,5,2948,2524322.0,{}
97,00003c5b-f6cc-76cc-b059-8c20628ac001,5,2948,2852589.0,{}
98,00003c5b-f6cc-76cc-b059-8c20628ac001,5,2948,2475887.0,{}
99,00003c5b-f6cc-76cc-b059-8c20628ac001,5,2948,2541964.0,{}
100,00003c5b-f6cc-76cc-b059-8c20628ac001,5,2948,2475608.0,{}
101,00003c5b-f6cc-76cc-b059-8c20628ac001,5,2948,4313066.0,{}
102,00003c5b-f6cc-76cc-b059-8c20628ac001,5,2948,4034032.0,{}
103,00003c5b-f6cc-76cc-b059-8c20628ac001,5,2948,4120098.0,{}
104,00003c5b-f6cc-76cc-b059-8c20628ac001,5,2948,3945621.0,{}
105,00003c5b-f6cc-76cc-b059-8c20628ac001,5,2948,4139619.0,{}
106,00003c5b-f6cc-76cc-b059-8c20628ac001,6,2379,53.7548053464959,{}
107,00003c5b-f6cc-76cc-b059-8c20628ac001,6,2948,4205913.0,{}
108,00003c5b-f6cc-76cc-b059-8c20628ac001,6,2948,3945804.0,{}
109,00003c5b-f6cc-76cc-b059-8c20628ac001,6,2948,3937141.0,{}
110,00003c5b-f6cc-76cc-b059-8c20628ac001,6,2948,4040975.0,{}
111,00003c5b-f6cc-76cc-b059-8c20628ac001,6,2948,3810500.0,{}
112,00003c5b-f6cc-76cc-b059-8c20628ac001,6,2948,2784675.0,{}
113,00003c5b-f6cc-76cc-b059-8c20628ac001,6,2948,2621724.0,{}
114,00003c5b-f6cc-76cc-b059-8c20628ac001,6,2948,2784453.0,{}
115,00003c5b-f6cc-76cc-b059-8c20628ac001,6,2948,2698829.0,{}
116,00003c5b-f6cc-76cc-b059-8c20628ac001,6,2948,2591532.0,{}
117,00003c5b-f6cc-76cc-b059-8c20628ac001,6,2948,3520345.0,{}
118,00003c5b-f6cc-76cc-b059-8c20628ac001,6,2948,3491444.0,{}
119,00003c5b-f6cc-76cc-b059-8c20628ac001,6,2948,3538746.0,{}
120,00003c5b-f6cc-76cc-b059-8c20628ac001,6,2948,3539138.0,{}
121,00003c5b-f6cc-76cc-b059-8c20628ac001,6,2948,3520641.0,{}
122,00003c5b-f6cc-76cc-b059-8c20628ac001,6,2948,3143668.0,{}
123,00003c5b-f6cc-76cc-b059-8c20628ac001,6,2948,3201265.0,{}
124,00003c5b-f6cc-76cc-b059-8c20628ac001,6,2948,3114927.0,{}
125,00003c5b-f6cc-76cc-b059-8c20628ac001,6,2948,3231463.0,{}
126,00003c5b-f6cc-76cc-b059-8c20628ac001,6,2948,3123173.0,{}
127,00003c5b-f6cc-76cc-b059-8c20628ac001,7,2379,53.7548053464959,{}
128,00003c5b-f6cc-76cc-b059-8c20628ac001,7,2948,4207936.0,{}
129,00003c5b-f6cc-76cc-b059-8c20628ac001,7,2948,4051760.0,{}
130,00003c5b-f6cc-76cc-b059-8c20628ac001,7,2948,4187164.0,{}
131,00003c5b-f6cc-76cc-b059-8c20628ac001,7,2948,4284180.0,{}
132,00003c5b-f6cc-76cc-b059-8c20628ac001,7,2948,4043291.0,{}
133,00003c5b-f6cc-76cc-b059-8c20628ac001,7,2948,2476541.0,{}
134,00003c5b-f6cc-76cc-b059-8c20628ac001,7,2948,2552686.0,{}
135,00003c5b-f6cc-76cc-b059-8c20628ac001,7,2948,2476190.0,{}
136,00003c5b-f6cc-76cc-b059-8c20628ac001,7,2948,2475662.0,{}
137,00003c5b-f6cc-76cc-b059-8c20628ac001,7,2948,2667596.0,{}
138,00003c5b-f6cc-76cc-b059-8c20628ac001,7,2948,3364790.0,{}
139,00003c5b-f6cc-76cc-b059-8c20628ac001,7,2948,3173020.0,{}
140,00003c5b-f6cc-76cc-b059-8c20628ac001,7,2948,3162232.0,{}
141,00003c5b-f6cc-76cc-b059-8c20628ac001,7,2948,3132923.0,{}
142,00003c5b-f6cc-76cc-b059-8c20628ac001,7,2948,3114611.0,{}
143,00003c5b-f6cc-76cc-b059-8c20628ac001,7,2948,3530595.0,{}
144,00003c5b-f6cc-76cc-b059-8c20628ac001,7,2948,3530046.0,{}
145,00003c5b-f6cc-76cc-b059-8c20628ac001,7,2948,3500724.0,{}
146,00003c5b-f6cc-76cc-b059-8c20628ac001,7,2948,3403748.0,{}
147,00003c5b-f6cc-76cc-b059-8c20628ac001,7,2948,3510661.0,{}
148,00003c5b-f6cc-76cc-b059-8c20628ac001,8,2379,53.7548053464959,{}
149,00003c5b-f6cc-76cc-b059-8c20628ac001,8,2948,3993880.0,{}
150,00003c5b-f6cc-76cc-b059-8c20628ac001,8,2948,4159583.0,{}
151,00003c5b-f6cc-76cc-b059-8c20628ac001,8,2948,4012166.0,{}
152,00003c5b-f6cc-76cc-b059-8c20628ac001,8,2948,4156701.0,{}
153,00003c5b-f6cc-76cc-b059-8c20628ac001,8,2948,4254026.0,{}
154,00003c5b-f6cc-76cc-b059-8c20628ac001,8,2948,2707806.0,{}
155,00003c5b-f6cc-76cc-b059-8c20628ac001,8,2948,2475569.0,{}
156,00003c5b-f6cc-76cc-b059-8c20628ac001,8,2948,2707894.0,{}
157,00003c5b-f6cc-76cc-b059-8c20628ac001,8,2948,2477198.0,{}
158,00003c5b-f6cc-76cc-b059-8c20628ac001,8,2948,2476273.0,{}
159,00003c5b-f6cc-76cc-b059-8c20628ac001,8,2948,3423283.0,{}
160,00003c5b-f6cc-76cc-b059-8c20628ac001,8,2948,3500903.0,{}
161,00003c5b-f6cc-76cc-b059-8c20628ac001,8,2948,3452645.0,{}
162,00003c5b-f6cc-76cc-b059-8c20628ac001,8,2948,3366228.0,{}
163,00003c5b-f6cc-76cc-b059-8c20628ac001,8,2948,3394455.0,{}
164,00003c5b-f6cc-76cc-b059-8c20628ac001,8,2948,3240819.0,{}
165,00003c5b-f6cc-76cc-b059-8c20628ac001,8,2948,3211252.0,{}
166,00003c5b-f6cc-76cc-b059-8c20628ac001,8,2948,3210202.0,{}
167,00003c5b-f6cc-76cc-b059-8c20628ac001,8,2948,3414669.0,{}
168,00003c5b-f6cc-76cc-b059-8c20628ac001,8,2948,3210804.0,{}
169,00003c5b-f6cc-76cc-b059-8c20628ac001,9,2379,53.7548053464959,{}
170,00003c5b-f6cc-76cc-b059-8c20628ac001,9,2948,4262873.0,{}
171,00003c5b-f6cc-76cc-b059-8c20628ac001,9,2948,4274575.0,{}
172,00003c5b-f6cc-76cc-b059-8c20628ac001,9,2948,4244556.0,{}
173,00003c5b-f6cc-76cc-b059-8c20628ac001,9,2948,4042495.0,{}
174,00003c5b-f6cc-76cc-b059-8c20628ac001,9,2948,3966182.0,{}
175,00003c5b-f6cc-76cc-b059-8c20628ac001,9,2948,2474946.0,{}
176,00003c5b-f6cc-76cc-b059-8c20628ac001,9,2948,2486103.0,{}
177,00003c5b-f6cc-76cc-b059-8c20628ac001,9,2948,2495041.0,{}
178,00003c5b-f6cc-76cc-b059-8c20628ac001,9,2948,2476130.0,{}
179,00003c5b-f6cc-76cc-b059-8c20628ac001,9,2948,2698536.0,{}
180,00003c5b-f6cc-76cc-b059-8c20628ac001,9,2948,3887238.0,{}
181,00003c5b-f6cc-76cc-b059-8c20628ac001,9,2948,3665311.0,{}
182,00003c5b-f6cc-76cc-b059-8c20628ac001,9,2948,3617018.0,{}
183,00003c5b-f6cc-76cc-b059-8c20628ac001,9,2948,3617226.0,{}
184,00003c5b-f6cc-76cc-b059-8c20628ac001,9,2948,3627451.0,{}
185,00003c5b-f6cc-76cc-b059-8c20628ac001,9,2948,3008442.0,{}
186,00003c5b-f6cc-76cc-b059-8c20628ac001,9,2948,3007502.0,{}
187,00003c5b-f6cc-76cc-b059-8c20628ac001,9,2948,2997801.0,{}
188,00003c5b-f6cc-76cc-b059-8c20628ac001,9,2948,2998004.0,{}
189,00003c5b-f6cc-76cc-b059-8c20628ac001,9,2948,2998926.0,{}
190,00003c5b-f6cc-76cc-b059-8c20628ac001,10,2379,53.7548053464959,{}
191,00003c5b-f6cc-76cc-b059-8c20628ac001,10,2948,3384568.0,{}
192,00003c5b-f6cc-76cc-b059-8c20628ac001,10,2948,3385169.0,{}
193,00003c5b-f6cc-76cc-b059-8c20628ac001,10,2948,3395569.0,{}
194,00003c5b-f6cc-76cc-b059-8c20628ac001,10,2948,3316869.0,{}
195,00003c5b-f6cc-76cc-b059-8c20628ac001,10,2948,3403760.0,{}
196,00003c5b-f6cc-76cc-b059-8c20628ac001,10,2948,3308035.0,{}
197,00003c5b-f6cc-76cc-b059-8c20628ac001,10,2948,3306871.0,{}
198,00003c5b-f6cc-76cc-b059-8c20628ac001,10,2948,3308092.0,{}
199,00003c5b-f6cc-76cc-b059-8c20628ac001,10,2948,3307704.0,{}
200,00003c5b-f6cc-76cc-b059-8c20628ac001,10,2948,3307402.0,{}
201,00003c5b-f6cc-76cc-b059-8c20628ac001,10,2948,3500976.0,{}
202,00003c5b-f6cc-76cc-b059-8c20628ac001,10,2948,3712792.0,{}
203,00003c5b-f6cc-76cc-b059-8c20628ac001,10,2948,3704635.0,{}
204,00003c5b-f6cc-76cc-b059-8c20628ac001,10,2948,3414475.0,{}
205,00003c5b-f6cc-76cc-b059-8c20628ac001,10,2948,3683583.0,{}
206,00003c5b-f6cc-76cc-b059-8c20628ac001,10,2948,3066634.0,{}
207,00003c5b-f6cc-76cc-b059-8c20628ac001,10,2948,3093692.0,{}
208,00003c5b-f6cc-76cc-b059-8c20628ac001,10,2948,3075570.0,{}
209,00003c5b-f6cc-76cc-b059-8c20628ac001,10,2948,3075699.0,{}
210,00003c5b-f6cc-76cc-b059-8c20628ac001,10,2948,3094261.0,{}
211,00003c5b-f6cc-76cc-b059-8c20628ac001,11,2379,53.7548053464959,{}
212,00003c5b-f6cc-76cc-b059-8c20628ac001,11,2948,3589236.0,{}
213,00003c5b-f6cc-76cc-b059-8c20628ac001,11,2948,3520193.0,{}
214,00003c5b-f6cc-76cc-b059-8c20628ac001,11,2948,3278767.0,{}
215,00003c5b-f6cc-76cc-b059-8c20628ac001,11,2948,3549873.0,{}
216,00003c5b-f6cc-76cc-b059-8c20628ac001,11,2948,3472110.0,{}
217,00003c5b-f6cc-76cc-b059-8c20628ac001,11,2948,2968724.0,{}
218,00003c5b-f6cc-76cc-b059-8c20628ac001,11,2948,3326162.0,{}
219,00003c5b-f6cc-76cc-b059-8c20628ac001,11,2948,3230648.0,{}
220,00003c5b-f6cc-76cc-b059-8c20628ac001,11,2948,3250246.0,{}
221,00003c5b-f6cc-76cc-b059-8c20628ac001,11,2948,3239553.0,{}
222,00003c5b-f6cc-76cc-b059-8c20628ac001,11,2948,3752757.0,{}
223,00003c5b-f6cc-76cc-b059-8c20628ac001,11,2948,3721971.0,{}
224,00003c5b-f6cc-76cc-b059-8c20628ac001,11,2948,3859253.0,{}
225,00003c5b-f6cc-76cc-b059-8c20628ac001,11,2948,3809812.0,{}
226,00003c5b-f6cc-76cc-b059-8c20628ac001,11,2948,3752087.0,{}
227,00003c5b-f6cc-76cc-b059-8c20628ac001,11,2948,2968449.0,{}
228,00003c5b-f6cc-76cc-b059-8c20628ac001,11,2948,3025763.0,{}
229,00003c5b-f6cc-76cc-b059-8c20628ac001,11,2948,3036522.0,{}
230,00003c5b-f6cc-76cc-b059-8c20628ac001,11,2948,2708436.0,{}
231,00003c5b-f6cc-76cc-b059-8c20628ac001,11,2948,2785794.0,{}
232,00003c5b-f6cc-76cc-b059-8c20628ac001,12,2379,53.7548053464959,{}
233,00003c5b-f6cc-76cc-b059-8c20628ac001,12,2948,3598089.0,{}
234,00003c5b-f6cc-76cc-b059-8c20628ac001,12,2948,3519326.0,{}
235,00003c5b-f6cc-76cc-b059-8c20628ac001,12,2948,3714570.0,{}
236,00003c5b-f6cc-76cc-b059-8c20628ac001,12,2948,3605794.0,{}
237,00003c5b-f6cc-76cc-b059-8c20628ac001,12,2948,3511041.0,{}
238,00003c5b-f6cc-76cc-b059-8c20628ac001,12,2948,3093841.0,{}
239,00003c5b-f6cc-76cc-b059-8c20628ac001,12,2948,3094843.0,{}
240,00003c5b-f6cc-76cc-b059-8c20628ac001,12,2948,3094496.0,{}
241,00003c5b-f6cc-76cc-b059-8c20628ac001,12,2948,3094712.0,{}
242,00003c5b-f6cc-76cc-b059-8c20628ac001,12,2948,3094274.0,{}
243,00003c5b-f6cc-76cc-b059-8c20628ac001,12,2948,3046173.0,{}
244,00003c5b-f6cc-76cc-b059-8c20628ac001,12,2948,2968811.0,{}
245,00003c5b-f6cc-76cc-b059-8c20628ac001,12,2948,3135201.0,{}
246,00003c5b-f6cc-76cc-b059-8c20628ac001,12,2948,3037513.0,{}
247,00003c5b-f6cc-76cc-b059-8c20628ac001,12,2948,3066745.0,{}
248,00003c5b-f6cc-76cc-b059-8c20628ac001,12,2948,3684151.0,{}
249,00003c5b-f6cc-76cc-b059-8c20628ac001,12,2948,3733136.0,{}
250,00003c5b-f6cc-76cc-b059-8c20628ac001,12,2948,3568968.0,{}
251,00003c5b-f6cc-76cc-b059-8c20628ac001,12,2948,3567310.0,{}
252,00003c5b-f6cc-76cc-b059-8c20628ac001,12,2948,3617362.0,{}
253,00003c5b-f6cc-76cc-b059-8c20628ac001,13,2379,53.7548053464959,{}
254,00003c5b-f6cc-76cc-b059-8c20628ac001,13,2948,3347241.0,{}
255,00003c5b-f6cc-76cc-b059-8c20628ac001,13,2948,3510274.0,{}
256,00003c5b-f6cc-76cc-b059-8c20628ac001,13,2948,3395221.0,{}
257,00003c5b-f6cc-76cc-b059-8c20628ac001,13,2948,3316740.0,{}
258,00003c5b-f6cc-76cc-b059-8c20628ac001,13,2948,3317565.0,{}
259,00003c5b-f6cc-76cc-b059-8c20628ac001,13,2948,3307793.0,{}
260,00003c5b-f6cc-76cc-b059-8c20628ac001,13,2948,3307047.0,{}
261,00003c5b-f6cc-76cc-b059-8c20628ac001,13,2948,3307805.0,{}
262,00003c5b-f6cc-76cc-b059-8c20628ac001,13,2948,3307559.0,{}
263,00003c5b-f6cc-76cc-b059-8c20628ac001,13,2948,3308288.0,{}
264,00003c5b-f6cc-76cc-b059-8c20628ac001,13,2948,2784684.0,{}
265,00003c5b-f6cc-76cc-b059-8c20628ac001,13,2948,2765710.0,{}
266,00003c5b-f6cc-76cc-b059-8c20628ac001,13,2948,2717543.0,{}
267,00003c5b-f6cc-76cc-b059-8c20628ac001,13,2948,2977465.0,{}
268,00003c5b-f6cc-76cc-b059-8c20628ac001,13,2948,2658766.0,{}
269,00003c5b-f6cc-76cc-b059-8c20628ac001,13,2948,4043644.0,{}
270,00003c5b-f6cc-76cc-b059-8c20628ac001,13,2948,3867176.0,{}
271,00003c5b-f6cc-76cc-b059-8c20628ac001,13,2948,4062411.0,{}
272,00003c5b-f6cc-76cc-b059-8c20628ac001,13,2948,3733047.0,{}
273,00003c5b-f6cc-76cc-b059-8c20628ac001,13,2948,3810377.0,{}
274,00003c5b-f6cc-76cc-b059-8c20628ac001,14,2379,53.7548053464959,{}
275,00003c5b-f6cc-76cc-b059-8c20628ac001,14,2948,2474928.0,{}
276,00003c5b-f6cc-76cc-b059-8c20628ac001,14,2948,2476822.0,{}
277,00003c5b-f6cc-76cc-b059-8c20628ac001,14,2948,2476249.0,{}
278,00003c5b-f6cc-76cc-b059-8c20628ac001,14,2948,2475611.0,{}
279,00003c5b-f6cc-76cc-b059-8c20628ac001,14,2948,2475147.0,{}
280,00003c5b-f6cc-76cc-b059-8c20628ac001,14,2948,4245987.0,{}
281,00003c5b-f6cc-76cc-b059-8c20628ac001,14,2948,4274876.0,{}
282,00003c5b-f6cc-76cc-b059-8c20628ac001,14,2948,4168686.0,{}
283,00003c5b-f6cc-76cc-b059-8c20628ac001,14,2948,4137637.0,{}
284,00003c5b-f6cc-76cc-b059-8c20628ac001,14,2948,4215629.0,{}
285,00003c5b-f6cc-76cc-b059-8c20628ac001,14,2948,3877299.0,{}
286,00003c5b-f6cc-76cc-b059-8c20628ac001,14,2948,3753018.0,{}
287,00003c5b-f6cc-76cc-b059-8c20628ac001,14,2948,3792288.0,{}
288,00003c5b-f6cc-76cc-b059-8c20628ac001,14,2948,3781253.0,{}
289,00003c5b-f6cc-76cc-b059-8c20628ac001,14,2948,3799962.0,{}
290,00003c5b-f6cc-76cc-b059-8c20628ac001,14,2948,2843632.0,{}
291,00003c5b-f6cc-76cc-b059-8c20628ac001,14,2948,2930709.0,{}
292,00003c5b-f6cc-76cc-b059-8c20628ac001,14,2948,2901435.0,{}
293,00003c5b-f6cc-76cc-b059-8c20628ac001,14,2948,2853160.0,{}
294,00003c5b-f6cc-76cc-b059-8c20628ac001,14,2948,2892028.0,{}
295,00003c5b-f6cc-76cc-b059-8c20628ac001,15,2379,53.7548053464959,{}
296,00003c5b-f6cc-76cc-b059-8c20628ac001,15,2948,3413151.0,{}
297,00003c5b-f6cc-76cc-b059-8c20628ac001,15,2948,3443476.0,{}
298,00003c5b-f6cc-76cc-b059-8c20628ac001,15,2948,3385656.0,{}
299,00003c5b-f6cc-76cc-b059-8c20628ac001,15,2948,3318051.0,{}
300,00003c5b-f6cc-76cc-b059-8c20628ac001,15,2948,3327507.0,{}
301,00003c5b-f6cc-76cc-b059-8c20628ac001,15,2948,3307462.0,{}
302,00003c5b-f6cc-76cc-b059-8c20628ac001,15,2948,3307940.0,{}
303,00003c5b-f6cc-76cc-b059-8c20628ac001,15,2948,3306997.0,{}
304,00003c5b-f6cc-76cc-b059-8c20628ac001,15,2948,3307586.0,{}
305,00003c5b-f6cc-76cc-b059-8c20628ac001,15,2948,3306532.0,{}
306,00003c5b-f6cc-76cc-b059-8c20628ac001,15,2948,2476545.0,{}
307,00003c5b-f6cc-76cc-b059-8c20628ac001,15,2948,2477114.0,{}
308,00003c5b-f6cc-76cc-b059-8c20628ac001,15,2948,2475096.0,{}
309,00003c5b-f6cc-76cc-b059-8c20628ac001,15,2948,2475908.0,{}
310,00003c5b-f6cc-76cc-b059-8c20628ac001,15,2948,2475132.0,{}
311,00003c5b-f6cc-76cc-b059-8c20628ac001,15,2948,4216153.0,{}
312,00003c5b-f6cc-76cc-b059-8c20628ac001,15,2948,4119217.0,{}
313,00003c5b-f6cc-76cc-b059-8c20628ac001,15,2948,4178360.0,{}
314,00003c5b-f6cc-76cc-b059-8c20628ac001,15,2948,4274843.0,{}
315,00003c5b-f6cc-76cc-b059-8c20628ac001,15,2948,4253630.0,{}
316,00003c5b-f6cc-76cc-b059-8c20628ac001,16,2379,53.7548053464959,{}
317,00003c5b-f6cc-76cc-b059-8c20628ac001,16,2948,2476351.0,{}
318,00003c5b-f6cc-76cc-b059-8c20628ac001,16,2948,2475323.0,{}
319,00003c5b-f6cc-76cc-b059-8c20628ac001,16,2948,2475727.0,{}
320,00003c5b-f6cc-76cc-b059-8c20628ac001,16,2948,2475580.0,{}
321,00003c5b-f6cc-76cc-b059-8c20628ac001,16,2948,2475084.0,{}
322,00003c5b-f6cc-76cc-b059-8c20628ac001,16,2948,4206578.0,{}
323,00003c5b-f6cc-76cc-b059-8c20628ac001,16,2948,4224885.0,{}
324,00003c5b-f6cc-76cc-b059-8c20628ac001,16,2948,4275238.0,{}
325,00003c5b-f6cc-76cc-b059-8c20628ac001,16,2948,4168635.0,{}
326,00003c5b-f6cc-76cc-b059-8c20628ac001,16,2948,4168327.0,{}
327,00003c5b-f6cc-76cc-b059-8c20628ac001,16,2948,2979403.0,{}
328,00003c5b-f6cc-76cc-b059-8c20628ac001,16,2948,3027263.0,{}
329,00003c5b-f6cc-76cc-b059-8c20628ac001,16,2948,3056118.0,{}
330,00003c5b-f6cc-76cc-b059-8c20628ac001,16,2948,2921733.0,{}
331,00003c5b-f6cc-76cc-b059-8c20628ac001,16,2948,2939495.0,{}
332,00003c5b-f6cc-76cc-b059-8c20628ac001,16,2948,3685831.0,{}
333,00003c5b-f6cc-76cc-b059-8c20628ac001,16,2948,3684199.0,{}
334,00003c5b-f6cc-76cc-b059-8c20628ac001,16,2948,3781091.0,{}
335,00003c5b-f6cc-76cc-b059-8c20628ac001,16,2948,3703101.0,{}
336,00003c5b-f6cc-76cc-b059-8c20628ac001,16,2948,3646394.0,{}
337,00003c5b-f6cc-76cc-b059-8c20628ac001,17,2379,0.0,{}
338,00003c5b-f6cc-76cc-b059-8c20628ac001,17,2948,0.0,{}
339,00003c5b-f6cc-76cc-b059-8c20628ac001,17,2948,0.0,{}
340,00003c5b-f6cc-76cc-b059-8c20628ac001,17,2948,0.0,{}
341,00003c5b-f6cc-76cc-b059-8c20628ac001,17,2948,0.0,{}
342,00003c5b-f6cc-76cc-b059-8c20628ac001,17,2948,0.0,{}
343,00003c5b-f6cc-76cc-b059-8c20628ac001,17,2948,0.0,{}
344,00003c5b-f6cc-76cc-b059-8c20628ac001,17,2948,0.0,{}
345,00003c5b-f6cc-76cc-b059-8c20628ac001,17,2948,0.0,{}
346,00003c5b-f6cc-76cc-b059-8c20628ac001,17,2948,0.0,{}
347,00003c5b-f6cc-76cc-b059-8c20628ac001,17,2948,0.0,{}
348,00003c5b-f6cc-76cc-b059-8c20628ac001,17,2948,0.0,{}
349,00003c5b-f6cc-76cc-b059-8c20628ac001,17,2948,0.0,{}
350,00003c5b-f6cc-76cc-b059-8c20628ac001,17,2948,0.0,{}
351,00003c5b-f6cc-76cc-b059-8c20628ac001,17,2948,0.0,{}
352,00003c5b-f6cc-76cc-b059-8c20628ac001,17,2948,0.0,{}
353,00003c5b-f6cc-76cc-b059-8c20628ac001,17,2948,0.0,{}
354,00003c5b-f6cc-76cc-b059-8c20628ac001,17,2948,0.0,{}
355,00003c5b-f6cc-76cc-b059-8c20628ac001,17,2948,0.0,{}
356,00003c5b-f6cc-76cc-b059-8c20628ac001,17,2948,0.0,{}
357,00003c5b-f6cc-76cc-b059-8c20628ac001,17,2948,0.0,{}
358,00003c5b-f6cc-76cc-b059-8c20628ac001,18,2379,0.0,{}
359,00003c5b-f6cc-76cc-b059-8c20628ac001,18,2948,0.0,{}
360,00003c5b-f6cc-76cc-b059-8c20628ac001,18,2948,0.0,{}
361,00003c5b-f6cc-76cc-b059-8c20628ac001,18,2948,0.0,{}
362,00003c5b-f6cc-76cc-b059-8c20628ac001,18,2948,0.0,{}
363,00003c5b-f6cc-76cc-b059-8c20628ac001,18,2948,0.0,{}
364,00003c5b-f6cc-76cc-b059-8c20628ac001,18,2948,0.0,{}
365,00003c5b-f6cc-76cc-b059-8c20628ac001,18,2948,0.0,{}
366,00003c5b-f6cc-76cc-b059-8c20628ac001,18,2948,0.0,{}
367,00003c5b-f6cc-76cc-b059-8c20628ac001,18,2948,0.0,{}
368,00003c5b-f6cc-76cc-b059-8c20628ac001,18,2948,0.0,{}
369,00003c5b-f6cc-76cc-b059-8c20628ac001,18,2948,0.0,{}
370,00003c5b-f6cc-76cc-b059-8c20628ac001,18,2948,0.0,{}
371,00003c5b-f6cc-76cc-b059-8c20628ac001,18,2948,0.0,{}
372,00003c5b-f6cc-76cc-b059-8c20628ac001,18,2948,0.0,{}
373,00003c5b-f6cc-76cc-b059-8c20628ac001,18,2948,0.0,{}
374,00003c5b-f6cc-76cc-b059-8c20628ac001,18,2948,0.0,{}
375,00003c5b-f6cc-76cc-b059-8c20628ac001,18,2948,0.0,{}
376,00003c5b-f6cc-76cc-b059-8c20628ac001,18,2948,0.0,{}
377,00003c5b-f6cc-76cc-b059-8c20628ac001,18,2948,0.0,{}
378,00003c5b-f6cc-76cc-b059-8c20628ac001,18,2948,0.0,{}
379,00003c5b-f6cc-76cc-b059-8c20628ac001,19,2379,0.0,{}
380,00003c5b-f6cc-76cc-b059-8c20628ac001,19,2948,0.0,{}
381,00003c5b-f6cc-76cc-b059-8c20628ac001,19,2948,0.0,{}
382,00003c5b-f6cc-76cc-b059-8c20628ac001,19,2948,0.0,{}
383,00003c5b-f6cc-76cc-b059-8c20628ac001,19,2948,0.0,{}
384,00003c5b-f6cc-76cc-b059-8c20628ac001,19,2948,0.0,{}
385,00003c5b-f6cc-76cc-b059-8c20628ac001,19,2948,0.0,{}
386,00003c5b-f6cc-76cc-b059-8c20628ac001,19,2948,0.0,{}
387,00003c5b-f6cc-76cc-b059-8c20628ac001,19,2948,0.0,{}
388,00003c5b-f6cc-76cc-b059-8c20628ac001,19,2948,0.0,{}
389,00003c5b-f6cc-76cc-b059-8c20628ac001,19,2948,0.0,{}
390,00003c5b-f6cc-76cc-b059-8c20628ac001,19,2948,0.0,{}
391,00003c5b-f6cc-76cc-b059-8c20628ac001,19,2948,0.0,{}
392,00003c5b-f6cc-76cc-b059-8c20628ac001,19,2948,0.0,{}
393,00003c5b-f6cc-76cc-b059-8c20628ac001,19,2948,0.0,{}
394,00003c5b-f6cc-76cc-b059-8c20628ac001,19,2948,0.0,{}
395,00003c5b-f6cc-76cc-b059-8c20628ac001,19,2948,0.0,{}
396,00003c5b-f6cc-76cc-b059-8c20628ac001,19,2948,0.0,{}
397,00003c5b-f6cc-76cc-b059-8c20628ac001,19,2948,0.0,{}
398,00003c5b-f6cc-76cc-b059-8c20628ac001,19,2948,0.0,{}
399,00003c5b-f6cc-76cc-b059-8c20628ac001,19,2948,0.0,{}
400,00003c5b-f6cc-76cc-b059-8c20628ac001,20,2379,53.7571302412806,{}
401,00003c5b-f6cc-76cc-b059-8c20628ac001,20,2948,821756.0,{}
402,00003c5b-f6cc-76cc-b059-8c20628ac001,20,2948,1006177.0,{}
403,00003c5b-f6cc-76cc-b059-8c20628ac001,20,2948,802307.0,{}
404,00003c5b-f6cc-76cc-b059-8c20628ac001,20,2948,977582.0,{}
405,00003c5b-f6cc-76cc-b059-8c20628ac001,20,2948,812171.0,{}
406,00003c5b-f6cc-76cc-b059-8c20628ac001,20,2948,716109.0,{}
407,00003c5b-f6cc-76cc-b059-8c20628ac001,20,2948,821696.0,{}
408,00003c5b-f6cc-76cc-b059-8c20628ac001,20,2948,754772.0,{}
409,00003c5b-f6cc-76cc-b059-8c20628ac001,20,2948,677282.0,{}
410,00003c5b-f6cc-76cc-b059-8c20628ac001,20,2948,967303.0,{}
411,00003c5b-f6cc-76cc-b059-8c20628ac001,20,2948,967056.0,{}
412,00003c5b-f6cc-76cc-b059-8c20628ac001,20,2948,831280.0,{}
413,00003c5b-f6cc-76cc-b059-8c20628ac001,20,2948,1006621.0,{}
414,00003c5b-f6cc-76cc-b059-8c20628ac001,20,2948,773324.0,{}
415,00003c5b-f6cc-76cc-b059-8c20628ac001,20,2948,677271.0,{}
416,00003c5b-f6cc-76cc-b059-8c20628ac001,20,2948,743970.0,{}
417,00003c5b-f6cc-76cc-b059-8c20628ac001,20,2948,735313.0,{}
418,00003c5b-f6cc-76cc-b059-8c20628ac001,20,2948,715406.0,{}
419,00003c5b-f6cc-76cc-b059-8c20628ac001,20,2948,910050.0,{}
420,00003c5b-f6cc-76cc-b059-8c20628ac001,20,2948,995706.0,{}
421,00003c5b-f6cc-76cc-b059-8c20628ac001,21,2379,53.7571302412806,{}
422,00003c5b-f6cc-76cc-b059-8c20628ac001,21,2948,928697.0,{}
423,00003c5b-f6cc-76cc-b059-8c20628ac001,21,2948,909328.0,{}
424,00003c5b-f6cc-76cc-b059-8c20628ac001,21,2948,619912.0,{}
425,00003c5b-f6cc-76cc-b059-8c20628ac001,21,2948,928071.0,{}
426,00003c5b-f6cc-76cc-b059-8c20628ac001,21,2948,744951.0,{}
427,00003c5b-f6cc-76cc-b059-8c20628ac001,21,2948,1237457.0,{}
428,00003c5b-f6cc-76cc-b059-8c20628ac001,21,2948,793695.0,{}
429,00003c5b-f6cc-76cc-b059-8c20628ac001,21,2948,928414.0,{}
430,00003c5b-f6cc-76cc-b059-8c20628ac001,21,2948,629018.0,{}
431,00003c5b-f6cc-76cc-b059-8c20628ac001,21,2948,637843.0,{}
432,00003c5b-f6cc-76cc-b059-8c20628ac001,21,2948,793763.0,{}
433,00003c5b-f6cc-76cc-b059-8c20628ac001,21,2948,802840.0,{}
434,00003c5b-f6cc-76cc-b059-8c20628ac001,21,2948,803479.0,{}
435,00003c5b-f6cc-76cc-b059-8c20628ac001,21,2948,801704.0,{}
436,00003c5b-f6cc-76cc-b059-8c20628ac001,21,2948,812590.0,{}
437,00003c5b-f6cc-76cc-b059-8c20628ac001,21,2948,802187.0,{}
438,00003c5b-f6cc-76cc-b059-8c20628ac001,21,2948,822935.0,{}
439,00003c5b-f6cc-76cc-b059-8c20628ac001,21,2948,802019.0,{}
440,00003c5b-f6cc-76cc-b059-8c20628ac001,21,2948,889716.0,{}
441,00003c5b-f6cc-76cc-b059-8c20628ac001,21,2948,1024533.0,{}
442,00003c5b-f6cc-76cc-b059-8c20628ac001,22,2379,53.7571302412806,{}
443,00003c5b-f6cc-76cc-b059-8c20628ac001,22,2948,668039.0,{}
444,00003c5b-f6cc-76cc-b059-8c20628ac001,22,2948,1083541.0,{}
445,00003c5b-f6cc-76cc-b059-8c20628ac001,22,2948,1238006.0,{}
446,00003c5b-f6cc-76cc-b059-8c20628ac001,22,2948,1034100.0,{}
447,00003c5b-f6cc-76cc-b059-8c20628ac001,22,2948,1238048.0,{}
448,00003c5b-f6cc-76cc-b059-8c20628ac001,22,2948,619097.0,{}
449,00003c5b-f6cc-76cc-b059-8c20628ac001,22,2948,619779.0,{}
450,00003c5b-f6cc-76cc-b059-8c20628ac001,22,2948,618847.0,{}
451,00003c5b-f6cc-76cc-b059-8c20628ac001,22,2948,619324.0,{}
452,00003c5b-f6cc-76cc-b059-8c20628ac001,22,2948,618394.0,{}
453,00003c5b-f6cc-76cc-b059-8c20628ac001,22,2948,619013.0,{}
454,00003c5b-f6cc-76cc-b059-8c20628ac001,22,2948,705966.0,{}
455,00003c5b-f6cc-76cc-b059-8c20628ac001,22,2948,697017.0,{}
456,00003c5b-f6cc-76cc-b059-8c20628ac001,22,2948,715308.0,{}
457,00003c5b-f6cc-76cc-b059-8c20628ac001,22,2948,638523.0,{}
458,00003c5b-f6cc-76cc-b059-8c20628ac001,22,2948,918442.0,{}
459,00003c5b-f6cc-76cc-b059-8c20628ac001,22,2948,948528.0,{}
460,00003c5b-f6cc-76cc-b059-8c20628ac001,22,2948,976462.0,{}
461,00003c5b-f6cc-76cc-b059-8c20628ac001,22,2948,900015.0,{}
462,00003c5b-f6cc-76cc-b059-8c20628ac001,22,2948,1236703.0,{}
463,00003c5b-f6cc-76cc-b059-8c20628ac001,23,2379,53.7571302412806,{}
464,00003c5b-f6cc-76cc-b059-8c20628ac001,23,2948,929180.0,{}
465,00003c5b-f6cc-76cc-b059-8c20628ac001,23,2948,1227874.0,{}
466,00003c5b-f6cc-76cc-b059-8c20628ac001,23,2948,928698.0,{}
467,00003c5b-f6cc-76cc-b059-8c20628ac001,23,2948,928466.0,{}
468,00003c5b-f6cc-76cc-b059-8c20628ac001,23,2948,928908.0,{}
469,00003c5b-f6cc-76cc-b059-8c20628ac001,23,2948,618765.0,{}
470,00003c5b-f6cc-76cc-b059-8c20628ac001,23,2948,619201.0,{}
471,00003c5b-f6cc-76cc-b059-8c20628ac001,23,2948,773249.0,{}
472,00003c5b-f6cc-76cc-b059-8c20628ac001,23,2948,715934.0,{}
473,00003c5b-f6cc-76cc-b059-8c20628ac001,23,2948,686934.0,{}
474,00003c5b-f6cc-76cc-b059-8c20628ac001,23,2948,618287.0,{}
475,00003c5b-f6cc-76cc-b059-8c20628ac001,23,2948,618924.0,{}
476,00003c5b-f6cc-76cc-b059-8c20628ac001,23,2948,618597.0,{}
477,00003c5b-f6cc-76cc-b059-8c20628ac001,23,2948,619888.0,{}
478,00003c5b-f6cc-76cc-b059-8c20628ac001,23,2948,618253.0,{}
479,00003c5b-f6cc-76cc-b059-8c20628ac001,23,2948,1238138.0,{}
480,00003c5b-f6cc-76cc-b059-8c20628ac001,23,2948,976169.0,{}
481,00003c5b-f6cc-76cc-b059-8c20628ac001,23,2948,947813.0,{}
482,00003c5b-f6cc-76cc-b059-8c20628ac001,23,2948,1073618.0,{}
483,00003c5b-f6cc-76cc-b059-8c20628ac001,23,2948,1026256.0,{}
484,00003c5b-f6cc-76cc-b059-8c20628ac001,24,2379,53.7571302412806,{}
485,00003c5b-f6cc-76cc-b059-8c20628ac001,24,2948,619657.0,{}
486,00003c5b-f6cc-76cc-b059-8c20628ac001,24,2948,705990.0,{}
487,00003c5b-f6cc-76cc-b059-8c20628ac001,24,2948,928633.0,{}
488,00003c5b-f6cc-76cc-b059-8c20628ac001,24,2948,937636.0,{}
489,00003c5b-f6cc-76cc-b059-8c20628ac001,24,2948,928969.0,{}
490,00003c5b-f6cc-76cc-b059-8c20628ac001,24,2948,870360.0,{}
491,00003c5b-f6cc-76cc-b059-8c20628ac001,24,2948,832757.0,{}
492,00003c5b-f6cc-76cc-b059-8c20628ac001,24,2948,773485.0,{}
493,00003c5b-f6cc-76cc-b059-8c20628ac001,24,2948,774006.0,{}
494,00003c5b-f6cc-76cc-b059-8c20628ac001,24,2948,985821.0,{}
495,00003c5b-f6cc-76cc-b059-8c20628ac001,24,2948,812055.0,{}
496,00003c5b-f6cc-76cc-b059-8c20628ac001,24,2948,813170.0,{}
497,00003c5b-f6cc-76cc-b059-8c20628ac001,24,2948,715003.0,{}
498,00003c5b-f6cc-76cc-b059-8c20628ac001,24,2948,812629.0,{}
499,00003c5b-f6cc-76cc-b059-8c20628ac001,24,2948,811983.0,{}
500,00003c5b-f6cc-76cc-b059-8c20628ac001,24,2948,813674.0,{}
501,00003c5b-f6cc-76cc-b059-8c20628ac001,24,2948,811732.0,{}
502,00003c5b-f6cc-76cc-b059-8c20628ac001,24,2948,812956.0,{}
503,00003c5b-f6cc-76cc-b059-8c20628ac001,24,2948,918007.0,{}
504,00003c5b-f6cc-76cc-b059-8c20628ac001,24,2948,1034629.0,{}
505,00003c5b-f6cc-76cc-b059-8c20628ac001,25,2379,53.7571302412806,{}
506,00003c5b-f6cc-76cc-b059-8c20628ac001,25,2948,619242.0,{}
507,00003c5b-f6cc-76cc-b059-8c20628ac001,25,2948,618402.0,{}
508,00003c5b-f6cc-76cc-b059-8c20628ac001,25,2948,619405.0,{}
509,00003c5b-f6cc-76cc-b059-8c20628ac001,25,2948,619180.0,{}
510,00003c5b-f6cc-76cc-b059-8c20628ac001,25,2948,619821.0,{}
511,00003c5b-f6cc-76cc-b059-8c20628ac001,25,2948,1228239.0,{}
512,00003c5b-f6cc-76cc-b059-8c20628ac001,25,2948,1238740.0,{}
513,00003c5b-f6cc-76cc-b059-8c20628ac001,25,2948,1237303.0,{}
514,00003c5b-f6cc-76cc-b059-8c20628ac001,25,2948,629216.0,{}
515,00003c5b-f6cc-76cc-b059-8c20628ac001,25,2948,928323.0,{}
516,00003c5b-f6cc-76cc-b059-8c20628ac001,25,2948,618264.0,{}
517,00003c5b-f6cc-76cc-b059-8c20628ac001,25,2948,619324.0,{}
518,00003c5b-f6cc-76cc-b059-8c20628ac001,25,2948,928456.0,{}
519,00003c5b-f6cc-76cc-b059-8c20628ac001,25,2948,822605.0,{}
520,00003c5b-f6cc-76cc-b059-8c20628ac001,25,2948,792555.0,{}
521,00003c5b-f6cc-76cc-b059-8c20628ac001,25,2948,619038.0,{}
522,00003c5b-f6cc-76cc-b059-8c20628ac001,25,2948,850382.0,{}
523,00003c5b-f6cc-76cc-b059-8c20628ac001,25,2948,938711.0,{}
524,00003c5b-f6cc-76cc-b059-8c20628ac001,25,2948,927473.0,{}
525,00003c5b-f6cc-76cc-b059-8c20628ac001,25,2948,1238473.0,{}
526,00003c5b-f6cc-76cc-b059-8c20628ac001,26,2379,53.7571302412806,{}
527,00003c5b-f6cc-76cc-b059-8c20628ac001,26,2948,831920.0,{}
528,00003c5b-f6cc-76cc-b059-8c20628ac001,26,2948,619156.0,{}
529,00003c5b-f6cc-76cc-b059-8c20628ac001,26,2948,851816.0,{}
530,00003c5b-f6cc-76cc-b059-8c20628ac001,26,2948,986219.0,{}
531,00003c5b-f6cc-76cc-b059-8c20628ac001,26,2948,812444.0,{}
532,00003c5b-f6cc-76cc-b059-8c20628ac001,26,2948,1131595.0,{}
533,00003c5b-f6cc-76cc-b059-8c20628ac001,26,2948,619670.0,{}
534,00003c5b-f6cc-76cc-b059-8c20628ac001,26,2948,1025012.0,{}
535,00003c5b-f6cc-76cc-b059-8c20628ac001,26,2948,619279.0,{}
536,00003c5b-f6cc-76cc-b059-8c20628ac001,26,2948,860256.0,{}
537,00003c5b-f6cc-76cc-b059-8c20628ac001,26,2948,802542.0,{}
538,00003c5b-f6cc-76cc-b059-8c20628ac001,26,2948,803389.0,{}
539,00003c5b-f6cc-76cc-b059-8c20628ac001,26,2948,802237.0,{}
540,00003c5b-f6cc-76cc-b059-8c20628ac001,26,2948,802849.0,{}
541,00003c5b-f6cc-76cc-b059-8c20628ac001,26,2948,802481.0,{}
542,00003c5b-f6cc-76cc-b059-8c20628ac001,26,2948,803025.0,{}
543,00003c5b-f6cc-76cc-b059-8c20628ac001,26,2948,802837.0,{}
544,00003c5b-f6cc-76cc-b059-8c20628ac001,26,2948,938445.0,{}
545,00003c5b-f6cc-76cc-b059-8c20628ac001,26,2948,908384.0,{}
546,00003c5b-f6cc-76cc-b059-8c20628ac001,26,2948,889596.0,{}
547,00003c5b-f6cc-76cc-b059-8c20628ac001,27,2379,53.7571302412806,{}
548,00003c5b-f6cc-76cc-b059-8c20628ac001,27,2948,1209195.0,{}
549,00003c5b-f6cc-76cc-b059-8c20628ac001,27,2948,618407.0,{}
550,00003c5b-f6cc-76cc-b059-8c20628ac001,27,2948,822620.0,{}
551,00003c5b-f6cc-76cc-b059-8c20628ac001,27,2948,909482.0,{}
552,00003c5b-f6cc-76cc-b059-8c20628ac001,27,2948,929054.0,{}
553,00003c5b-f6cc-76cc-b059-8c20628ac001,27,2948,618753.0,{}
554,00003c5b-f6cc-76cc-b059-8c20628ac001,27,2948,619259.0,{}
555,00003c5b-f6cc-76cc-b059-8c20628ac001,27,2948,850199.0,{}
556,00003c5b-f6cc-76cc-b059-8c20628ac001,27,2948,890576.0,{}
557,00003c5b-f6cc-76cc-b059-8c20628ac001,27,2948,889913.0,{}
558,00003c5b-f6cc-76cc-b059-8c20628ac001,27,2948,619350.0,{}
559,00003c5b-f6cc-76cc-b059-8c20628ac001,27,2948,618893.0,{}
560,00003c5b-f6cc-76cc-b059-8c20628ac001,27,2948,619494.0,{}
561,00003c5b-f6cc-76cc-b059-8c20628ac001,27,2948,618230.0,{}
562,00003c5b-f6cc-76cc-b059-8c20628ac001,27,2948,618965.0,{}
563,00003c5b-f6cc-76cc-b059-8c20628ac001,27,2948,1237558.0,{}
564,00003c5b-f6cc-76cc-b059-8c20628ac001,27,2948,929263.0,{}
565,00003c5b-f6cc-76cc-b059-8c20628ac001,27,2948,928144.0,{}
566,00003c5b-f6cc-76cc-b059-8c20628ac001,27,2948,928778.0,{}
567,00003c5b-f6cc-76cc-b059-8c20628ac001,27,2948,1237019.0,{}
568,00003c5b-f6cc-76cc-b059-8c20628ac001,28,2379,53.7571302412806,{}
569,00003c5b-f6cc-76cc-b059-8c20628ac001,28,2948,618284.0,{}
570,00003c5b-f6cc-76cc-b059-8c20628ac001,28,2948,619362.0,{}
571,00003c5b-f6cc-76cc-b059-8c20628ac001,28,2948,618823.0,{}
572,00003c5b-f6cc-76cc-b059-8c20628ac001,28,2948,619540.0,{}
573,00003c5b-f6cc-76cc-b059-8c20628ac001,28,2948,618247.0,{}
574,00003c5b-f6cc-76cc-b059-8c20628ac001,28,2948,705782.0,{}
575,00003c5b-f6cc-76cc-b059-8c20628ac001,28,2948,1034321.0,{}
576,00003c5b-f6cc-76cc-b059-8c20628ac001,28,2948,1229472.0,{}
577,00003c5b-f6cc-76cc-b059-8c20628ac001,28,2948,1208325.0,{}
578,00003c5b-f6cc-76cc-b059-8c20628ac001,28,2948,1083638.0,{}
579,00003c5b-f6cc-76cc-b059-8c20628ac001,28,2948,1238001.0,{}
580,00003c5b-f6cc-76cc-b059-8c20628ac001,28,2948,648221.0,{}
581,00003c5b-f6cc-76cc-b059-8c20628ac001,28,2948,890320.0,{}
582,00003c5b-f6cc-76cc-b059-8c20628ac001,28,2948,1238267.0,{}
583,00003c5b-f6cc-76cc-b059-8c20628ac001,28,2948,890083.0,{}
584,00003c5b-f6cc-76cc-b059-8c20628ac001,28,2948,705633.0,{}
585,00003c5b-f6cc-76cc-b059-8c20628ac001,28,2948,880669.0,{}
586,00003c5b-f6cc-76cc-b059-8c20628ac001,28,2948,618858.0,{}
587,00003c5b-f6cc-76cc-b059-8c20628ac001,28,2948,619242.0,{}
588,00003c5b-f6cc-76cc-b059-8c20628ac001,28,2948,628064.0,{}
589,00003c5b-f6cc-76cc-b059-8c20628ac001,29,2379,53.7571302412806,{}
590,00003c5b-f6cc-76cc-b059-8c20628ac001,29,2948,618255.0,{}
591,00003c5b-f6cc-76cc-b059-8c20628ac001,29,2948,619324.0,{}
592,00003c5b-f6cc-76cc-b059-8c20628ac001,29,2948,976777.0,{}
593,00003c5b-f6cc-76cc-b059-8c20628ac001,29,2948,619451.0,{}
594,00003c5b-f6cc-76cc-b059-8c20628ac001,29,2948,869486.0,{}
595,00003c5b-f6cc-76cc-b059-8c20628ac001,29,2948,928545.0,{}
596,00003c5b-f6cc-76cc-b059-8c20628ac001,29,2948,986072.0,{}
597,00003c5b-f6cc-76cc-b059-8c20628ac001,29,2948,619862.0,{}
598,00003c5b-f6cc-76cc-b059-8c20628ac001,29,2948,1082552.0,{}
599,00003c5b-f6cc-76cc-b059-8c20628ac001,29,2948,1035155.0,{}
600,00003c5b-f6cc-76cc-b059-8c20628ac001,29,2948,803206.0,{}
601,00003c5b-f6cc-76cc-b059-8c20628ac001,29,2948,744982.0,{}
602,00003c5b-f6cc-76cc-b059-8c20628ac001,29,2948,803866.0,{}
603,00003c5b-f6cc-76cc-b059-8c20628ac001,29,2948,812120.0,{}
604,00003c5b-f6cc-76cc-b059-8c20628ac001,29,2948,813142.0,{}
605,00003c5b-f6cc-76cc-b059-8c20628ac001,29,2948,811673.0,{}
606,00003c5b-f6cc-76cc-b059-8c20628ac001,29,2948,890150.0,{}
607,00003c5b-f6cc-76cc-b059-8c20628ac001,29,2948,947725.0,{}
608,00003c5b-f6cc-76cc-b059-8c20628ac001,29,2948,870698.0,{}
609,00003c5b-f6cc-76cc-b059-8c20628ac001,29,2948,860111.0,{}
610,00003c5b-f6cc-76cc-b059-8c20628ac001,30,2379,53.7571302412806,{}
611,00003c5b-f6cc-76cc-b059-8c20628ac001,30,2948,618748.0,{}
612,00003c5b-f6cc-76cc-b059-8c20628ac001,30,2948,619319.0,{}
613,00003c5b-f6cc-76cc-b059-8c20628ac001,30,2948,618410.0,{}
614,00003c5b-f6cc-76cc-b059-8c20628ac001,30,2948,619652.0,{}
615,00003c5b-f6cc-76cc-b059-8c20628ac001,30,2948,618949.0,{}
616,00003c5b-f6cc-76cc-b059-8c20628ac001,30,2948,928718.0,{}
617,00003c5b-f6cc-76cc-b059-8c20628ac001,30,2948,1237853.0,{}
618,00003c5b-f6cc-76cc-b059-8c20628ac001,30,2948,929020.0,{}
619,00003c5b-f6cc-76cc-b059-8c20628ac001,30,2948,928698.0,{}
620,00003c5b-f6cc-76cc-b059-8c20628ac001,30,2948,1238331.0,{}
621,00003c5b-f6cc-76cc-b059-8c20628ac001,30,2948,648431.0,{}
622,00003c5b-f6cc-76cc-b059-8c20628ac001,30,2948,889044.0,{}
623,00003c5b-f6cc-76cc-b059-8c20628ac001,30,2948,976701.0,{}
624,00003c5b-f6cc-76cc-b059-8c20628ac001,30,2948,918534.0,{}
625,00003c5b-f6cc-76cc-b059-8c20628ac001,30,2948,871014.0,{}
626,00003c5b-f6cc-76cc-b059-8c20628ac001,30,2948,947217.0,{}
627,00003c5b-f6cc-76cc-b059-8c20628ac001,30,2948,928354.0,{}
628,00003c5b-f6cc-76cc-b059-8c20628ac001,30,2948,618265.0,{}
629,00003c5b-f6cc-76cc-b059-8c20628ac001,30,2948,774303.0,{}
630,00003c5b-f6cc-76cc-b059-8c20628ac001,30,2948,783591.0,{}
631,00003c5b-f6cc-76cc-b059-8c20628ac001,31,2379,53.7571302412806,{}
632,00003c5b-f6cc-76cc-b059-8c20628ac001,31,2948,802999.0,{}
633,00003c5b-f6cc-76cc-b059-8c20628ac001,31,2948,861099.0,{}
634,00003c5b-f6cc-76cc-b059-8c20628ac001,31,2948,803400.0,{}
635,00003c5b-f6cc-76cc-b059-8c20628ac001,31,2948,870228.0,{}
636,00003c5b-f6cc-76cc-b059-8c20628ac001,31,2948,812651.0,{}
637,00003c5b-f6cc-76cc-b059-8c20628ac001,31,2948,802120.0,{}
638,00003c5b-f6cc-76cc-b059-8c20628ac001,31,2948,851832.0,{}
639,00003c5b-f6cc-76cc-b059-8c20628ac001,31,2948,803030.0,{}
640,00003c5b-f6cc-76cc-b059-8c20628ac001,31,2948,822429.0,{}
641,00003c5b-f6cc-76cc-b059-8c20628ac001,31,2948,927965.0,{}
642,00003c5b-f6cc-76cc-b059-8c20628ac001,31,2948,619134.0,{}
643,00003c5b-f6cc-76cc-b059-8c20628ac001,31,2948,927605.0,{}
644,00003c5b-f6cc-76cc-b059-8c20628ac001,31,2948,928947.0,{}
645,00003c5b-f6cc-76cc-b059-8c20628ac001,31,2948,928480.0,{}
646,00003c5b-f6cc-76cc-b059-8c20628ac001,31,2948,1054909.0,{}
647,00003c5b-f6cc-76cc-b059-8c20628ac001,31,2948,869681.0,{}
648,00003c5b-f6cc-76cc-b059-8c20628ac001,31,2948,618975.0,{}
649,00003c5b-f6cc-76cc-b059-8c20628ac001,31,2948,1014974.0,{}
650,00003c5b-f6cc-76cc-b059-8c20628ac001,31,2948,619742.0,{}
651,00003c5b-f6cc-76cc-b059-8c20628ac001,31,2948,772952.0,{}
652,00003c5b-f6cc-76cc-b059-8c20628ac001,32,2379,53.7571302412806,{}
653,00003c5b-f6cc-76cc-b059-8c20628ac001,32,2948,618319.0,{}
654,00003c5b-f6cc-76cc-b059-8c20628ac001,32,2948,619086.0,{}
655,00003c5b-f6cc-76cc-b059-8c20628ac001,32,2948,869362.0,{}
656,00003c5b-f6cc-76cc-b059-8c20628ac001,32,2948,851733.0,{}
657,00003c5b-f6cc-76cc-b059-8c20628ac001,32,2948,986624.0,{}
658,00003c5b-f6cc-76cc-b059-8c20628ac001,32,2948,929179.0,{}
659,00003c5b-f6cc-76cc-b059-8c20628ac001,32,2948,618311.0,{}
660,00003c5b-f6cc-76cc-b059-8c20628ac001,32,2948,928364.0,{}
661,00003c5b-f6cc-76cc-b059-8c20628ac001,32,2948,1237641.0,{}
662,00003c5b-f6cc-76cc-b059-8c20628ac001,32,2948,697100.0,{}
663,00003c5b-f6cc-76cc-b059-8c20628ac001,32,2948,724977.0,{}
664,00003c5b-f6cc-76cc-b059-8c20628ac001,32,2948,706197.0,{}
665,00003c5b-f6cc-76cc-b059-8c20628ac001,32,2948,1053673.0,{}
666,00003c5b-f6cc-76cc-b059-8c20628ac001,32,2948,619696.0,{}
667,00003c5b-f6cc-76cc-b059-8c20628ac001,32,2948,860830.0,{}
668,00003c5b-f6cc-76cc-b059-8c20628ac001,32,2948,861040.0,{}
669,00003c5b-f6cc-76cc-b059-8c20628ac001,32,2948,879332.0,{}
670,00003c5b-f6cc-76cc-b059-8c20628ac001,32,2948,832350.0,{}
671,00003c5b-f6cc-76cc-b059-8c20628ac001,32,2948,1093113.0,{}
672,00003c5b-f6cc-76cc-b059-8c20628ac001,32,2948,726225.0,{}
673,00003c5b-f6cc-76cc-b059-8c20628ac001,33,2379,0.0,{}
674,00003c5b-f6cc-76cc-b059-8c20628ac001,33,2948,0.0,{}
675,00003c5b-f6cc-76cc-b059-8c20628ac001,33,2948,0.0,{}
676,00003c5b-f6cc-76cc-b059-8c20628ac001,33,2948,0.0,{}
677,00003c5b-f6cc-76cc-b059-8c20628ac001,33,2948,0.0,{}
678,00003c5b-f6cc-76cc-b059-8c20628ac001,33,2948,0.0,{}
679,00003c5b-f6cc-76cc-b059-8c20628ac001,33,2948,0.0,{}
680,00003c5b-f6cc-76cc-b059-8c20628ac001,33,2948,0.0,{}
681,00003c5b-f6cc-76cc-b059-8c20628ac001,33,2948,0.0,{}
682,00003c5b-f6cc-76cc-b059-8c20628ac001,33,2948,0.0,{}
683,00003c5b-f6cc-76cc-b059-8c20628ac001,33,2948,0.0,{}
684,00003c5b-f6cc-76cc-b059-8c20628ac001,33,2948,0.0,{}
685,00003c5b-f6cc-76cc-b059-8c20628ac001,33,2948,0.0,{}
686,00003c5b-f6cc-76cc-b059-8c20628ac001,33,2948,0.0,{}
687,00003c5b-f6cc-76cc-b059-8c20628ac001,33,2948,0.0,{}
688,00003c5b-f6cc-76cc-b059-8c20628ac001,33,2948,0.0,{}
689,00003c5b-f6cc-76cc-b059-8c20628ac001,33,2948,0.0,{}
690,00003c5b-f6cc-76cc-b059-8c20628ac001,33,2948,0.0,{}
691,00003c5b-f6cc-76cc-b059-8c20628ac001,33,2948,0.0,{}
692,00003c5b-f6cc-76cc-b059-8c20628ac001,33,2948,0.0,{}
693,00003c5b-f6cc-76cc-b059-8c20628ac001,33,2948,0.0,{}
694,00003c5b-f6cc-76cc-b059-8c20628ac001,34,2379,0.0,{}
695,00003c5b-f6cc-76cc-b059-8c20628ac001,34,2948,0.0,{}
696,00003c5b-f6cc-76cc-b059-8c20628ac001,34,2948,0.0,{}
697,00003c5b-f6cc-76cc-b059-8c20628ac001,34,2948,0.0,{}
698,00003c5b-f6cc-76cc-b059-8c20628ac001,34,2948,0.0,{}
699,00003c5b-f6cc-76cc-b059-8c20628ac001,34,2948,0.0,{}
700,00003c5b-f6cc-76cc-b059-8c20628ac001,34,2948,0.0,{}
701,00003c5b-f6cc-76cc-b059-8c20628ac001,34,2948,0.0,{}
702,00003c5b-f6cc-76cc-b059-8c20628ac001,34,2948,0.0,{}
703,00003c5b-f6cc-76cc-b059-8c20628ac001,34,2948,0.0,{}
704,00003c5b-f6cc-76cc-b059-8c20628ac001,34,2948,0.0,{}
705,00003c5b-f6cc-76cc-b059-8c20628ac001,34,2948,0.0,{}
706,00003c5b-f6cc-76cc-b059-8c20628ac001,34,2948,0.0,{}
707,00003c5b-f6cc-76cc-b059-8c20628ac001,34,2948,0.0,{}
708,00003c5b-f6cc-76cc-b059-8c20628ac001,34,2948,0.0,{}
709,00003c5b-f6cc-76cc-b059-8c20628ac001,34,2948,0.0,{}
710,00003c5b-f6cc-76cc-b059-8c20628ac001,34,2948,0.0,{}
711,00003c5b-f6cc-76cc-b059-8c20628ac001,34,2948,0.0,{}
712,00003c5b-f6cc-76cc-b059-8c20628ac001,34,2948,0.0,{}
713,00003c5b-f6cc-76cc-b059-8c20628ac001,34,2948,0.0,{}
714,00003c5b-f6cc-76cc-b059-8c20628ac001,34,2948,0.0,{}
715,00003c5b-f6cc-76cc-b059-8c20628ac001,35,2379,0.0,{}
716,00003c5b-f6cc-76cc-b059-8c20628ac001,35,2948,0.0,{}
717,00003c5b-f6cc-76cc-b059-8c20628ac001,35,2948,0.0,{}
718,00003c5b-f6cc-76cc-b059-8c20628ac001,35,2948,0.0,{}
719,00003c5b-f6cc-76cc-b059-8c20628ac001,35,2948,0.0,{}
720,00003c5b-f6cc-76cc-b059-8c20628ac001,35,2948,0.0,{}
721,00003c5b-f6cc-76cc-b059-8c20628ac001,35,2948,0.0,{}
722,00003c5b-f6cc-76cc-b059-8c20628ac001,35,2948,0.0,{}
723,00003c5b-f6cc-76cc-b059-8c20628ac001,35,2948,0.0,{}
724,00003c5b-f6cc-76cc-b059-8c20628ac001,35,2948,0.0,{}
725,00003c5b-f6cc-76cc-b059-8c20628ac001,35,2948,0.0,{}
726,00003c5b-f6cc-76cc-b059-8c20628ac001,35,2948,0.0,{}
727,00003c5b-f6cc-76cc-b059-8c20628ac001,35,2948,0.0,{}
728,00003c5b-f6cc-76cc-b059-8c20628ac001,35,2948,0.0,{}
729,00003c5b-f6cc-76cc-b059-8c20628ac001,35,2948,0.0,{}
730,00003c5b-f6cc-76cc-b059-8c20628ac001,35,2948,0.0,{}
731,00003c5b-f6cc-76cc-b059-8c20628ac001,35,2948,0.0,{}
732,00003c5b-f6cc-76cc-b059-8c20628ac001,35,2948,0.0,{}
733,00003c5b-f6cc-76cc-b059-8c20628ac001,35,2948,0.0,{}
734,00003c5b-f6cc-76cc-b059-8c20628ac001,35,2948,0.0,{}
735,00003c5b-f6cc-76cc-b059-8c20628ac001,35,2948,0.0,{}
736,00003c5b-f6cc-76cc-b059-8c20628ac001,36,2379,53.7548053464959,{}
737,00003c5b-f6cc-76cc-b059-8c20628ac001,36,2948,696047.0,{}
738,00003c5b-f6cc-76cc-b059-8c20628ac001,36,2948,619239.0,{}
739,00003c5b-f6cc-76cc-b059-8c20628ac001,36,2948,618975.0,{}
740,00003c5b-f6cc-76cc-b059-8c20628ac001,36,2948,618638.0,{}
741,00003c5b-f6cc-76cc-b059-8c20628ac001,36,2948,619327.0,{}
742,00003c5b-f6cc-76cc-b059-8c20628ac001,36,2948,1092468.0,{}
743,00003c5b-f6cc-76cc-b059-8c20628ac001,36,2948,966977.0,{}
744,00003c5b-f6cc-76cc-b059-8c20628ac001,36,2948,1082671.0,{}
745,00003c5b-f6cc-76cc-b059-8c20628ac001,36,2948,1063776.0,{}
746,00003c5b-f6cc-76cc-b059-8c20628ac001,36,2948,977113.0,{}
747,00003c5b-f6cc-76cc-b059-8c20628ac001,36,2948,618550.0,{}
748,00003c5b-f6cc-76cc-b059-8c20628ac001,36,2948,618712.0,{}
749,00003c5b-f6cc-76cc-b059-8c20628ac001,36,2948,764146.0,{}
750,00003c5b-f6cc-76cc-b059-8c20628ac001,36,2948,619259.0,{}
751,00003c5b-f6cc-76cc-b059-8c20628ac001,36,2948,619523.0,{}
752,00003c5b-f6cc-76cc-b059-8c20628ac001,36,2948,928497.0,{}
753,00003c5b-f6cc-76cc-b059-8c20628ac001,36,2948,928329.0,{}
754,00003c5b-f6cc-76cc-b059-8c20628ac001,36,2948,1238583.0,{}
755,00003c5b-f6cc-76cc-b059-8c20628ac001,36,2948,976325.0,{}
756,00003c5b-f6cc-76cc-b059-8c20628ac001,36,2948,1044434.0,{}
757,00003c5b-f6cc-76cc-b059-8c20628ac001,37,2379,53.7548053464959,{}
758,00003c5b-f6cc-76cc-b059-8c20628ac001,37,2948,619080.0,{}
759,00003c5b-f6cc-76cc-b059-8c20628ac001,37,2948,619173.0,{}
760,00003c5b-f6cc-76cc-b059-8c20628ac001,37,2948,618769.0,{}
761,00003c5b-f6cc-76cc-b059-8c20628ac001,37,2948,619210.0,{}
762,00003c5b-f6cc-76cc-b059-8c20628ac001,37,2948,618906.0,{}
763,00003c5b-f6cc-76cc-b059-8c20628ac001,37,2948,1160154.0,{}
764,00003c5b-f6cc-76cc-b059-8c20628ac001,37,2948,1063715.0,{}
765,00003c5b-f6cc-76cc-b059-8c20628ac001,37,2948,1006069.0,{}
766,00003c5b-f6cc-76cc-b059-8c20628ac001,37,2948,1044340.0,{}
767,00003c5b-f6cc-76cc-b059-8c20628ac001,37,2948,986043.0,{}
768,00003c5b-f6cc-76cc-b059-8c20628ac001,37,2948,618631.0,{}
769,00003c5b-f6cc-76cc-b059-8c20628ac001,37,2948,619679.0,{}
770,00003c5b-f6cc-76cc-b059-8c20628ac001,37,2948,618495.0,{}
771,00003c5b-f6cc-76cc-b059-8c20628ac001,37,2948,618609.0,{}
772,00003c5b-f6cc-76cc-b059-8c20628ac001,37,2948,618458.0,{}
773,00003c5b-f6cc-76cc-b059-8c20628ac001,37,2948,1237492.0,{}
774,00003c5b-f6cc-76cc-b059-8c20628ac001,37,2948,619115.0,{}
775,00003c5b-f6cc-76cc-b059-8c20628ac001,37,2948,1044698.0,{}
776,00003c5b-f6cc-76cc-b059-8c20628ac001,37,2948,1122696.0,{}
777,00003c5b-f6cc-76cc-b059-8c20628ac001,37,2948,1238257.0,{}
778,00003c5b-f6cc-76cc-b059-8c20628ac001,38,2379,53.7548053464959,{}
779,00003c5b-f6cc-76cc-b059-8c20628ac001,38,2948,618783.0,{}
780,00003c5b-f6cc-76cc-b059-8c20628ac001,38,2948,619210.0,{}
781,00003c5b-f6cc-76cc-b059-8c20628ac001,38,2948,618906.0,{}
782,00003c5b-f6cc-76cc-b059-8c20628ac001,38,2948,618710.0,{}
783,00003c5b-f6cc-76cc-b059-8c20628ac001,38,2948,619249.0,{}
784,00003c5b-f6cc-76cc-b059-8c20628ac001,38,2948,1072898.0,{}
785,00003c5b-f6cc-76cc-b059-8c20628ac001,38,2948,1025474.0,{}
786,00003c5b-f6cc-76cc-b059-8c20628ac001,38,2948,1092388.0,{}
787,00003c5b-f6cc-76cc-b059-8c20628ac001,38,2948,1034091.0,{}
788,00003c5b-f6cc-76cc-b059-8c20628ac001,38,2948,1035234.0,{}
789,00003c5b-f6cc-76cc-b059-8c20628ac001,38,2948,618482.0,{}
790,00003c5b-f6cc-76cc-b059-8c20628ac001,38,2948,618600.0,{}
791,00003c5b-f6cc-76cc-b059-8c20628ac001,38,2948,619164.0,{}
792,00003c5b-f6cc-76cc-b059-8c20628ac001,38,2948,619256.0,{}
793,00003c5b-f6cc-76cc-b059-8c20628ac001,38,2948,619567.0,{}
794,00003c5b-f6cc-76cc-b059-8c20628ac001,38,2948,1238974.0,{}
795,00003c5b-f6cc-76cc-b059-8c20628ac001,38,2948,927946.0,{}
796,00003c5b-f6cc-76cc-b059-8c20628ac001,38,2948,1151769.0,{}
797,00003c5b-f6cc-76cc-b059-8c20628ac001,38,2948,1014789.0,{}
798,00003c5b-f6cc-76cc-b059-8c20628ac001,38,2948,928099.0,{}
799,00003c5b-f6cc-76cc-b059-8c20628ac001,39,2379,53.7548053464959,{}
800,00003c5b-f6cc-76cc-b059-8c20628ac001,39,2948,928810.0,{}
801,00003c5b-f6cc-76cc-b059-8c20628ac001,39,2948,928102.0,{}
802,00003c5b-f6cc-76cc-b059-8c20628ac001,39,2948,928297.0,{}
803,00003c5b-f6cc-76cc-b059-8c20628ac001,39,2948,1238414.0,{}
804,00003c5b-f6cc-76cc-b059-8c20628ac001,39,2948,1237334.0,{}
805,00003c5b-f6cc-76cc-b059-8c20628ac001,39,2948,618901.0,{}
806,00003c5b-f6cc-76cc-b059-8c20628ac001,39,2948,618748.0,{}
807,00003c5b-f6cc-76cc-b059-8c20628ac001,39,2948,618982.0,{}
808,00003c5b-f6cc-76cc-b059-8c20628ac001,39,2948,619204.0,{}
809,00003c5b-f6cc-76cc-b059-8c20628ac001,39,2948,618758.0,{}
810,00003c5b-f6cc-76cc-b059-8c20628ac001,39,2948,618652.0,{}
811,00003c5b-f6cc-76cc-b059-8c20628ac001,39,2948,619082.0,{}
812,00003c5b-f6cc-76cc-b059-8c20628ac001,39,2948,619372.0,{}
813,00003c5b-f6cc-76cc-b059-8c20628ac001,39,2948,619598.0,{}
814,00003c5b-f6cc-76cc-b059-8c20628ac001,39,2948,619532.0,{}
815,00003c5b-f6cc-76cc-b059-8c20628ac001,39,2948,1121371.0,{}
816,00003c5b-f6cc-76cc-b059-8c20628ac001,39,2948,1151296.0,{}
817,00003c5b-f6cc-76cc-b059-8c20628ac001,39,2948,1015025.0,{}
818,00003c5b-f6cc-76cc-b059-8c20628ac001,39,2948,985823.0,{}
819,00003c5b-f6cc-76cc-b059-8c20628ac001,39,2948,986288.0,{}
820,00003c5b-f6cc-76cc-b059-8c20628ac001,40,2379,53.7548053464959,{}
821,00003c5b-f6cc-76cc-b059-8c20628ac001,40,2948,619445.0,{}
822,00003c5b-f6cc-76cc-b059-8c20628ac001,40,2948,658053.0,{}
823,00003c5b-f6cc-76cc-b059-8c20628ac001,40,2948,695908.0,{}
824,00003c5b-f6cc-76cc-b059-8c20628ac001,40,2948,619692.0,{}
825,00003c5b-f6cc-76cc-b059-8c20628ac001,40,2948,618576.0,{}
826,00003c5b-f6cc-76cc-b059-8c20628ac001,40,2948,928377.0,{}
827,00003c5b-f6cc-76cc-b059-8c20628ac001,40,2948,618590.0,{}
828,00003c5b-f6cc-76cc-b059-8c20628ac001,40,2948,1237686.0,{}
829,00003c5b-f6cc-76cc-b059-8c20628ac001,40,2948,1209017.0,{}
830,00003c5b-f6cc-76cc-b059-8c20628ac001,40,2948,1151356.0,{}
831,00003c5b-f6cc-76cc-b059-8c20628ac001,40,2948,1131944.0,{}
832,00003c5b-f6cc-76cc-b059-8c20628ac001,40,2948,1035069.0,{}
833,00003c5b-f6cc-76cc-b059-8c20628ac001,40,2948,996079.0,{}
834,00003c5b-f6cc-76cc-b059-8c20628ac001,40,2948,1130710.0,{}
835,00003c5b-f6cc-76cc-b059-8c20628ac001,40,2948,956835.0,{}
836,00003c5b-f6cc-76cc-b059-8c20628ac001,40,2948,628606.0,{}
837,00003c5b-f6cc-76cc-b059-8c20628ac001,40,2948,618691.0,{}
838,00003c5b-f6cc-76cc-b059-8c20628ac001,40,2948,619091.0,{}
839,00003c5b-f6cc-76cc-b059-8c20628ac001,40,2948,619159.0,{}
840,00003c5b-f6cc-76cc-b059-8c20628ac001,40,2948,618705.0,{}
841,00003c5b-f6cc-76cc-b059-8c20628ac001,41,2379,53.7548053464959,{}
842,00003c5b-f6cc-76cc-b059-8c20628ac001,41,2948,1073883.0,{}
843,00003c5b-f6cc-76cc-b059-8c20628ac001,41,2948,1043967.0,{}
844,00003c5b-f6cc-76cc-b059-8c20628ac001,41,2948,1043825.0,{}
845,00003c5b-f6cc-76cc-b059-8c20628ac001,41,2948,1073082.0,{}
846,00003c5b-f6cc-76cc-b059-8c20628ac001,41,2948,1024564.0,{}
847,00003c5b-f6cc-76cc-b059-8c20628ac001,41,2948,619038.0,{}
848,00003c5b-f6cc-76cc-b059-8c20628ac001,41,2948,619334.0,{}
849,00003c5b-f6cc-76cc-b059-8c20628ac001,41,2948,619639.0,{}
850,00003c5b-f6cc-76cc-b059-8c20628ac001,41,2948,619550.0,{}
851,00003c5b-f6cc-76cc-b059-8c20628ac001,41,2948,618602.0,{}
852,00003c5b-f6cc-76cc-b059-8c20628ac001,41,2948,618730.0,{}
853,00003c5b-f6cc-76cc-b059-8c20628ac001,41,2948,619027.0,{}
854,00003c5b-f6cc-76cc-b059-8c20628ac001,41,2948,619306.0,{}
855,00003c5b-f6cc-76cc-b059-8c20628ac001,41,2948,618529.0,{}
856,00003c5b-f6cc-76cc-b059-8c20628ac001,41,2948,619299.0,{}
857,00003c5b-f6cc-76cc-b059-8c20628ac001,41,2948,1238481.0,{}
858,00003c5b-f6cc-76cc-b059-8c20628ac001,41,2948,928323.0,{}
859,00003c5b-f6cc-76cc-b059-8c20628ac001,41,2948,1238673.0,{}
860,00003c5b-f6cc-76cc-b059-8c20628ac001,41,2948,618576.0,{}
861,00003c5b-f6cc-76cc-b059-8c20628ac001,41,2948,1237161.0,{}
862,00003c5b-f6cc-76cc-b059-8c20628ac001,42,2379,53.7548053464959,{}
863,00003c5b-f6cc-76cc-b059-8c20628ac001,42,2948,1102999.0,{}
864,00003c5b-f6cc-76cc-b059-8c20628ac001,42,2948,1217203.0,{}
865,00003c5b-f6cc-76cc-b059-8c20628ac001,42,2948,996476.0,{}
866,00003c5b-f6cc-76cc-b059-8c20628ac001,42,2948,927960.0,{}
867,00003c5b-f6cc-76cc-b059-8c20628ac001,42,2948,1015347.0,{}
868,00003c5b-f6cc-76cc-b059-8c20628ac001,42,2948,619250.0,{}
869,00003c5b-f6cc-76cc-b059-8c20628ac001,42,2948,618691.0,{}
870,00003c5b-f6cc-76cc-b059-8c20628ac001,42,2948,619406.0,{}
871,00003c5b-f6cc-76cc-b059-8c20628ac001,42,2948,618975.0,{}
872,00003c5b-f6cc-76cc-b059-8c20628ac001,42,2948,618751.0,{}
873,00003c5b-f6cc-76cc-b059-8c20628ac001,42,2948,1237439.0,{}
874,00003c5b-f6cc-76cc-b059-8c20628ac001,42,2948,1238359.0,{}
875,00003c5b-f6cc-76cc-b059-8c20628ac001,42,2948,880500.0,{}
876,00003c5b-f6cc-76cc-b059-8c20628ac001,42,2948,1238521.0,{}
877,00003c5b-f6cc-76cc-b059-8c20628ac001,42,2948,667690.0,{}
878,00003c5b-f6cc-76cc-b059-8c20628ac001,42,2948,618647.0,{}
879,00003c5b-f6cc-76cc-b059-8c20628ac001,42,2948,619564.0,{}
880,00003c5b-f6cc-76cc-b059-8c20628ac001,42,2948,618617.0,{}
881,00003c5b-f6cc-76cc-b059-8c20628ac001,42,2948,618665.0,{}
882,00003c5b-f6cc-76cc-b059-8c20628ac001,42,2948,618529.0,{}
883,00003c5b-f6cc-76cc-b059-8c20628ac001,43,2379,53.7548053464959,{}
884,00003c5b-f6cc-76cc-b059-8c20628ac001,43,2948,1170148.0,{}
885,00003c5b-f6cc-76cc-b059-8c20628ac001,43,2948,1121194.0,{}
886,00003c5b-f6cc-76cc-b059-8c20628ac001,43,2948,996052.0,{}
887,00003c5b-f6cc-76cc-b059-8c20628ac001,43,2948,986348.0,{}
888,00003c5b-f6cc-76cc-b059-8c20628ac001,43,2948,986889.0,{}
889,00003c5b-f6cc-76cc-b059-8c20628ac001,43,2948,619159.0,{}
890,00003c5b-f6cc-76cc-b059-8c20628ac001,43,2948,618705.0,{}
891,00003c5b-f6cc-76cc-b059-8c20628ac001,43,2948,619417.0,{}
892,00003c5b-f6cc-76cc-b059-8c20628ac001,43,2948,618807.0,{}
893,00003c5b-f6cc-76cc-b059-8c20628ac001,43,2948,618732.0,{}
894,00003c5b-f6cc-76cc-b059-8c20628ac001,43,2948,619567.0,{}
895,00003c5b-f6cc-76cc-b059-8c20628ac001,43,2948,619511.0,{}
896,00003c5b-f6cc-76cc-b059-8c20628ac001,43,2948,618679.0,{}
897,00003c5b-f6cc-76cc-b059-8c20628ac001,43,2948,619697.0,{}
898,00003c5b-f6cc-76cc-b059-8c20628ac001,43,2948,618437.0,{}
899,00003c5b-f6cc-76cc-b059-8c20628ac001,43,2948,1228109.0,{}
900,00003c5b-f6cc-76cc-b059-8c20628ac001,43,2948,1160522.0,{}
901,00003c5b-f6cc-76cc-b059-8c20628ac001,43,2948,618597.0,{}
902,00003c5b-f6cc-76cc-b059-8c20628ac001,43,2948,1160025.0,{}
903,00003c5b-f6cc-76cc-b059-8c20628ac001,43,2948,1092994.0,{}
904,00003c5b-f6cc-76cc-b059-8c20628ac001,44,2379,53.7548053464959,{}
905,00003c5b-f6cc-76cc-b059-8c20628ac001,44,2948,1073509.0,{}
906,00003c5b-f6cc-76cc-b059-8c20628ac001,44,2948,1005809.0,{}
907,00003c5b-f6cc-76cc-b059-8c20628ac001,44,2948,985876.0,{}
908,00003c5b-f6cc-76cc-b059-8c20628ac001,44,2948,1208350.0,{}
909,00003c5b-f6cc-76cc-b059-8c20628ac001,44,2948,986587.0,{}
910,00003c5b-f6cc-76cc-b059-8c20628ac001,44,2948,618646.0,{}
911,00003c5b-f6cc-76cc-b059-8c20628ac001,44,2948,619401.0,{}
912,00003c5b-f6cc-76cc-b059-8c20628ac001,44,2948,618980.0,{}
913,00003c5b-f6cc-76cc-b059-8c20628ac001,44,2948,618646.0,{}
914,00003c5b-f6cc-76cc-b059-8c20628ac001,44,2948,619205.0,{}
915,00003c5b-f6cc-76cc-b059-8c20628ac001,44,2948,618529.0,{}
916,00003c5b-f6cc-76cc-b059-8c20628ac001,44,2948,618705.0,{}
917,00003c5b-f6cc-76cc-b059-8c20628ac001,44,2948,619098.0,{}
918,00003c5b-f6cc-76cc-b059-8c20628ac001,44,2948,619303.0,{}
919,00003c5b-f6cc-76cc-b059-8c20628ac001,44,2948,619528.0,{}
920,00003c5b-f6cc-76cc-b059-8c20628ac001,44,2948,1199480.0,{}
921,00003c5b-f6cc-76cc-b059-8c20628ac001,44,2948,909297.0,{}
922,00003c5b-f6cc-76cc-b059-8c20628ac001,44,2948,1016376.0,{}
923,00003c5b-f6cc-76cc-b059-8c20628ac001,44,2948,927950.0,{}
924,00003c5b-f6cc-76cc-b059-8c20628ac001,44,2948,1208314.0,{}
925,00003c5b-f6cc-76cc-b059-8c20628ac001,45,2379,53.7548053464959,{}
926,00003c5b-f6cc-76cc-b059-8c20628ac001,45,2948,1121435.0,{}
927,00003c5b-f6cc-76cc-b059-8c20628ac001,45,2948,1044311.0,{}
928,00003c5b-f6cc-76cc-b059-8c20628ac001,45,2948,1005651.0,{}
929,00003c5b-f6cc-76cc-b059-8c20628ac001,45,2948,1082767.0,{}
930,00003c5b-f6cc-76cc-b059-8c20628ac001,45,2948,1006164.0,{}
931,00003c5b-f6cc-76cc-b059-8c20628ac001,45,2948,618871.0,{}
932,00003c5b-f6cc-76cc-b059-8c20628ac001,45,2948,618749.0,{}
933,00003c5b-f6cc-76cc-b059-8c20628ac001,45,2948,619279.0,{}
934,00003c5b-f6cc-76cc-b059-8c20628ac001,45,2948,618478.0,{}
935,00003c5b-f6cc-76cc-b059-8c20628ac001,45,2948,618858.0,{}
936,00003c5b-f6cc-76cc-b059-8c20628ac001,45,2948,1238772.0,{}
937,00003c5b-f6cc-76cc-b059-8c20628ac001,45,2948,928732.0,{}
938,00003c5b-f6cc-76cc-b059-8c20628ac001,45,2948,1238614.0,{}
939,00003c5b-f6cc-76cc-b059-8c20628ac001,45,2948,928190.0,{}
940,00003c5b-f6cc-76cc-b059-8c20628ac001,45,2948,929234.0,{}
941,00003c5b-f6cc-76cc-b059-8c20628ac001,45,2948,618515.0,{}
942,00003c5b-f6cc-76cc-b059-8c20628ac001,45,2948,618654.0,{}
943,00003c5b-f6cc-76cc-b059-8c20628ac001,45,2948,618541.0,{}
944,00003c5b-f6cc-76cc-b059-8c20628ac001,45,2948,618644.0,{}
945,00003c5b-f6cc-76cc-b059-8c20628ac001,45,2948,619130.0,{}
946,00003c5b-f6cc-76cc-b059-8c20628ac001,46,2379,53.7548053464959,{}
947,00003c5b-f6cc-76cc-b059-8c20628ac001,46,2948,1111790.0,{}
948,00003c5b-f6cc-76cc-b059-8c20628ac001,46,2948,1005722.0,{}
949,00003c5b-f6cc-76cc-b059-8c20628ac001,46,2948,1073082.0,{}
950,00003c5b-f6cc-76cc-b059-8c20628ac001,46,2948,986872.0,{}
951,00003c5b-f6cc-76cc-b059-8c20628ac001,46,2948,1083124.0,{}
952,00003c5b-f6cc-76cc-b059-8c20628ac001,46,2948,618628.0,{}
953,00003c5b-f6cc-76cc-b059-8c20628ac001,46,2948,619420.0,{}
954,00003c5b-f6cc-76cc-b059-8c20628ac001,46,2948,619033.0,{}
955,00003c5b-f6cc-76cc-b059-8c20628ac001,46,2948,618574.0,{}
956,00003c5b-f6cc-76cc-b059-8c20628ac001,46,2948,619238.0,{}
957,00003c5b-f6cc-76cc-b059-8c20628ac001,46,2948,619358.0,{}
958,00003c5b-f6cc-76cc-b059-8c20628ac001,46,2948,618802.0,{}
959,00003c5b-f6cc-76cc-b059-8c20628ac001,46,2948,619627.0,{}
960,00003c5b-f6cc-76cc-b059-8c20628ac001,46,2948,618406.0,{}
961,00003c5b-f6cc-76cc-b059-8c20628ac001,46,2948,618654.0,{}
962,00003c5b-f6cc-76cc-b059-8c20628ac001,46,2948,1005204.0,{}
963,00003c5b-f6cc-76cc-b059-8c20628ac001,46,2948,1160468.0,{}
964,00003c5b-f6cc-76cc-b059-8c20628ac001,46,2948,1121663.0,{}
965,00003c5b-f6cc-76cc-b059-8c20628ac001,46,2948,986969.0,{}
966,00003c5b-f6cc-76cc-b059-8c20628ac001,46,2948,986955.0,{}
967,00003c5b-f6cc-76cc-b059-8c20628ac001,47,2379,53.7548053464959,{}
968,00003c5b-f6cc-76cc-b059-8c20628ac001,47,2948,1073498.0,{}
969,00003c5b-f6cc-76cc-b059-8c20628ac001,47,2948,1189324.0,{}
970,00003c5b-f6cc-76cc-b059-8c20628ac001,47,2948,822006.0,{}
971,00003c5b-f6cc-76cc-b059-8c20628ac001,47,2948,918656.0,{}
972,00003c5b-f6cc-76cc-b059-8c20628ac001,47,2948,919362.0,{}
973,00003c5b-f6cc-76cc-b059-8c20628ac001,47,2948,618605.0,{}
974,00003c5b-f6cc-76cc-b059-8c20628ac001,47,2948,783456.0,{}
975,00003c5b-f6cc-76cc-b059-8c20628ac001,47,2948,792963.0,{}
976,00003c5b-f6cc-76cc-b059-8c20628ac001,47,2948,618599.0,{}
977,00003c5b-f6cc-76cc-b059-8c20628ac001,47,2948,619205.0,{}
978,00003c5b-f6cc-76cc-b059-8c20628ac001,47,2948,802352.0,{}
979,00003c5b-f6cc-76cc-b059-8c20628ac001,47,2948,879242.0,{}
980,00003c5b-f6cc-76cc-b059-8c20628ac001,47,2948,899189.0,{}
981,00003c5b-f6cc-76cc-b059-8c20628ac001,47,2948,802752.0,{}
982,00003c5b-f6cc-76cc-b059-8c20628ac001,47,2948,957268.0,{}
983,00003c5b-f6cc-76cc-b059-8c20628ac001,47,2948,803575.0,{}
984,00003c5b-f6cc-76cc-b059-8c20628ac001,47,2948,802985.0,{}
985,00003c5b-f6cc-76cc-b059-8c20628ac001,47,2948,802756.0,{}
986,00003c5b-f6cc-76cc-b059-8c20628ac001,47,2948,803456.0,{}
987,00003c5b-f6cc-76cc-b059-8c20628ac001,47,2948,802340.0,{}
988,00003c5b-f6cc-76cc-b059-8c20628ac001,48,2379,53.7548053464959,{}
989,00003c5b-f6cc-76cc-b059-8c20628ac001,48,2948,1026087.0,{}
990,00003c5b-f6cc-76cc-b059-8c20628ac001,48,2948,1025228.0,{}
991,00003c5b-f6cc-76cc-b059-8c20628ac001,48,2948,1130677.0,{}
992,00003c5b-f6cc-76cc-b059-8c20628ac001,48,2948,1054912.0,{}
993,00003c5b-f6cc-76cc-b059-8c20628ac001,48,2948,1024768.0,{}
994,00003c5b-f6cc-76cc-b059-8c20628ac001,48,2948,618481.0,{}
995,00003c5b-f6cc-76cc-b059-8c20628ac001,48,2948,618550.0,{}
996,00003c5b-f6cc-76cc-b059-8c20628ac001,48,2948,618712.0,{}
997,00003c5b-f6cc-76cc-b059-8c20628ac001,48,2948,619146.0,{}
998,00003c5b-f6cc-76cc-b059-8c20628ac001,48,2948,619334.0,{}
999,00003c5b-f6cc-76cc-b059-8c20628ac001,48,2948,928251.0,{}
1000,00003c5b-f6cc-76cc-b059-8c20628ac001,48,2948,1237846.0,{}
1001,00003c5b-f6cc-76cc-b059-8c20628ac001,48,2948,1112375.0,{}
1002,00003c5b-f6cc-76cc-b059-8c20628ac001,48,2948,947389.0,{}
1003,00003c5b-f6cc-76cc-b059-8c20628ac001,48,2948,1034864.0,{}
1004,00003c5b-f6cc-76cc-b059-8c20628ac001,48,2948,618674.0,{}
1005,00003c5b-f6cc-76cc-b059-8c20628ac001,48,2948,619343.0,{}
1006,00003c5b-f6cc-76cc-b059-8c20628ac001,48,2948,618988.0,{}
1007,00003c5b-f6cc-76cc-b059-8c20628ac001,48,2948,618794.0,{}
1008,00003c5b-f6cc-76cc-b059-8c20628ac001,48,2948,619170.0,{}

=== TABLE: top_kernels ===name,total_calls,total_duration,average,percentage
gemm_gate_up_mq4g256_lloyd_wmma,39,104213.553,2672.142,99.8898507761113
__amd_rocclr_fillBufferAligned,6,95.197,15.866,0.0912473843429315
convert_f32_to_f16,3,19.72,6.573,0.0189018395458114

