=== TABLE: busy ===agent_id,type,GpuTime,WallTime,Busy
1,GPU,109336971,2749640815,0.0397640922419898

=== TABLE: rocpd_info_kernel_symbol ===id,guid,nid,pid,code_object_id,kernel_name,display_name,kernel_object,kernarg_segment_size,kernarg_segment_alignment,group_segment_size,private_segment_size,sgpr_count,arch_vgpr_count,accum_vgpr_count,extdata
1,00003ca5-e685-7685-81bc-3cafc9a06eba,1655282045,1291619,1,__amd_rocclr_initHeap.kd,__amd_rocclr_initHeap,134835066757888,24,16,0,0,128,16,0,"{""size"":88,""kernel_id"":1,""code_object_id"":1,""kernel_name"":""__amd_rocclr_initHeap.kd"",""kernel_object"":134835066757888,""kernarg_segment_size"":24,""kernarg_segment_alignment"":16,""group_segment_size"":0,""private_segment_size"":0,""sgpr_count"":128,""arch_vgpr_count"":16,""accum_vgpr_count"":0,""kernel_code_entry_byte_offset"":16896,""kernel_address"":{""handle"":134835066774784},""formatted_kernel_name"":""__amd_rocclr_initHeap"",""demangled_kernel_name"":""__amd_rocclr_initHeap.kd"",""truncated_kernel_name"":""__amd_rocclr_initHeap.kd""}"
2,00003ca5-e685-7685-81bc-3cafc9a06eba,1655282045,1291619,1,__amd_rocclr_streamOpsWait.kd,__amd_rocclr_streamOpsWait,134835066757824,40,16,0,0,128,8,0,"{""size"":88,""kernel_id"":2,""code_object_id"":1,""kernel_name"":""__amd_rocclr_streamOpsWait.kd"",""kernel_object"":134835066757824,""kernarg_segment_size"":40,""kernarg_segment_alignment"":16,""group_segment_size"":0,""private_segment_size"":0,""sgpr_count"":128,""arch_vgpr_count"":8,""accum_vgpr_count"":0,""kernel_code_entry_byte_offset"":16192,""kernel_address"":{""handle"":134835066774016},""formatted_kernel_name"":""__amd_rocclr_streamOpsWait"",""demangled_kernel_name"":""__amd_rocclr_streamOpsWait.kd"",""truncated_kernel_name"":""__amd_rocclr_streamOpsWait.kd""}"
3,00003ca5-e685-7685-81bc-3cafc9a06eba,1655282045,1291619,1,__amd_rocclr_streamOpsIncrement.kd,__amd_rocclr_streamOpsIncrement,134835066757696,24,16,0,0,128,8,0,"{""size"":88,""kernel_id"":3,""code_object_id"":1,""kernel_name"":""__amd_rocclr_streamOpsIncrement.kd"",""kernel_object"":134835066757696,""kernarg_segment_size"":24,""kernarg_segment_alignment"":16,""group_segment_size"":0,""private_segment_size"":0,""sgpr_count"":128,""arch_vgpr_count"":8,""accum_vgpr_count"":0,""kernel_code_entry_byte_offset"":15808,""kernel_address"":{""handle"":134835066773504},""formatted_kernel_name"":""__amd_rocclr_streamOpsIncrement"",""demangled_kernel_name"":""__amd_rocclr_streamOpsIncrement.kd"",""truncated_kernel_name"":""__amd_rocclr_streamOpsIncrement.kd""}"
4,00003ca5-e685-7685-81bc-3cafc9a06eba,1655282045,1291619,1,__amd_rocclr_fillBufferAligned.kd,__amd_rocclr_fillBufferAligned,134835066756864,40,16,0,0,128,16,0,"{""size"":88,""kernel_id"":4,""code_object_id"":1,""kernel_name"":""__amd_rocclr_fillBufferAligned.kd"",""kernel_object"":134835066756864,""kernarg_segment_size"":40,""kernarg_segment_alignment"":16,""group_segment_size"":0,""private_segment_size"":0,""sgpr_count"":128,""arch_vgpr_count"":16,""accum_vgpr_count"":0,""kernel_code_entry_byte_offset"":5376,""kernel_address"":{""handle"":134835066762240},""formatted_kernel_name"":""__amd_rocclr_fillBufferAligned"",""demangled_kernel_name"":""__amd_rocclr_fillBufferAligned.kd"",""truncated_kernel_name"":""__amd_rocclr_fillBufferAligned.kd""}"
5,00003ca5-e685-7685-81bc-3cafc9a06eba,1655282045,1291619,1,__amd_rocclr_fillBufferAligned2D.kd,__amd_rocclr_fillBufferAligned2D,134835066756928,336,16,0,0,128,8,0,"{""size"":88,""kernel_id"":5,""code_object_id"":1,""kernel_name"":""__amd_rocclr_fillBufferAligned2D.kd"",""kernel_object"":134835066756928,""kernarg_segment_size"":336,""kernarg_segment_alignment"":16,""group_segment_size"":0,""private_segment_size"":0,""sgpr_count"":128,""arch_vgpr_count"":8,""accum_vgpr_count"":0,""kernel_code_entry_byte_offset"":6848,""kernel_address"":{""handle"":134835066763776},""formatted_kernel_name"":""__amd_rocclr_fillBufferAligned2D"",""demangled_kernel_name"":""__amd_rocclr_fillBufferAligned2D.kd"",""truncated_kernel_name"":""__amd_rocclr_fillBufferAligned2D.kd""}"
6,00003ca5-e685-7685-81bc-3cafc9a06eba,1655282045,1291619,1,__amd_rocclr_fillImage.kd,__amd_rocclr_fillImage,134835066757312,360,16,0,0,128,16,0,"{""size"":88,""kernel_id"":6,""code_object_id"":1,""kernel_name"":""__amd_rocclr_fillImage.kd"",""kernel_object"":134835066757312,""kernarg_segment_size"":360,""kernarg_segment_alignment"":16,""group_segment_size"":0,""private_segment_size"":0,""sgpr_count"":128,""arch_vgpr_count"":16,""accum_vgpr_count"":0,""kernel_code_entry_byte_offset"":11584,""kernel_address"":{""handle"":134835066768896},""formatted_kernel_name"":""__amd_rocclr_fillImage"",""demangled_kernel_name"":""__amd_rocclr_fillImage.kd"",""truncated_kernel_name"":""__amd_rocclr_fillImage.kd""}"
7,00003ca5-e685-7685-81bc-3cafc9a06eba,1655282045,1291619,1,__amd_rocclr_copyBuffer.kd,__amd_rocclr_copyBuffer,134835066756992,48,16,0,0,128,16,0,"{""size"":88,""kernel_id"":7,""code_object_id"":1,""kernel_name"":""__amd_rocclr_copyBuffer.kd"",""kernel_object"":134835066756992,""kernarg_segment_size"":48,""kernarg_segment_alignment"":16,""group_segment_size"":0,""private_segment_size"":0,""sgpr_count"":128,""arch_vgpr_count"":16,""accum_vgpr_count"":0,""kernel_code_entry_byte_offset"":7552,""kernel_address"":{""handle"":134835066764544},""formatted_kernel_name"":""__amd_rocclr_copyBuffer"",""demangled_kernel_name"":""__amd_rocclr_copyBuffer.kd"",""truncated_kernel_name"":""__amd_rocclr_copyBuffer.kd""}"
8,00003ca5-e685-7685-81bc-3cafc9a06eba,1655282045,1291619,1,__amd_rocclr_copyBufferRect.kd,__amd_rocclr_copyBufferRect,134835066757120,384,16,0,0,128,16,0,"{""size"":88,""kernel_id"":8,""code_object_id"":1,""kernel_name"":""__amd_rocclr_copyBufferRect.kd"",""kernel_object"":134835066757120,""kernarg_segment_size"":384,""kernarg_segment_alignment"":16,""group_segment_size"":0,""private_segment_size"":0,""sgpr_count"":128,""arch_vgpr_count"":16,""accum_vgpr_count"":0,""kernel_code_entry_byte_offset"":8704,""kernel_address"":{""handle"":134835066765824},""formatted_kernel_name"":""__amd_rocclr_copyBufferRect"",""demangled_kernel_name"":""__amd_rocclr_copyBufferRect.kd"",""truncated_kernel_name"":""__amd_rocclr_copyBufferRect.kd""}"
9,00003ca5-e685-7685-81bc-3cafc9a06eba,1655282045,1291619,1,__amd_rocclr_copyImage.kd,__amd_rocclr_copyImage,134835066757376,320,16,0,0,128,8,0,"{""size"":88,""kernel_id"":9,""code_object_id"":1,""kernel_name"":""__amd_rocclr_copyImage.kd"",""kernel_object"":134835066757376,""kernarg_segment_size"":320,""kernarg_segment_alignment"":16,""group_segment_size"":0,""private_segment_size"":0,""sgpr_count"":128,""arch_vgpr_count"":8,""accum_vgpr_count"":0,""kernel_code_entry_byte_offset"":12288,""kernel_address"":{""handle"":134835066769664},""formatted_kernel_name"":""__amd_rocclr_copyImage"",""demangled_kernel_name"":""__amd_rocclr_copyImage.kd"",""truncated_kernel_name"":""__amd_rocclr_copyImage.kd""}"
10,00003ca5-e685-7685-81bc-3cafc9a06eba,1655282045,1291619,1,__amd_rocclr_copyImageToBuffer.kd,__amd_rocclr_copyImageToBuffer,134835066757568,416,16,0,0,128,16,0,"{""size"":88,""kernel_id"":10,""code_object_id"":1,""kernel_name"":""__amd_rocclr_copyImageToBuffer.kd"",""kernel_object"":134835066757568,""kernarg_segment_size"":416,""kernarg_segment_alignment"":16,""group_segment_size"":0,""private_segment_size"":0,""sgpr_count"":128,""arch_vgpr_count"":16,""accum_vgpr_count"":0,""kernel_code_entry_byte_offset"":14400,""kernel_address"":{""handle"":134835066771968},""formatted_kernel_name"":""__amd_rocclr_copyImageToBuffer"",""demangled_kernel_name"":""__amd_rocclr_copyImageToBuffer.kd"",""truncated_kernel_name"":""__amd_rocclr_copyImageToBuffer.kd""}"
11,00003ca5-e685-7685-81bc-3cafc9a06eba,1655282045,1291619,1,__amd_rocclr_copyBufferAligned.kd,__amd_rocclr_copyBufferAligned,134835066757056,304,16,0,0,128,8,0,"{""size"":88,""kernel_id"":11,""code_object_id"":1,""kernel_name"":""__amd_rocclr_copyBufferAligned.kd"",""kernel_object"":134835066757056,""kernarg_segment_size"":304,""kernarg_segment_alignment"":16,""group_segment_size"":0,""private_segment_size"":0,""sgpr_count"":128,""arch_vgpr_count"":8,""accum_vgpr_count"":0,""kernel_code_entry_byte_offset"":8256,""kernel_address"":{""handle"":134835066765312},""formatted_kernel_name"":""__amd_rocclr_copyBufferAligned"",""demangled_kernel_name"":""__amd_rocclr_copyBufferAligned.kd"",""truncated_kernel_name"":""__amd_rocclr_copyBufferAligned.kd""}"
12,00003ca5-e685-7685-81bc-3cafc9a06eba,1655282045,1291619,1,__amd_rocclr_copyBufferRectAligned.kd,__amd_rocclr_copyBufferRectAligned,134835066757184,384,16,0,0,128,16,0,"{""size"":88,""kernel_id"":12,""code_object_id"":1,""kernel_name"":""__amd_rocclr_copyBufferRectAligned.kd"",""kernel_object"":134835066757184,""kernarg_segment_size"":384,""kernarg_segment_alignment"":16,""group_segment_size"":0,""private_segment_size"":0,""sgpr_count"":128,""arch_vgpr_count"":16,""accum_vgpr_count"":0,""kernel_code_entry_byte_offset"":9152,""kernel_address"":{""handle"":134835066766336},""formatted_kernel_name"":""__amd_rocclr_copyBufferRectAligned"",""demangled_kernel_name"":""__amd_rocclr_copyBufferRectAligned.kd"",""truncated_kernel_name"":""__amd_rocclr_copyBufferRectAligned.kd""}"
13,00003ca5-e685-7685-81bc-3cafc9a06eba,1655282045,1291619,1,__amd_rocclr_batchMemOp.kd,__amd_rocclr_batchMemOp,134835066757248,272,16,0,0,128,8,0,"{""size"":88,""kernel_id"":13,""code_object_id"":1,""kernel_name"":""__amd_rocclr_batchMemOp.kd"",""kernel_object"":134835066757248,""kernarg_segment_size"":272,""kernarg_segment_alignment"":16,""group_segment_size"":0,""private_segment_size"":0,""sgpr_count"":128,""arch_vgpr_count"":8,""accum_vgpr_count"":0,""kernel_code_entry_byte_offset"":9856,""kernel_address"":{""handle"":134835066767104},""formatted_kernel_name"":""__amd_rocclr_batchMemOp"",""demangled_kernel_name"":""__amd_rocclr_batchMemOp.kd"",""truncated_kernel_name"":""__amd_rocclr_batchMemOp.kd""}"
14,00003ca5-e685-7685-81bc-3cafc9a06eba,1655282045,1291619,1,__amd_rocclr_copyImage1DA.kd,__amd_rocclr_copyImage1DA,134835066757440,320,16,0,0,128,8,0,"{""size"":88,""kernel_id"":14,""code_object_id"":1,""kernel_name"":""__amd_rocclr_copyImage1DA.kd"",""kernel_object"":134835066757440,""kernarg_segment_size"":320,""kernarg_segment_alignment"":16,""group_segment_size"":0,""private_segment_size"":0,""sgpr_count"":128,""arch_vgpr_count"":8,""accum_vgpr_count"":0,""kernel_code_entry_byte_offset"":12736,""kernel_address"":{""handle"":134835066770176},""formatted_kernel_name"":""__amd_rocclr_copyImage1DA"",""demangled_kernel_name"":""__amd_rocclr_copyImage1DA.kd"",""truncated_kernel_name"":""__amd_rocclr_copyImage1DA.kd""}"
15,00003ca5-e685-7685-81bc-3cafc9a06eba,1655282045,1291619,1,__amd_rocclr_copyBufferToImage.kd,__amd_rocclr_copyBufferToImage,134835066757504,416,16,0,0,128,16,0,"{""size"":88,""kernel_id"":15,""code_object_id"":1,""kernel_name"":""__amd_rocclr_copyBufferToImage.kd"",""kernel_object"":134835066757504,""kernarg_segment_size"":416,""kernarg_segment_alignment"":16,""group_segment_size"":0,""private_segment_size"":0,""sgpr_count"":128,""arch_vgpr_count"":16,""accum_vgpr_count"":0,""kernel_code_entry_byte_offset"":13184,""kernel_address"":{""handle"":134835066770688},""formatted_kernel_name"":""__amd_rocclr_copyBufferToImage"",""demangled_kernel_name"":""__amd_rocclr_copyBufferToImage.kd"",""truncated_kernel_name"":""__amd_rocclr_copyBufferToImage.kd""}"
16,00003ca5-e685-7685-81bc-3cafc9a06eba,1655282045,1291619,1,__amd_rocclr_streamOpsDecrement.kd,__amd_rocclr_streamOpsDecrement,134835066757760,24,16,0,0,128,8,0,"{""size"":88,""kernel_id"":16,""code_object_id"":1,""kernel_name"":""__amd_rocclr_streamOpsDecrement.kd"",""kernel_object"":134835066757760,""kernarg_segment_size"":24,""kernarg_segment_alignment"":16,""group_segment_size"":0,""private_segment_size"":0,""sgpr_count"":128,""arch_vgpr_count"":8,""accum_vgpr_count"":0,""kernel_code_entry_byte_offset"":16000,""kernel_address"":{""handle"":134835066773760},""formatted_kernel_name"":""__amd_rocclr_streamOpsDecrement"",""demangled_kernel_name"":""__amd_rocclr_streamOpsDecrement.kd"",""truncated_kernel_name"":""__amd_rocclr_streamOpsDecrement.kd""}"
17,00003ca5-e685-7685-81bc-3cafc9a06eba,1655282045,1291619,1,__amd_rocclr_streamOpsWrite.kd,__amd_rocclr_streamOpsWrite,134835066757632,24,16,0,0,128,8,0,"{""size"":88,""kernel_id"":17,""code_object_id"":1,""kernel_name"":""__amd_rocclr_streamOpsWrite.kd"",""kernel_object"":134835066757632,""kernarg_segment_size"":24,""kernarg_segment_alignment"":16,""group_segment_size"":0,""private_segment_size"":0,""sgpr_count"":128,""arch_vgpr_count"":8,""accum_vgpr_count"":0,""kernel_code_entry_byte_offset"":15616,""kernel_address"":{""handle"":134835066773248},""formatted_kernel_name"":""__amd_rocclr_streamOpsWrite"",""demangled_kernel_name"":""__amd_rocclr_streamOpsWrite.kd"",""truncated_kernel_name"":""__amd_rocclr_streamOpsWrite.kd""}"
18,00003ca5-e685-7685-81bc-3cafc9a06eba,1655282045,1291619,2,gemm_gate_up_mq4g256_lloyd_wmma.kd,gemm_gate_up_mq4g256_lloyd_wmma,134835066685376,56,16,512,0,128,96,0,"{""size"":88,""kernel_id"":18,""code_object_id"":2,""kernel_name"":""gemm_gate_up_mq4g256_lloyd_wmma.kd"",""kernel_object"":134835066685376,""kernarg_segment_size"":56,""kernarg_segment_alignment"":16,""group_segment_size"":512,""private_segment_size"":0,""sgpr_count"":128,""arch_vgpr_count"":96,""accum_vgpr_count"":0,""kernel_code_entry_byte_offset"":4160,""kernel_address"":{""handle"":134835066689536},""formatted_kernel_name"":""gemm_gate_up_mq4g256_lloyd_wmma"",""demangled_kernel_name"":""gemm_gate_up_mq4g256_lloyd_wmma.kd"",""truncated_kernel_name"":""gemm_gate_up_mq4g256_lloyd_wmma.kd""}"
19,00003ca5-e685-7685-81bc-3cafc9a06eba,1655282045,1291619,3,gemm_hfq4g256_residual_fp16.kd,gemm_hfq4g256_residual_fp16,134835054889472,36,16,0,0,128,104,0,"{""size"":88,""kernel_id"":19,""code_object_id"":3,""kernel_name"":""gemm_hfq4g256_residual_fp16.kd"",""kernel_object"":134835054889472,""kernarg_segment_size"":36,""kernarg_segment_alignment"":16,""group_segment_size"":0,""private_segment_size"":0,""sgpr_count"":128,""arch_vgpr_count"":104,""accum_vgpr_count"":0,""kernel_code_entry_byte_offset"":4608,""kernel_address"":{""handle"":134835054894080},""formatted_kernel_name"":""gemm_hfq4g256_residual_fp16"",""demangled_kernel_name"":""gemm_hfq4g256_residual_fp16.kd"",""truncated_kernel_name"":""gemm_hfq4g256_residual_fp16.kd""}"
20,00003ca5-e685-7685-81bc-3cafc9a06eba,1655282045,1291619,3,convert_f32_to_f16.kd,convert_f32_to_f16,134835054889408,20,16,0,0,128,8,0,"{""size"":88,""kernel_id"":20,""code_object_id"":3,""kernel_name"":""convert_f32_to_f16.kd"",""kernel_object"":134835054889408,""kernarg_segment_size"":20,""kernarg_segment_alignment"":16,""group_segment_size"":0,""private_segment_size"":0,""sgpr_count"":128,""arch_vgpr_count"":8,""accum_vgpr_count"":0,""kernel_code_entry_byte_offset"":4416,""kernel_address"":{""handle"":134835054893824},""formatted_kernel_name"":""convert_f32_to_f16"",""demangled_kernel_name"":""convert_f32_to_f16.kd"",""truncated_kernel_name"":""convert_f32_to_f16.kd""}"
21,00003ca5-e685-7685-81bc-3cafc9a06eba,1655282045,1291619,4,gemm_gate_up_mq4g256_lloyd_wmma.kd,gemm_gate_up_mq4g256_lloyd_wmma,134835054692288,56,16,512,0,128,96,0,"{""size"":88,""kernel_id"":21,""code_object_id"":4,""kernel_name"":""gemm_gate_up_mq4g256_lloyd_wmma.kd"",""kernel_object"":134835054692288,""kernarg_segment_size"":56,""kernarg_segment_alignment"":16,""group_segment_size"":512,""private_segment_size"":0,""sgpr_count"":128,""arch_vgpr_count"":96,""accum_vgpr_count"":0,""kernel_code_entry_byte_offset"":4160,""kernel_address"":{""handle"":134835054696448},""formatted_kernel_name"":""gemm_gate_up_mq4g256_lloyd_wmma"",""demangled_kernel_name"":""gemm_gate_up_mq4g256_lloyd_wmma.kd"",""truncated_kernel_name"":""gemm_gate_up_mq4g256_lloyd_wmma.kd""}"
22,00003ca5-e685-7685-81bc-3cafc9a06eba,1655282045,1291619,5,gemm_hfq4g256_residual_fp16.kd,gemm_hfq4g256_residual_fp16,134835054610944,36,16,0,0,128,104,0,"{""size"":88,""kernel_id"":22,""code_object_id"":5,""kernel_name"":""gemm_hfq4g256_residual_fp16.kd"",""kernel_object"":134835054610944,""kernarg_segment_size"":36,""kernarg_segment_alignment"":16,""group_segment_size"":0,""private_segment_size"":0,""sgpr_count"":128,""arch_vgpr_count"":104,""accum_vgpr_count"":0,""kernel_code_entry_byte_offset"":4608,""kernel_address"":{""handle"":134835054615552},""formatted_kernel_name"":""gemm_hfq4g256_residual_fp16"",""demangled_kernel_name"":""gemm_hfq4g256_residual_fp16.kd"",""truncated_kernel_name"":""gemm_hfq4g256_residual_fp16.kd""}"
23,00003ca5-e685-7685-81bc-3cafc9a06eba,1655282045,1291619,5,convert_f32_to_f16.kd,convert_f32_to_f16,134835054610880,20,16,0,0,128,8,0,"{""size"":88,""kernel_id"":23,""code_object_id"":5,""kernel_name"":""convert_f32_to_f16.kd"",""kernel_object"":134835054610880,""kernarg_segment_size"":20,""kernarg_segment_alignment"":16,""group_segment_size"":0,""private_segment_size"":0,""sgpr_count"":128,""arch_vgpr_count"":8,""accum_vgpr_count"":0,""kernel_code_entry_byte_offset"":4416,""kernel_address"":{""handle"":134835054615296},""formatted_kernel_name"":""convert_f32_to_f16"",""demangled_kernel_name"":""convert_f32_to_f16.kd"",""truncated_kernel_name"":""convert_f32_to_f16.kd""}"
24,00003ca5-e685-7685-81bc-3cafc9a06eba,1655282045,1291619,6,gemm_gate_up_mq4g256_lloyd_wmma.kd,gemm_gate_up_mq4g256_lloyd_wmma,134835050776512,56,16,512,0,128,96,0,"{""size"":88,""kernel_id"":24,""code_object_id"":6,""kernel_name"":""gemm_gate_up_mq4g256_lloyd_wmma.kd"",""kernel_object"":134835050776512,""kernarg_segment_size"":56,""kernarg_segment_alignment"":16,""group_segment_size"":512,""private_segment_size"":0,""sgpr_count"":128,""arch_vgpr_count"":96,""accum_vgpr_count"":0,""kernel_code_entry_byte_offset"":4160,""kernel_address"":{""handle"":134835050780672},""formatted_kernel_name"":""gemm_gate_up_mq4g256_lloyd_wmma"",""demangled_kernel_name"":""gemm_gate_up_mq4g256_lloyd_wmma.kd"",""truncated_kernel_name"":""gemm_gate_up_mq4g256_lloyd_wmma.kd""}"
25,00003ca5-e685-7685-81bc-3cafc9a06eba,1655282045,1291619,7,gemm_hfq4g256_residual_fp16.kd,gemm_hfq4g256_residual_fp16,134835050711552,36,16,0,0,128,104,0,"{""size"":88,""kernel_id"":25,""code_object_id"":7,""kernel_name"":""gemm_hfq4g256_residual_fp16.kd"",""kernel_object"":134835050711552,""kernarg_segment_size"":36,""kernarg_segment_alignment"":16,""group_segment_size"":0,""private_segment_size"":0,""sgpr_count"":128,""arch_vgpr_count"":104,""accum_vgpr_count"":0,""kernel_code_entry_byte_offset"":4608,""kernel_address"":{""handle"":134835050716160},""formatted_kernel_name"":""gemm_hfq4g256_residual_fp16"",""demangled_kernel_name"":""gemm_hfq4g256_residual_fp16.kd"",""truncated_kernel_name"":""gemm_hfq4g256_residual_fp16.kd""}"
26,00003ca5-e685-7685-81bc-3cafc9a06eba,1655282045,1291619,7,convert_f32_to_f16.kd,convert_f32_to_f16,134835050711488,20,16,0,0,128,8,0,"{""size"":88,""kernel_id"":26,""code_object_id"":7,""kernel_name"":""convert_f32_to_f16.kd"",""kernel_object"":134835050711488,""kernarg_segment_size"":20,""kernarg_segment_alignment"":16,""group_segment_size"":0,""private_segment_size"":0,""sgpr_count"":128,""arch_vgpr_count"":8,""accum_vgpr_count"":0,""kernel_code_entry_byte_offset"":4416,""kernel_address"":{""handle"":134835050715904},""formatted_kernel_name"":""convert_f32_to_f16"",""demangled_kernel_name"":""convert_f32_to_f16.kd"",""truncated_kernel_name"":""convert_f32_to_f16.kd""}"

=== TABLE: rocpd_info_pmc ===id,guid,nid,pid,agent_id,target_arch,event_code,instance_id,name,symbol,description,long_description,component,units,value_type,block,expression,is_constant,is_derived,extdata
2450,00003ca5-e685-7685-81bc-3cafc9a06eba,1655282045,1291619,1,GPU,,,MeanOccupancyPerActiveCU,MeanOccupancyPerActiveCU,"Mean occupancy per active compute unit.","",rocm,"",ABS,"","reduce(SQ_WAVE_CYCLES,sum)/reduce(SQ_BUSY_CYCLES,sum)",0,1,"{""size"":312,""id"":{""handle"":621},""type"":2,""cpu_cores_count"":0,""simd_count"":80,""mem_banks_count"":1,""caches_count"":86,""io_links_count"":1,""cpu_core_id_base"":0,""simd_id_base"":2147487744,""max_waves_per_simd"":16,""lds_size_in_kb"":64,""gds_size_in_kb"":0,""num_gws"":64,""wave_front_size"":32,""num_xcc"":1,""cu_count"":40,""array_count"":4,""num_shader_banks"":2,""simd_arrays_per_engine"":2,""cu_per_simd_array"":10,""simd_per_cu"":2,""max_slots_scratch_cu"":32,""gfx_target_version"":110501,""vendor_id"":4098,""device_id"":5510,""location_id"":50432,""domain"":0,""drm_render_minor"":128,""num_sdma_engines"":1,""num_sdma_xgmi_engines"":0,""num_sdma_queues_per_engine"":6,""num_cp_queues"":8,""max_engine_clk_ccompute"":5187,""max_engine_clk_fcompute"":2900,""sdma_fw_version"":{""uCodeSDMA"":14,""uCodeRes"":0},""fw_version"":{""uCode"":32,""Major"":0,""Minor"":0,""Stepping"":0},""capability"":{""HotPluggable"":0,""HSAMMUPresent"":0,""SharedWithGraphics"":0,""QueueSizePowerOfTwo"":0,""QueueSize32bit"":0,""QueueIdleEvent"":0,""VALimit"":0,""WatchPointsSupported"":1,""WatchPointsTotalBits"":2,""DoorbellType"":2,""AQLQueueDoubleMap"":0,""DebugTrapSupported"":1,""WaveLaunchTrapOverrideSupported"":1,""WaveLaunchModeSupported"":1,""PreciseMemoryOperationsSupported"":0,""DEPRECATED_SRAM_EDCSupport"":0,""Mem_EDCSupport"":0,""RASEventNotify"":0,""ASICRevision"":0,""SRAM_EDCSupport"":0,""SVMAPISupported"":1,""CoherentHostAccess"":0,""DebugSupportedFirmware"":1},""cu_per_engine"":20,""max_waves_per_cu"":32,""family_id"":150,""workgroup_max_size"":1024,""grid_max_size"":4294967295,""local_mem_size"":0,""hive_id"":0,""gpu_id"":35128,""workgroup_max_dim"":{""x"":1024,""y"":1024,""z"":1024},""grid_max_dim"":{""x"":2147483647,""y"":65535,""z"":65535},""name"":""gfx1151"",""vendor_name"":""AMD"",""product_name"":""Radeon 8060S Graphics"",""model_name"":""ip discovery"",""node_id"":1,""logical_node_id"":1,""logical_node_type_id"":0,""runtime_visibility"":{""hsa"":1,""hip"":1,""rccl"":1,""rocdecode"":1},""uuid"":{""bytes"":{""value0"":0,""value1"":0,""value2"":0,""value3"":0,""value4"":0,""value5"":0,""value6"":0,""value7"":0,""value8"":0,""value9"":0,""value10"":0,""value11"":0,""value12"":0,""value13"":0,""value14"":0,""value15"":0}},""mem_banks"":[{""heap_type"":1,""flags"":{""HotPluggable"":0,""NonVolatile"":0},""width"":256,""mem_clk_max"":1000,""size_in_bytes"":137438953472}],""caches"":[{""processor_id_low"":2147487744,""size"":32,""level"":1,""cache_line_size"":128,""cache_lines_per_tag"":0,""association"":0,""latency"":0,""type"":{""Data"":1,""Instruction"":0,""CPU"":0,""HSACU"":1}},{""processor_id_low"":2147487745,""size"":32,""level"":1,""cache_line_size"":128,""cache_lines_per_tag"":0,""association"":0,""latency"":0,""type"":{""Data"":1,""Instruction"":0,""CPU"":0,""HSACU"":1}},{""processor_id_low"":2147487746,""size"":32,""level"":1,""cache_line_size"":128,""cache_lines_per_tag"":0,""association"":0,""latency"":0,""type"":{""Data"":1,""Instruction"":0,""CPU"":0,""HSACU"":1}},{""processor_id_low"":2147487747,""size"":32,""level"":1,""cache_line_size"":128,""cache_lines_per_tag"":0,""association"":0,""latency"":0,""type"":{""Data"":1,""Instruction"":0,""CPU"":0,""HSACU"":1}},{""processor_id_low"":2147487748,""size"":32,""level"":1,""cache_line_size"":128,""cache_lines_per_tag"":0,""association"":0,""latency"":0,""type"":{""Data"":1,""Instruction"":0,""CPU"":0,""HSACU"":1}},{""processor_id_low"":2147487749,""size"":32,""level"":1,""cache_line_size"":128,""cache_lines_per_tag"":0,""association"":0,""latency"":0,""type"":{""Data"":1,""Instruction"":0,""CPU"":0,""HSACU"":1}},{""processor_id_low"":2147487750,""size"":32,""level"":1,""cache_line_size"":128,""cache_lines_per_tag"":0,""association"":0,""latency"":0,""type"":{""Data"":1,""Instruction"":0,""CPU"":0,""HSACU"":1}},{""processor_id_low"":2147487751,""size"":32,""level"":1,""cache_line_size"":128,""cache_lines_per_tag"":0,""association"":0,""latency"":0,""type"":{""Data"":1,""Instruction"":0,""CPU"":0,""HSACU"":1}},{""processor_id_low"":2147487752,""size"":32,""level"":1,""cache_line_size"":128,""cache_lines_per_tag"":0,""association"":0,""latency"":0,""type"":{""Data"":1,""Instruction"":0,""CPU"":0,""HSACU"":1}},{""processor_id_low"":2147487753,""size"":32,""level"":1,""cache_line_size"":128,""cache_lines_per_tag"":0,""association"":0,""latency"":0,""type"":{""Data"":1,""Instruction"":0,""CPU"":0,""HSACU"":1}},{""processor_id_low"":2147487754,""size"":32,""level"":1,""cache_line_size"":128,""cache_lines_per_tag"":0,""association"":0,""latency"":0,""type"":{""Data"":1,""Instruction"":0,""CPU"":0,""HSACU"":1}},{""processor_id_low"":2147487755,""size"":32,""level"":1,""cache_line_size"":128,""cache_lines_per_tag"":0,""association"":0,""latency"":0,""type"":{""Data"":1,""Instruction"":0,""CPU"":0,""HSACU"":1}},{""processor_id_low"":2147487756,""size"":32,""level"":1,""cache_line_size"":128,""cache_lines_per_tag"":0,""association"":0,""latency"":0,""type"":{""Data"":1,""Instruction"":0,""CPU"":0,""HSACU"":1}},{""processor_id_low"":2147487757,""size"":32,""level"":1,""cache_line_size"":128,""cache_lines_per_tag"":0,""association"":0,""latency"":0,""type"":{""Data"":1,""Instruction"":0,""CPU"":0,""HSACU"":1}},{""processor_id_low"":2147487758,""size"":32,""level"":1,""cache_line_size"":128,""cache_lines_per_tag"":0,""association"":0,""latency"":0,""type"":{""Data"":1,""Instruction"":0,""CPU"":0,""HSACU"":1}},{""processor_id_low"":2147487759,""size"":32,""level"":1,""cache_line_size"":128,""cache_lines_per_tag"":0,""association"":0,""latency"":0,""type"":{""Data"":1,""Instruction"":0,""CPU"":0,""HSACU"":1}},{""processor_id_low"":2147487760,""size"":32,""level"":1,""cache_line_size"":128,""cache_lines_per_tag"":0,""association"":0,""latency"":0,""type"":{""Data"":1,""Instruction"":0,""CPU"":0,""HSACU"":1}},{""processor_id_low"":2147487761,""size"":32,""level"":1,""cache_line_size"":128,""cache_lines_per_tag"":0,""association"":0,""latency"":0,""type"":{""Data"":1,""Instruction"":0,""CPU"":0,""HSACU"":1}},{""processor_id_low"":2147487762,""size"":32,""level"":1,""cache_line_size"":128,""cache_lines_per_tag"":0,""association"":0,""latency"":0,""type"":{""Data"":1,""Instruction"":0,""CPU"":0,""HSACU"":1}},{""processor_id_low"":2147487763,""size"":32,""level"":1,""cache_line_size"":128,""cache_lines_per_tag"":0,""association"":0,""latency"":0,""type"":{""Data"":1,""Instruction"":0,""CPU"":0,""HSACU"":1}},{""processor_id_low"":2147487764,""size"":32,""level"":1,""cache_line_size"":128,""cache_lines_per_tag"":0,""association"":0,""latency"":0,""type"":{""Data"":1,""Instruction"":0,""CPU"":0,""HSACU"":1}},{""processor_id_low"":2147487765,""size"":32,""level"":1,""cache_line_size"":128,""cache_lines_per_tag"":0,""association"":0,""latency"":0,""type"":{""Data"":1,""Instruction"":0,""CPU"":0,""HSACU"":1}},{""processor_id_low"":2147487766,""size"":32,""level"":1,""cache_line_size"":128,""cache_lines_per_tag"":0,""association"":0,""latency"":0,""type"":{""Data"":1,""Instruction"":0,""CPU"":0,""HSACU"":1}},{""processor_id_low"":2147487767,""size"":32,""level"":1,""cache_line_size"":128,""cache_lines_per_tag"":0,""association"":0,""latency"":0,""type"":{""Data"":1,""Instruction"":0,""CPU"":0,""HSACU"":1}},{""processor_id_low"":2147487768,""size"":32,""level"":1,""cache_line_size"":128,""cache_lines_per_tag"":0,""association"":0,""latency"":0,""type"":{""Data"":1,""Instruction"":0,""CPU"":0,""HSACU"":1}},{""processor_id_low"":2147487769,""size"":32,""level"":1,""cache_line_size"":128,""cache_lines_per_tag"":0,""association"":0,""latency"":0,""type"":{""Data"":1,""Instruction"":0,""CPU"":0,""HSACU"":1}},{""processor_id_low"":2147487770,""size"":32,""level"":1,""cache_line_size"":128,""cache_lines_per_tag"":0,""association"":0,""latency"":0,""type"":{""Data"":1,""Instruction"":0,""CPU"":0,""HSACU"":1}},{""processor_id_low"":2147487771,""size"":32,""level"":1,""cache_line_size"":128,""cache_lines_per_tag"":0,""association"":0,""latency"":0,""type"":{""Data"":1,""Instruction"":0,""CPU"":0,""HSACU"":1}},{""processor_id_low"":2147487772,""size"":32,""level"":1,""cache_line_size"":128,""cache_lines_per_tag"":0,""association"":0,""latency"":0,""type"":{""Data"":1,""Instruction"":0,""CPU"":0,""HSACU"":1}},{""processor_id_low"":2147487773,""size"":32,""level"":1,""cache_line_size"":128,""cache_lines_per_tag"":0,""association"":0,""latency"":0,""type"":{""Data"":1,""Instruction"":0,""CPU"":0,""HSACU"":1}},{""processor_id_low"":2147487774,""size"":32,""level"":1,""cache_line_size"":128,""cache_lines_per_tag"":0,""association"":0,""latency"":0,""type"":{""Data"":1,""Instruction"":0,""CPU"":0,""HSACU"":1}},{""processor_id_low"":2147487775,""size"":32,""level"":1,""cache_line_size"":128,""cache_lines_per_tag"":0,""association"":0,""latency"":0,""type"":{""Data"":1,""Instruction"":0,""CPU"":0,""HSACU"":1}},{""processor_id_low"":2147487776,""size"":32,""level"":1,""cache_line_size"":128,""cache_lines_per_tag"":0,""association"":0,""latency"":0,""type"":{""Data"":1,""Instruction"":0,""CPU"":0,""HSACU"":1}},{""processor_id_low"":2147487777,""size"":32,""level"":1,""cache_line_size"":128,""cache_lines_per_tag"":0,""association"":0,""latency"":0,""type"":{""Data"":1,""Instruction"":0,""CPU"":0,""HSACU"":1}},{""processor_id_low"":2147487778,""size"":32,""level"":1,""cache_line_size"":128,""cache_lines_per_tag"":0,""association"":0,""latency"":0,""type"":{""Data"":1,""Instruction"":0,""CPU"":0,""HSACU"":1}},{""processor_id_low"":2147487779,""size"":32,""level"":1,""cache_line_size"":128,""cache_lines_per_tag"":0,""association"":0,""latency"":0,""type"":{""Data"":1,""Instruction"":0,""CPU"":0,""HSACU"":1}},{""processor_id_low"":2147487780,""size"":32,""level"":1,""cache_line_size"":128,""cache_lines_per_tag"":0,""association"":0,""latency"":0,""type"":{""Data"":1,""Instruction"":0,""CPU"":0,""HSACU"":1}},{""processor_id_low"":2147487781,""size"":32,""level"":1,""cache_line_size"":128,""cache_lines_per_tag"":0,""association"":0,""latency"":0,""type"":{""Data"":1,""Instruction"":0,""CPU"":0,""HSACU"":1}},{""processor_id_low"":2147487782,""size"":32,""level"":1,""cache_line_size"":128,""cache_lines_per_tag"":0,""association"":0,""latency"":0,""type"":{""Data"":1,""Instruction"":0,""CPU"":0,""HSACU"":1}},{""processor_id_low"":2147487783,""size"":32,""level"":1,""cache_line_size"":128,""cache_lines_per_tag"":0,""association"":0,""latency"":0,""type"":{""Data"":1,""Instruction"":0,""CPU"":0,""HSACU"":1}},{""processor_id_low"":2147487744,""size"":32,""level"":1,""cache_line_size"":128,""cache_lines_per_tag"":0,""association"":0,""latency"":0,""type"":{""Data"":0,""Instruction"":1,""CPU"":0,""HSACU"":1}},{""processor_id_low"":2147487746,""size"":32,""level"":1,""cache_line_size"":128,""cache_lines_per_tag"":0,""association"":0,""latency"":0,""type"":{""Data"":0,""Instruction"":1,""CPU"":0,""HSACU"":1}},{""processor_id_low"":2147487748,""size"":32,""level"":1,""cache_line_size"":128,""cache_lines_per_tag"":0,""association"":0,""latency"":0,""type"":{""Data"":0,""Instruction"":1,""CPU"":0,""HSACU"":1}},{""processor_id_low"":2147487750,""size"":32,""level"":1,""cache_line_size"":128,""cache_lines_per_tag"":0,""association"":0,""latency"":0,""type"":{""Data"":0,""Instruction"":1,""CPU"":0,""HSACU"":1}},{""processor_id_low"":2147487752,""size"":32,""level"":1,""cache_line_size"":128,""cache_lines_per_tag"":0,""association"":0,""latency"":0,""type"":{""Data"":0,""Instruction"":1,""CPU"":0,""HSACU"":1}},{""processor_id_low"":2147487754,""size"":32,""level"":1,""cache_line_size"":128,""cache_lines_per_tag"":0,""association"":0,""latency"":0,""type"":{""Data"":0,""Instruction"":1,""CPU"":0,""HSACU"":1}},{""processor_id_low"":2147487756,""size"":32,""level"":1,""cache_line_size"":128,""cache_lines_per_tag"":0,""association"":0,""latency"":0,""type"":{""Data"":0,""Instruction"":1,""CPU"":0,""HSACU"":1}},{""processor_id_low"":2147487758,""size"":32,""level"":1,""cache_line_size"":128,""cache_lines_per_tag"":0,""association"":0,""latency"":0,""type"":{""Data"":0,""Instruction"":1,""CPU"":0,""HSACU"":1}},{""processor_id_low"":2147487760,""size"":32,""level"":1,""cache_line_size"":128,""cache_lines_per_tag"":0,""association"":0,""latency"":0,""type"":{""Data"":0,""Instruction"":1,""CPU"":0,""HSACU"":1}},{""processor_id_low"":2147487762,""size"":32,""level"":1,""cache_line_size"":128,""cache_lines_per_tag"":0,""association"":0,""latency"":0,""type"":{""Data"":0,""Instruction"":1,""CPU"":0,""HSACU"":1}},{""processor_id_low"":2147487764,""size"":32,""level"":1,""cache_line_size"":128,""cache_lines_per_tag"":0,""association"":0,""latency"":0,""type"":{""Data"":0,""Instruction"":1,""CPU"":0,""HSACU"":1}},{""processor_id_low"":2147487766,""size"":32,""level"":1,""cache_line_size"":128,""cache_lines_per_tag"":0,""association"":0,""latency"":0,""type"":{""Data"":0,""Instruction"":1,""CPU"":0,""HSACU"":1}},{""processor_id_low"":2147487768,""size"":32,""level"":1,""cache_line_size"":128,""cache_lines_per_tag"":0,""association"":0,""latency"":0,""type"":{""Data"":0,""Instruction"":1,""CPU"":0,""HSACU"":1}},{""processor_id_low"":2147487770,""size"":32,""level"":1,""cache_line_size"":128,""cache_lines_per_tag"":0,""association"":0,""latency"":0,""type"":{""Data"":0,""Instruction"":1,""CPU"":0,""HSACU"":1}},{""processor_id_low"":2147487772,""size"":32,""level"":1,""cache_line_size"":128,""cache_lines_per_tag"":0,""association"":0,""latency"":0,""type"":{""Data"":0,""Instruction"":1,""CPU"":0,""HSACU"":1}},{""processor_id_low"":2147487774,""size"":32,""level"":1,""cache_line_size"":128,""cache_lines_per_tag"":0,""association"":0,""latency"":0,""type"":{""Data"":0,""Instruction"":1,""CPU"":0,""HSACU"":1}},{""processor_id_low"":2147487776,""size"":32,""level"":1,""cache_line_size"":128,""cache_lines_per_tag"":0,""association"":0,""latency"":0,""type"":{""Data"":0,""Instruction"":1,""CPU"":0,""HSACU"":1}},{""processor_id_low"":2147487778,""size"":32,""level"":1,""cache_line_size"":128,""cache_lines_per_tag"":0,""association"":0,""latency"":0,""type"":{""Data"":0,""Instruction"":1,""CPU"":0,""HSACU"":1}},{""processor_id_low"":2147487780,""size"":32,""level"":1,""cache_line_size"":128,""cache_lines_per_tag"":0,""association"":0,""latency"":0,""type"":{""Data"":0,""Instruction"":1,""CPU"":0,""HSACU"":1}},{""processor_id_low"":2147487782,""size"":32,""level"":1,""cache_line_size"":128,""cache_lines_per_tag"":0,""association"":0,""latency"":0,""type"":{""Data"":0,""Instruction"":1,""CPU"":0,""HSACU"":1}},{""processor_id_low"":2147487744,""size"":16,""level"":1,""cache_line_size"":64,""cache_lines_per_tag"":0,""association"":0,""latency"":0,""type"":{""Data"":1,""Instruction"":0,""CPU"":0,""HSACU"":1}},{""processor_id_low"":2147487746,""size"":16,""level"":1,""cache_line_size"":64,""cache_lines_per_tag"":0,""association"":0,""latency"":0,""type"":{""Data"":1,""Instruction"":0,""CPU"":0,""HSACU"":1}},{""processor_id_low"":2147487748,""size"":16,""level"":1,""cache_line_size"":64,""cache_lines_per_tag"":0,""association"":0,""latency"":0,""type"":{""Data"":1,""Instruction"":0,""CPU"":0,""HSACU"":1}},{""processor_id_low"":2147487750,""size"":16,""level"":1,""cache_line_size"":64,""cache_lines_per_tag"":0,""association"":0,""latency"":0,""type"":{""Data"":1,""Instruction"":0,""CPU"":0,""HSACU"":1}},{""processor_id_low"":2147487752,""size"":16,""level"":1,""cache_line_size"":64,""cache_lines_per_tag"":0,""association"":0,""latency"":0,""type"":{""Data"":1,""Instruction"":0,""CPU"":0,""HSACU"":1}},{""processor_id_low"":2147487754,""size"":16,""level"":1,""cache_line_size"":64,""cache_lines_per_tag"":0,""association"":0,""latency"":0,""type"":{""Data"":1,""Instruction"":0,""CPU"":0,""HSACU"":1}},{""processor_id_low"":2147487756,""size"":16,""level"":1,""cache_line_size"":64,""cache_lines_per_tag"":0,""association"":0,""latency"":0,""type"":{""Data"":1,""Instruction"":0,""CPU"":0,""HSACU"":1}},{""processor_id_low"":2147487758,""size"":16,""level"":1,""cache_line_size"":64,""cache_lines_per_tag"":0,""association"":0,""latency"":0,""type"":{""Data"":1,""Instruction"":0,""CPU"":0,""HSACU"":1}},{""processor_id_low"":2147487760,""size"":16,""level"":1,""cache_line_size"":64,""cache_lines_per_tag"":0,""association"":0,""latency"":0,""type"":{""Data"":1,""Instruction"":0,""CPU"":0,""HSACU"":1}},{""processor_id_low"":2147487762,""size"":16,""level"":1,""cache_line_size"":64,""cache_lines_per_tag"":0,""association"":0,""latency"":0,""type"":{""Data"":1,""Instruction"":0,""CPU"":0,""HSACU"":1}},{""processor_id_low"":2147487764,""size"":16,""level"":1,""cache_line_size"":64,""cache_lines_per_tag"":0,""association"":0,""latency"":0,""type"":{""Data"":1,""Instruction"":0,""CPU"":0,""HSACU"":1}},{""processor_id_low"":2147487766,""size"":16,""level"":1,""cache_line_size"":64,""cache_lines_per_tag"":0,""association"":0,""latency"":0,""type"":{""Data"":1,""Instruction"":0,""CPU"":0,""HSACU"":1}},{""processor_id_low"":2147487768,""size"":16,""level"":1,""cache_line_size"":64,""cache_lines_per_tag"":0,""association"":0,""latency"":0,""type"":{""Data"":1,""Instruction"":0,""CPU"":0,""HSACU"":1}},{""processor_id_low"":2147487770,""size"":16,""level"":1,""cache_line_size"":64,""cache_lines_per_tag"":0,""association"":0,""latency"":0,""type"":{""Data"":1,""Instruction"":0,""CPU"":0,""HSACU"":1}},{""processor_id_low"":2147487772,""size"":16,""level"":1,""cache_line_size"":64,""cache_lines_per_tag"":0,""association"":0,""latency"":0,""type"":{""Data"":1,""Instruction"":0,""CPU"":0,""HSACU"":1}},{""processor_id_low"":2147487774,""size"":16,""level"":1,""cache_line_size"":64,""cache_lines_per_tag"":0,""association"":0,""latency"":0,""type"":{""Data"":1,""Instruction"":0,""CPU"":0,""HSACU"":1}},{""processor_id_low"":2147487776,""size"":16,""level"":1,""cache_line_size"":64,""cache_lines_per_tag"":0,""association"":0,""latency"":0,""type"":{""Data"":1,""Instruction"":0,""CPU"":0,""HSACU"":1}},{""processor_id_low"":2147487778,""size"":16,""level"":1,""cache_line_size"":64,""cache_lines_per_tag"":0,""association"":0,""latency"":0,""type"":{""Data"":1,""Instruction"":0,""CPU"":0,""HSACU"":1}},{""processor_id_low"":2147487780,""size"":16,""level"":1,""cache_line_size"":64,""cache_lines_per_tag"":0,""association"":0,""latency"":0,""type"":{""Data"":1,""Instruction"":0,""CPU"":0,""HSACU"":1}},{""processor_id_low"":2147487782,""size"":16,""level"":1,""cache_line_size"":64,""cache_lines_per_tag"":0,""association"":0,""latency"":0,""type"":{""Data"":1,""Instruction"":0,""CPU"":0,""HSACU"":1}},{""processor_id_low"":2147487744,""size"":256,""level"":1,""cache_line_size"":128,""cache_lines_per_tag"":0,""association"":0,""latency"":0,""type"":{""Data"":1,""Instruction"":0,""CPU"":0,""HSACU"":1}},{""processor_id_low"":2147487754,""size"":256,""level"":1,""cache_line_size"":128,""cache_lines_per_tag"":0,""association"":0,""latency"":0,""type"":{""Data"":1,""Instruction"":0,""CPU"":0,""HSACU"":1}},{""processor_id_low"":2147487764,""size"":256,""level"":1,""cache_line_size"":128,""cache_lines_per_tag"":0,""association"":0,""latency"":0,""type"":{""Data"":1,""Instruction"":0,""CPU"":0,""HSACU"":1}},{""processor_id_low"":2147487774,""size"":256,""level"":1,""cache_line_size"":128,""cache_lines_per_tag"":0,""association"":0,""latency"":0,""type"":{""Data"":1,""Instruction"":0,""CPU"":0,""HSACU"":1}},{""processor_id_low"":2147487744,""size"":2048,""level"":2,""cache_line_size"":128,""cache_lines_per_tag"":0,""association"":0,""latency"":0,""type"":{""Data"":1,""Instruction"":0,""CPU"":0,""HSACU"":1}},{""processor_id_low"":2147487744,""size"":32768,""level"":3,""cache_line_size"":64,""cache_lines_per_tag"":0,""association"":0,""latency"":0,""type"":{""Data"":1,""Instruction"":0,""CPU"":0,""HSACU"":1}}],""io_links"":[{""type"":2,""version_major"":0,""version_minor"":0,""node_from"":1,""node_to"":0,""weight"":20,""min_latency"":0,""max_latency"":0,""min_bandwidth"":0,""max_bandwidth"":32000,""recommended_transfer_size"":0,""flags"":{""Override"":1,""NonCoherent"":0,""NoAtomics32bit"":0,""NoAtomics64bit"":0,""NoPeerToPeerDMA"":0}}],""gpu_index"":0}"
3897,00003ca5-e685-7685-81bc-3cafc9a06eba,1655282045,1291619,1,GPU,,,SQ_WAVE_CYCLES,SQ_WAVE_CYCLES,"The cycles spent executing waves in the CUs. This value is reported per-SE (aggregates of SIMD values) and is nondeterministic. Units are in quad-cycles (4 cycles). Useful for determining how much time is spent executing wave code vs overhead/waiting. Low cycle count relative to actual number of cycles processed by the CU can indicate that the CU is stalling or is overloaded.","",rocm,"",ABS,SQ,"",0,0,"{""size"":312,""id"":{""handle"":621},""type"":2,""cpu_cores_count"":0,""simd_count"":80,""mem_banks_count"":1,""caches_count"":86,""io_links_count"":1,""cpu_core_id_base"":0,""simd_id_base"":2147487744,""max_waves_per_simd"":16,""lds_size_in_kb"":64,""gds_size_in_kb"":0,""num_gws"":64,""wave_front_size"":32,""num_xcc"":1,""cu_count"":40,""array_count"":4,""num_shader_banks"":2,""simd_arrays_per_engine"":2,""cu_per_simd_array"":10,""simd_per_cu"":2,""max_slots_scratch_cu"":32,""gfx_target_version"":110501,""vendor_id"":4098,""device_id"":5510,""location_id"":50432,""domain"":0,""drm_render_minor"":128,""num_sdma_engines"":1,""num_sdma_xgmi_engines"":0,""num_sdma_queues_per_engine"":6,""num_cp_queues"":8,""max_engine_clk_ccompute"":5187,""max_engine_clk_fcompute"":2900,""sdma_fw_version"":{""uCodeSDMA"":14,""uCodeRes"":0},""fw_version"":{""uCode"":32,""Major"":0,""Minor"":0,""Stepping"":0},""capability"":{""HotPluggable"":0,""HSAMMUPresent"":0,""SharedWithGraphics"":0,""QueueSizePowerOfTwo"":0,""QueueSize32bit"":0,""QueueIdleEvent"":0,""VALimit"":0,""WatchPointsSupported"":1,""WatchPointsTotalBits"":2,""DoorbellType"":2,""AQLQueueDoubleMap"":0,""DebugTrapSupported"":1,""WaveLaunchTrapOverrideSupported"":1,""WaveLaunchModeSupported"":1,""PreciseMemoryOperationsSupported"":0,""DEPRECATED_SRAM_EDCSupport"":0,""Mem_EDCSupport"":0,""RASEventNotify"":0,""ASICRevision"":0,""SRAM_EDCSupport"":0,""SVMAPISupported"":1,""CoherentHostAccess"":0,""DebugSupportedFirmware"":1},""cu_per_engine"":20,""max_waves_per_cu"":32,""family_id"":150,""workgroup_max_size"":1024,""grid_max_size"":4294967295,""local_mem_size"":0,""hive_id"":0,""gpu_id"":35128,""workgroup_max_dim"":{""x"":1024,""y"":1024,""z"":1024},""grid_max_dim"":{""x"":2147483647,""y"":65535,""z"":65535},""name"":""gfx1151"",""vendor_name"":""AMD"",""product_name"":""Radeon 8060S Graphics"",""model_name"":""ip discovery"",""node_id"":1,""logical_node_id"":1,""logical_node_type_id"":0,""runtime_visibility"":{""hsa"":1,""hip"":1,""rccl"":1,""rocdecode"":1},""uuid"":{""bytes"":{""value0"":0,""value1"":0,""value2"":0,""value3"":0,""value4"":0,""value5"":0,""value6"":0,""value7"":0,""value8"":0,""value9"":0,""value10"":0,""value11"":0,""value12"":0,""value13"":0,""value14"":0,""value15"":0}},""mem_banks"":[{""heap_type"":1,""flags"":{""HotPluggable"":0,""NonVolatile"":0},""width"":256,""mem_clk_max"":1000,""size_in_bytes"":137438953472}],""caches"":[{""processor_id_low"":2147487744,""size"":32,""level"":1,""cache_line_size"":128,""cache_lines_per_tag"":0,""association"":0,""latency"":0,""type"":{""Data"":1,""Instruction"":0,""CPU"":0,""HSACU"":1}},{""processor_id_low"":2147487745,""size"":32,""level"":1,""cache_line_size"":128,""cache_lines_per_tag"":0,""association"":0,""latency"":0,""type"":{""Data"":1,""Instruction"":0,""CPU"":0,""HSACU"":1}},{""processor_id_low"":2147487746,""size"":32,""level"":1,""cache_line_size"":128,""cache_lines_per_tag"":0,""association"":0,""latency"":0,""type"":{""Data"":1,""Instruction"":0,""CPU"":0,""HSACU"":1}},{""processor_id_low"":2147487747,""size"":32,""level"":1,""cache_line_size"":128,""cache_lines_per_tag"":0,""association"":0,""latency"":0,""type"":{""Data"":1,""Instruction"":0,""CPU"":0,""HSACU"":1}},{""processor_id_low"":2147487748,""size"":32,""level"":1,""cache_line_size"":128,""cache_lines_per_tag"":0,""association"":0,""latency"":0,""type"":{""Data"":1,""Instruction"":0,""CPU"":0,""HSACU"":1}},{""processor_id_low"":2147487749,""size"":32,""level"":1,""cache_line_size"":128,""cache_lines_per_tag"":0,""association"":0,""latency"":0,""type"":{""Data"":1,""Instruction"":0,""CPU"":0,""HSACU"":1}},{""processor_id_low"":2147487750,""size"":32,""level"":1,""cache_line_size"":128,""cache_lines_per_tag"":0,""association"":0,""latency"":0,""type"":{""Data"":1,""Instruction"":0,""CPU"":0,""HSACU"":1}},{""processor_id_low"":2147487751,""size"":32,""level"":1,""cache_line_size"":128,""cache_lines_per_tag"":0,""association"":0,""latency"":0,""type"":{""Data"":1,""Instruction"":0,""CPU"":0,""HSACU"":1}},{""processor_id_low"":2147487752,""size"":32,""level"":1,""cache_line_size"":128,""cache_lines_per_tag"":0,""association"":0,""latency"":0,""type"":{""Data"":1,""Instruction"":0,""CPU"":0,""HSACU"":1}},{""processor_id_low"":2147487753,""size"":32,""level"":1,""cache_line_size"":128,""cache_lines_per_tag"":0,""association"":0,""latency"":0,""type"":{""Data"":1,""Instruction"":0,""CPU"":0,""HSACU"":1}},{""processor_id_low"":2147487754,""size"":32,""level"":1,""cache_line_size"":128,""cache_lines_per_tag"":0,""association"":0,""latency"":0,""type"":{""Data"":1,""Instruction"":0,""CPU"":0,""HSACU"":1}},{""processor_id_low"":2147487755,""size"":32,""level"":1,""cache_line_size"":128,""cache_lines_per_tag"":0,""association"":0,""latency"":0,""type"":{""Data"":1,""Instruction"":0,""CPU"":0,""HSACU"":1}},{""processor_id_low"":2147487756,""size"":32,""level"":1,""cache_line_size"":128,""cache_lines_per_tag"":0,""association"":0,""latency"":0,""type"":{""Data"":1,""Instruction"":0,""CPU"":0,""HSACU"":1}},{""processor_id_low"":2147487757,""size"":32,""level"":1,""cache_line_size"":128,""cache_lines_per_tag"":0,""association"":0,""latency"":0,""type"":{""Data"":1,""Instruction"":0,""CPU"":0,""HSACU"":1}},{""processor_id_low"":2147487758,""size"":32,""level"":1,""cache_line_size"":128,""cache_lines_per_tag"":0,""association"":0,""latency"":0,""type"":{""Data"":1,""Instruction"":0,""CPU"":0,""HSACU"":1}},{""processor_id_low"":2147487759,""size"":32,""level"":1,""cache_line_size"":128,""cache_lines_per_tag"":0,""association"":0,""latency"":0,""type"":{""Data"":1,""Instruction"":0,""CPU"":0,""HSACU"":1}},{""processor_id_low"":2147487760,""size"":32,""level"":1,""cache_line_size"":128,""cache_lines_per_tag"":0,""association"":0,""latency"":0,""type"":{""Data"":1,""Instruction"":0,""CPU"":0,""HSACU"":1}},{""processor_id_low"":2147487761,""size"":32,""level"":1,""cache_line_size"":128,""cache_lines_per_tag"":0,""association"":0,""latency"":0,""type"":{""Data"":1,""Instruction"":0,""CPU"":0,""HSACU"":1}},{""processor_id_low"":2147487762,""size"":32,""level"":1,""cache_line_size"":128,""cache_lines_per_tag"":0,""association"":0,""latency"":0,""type"":{""Data"":1,""Instruction"":0,""CPU"":0,""HSACU"":1}},{""processor_id_low"":2147487763,""size"":32,""level"":1,""cache_line_size"":128,""cache_lines_per_tag"":0,""association"":0,""latency"":0,""type"":{""Data"":1,""Instruction"":0,""CPU"":0,""HSACU"":1}},{""processor_id_low"":2147487764,""size"":32,""level"":1,""cache_line_size"":128,""cache_lines_per_tag"":0,""association"":0,""latency"":0,""type"":{""Data"":1,""Instruction"":0,""CPU"":0,""HSACU"":1}},{""processor_id_low"":2147487765,""size"":32,""level"":1,""cache_line_size"":128,""cache_lines_per_tag"":0,""association"":0,""latency"":0,""type"":{""Data"":1,""Instruction"":0,""CPU"":0,""HSACU"":1}},{""processor_id_low"":2147487766,""size"":32,""level"":1,""cache_line_size"":128,""cache_lines_per_tag"":0,""association"":0,""latency"":0,""type"":{""Data"":1,""Instruction"":0,""CPU"":0,""HSACU"":1}},{""processor_id_low"":2147487767,""size"":32,""level"":1,""cache_line_size"":128,""cache_lines_per_tag"":0,""association"":0,""latency"":0,""type"":{""Data"":1,""Instruction"":0,""CPU"":0,""HSACU"":1}},{""processor_id_low"":2147487768,""size"":32,""level"":1,""cache_line_size"":128,""cache_lines_per_tag"":0,""association"":0,""latency"":0,""type"":{""Data"":1,""Instruction"":0,""CPU"":0,""HSACU"":1}},{""processor_id_low"":2147487769,""size"":32,""level"":1,""cache_line_size"":128,""cache_lines_per_tag"":0,""association"":0,""latency"":0,""type"":{""Data"":1,""Instruction"":0,""CPU"":0,""HSACU"":1}},{""processor_id_low"":2147487770,""size"":32,""level"":1,""cache_line_size"":128,""cache_lines_per_tag"":0,""association"":0,""latency"":0,""type"":{""Data"":1,""Instruction"":0,""CPU"":0,""HSACU"":1}},{""processor_id_low"":2147487771,""size"":32,""level"":1,""cache_line_size"":128,""cache_lines_per_tag"":0,""association"":0,""latency"":0,""type"":{""Data"":1,""Instruction"":0,""CPU"":0,""HSACU"":1}},{""processor_id_low"":2147487772,""size"":32,""level"":1,""cache_line_size"":128,""cache_lines_per_tag"":0,""association"":0,""latency"":0,""type"":{""Data"":1,""Instruction"":0,""CPU"":0,""HSACU"":1}},{""processor_id_low"":2147487773,""size"":32,""level"":1,""cache_line_size"":128,""cache_lines_per_tag"":0,""association"":0,""latency"":0,""type"":{""Data"":1,""Instruction"":0,""CPU"":0,""HSACU"":1}},{""processor_id_low"":2147487774,""size"":32,""level"":1,""cache_line_size"":128,""cache_lines_per_tag"":0,""association"":0,""latency"":0,""type"":{""Data"":1,""Instruction"":0,""CPU"":0,""HSACU"":1}},{""processor_id_low"":2147487775,""size"":32,""level"":1,""cache_line_size"":128,""cache_lines_per_tag"":0,""association"":0,""latency"":0,""type"":{""Data"":1,""Instruction"":0,""CPU"":0,""HSACU"":1}},{""processor_id_low"":2147487776,""size"":32,""level"":1,""cache_line_size"":128,""cache_lines_per_tag"":0,""association"":0,""latency"":0,""type"":{""Data"":1,""Instruction"":0,""CPU"":0,""HSACU"":1}},{""processor_id_low"":2147487777,""size"":32,""level"":1,""cache_line_size"":128,""cache_lines_per_tag"":0,""association"":0,""latency"":0,""type"":{""Data"":1,""Instruction"":0,""CPU"":0,""HSACU"":1}},{""processor_id_low"":2147487778,""size"":32,""level"":1,""cache_line_size"":128,""cache_lines_per_tag"":0,""association"":0,""latency"":0,""type"":{""Data"":1,""Instruction"":0,""CPU"":0,""HSACU"":1}},{""processor_id_low"":2147487779,""size"":32,""level"":1,""cache_line_size"":128,""cache_lines_per_tag"":0,""association"":0,""latency"":0,""type"":{""Data"":1,""Instruction"":0,""CPU"":0,""HSACU"":1}},{""processor_id_low"":2147487780,""size"":32,""level"":1,""cache_line_size"":128,""cache_lines_per_tag"":0,""association"":0,""latency"":0,""type"":{""Data"":1,""Instruction"":0,""CPU"":0,""HSACU"":1}},{""processor_id_low"":2147487781,""size"":32,""level"":1,""cache_line_size"":128,""cache_lines_per_tag"":0,""association"":0,""latency"":0,""type"":{""Data"":1,""Instruction"":0,""CPU"":0,""HSACU"":1}},{""processor_id_low"":2147487782,""size"":32,""level"":1,""cache_line_size"":128,""cache_lines_per_tag"":0,""association"":0,""latency"":0,""type"":{""Data"":1,""Instruction"":0,""CPU"":0,""HSACU"":1}},{""processor_id_low"":2147487783,""size"":32,""level"":1,""cache_line_size"":128,""cache_lines_per_tag"":0,""association"":0,""latency"":0,""type"":{""Data"":1,""Instruction"":0,""CPU"":0,""HSACU"":1}},{""processor_id_low"":2147487744,""size"":32,""level"":1,""cache_line_size"":128,""cache_lines_per_tag"":0,""association"":0,""latency"":0,""type"":{""Data"":0,""Instruction"":1,""CPU"":0,""HSACU"":1}},{""processor_id_low"":2147487746,""size"":32,""level"":1,""cache_line_size"":128,""cache_lines_per_tag"":0,""association"":0,""latency"":0,""type"":{""Data"":0,""Instruction"":1,""CPU"":0,""HSACU"":1}},{""processor_id_low"":2147487748,""size"":32,""level"":1,""cache_line_size"":128,""cache_lines_per_tag"":0,""association"":0,""latency"":0,""type"":{""Data"":0,""Instruction"":1,""CPU"":0,""HSACU"":1}},{""processor_id_low"":2147487750,""size"":32,""level"":1,""cache_line_size"":128,""cache_lines_per_tag"":0,""association"":0,""latency"":0,""type"":{""Data"":0,""Instruction"":1,""CPU"":0,""HSACU"":1}},{""processor_id_low"":2147487752,""size"":32,""level"":1,""cache_line_size"":128,""cache_lines_per_tag"":0,""association"":0,""latency"":0,""type"":{""Data"":0,""Instruction"":1,""CPU"":0,""HSACU"":1}},{""processor_id_low"":2147487754,""size"":32,""level"":1,""cache_line_size"":128,""cache_lines_per_tag"":0,""association"":0,""latency"":0,""type"":{""Data"":0,""Instruction"":1,""CPU"":0,""HSACU"":1}},{""processor_id_low"":2147487756,""size"":32,""level"":1,""cache_line_size"":128,""cache_lines_per_tag"":0,""association"":0,""latency"":0,""type"":{""Data"":0,""Instruction"":1,""CPU"":0,""HSACU"":1}},{""processor_id_low"":2147487758,""size"":32,""level"":1,""cache_line_size"":128,""cache_lines_per_tag"":0,""association"":0,""latency"":0,""type"":{""Data"":0,""Instruction"":1,""CPU"":0,""HSACU"":1}},{""processor_id_low"":2147487760,""size"":32,""level"":1,""cache_line_size"":128,""cache_lines_per_tag"":0,""association"":0,""latency"":0,""type"":{""Data"":0,""Instruction"":1,""CPU"":0,""HSACU"":1}},{""processor_id_low"":2147487762,""size"":32,""level"":1,""cache_line_size"":128,""cache_lines_per_tag"":0,""association"":0,""latency"":0,""type"":{""Data"":0,""Instruction"":1,""CPU"":0,""HSACU"":1}},{""processor_id_low"":2147487764,""size"":32,""level"":1,""cache_line_size"":128,""cache_lines_per_tag"":0,""association"":0,""latency"":0,""type"":{""Data"":0,""Instruction"":1,""CPU"":0,""HSACU"":1}},{""processor_id_low"":2147487766,""size"":32,""level"":1,""cache_line_size"":128,""cache_lines_per_tag"":0,""association"":0,""latency"":0,""type"":{""Data"":0,""Instruction"":1,""CPU"":0,""HSACU"":1}},{""processor_id_low"":2147487768,""size"":32,""level"":1,""cache_line_size"":128,""cache_lines_per_tag"":0,""association"":0,""latency"":0,""type"":{""Data"":0,""Instruction"":1,""CPU"":0,""HSACU"":1}},{""processor_id_low"":2147487770,""size"":32,""level"":1,""cache_line_size"":128,""cache_lines_per_tag"":0,""association"":0,""latency"":0,""type"":{""Data"":0,""Instruction"":1,""CPU"":0,""HSACU"":1}},{""processor_id_low"":2147487772,""size"":32,""level"":1,""cache_line_size"":128,""cache_lines_per_tag"":0,""association"":0,""latency"":0,""type"":{""Data"":0,""Instruction"":1,""CPU"":0,""HSACU"":1}},{""processor_id_low"":2147487774,""size"":32,""level"":1,""cache_line_size"":128,""cache_lines_per_tag"":0,""association"":0,""latency"":0,""type"":{""Data"":0,""Instruction"":1,""CPU"":0,""HSACU"":1}},{""processor_id_low"":2147487776,""size"":32,""level"":1,""cache_line_size"":128,""cache_lines_per_tag"":0,""association"":0,""latency"":0,""type"":{""Data"":0,""Instruction"":1,""CPU"":0,""HSACU"":1}},{""processor_id_low"":2147487778,""size"":32,""level"":1,""cache_line_size"":128,""cache_lines_per_tag"":0,""association"":0,""latency"":0,""type"":{""Data"":0,""Instruction"":1,""CPU"":0,""HSACU"":1}},{""processor_id_low"":2147487780,""size"":32,""level"":1,""cache_line_size"":128,""cache_lines_per_tag"":0,""association"":0,""latency"":0,""type"":{""Data"":0,""Instruction"":1,""CPU"":0,""HSACU"":1}},{""processor_id_low"":2147487782,""size"":32,""level"":1,""cache_line_size"":128,""cache_lines_per_tag"":0,""association"":0,""latency"":0,""type"":{""Data"":0,""Instruction"":1,""CPU"":0,""HSACU"":1}},{""processor_id_low"":2147487744,""size"":16,""level"":1,""cache_line_size"":64,""cache_lines_per_tag"":0,""association"":0,""latency"":0,""type"":{""Data"":1,""Instruction"":0,""CPU"":0,""HSACU"":1}},{""processor_id_low"":2147487746,""size"":16,""level"":1,""cache_line_size"":64,""cache_lines_per_tag"":0,""association"":0,""latency"":0,""type"":{""Data"":1,""Instruction"":0,""CPU"":0,""HSACU"":1}},{""processor_id_low"":2147487748,""size"":16,""level"":1,""cache_line_size"":64,""cache_lines_per_tag"":0,""association"":0,""latency"":0,""type"":{""Data"":1,""Instruction"":0,""CPU"":0,""HSACU"":1}},{""processor_id_low"":2147487750,""size"":16,""level"":1,""cache_line_size"":64,""cache_lines_per_tag"":0,""association"":0,""latency"":0,""type"":{""Data"":1,""Instruction"":0,""CPU"":0,""HSACU"":1}},{""processor_id_low"":2147487752,""size"":16,""level"":1,""cache_line_size"":64,""cache_lines_per_tag"":0,""association"":0,""latency"":0,""type"":{""Data"":1,""Instruction"":0,""CPU"":0,""HSACU"":1}},{""processor_id_low"":2147487754,""size"":16,""level"":1,""cache_line_size"":64,""cache_lines_per_tag"":0,""association"":0,""latency"":0,""type"":{""Data"":1,""Instruction"":0,""CPU"":0,""HSACU"":1}},{""processor_id_low"":2147487756,""size"":16,""level"":1,""cache_line_size"":64,""cache_lines_per_tag"":0,""association"":0,""latency"":0,""type"":{""Data"":1,""Instruction"":0,""CPU"":0,""HSACU"":1}},{""processor_id_low"":2147487758,""size"":16,""level"":1,""cache_line_size"":64,""cache_lines_per_tag"":0,""association"":0,""latency"":0,""type"":{""Data"":1,""Instruction"":0,""CPU"":0,""HSACU"":1}},{""processor_id_low"":2147487760,""size"":16,""level"":1,""cache_line_size"":64,""cache_lines_per_tag"":0,""association"":0,""latency"":0,""type"":{""Data"":1,""Instruction"":0,""CPU"":0,""HSACU"":1}},{""processor_id_low"":2147487762,""size"":16,""level"":1,""cache_line_size"":64,""cache_lines_per_tag"":0,""association"":0,""latency"":0,""type"":{""Data"":1,""Instruction"":0,""CPU"":0,""HSACU"":1}},{""processor_id_low"":2147487764,""size"":16,""level"":1,""cache_line_size"":64,""cache_lines_per_tag"":0,""association"":0,""latency"":0,""type"":{""Data"":1,""Instruction"":0,""CPU"":0,""HSACU"":1}},{""processor_id_low"":2147487766,""size"":16,""level"":1,""cache_line_size"":64,""cache_lines_per_tag"":0,""association"":0,""latency"":0,""type"":{""Data"":1,""Instruction"":0,""CPU"":0,""HSACU"":1}},{""processor_id_low"":2147487768,""size"":16,""level"":1,""cache_line_size"":64,""cache_lines_per_tag"":0,""association"":0,""latency"":0,""type"":{""Data"":1,""Instruction"":0,""CPU"":0,""HSACU"":1}},{""processor_id_low"":2147487770,""size"":16,""level"":1,""cache_line_size"":64,""cache_lines_per_tag"":0,""association"":0,""latency"":0,""type"":{""Data"":1,""Instruction"":0,""CPU"":0,""HSACU"":1}},{""processor_id_low"":2147487772,""size"":16,""level"":1,""cache_line_size"":64,""cache_lines_per_tag"":0,""association"":0,""latency"":0,""type"":{""Data"":1,""Instruction"":0,""CPU"":0,""HSACU"":1}},{""processor_id_low"":2147487774,""size"":16,""level"":1,""cache_line_size"":64,""cache_lines_per_tag"":0,""association"":0,""latency"":0,""type"":{""Data"":1,""Instruction"":0,""CPU"":0,""HSACU"":1}},{""processor_id_low"":2147487776,""size"":16,""level"":1,""cache_line_size"":64,""cache_lines_per_tag"":0,""association"":0,""latency"":0,""type"":{""Data"":1,""Instruction"":0,""CPU"":0,""HSACU"":1}},{""processor_id_low"":2147487778,""size"":16,""level"":1,""cache_line_size"":64,""cache_lines_per_tag"":0,""association"":0,""latency"":0,""type"":{""Data"":1,""Instruction"":0,""CPU"":0,""HSACU"":1}},{""processor_id_low"":2147487780,""size"":16,""level"":1,""cache_line_size"":64,""cache_lines_per_tag"":0,""association"":0,""latency"":0,""type"":{""Data"":1,""Instruction"":0,""CPU"":0,""HSACU"":1}},{""processor_id_low"":2147487782,""size"":16,""level"":1,""cache_line_size"":64,""cache_lines_per_tag"":0,""association"":0,""latency"":0,""type"":{""Data"":1,""Instruction"":0,""CPU"":0,""HSACU"":1}},{""processor_id_low"":2147487744,""size"":256,""level"":1,""cache_line_size"":128,""cache_lines_per_tag"":0,""association"":0,""latency"":0,""type"":{""Data"":1,""Instruction"":0,""CPU"":0,""HSACU"":1}},{""processor_id_low"":2147487754,""size"":256,""level"":1,""cache_line_size"":128,""cache_lines_per_tag"":0,""association"":0,""latency"":0,""type"":{""Data"":1,""Instruction"":0,""CPU"":0,""HSACU"":1}},{""processor_id_low"":2147487764,""size"":256,""level"":1,""cache_line_size"":128,""cache_lines_per_tag"":0,""association"":0,""latency"":0,""type"":{""Data"":1,""Instruction"":0,""CPU"":0,""HSACU"":1}},{""processor_id_low"":2147487774,""size"":256,""level"":1,""cache_line_size"":128,""cache_lines_per_tag"":0,""association"":0,""latency"":0,""type"":{""Data"":1,""Instruction"":0,""CPU"":0,""HSACU"":1}},{""processor_id_low"":2147487744,""size"":2048,""level"":2,""cache_line_size"":128,""cache_lines_per_tag"":0,""association"":0,""latency"":0,""type"":{""Data"":1,""Instruction"":0,""CPU"":0,""HSACU"":1}},{""processor_id_low"":2147487744,""size"":32768,""level"":3,""cache_line_size"":64,""cache_lines_per_tag"":0,""association"":0,""latency"":0,""type"":{""Data"":1,""Instruction"":0,""CPU"":0,""HSACU"":1}}],""io_links"":[{""type"":2,""version_major"":0,""version_minor"":0,""node_from"":1,""node_to"":0,""weight"":20,""min_latency"":0,""max_latency"":0,""min_bandwidth"":0,""max_bandwidth"":32000,""recommended_transfer_size"":0,""flags"":{""Override"":1,""NonCoherent"":0,""NoAtomics32bit"":0,""NoAtomics64bit"":0,""NoPeerToPeerDMA"":0}}],""gpu_index"":0}"
8070450532247928832,00003ca5-e685-7685-81bc-3cafc9a06eba,1655282045,1291619,,,,,KFD_EVENT_PAGE_MIGRATE,KFD_EVENT_PAGE_MIGRATE,"KFD page migration events","",rocm,"",ABS,KFD,,0,0,{}
8070450532247928833,00003ca5-e685-7685-81bc-3cafc9a06eba,1655282045,1291619,,,,,KFD_EVENT_PAGE_FAULT,KFD_EVENT_PAGE_FAULT,"KFD page fault events","",rocm,"",ABS,KFD,,0,0,{}
8070450532247928834,00003ca5-e685-7685-81bc-3cafc9a06eba,1655282045,1291619,,,,,KFD_EVENT_QUEUE,KFD_EVENT_QUEUE,"KFD queue eviction/restore events","",rocm,"",ABS,KFD,,0,0,{}
8070450532247928835,00003ca5-e685-7685-81bc-3cafc9a06eba,1655282045,1291619,,,,,KFD_EVENT_UNMAP_FROM_GPU,KFD_EVENT_UNMAP_FROM_GPU,"KFD unmap from GPU events","",rocm,"",ABS,KFD,,0,0,{}
8070450532247928836,00003ca5-e685-7685-81bc-3cafc9a06eba,1655282045,1291619,,,,,KFD_EVENT_DROPPED_EVENTS,KFD_EVENT_DROPPED_EVENTS,"KFD dropped_events events","",rocm,"",ABS,KFD,,0,0,{}
8070450532247928837,00003ca5-e685-7685-81bc-3cafc9a06eba,1655282045,1291619,,,,,KFD_PAGE_MIGRATE,KFD_PAGE_MIGRATE,"KFD page migration paired records","",rocm,"",ABS,KFD,,0,0,{}
8070450532247928838,00003ca5-e685-7685-81bc-3cafc9a06eba,1655282045,1291619,,,,,KFD_PAGE_FAULT,KFD_PAGE_FAULT,"KFD page fault paired records","",rocm,"",ABS,KFD,,0,0,{}
8070450532247928839,00003ca5-e685-7685-81bc-3cafc9a06eba,1655282045,1291619,,,,,KFD_QUEUE,KFD_QUEUE,"KFD queue eviction/restore paired records","",rocm,"",ABS,KFD,,0,0,{}

=== TABLE: rocpd_pmc_event ===id,guid,event_id,pmc_id,value,extdata
1,00003ca5-e685-7685-81bc-3cafc9a06eba,1,2450,7.70685410781625,{}
2,00003ca5-e685-7685-81bc-3cafc9a06eba,1,3897,439360.0,{}
3,00003ca5-e685-7685-81bc-3cafc9a06eba,1,3897,440619.0,{}
4,00003ca5-e685-7685-81bc-3cafc9a06eba,1,3897,411051.0,{}
5,00003ca5-e685-7685-81bc-3cafc9a06eba,1,3897,419200.0,{}
6,00003ca5-e685-7685-81bc-3cafc9a06eba,1,3897,376641.0,{}
7,00003ca5-e685-7685-81bc-3cafc9a06eba,1,3897,405020.0,{}
8,00003ca5-e685-7685-81bc-3cafc9a06eba,1,3897,407876.0,{}
9,00003ca5-e685-7685-81bc-3cafc9a06eba,1,3897,408431.0,{}
10,00003ca5-e685-7685-81bc-3cafc9a06eba,1,3897,438503.0,{}
11,00003ca5-e685-7685-81bc-3cafc9a06eba,1,3897,438332.0,{}
12,00003ca5-e685-7685-81bc-3cafc9a06eba,1,3897,412652.0,{}
13,00003ca5-e685-7685-81bc-3cafc9a06eba,1,3897,437845.0,{}
14,00003ca5-e685-7685-81bc-3cafc9a06eba,1,3897,443340.0,{}
15,00003ca5-e685-7685-81bc-3cafc9a06eba,1,3897,430917.0,{}
16,00003ca5-e685-7685-81bc-3cafc9a06eba,1,3897,422199.0,{}
17,00003ca5-e685-7685-81bc-3cafc9a06eba,1,3897,433702.0,{}
18,00003ca5-e685-7685-81bc-3cafc9a06eba,1,3897,424845.0,{}
19,00003ca5-e685-7685-81bc-3cafc9a06eba,1,3897,405263.0,{}
20,00003ca5-e685-7685-81bc-3cafc9a06eba,1,3897,389041.0,{}
21,00003ca5-e685-7685-81bc-3cafc9a06eba,1,3897,420944.0,{}
22,00003ca5-e685-7685-81bc-3cafc9a06eba,2,2450,7.89812478786203,{}
23,00003ca5-e685-7685-81bc-3cafc9a06eba,2,3897,333158.0,{}
24,00003ca5-e685-7685-81bc-3cafc9a06eba,2,3897,335234.0,{}
25,00003ca5-e685-7685-81bc-3cafc9a06eba,2,3897,336045.0,{}
26,00003ca5-e685-7685-81bc-3cafc9a06eba,2,3897,336344.0,{}
27,00003ca5-e685-7685-81bc-3cafc9a06eba,2,3897,336647.0,{}
28,00003ca5-e685-7685-81bc-3cafc9a06eba,2,3897,346389.0,{}
29,00003ca5-e685-7685-81bc-3cafc9a06eba,2,3897,346287.0,{}
30,00003ca5-e685-7685-81bc-3cafc9a06eba,2,3897,346428.0,{}
31,00003ca5-e685-7685-81bc-3cafc9a06eba,2,3897,346186.0,{}
32,00003ca5-e685-7685-81bc-3cafc9a06eba,2,3897,338168.0,{}
33,00003ca5-e685-7685-81bc-3cafc9a06eba,2,3897,331091.0,{}
34,00003ca5-e685-7685-81bc-3cafc9a06eba,2,3897,318428.0,{}
35,00003ca5-e685-7685-81bc-3cafc9a06eba,2,3897,344955.0,{}
36,00003ca5-e685-7685-81bc-3cafc9a06eba,2,3897,313129.0,{}
37,00003ca5-e685-7685-81bc-3cafc9a06eba,2,3897,341409.0,{}
38,00003ca5-e685-7685-81bc-3cafc9a06eba,2,3897,345773.0,{}
39,00003ca5-e685-7685-81bc-3cafc9a06eba,2,3897,343060.0,{}
40,00003ca5-e685-7685-81bc-3cafc9a06eba,2,3897,343090.0,{}
41,00003ca5-e685-7685-81bc-3cafc9a06eba,2,3897,344776.0,{}
42,00003ca5-e685-7685-81bc-3cafc9a06eba,2,3897,344805.0,{}
43,00003ca5-e685-7685-81bc-3cafc9a06eba,3,2450,51.9949462568358,{}
44,00003ca5-e685-7685-81bc-3cafc9a06eba,3,3897,802488.0,{}
45,00003ca5-e685-7685-81bc-3cafc9a06eba,3,3897,762302.0,{}
46,00003ca5-e685-7685-81bc-3cafc9a06eba,3,3897,765780.0,{}
47,00003ca5-e685-7685-81bc-3cafc9a06eba,3,3897,790168.0,{}
48,00003ca5-e685-7685-81bc-3cafc9a06eba,3,3897,740453.0,{}
49,00003ca5-e685-7685-81bc-3cafc9a06eba,3,3897,725400.0,{}
50,00003ca5-e685-7685-81bc-3cafc9a06eba,3,3897,747270.0,{}
51,00003ca5-e685-7685-81bc-3cafc9a06eba,3,3897,769542.0,{}
52,00003ca5-e685-7685-81bc-3cafc9a06eba,3,3897,786834.0,{}
53,00003ca5-e685-7685-81bc-3cafc9a06eba,3,3897,752041.0,{}
54,00003ca5-e685-7685-81bc-3cafc9a06eba,3,3897,743837.0,{}
55,00003ca5-e685-7685-81bc-3cafc9a06eba,3,3897,742521.0,{}
56,00003ca5-e685-7685-81bc-3cafc9a06eba,3,3897,753484.0,{}
57,00003ca5-e685-7685-81bc-3cafc9a06eba,3,3897,771676.0,{}
58,00003ca5-e685-7685-81bc-3cafc9a06eba,3,3897,739821.0,{}
59,00003ca5-e685-7685-81bc-3cafc9a06eba,3,3897,751541.0,{}
60,00003ca5-e685-7685-81bc-3cafc9a06eba,3,3897,754143.0,{}
61,00003ca5-e685-7685-81bc-3cafc9a06eba,3,3897,763357.0,{}
62,00003ca5-e685-7685-81bc-3cafc9a06eba,3,3897,773795.0,{}
63,00003ca5-e685-7685-81bc-3cafc9a06eba,3,3897,728653.0,{}
64,00003ca5-e685-7685-81bc-3cafc9a06eba,4,2450,52.1506152481553,{}
65,00003ca5-e685-7685-81bc-3cafc9a06eba,4,3897,1020766131.0,{}
66,00003ca5-e685-7685-81bc-3cafc9a06eba,4,3897,1035625479.0,{}
67,00003ca5-e685-7685-81bc-3cafc9a06eba,4,3897,1035467818.0,{}
68,00003ca5-e685-7685-81bc-3cafc9a06eba,4,3897,1036749634.0,{}
69,00003ca5-e685-7685-81bc-3cafc9a06eba,4,3897,1033233545.0,{}
70,00003ca5-e685-7685-81bc-3cafc9a06eba,4,3897,1025345422.0,{}
71,00003ca5-e685-7685-81bc-3cafc9a06eba,4,3897,1030718833.0,{}
72,00003ca5-e685-7685-81bc-3cafc9a06eba,4,3897,1034814168.0,{}
73,00003ca5-e685-7685-81bc-3cafc9a06eba,4,3897,1040056615.0,{}
74,00003ca5-e685-7685-81bc-3cafc9a06eba,4,3897,1013137090.0,{}
75,00003ca5-e685-7685-81bc-3cafc9a06eba,4,3897,577396634.0,{}
76,00003ca5-e685-7685-81bc-3cafc9a06eba,4,3897,590579779.0,{}
77,00003ca5-e685-7685-81bc-3cafc9a06eba,4,3897,585393545.0,{}
78,00003ca5-e685-7685-81bc-3cafc9a06eba,4,3897,575224889.0,{}
79,00003ca5-e685-7685-81bc-3cafc9a06eba,4,3897,580337013.0,{}
80,00003ca5-e685-7685-81bc-3cafc9a06eba,4,3897,627230175.0,{}
81,00003ca5-e685-7685-81bc-3cafc9a06eba,4,3897,635361983.0,{}
82,00003ca5-e685-7685-81bc-3cafc9a06eba,4,3897,632268402.0,{}
83,00003ca5-e685-7685-81bc-3cafc9a06eba,4,3897,636382036.0,{}
84,00003ca5-e685-7685-81bc-3cafc9a06eba,4,3897,635080589.0,{}
85,00003ca5-e685-7685-81bc-3cafc9a06eba,5,2450,57.4615644261858,{}
86,00003ca5-e685-7685-81bc-3cafc9a06eba,5,3897,902075371.0,{}
87,00003ca5-e685-7685-81bc-3cafc9a06eba,5,3897,888585315.0,{}
88,00003ca5-e685-7685-81bc-3cafc9a06eba,5,3897,904671985.0,{}
89,00003ca5-e685-7685-81bc-3cafc9a06eba,5,3897,889029119.0,{}
90,00003ca5-e685-7685-81bc-3cafc9a06eba,5,3897,893231366.0,{}
91,00003ca5-e685-7685-81bc-3cafc9a06eba,5,3897,877454474.0,{}
92,00003ca5-e685-7685-81bc-3cafc9a06eba,5,3897,874121381.0,{}
93,00003ca5-e685-7685-81bc-3cafc9a06eba,5,3897,877419214.0,{}
94,00003ca5-e685-7685-81bc-3cafc9a06eba,5,3897,870003023.0,{}
95,00003ca5-e685-7685-81bc-3cafc9a06eba,5,3897,865255168.0,{}
96,00003ca5-e685-7685-81bc-3cafc9a06eba,5,3897,708296374.0,{}
97,00003ca5-e685-7685-81bc-3cafc9a06eba,5,3897,707215553.0,{}
98,00003ca5-e685-7685-81bc-3cafc9a06eba,5,3897,719050588.0,{}
99,00003ca5-e685-7685-81bc-3cafc9a06eba,5,3897,713413603.0,{}
100,00003ca5-e685-7685-81bc-3cafc9a06eba,5,3897,715599306.0,{}
101,00003ca5-e685-7685-81bc-3cafc9a06eba,5,3897,718620210.0,{}
102,00003ca5-e685-7685-81bc-3cafc9a06eba,5,3897,726469670.0,{}
103,00003ca5-e685-7685-81bc-3cafc9a06eba,5,3897,726641911.0,{}
104,00003ca5-e685-7685-81bc-3cafc9a06eba,5,3897,719852194.0,{}
105,00003ca5-e685-7685-81bc-3cafc9a06eba,5,3897,706890069.0,{}
106,00003ca5-e685-7685-81bc-3cafc9a06eba,6,2450,52.7314499348772,{}
107,00003ca5-e685-7685-81bc-3cafc9a06eba,6,3897,868566734.0,{}
108,00003ca5-e685-7685-81bc-3cafc9a06eba,6,3897,876143127.0,{}
109,00003ca5-e685-7685-81bc-3cafc9a06eba,6,3897,858632243.0,{}
110,00003ca5-e685-7685-81bc-3cafc9a06eba,6,3897,843374470.0,{}
111,00003ca5-e685-7685-81bc-3cafc9a06eba,6,3897,869842688.0,{}
112,00003ca5-e685-7685-81bc-3cafc9a06eba,6,3897,858172212.0,{}
113,00003ca5-e685-7685-81bc-3cafc9a06eba,6,3897,847283085.0,{}
114,00003ca5-e685-7685-81bc-3cafc9a06eba,6,3897,866608374.0,{}
115,00003ca5-e685-7685-81bc-3cafc9a06eba,6,3897,853435321.0,{}
116,00003ca5-e685-7685-81bc-3cafc9a06eba,6,3897,856795006.0,{}
117,00003ca5-e685-7685-81bc-3cafc9a06eba,6,3897,573759108.0,{}
118,00003ca5-e685-7685-81bc-3cafc9a06eba,6,3897,562221478.0,{}
119,00003ca5-e685-7685-81bc-3cafc9a06eba,6,3897,576591163.0,{}
120,00003ca5-e685-7685-81bc-3cafc9a06eba,6,3897,599138090.0,{}
121,00003ca5-e685-7685-81bc-3cafc9a06eba,6,3897,566775161.0,{}
122,00003ca5-e685-7685-81bc-3cafc9a06eba,6,3897,545182622.0,{}
123,00003ca5-e685-7685-81bc-3cafc9a06eba,6,3897,542569141.0,{}
124,00003ca5-e685-7685-81bc-3cafc9a06eba,6,3897,535270638.0,{}
125,00003ca5-e685-7685-81bc-3cafc9a06eba,6,3897,547432314.0,{}
126,00003ca5-e685-7685-81bc-3cafc9a06eba,6,3897,534677247.0,{}
127,00003ca5-e685-7685-81bc-3cafc9a06eba,7,2450,60.7993941121908,{}
128,00003ca5-e685-7685-81bc-3cafc9a06eba,7,3897,867810278.0,{}
129,00003ca5-e685-7685-81bc-3cafc9a06eba,7,3897,864817063.0,{}
130,00003ca5-e685-7685-81bc-3cafc9a06eba,7,3897,866636059.0,{}
131,00003ca5-e685-7685-81bc-3cafc9a06eba,7,3897,867967283.0,{}
132,00003ca5-e685-7685-81bc-3cafc9a06eba,7,3897,880987738.0,{}
133,00003ca5-e685-7685-81bc-3cafc9a06eba,7,3897,868816797.0,{}
134,00003ca5-e685-7685-81bc-3cafc9a06eba,7,3897,890531564.0,{}
135,00003ca5-e685-7685-81bc-3cafc9a06eba,7,3897,889874509.0,{}
136,00003ca5-e685-7685-81bc-3cafc9a06eba,7,3897,889223110.0,{}
137,00003ca5-e685-7685-81bc-3cafc9a06eba,7,3897,884001358.0,{}
138,00003ca5-e685-7685-81bc-3cafc9a06eba,7,3897,819857764.0,{}
139,00003ca5-e685-7685-81bc-3cafc9a06eba,7,3897,830399666.0,{}
140,00003ca5-e685-7685-81bc-3cafc9a06eba,7,3897,818743934.0,{}
141,00003ca5-e685-7685-81bc-3cafc9a06eba,7,3897,776122503.0,{}
142,00003ca5-e685-7685-81bc-3cafc9a06eba,7,3897,811076225.0,{}
143,00003ca5-e685-7685-81bc-3cafc9a06eba,7,3897,839163691.0,{}
144,00003ca5-e685-7685-81bc-3cafc9a06eba,7,3897,822330660.0,{}
145,00003ca5-e685-7685-81bc-3cafc9a06eba,7,3897,839725424.0,{}
146,00003ca5-e685-7685-81bc-3cafc9a06eba,7,3897,844278071.0,{}
147,00003ca5-e685-7685-81bc-3cafc9a06eba,7,3897,834589533.0,{}
148,00003ca5-e685-7685-81bc-3cafc9a06eba,8,2450,52.4309508182932,{}
149,00003ca5-e685-7685-81bc-3cafc9a06eba,8,3897,932395828.0,{}
150,00003ca5-e685-7685-81bc-3cafc9a06eba,8,3897,932404421.0,{}
151,00003ca5-e685-7685-81bc-3cafc9a06eba,8,3897,926004213.0,{}
152,00003ca5-e685-7685-81bc-3cafc9a06eba,8,3897,936004063.0,{}
153,00003ca5-e685-7685-81bc-3cafc9a06eba,8,3897,929507190.0,{}
154,00003ca5-e685-7685-81bc-3cafc9a06eba,8,3897,948669914.0,{}
155,00003ca5-e685-7685-81bc-3cafc9a06eba,8,3897,970490719.0,{}
156,00003ca5-e685-7685-81bc-3cafc9a06eba,8,3897,951640210.0,{}
157,00003ca5-e685-7685-81bc-3cafc9a06eba,8,3897,964186214.0,{}
158,00003ca5-e685-7685-81bc-3cafc9a06eba,8,3897,948826616.0,{}
159,00003ca5-e685-7685-81bc-3cafc9a06eba,8,3897,586579377.0,{}
160,00003ca5-e685-7685-81bc-3cafc9a06eba,8,3897,615948847.0,{}
161,00003ca5-e685-7685-81bc-3cafc9a06eba,8,3897,591602645.0,{}
162,00003ca5-e685-7685-81bc-3cafc9a06eba,8,3897,593824821.0,{}
163,00003ca5-e685-7685-81bc-3cafc9a06eba,8,3897,590323570.0,{}
164,00003ca5-e685-7685-81bc-3cafc9a06eba,8,3897,603808643.0,{}
165,00003ca5-e685-7685-81bc-3cafc9a06eba,8,3897,603271418.0,{}
166,00003ca5-e685-7685-81bc-3cafc9a06eba,8,3897,590438617.0,{}
167,00003ca5-e685-7685-81bc-3cafc9a06eba,8,3897,625827012.0,{}
168,00003ca5-e685-7685-81bc-3cafc9a06eba,8,3897,602091673.0,{}
169,00003ca5-e685-7685-81bc-3cafc9a06eba,9,2450,53.9363137456953,{}
170,00003ca5-e685-7685-81bc-3cafc9a06eba,9,3897,901728148.0,{}
171,00003ca5-e685-7685-81bc-3cafc9a06eba,9,3897,873893163.0,{}
172,00003ca5-e685-7685-81bc-3cafc9a06eba,9,3897,887102201.0,{}
173,00003ca5-e685-7685-81bc-3cafc9a06eba,9,3897,891575165.0,{}
174,00003ca5-e685-7685-81bc-3cafc9a06eba,9,3897,887940448.0,{}
175,00003ca5-e685-7685-81bc-3cafc9a06eba,9,3897,884291433.0,{}
176,00003ca5-e685-7685-81bc-3cafc9a06eba,9,3897,876314440.0,{}
177,00003ca5-e685-7685-81bc-3cafc9a06eba,9,3897,874200626.0,{}
178,00003ca5-e685-7685-81bc-3cafc9a06eba,9,3897,885185264.0,{}
179,00003ca5-e685-7685-81bc-3cafc9a06eba,9,3897,866697173.0,{}
180,00003ca5-e685-7685-81bc-3cafc9a06eba,9,3897,563202825.0,{}
181,00003ca5-e685-7685-81bc-3cafc9a06eba,9,3897,571288317.0,{}
182,00003ca5-e685-7685-81bc-3cafc9a06eba,9,3897,566786552.0,{}
183,00003ca5-e685-7685-81bc-3cafc9a06eba,9,3897,571269949.0,{}
184,00003ca5-e685-7685-81bc-3cafc9a06eba,9,3897,572982194.0,{}
185,00003ca5-e685-7685-81bc-3cafc9a06eba,9,3897,551664079.0,{}
186,00003ca5-e685-7685-81bc-3cafc9a06eba,9,3897,553243745.0,{}
187,00003ca5-e685-7685-81bc-3cafc9a06eba,9,3897,559659400.0,{}
188,00003ca5-e685-7685-81bc-3cafc9a06eba,9,3897,569041218.0,{}
189,00003ca5-e685-7685-81bc-3cafc9a06eba,9,3897,568478672.0,{}
190,00003ca5-e685-7685-81bc-3cafc9a06eba,10,2450,50.7600240381813,{}
191,00003ca5-e685-7685-81bc-3cafc9a06eba,10,3897,981840092.0,{}
192,00003ca5-e685-7685-81bc-3cafc9a06eba,10,3897,982790916.0,{}
193,00003ca5-e685-7685-81bc-3cafc9a06eba,10,3897,987997259.0,{}
194,00003ca5-e685-7685-81bc-3cafc9a06eba,10,3897,973111507.0,{}
195,00003ca5-e685-7685-81bc-3cafc9a06eba,10,3897,974061618.0,{}
196,00003ca5-e685-7685-81bc-3cafc9a06eba,10,3897,970667145.0,{}
197,00003ca5-e685-7685-81bc-3cafc9a06eba,10,3897,996954876.0,{}
198,00003ca5-e685-7685-81bc-3cafc9a06eba,10,3897,971929309.0,{}
199,00003ca5-e685-7685-81bc-3cafc9a06eba,10,3897,973432208.0,{}
200,00003ca5-e685-7685-81bc-3cafc9a06eba,10,3897,959138948.0,{}
201,00003ca5-e685-7685-81bc-3cafc9a06eba,10,3897,471419979.0,{}
202,00003ca5-e685-7685-81bc-3cafc9a06eba,10,3897,471234273.0,{}
203,00003ca5-e685-7685-81bc-3cafc9a06eba,10,3897,488687560.0,{}
204,00003ca5-e685-7685-81bc-3cafc9a06eba,10,3897,470446566.0,{}
205,00003ca5-e685-7685-81bc-3cafc9a06eba,10,3897,473396869.0,{}
206,00003ca5-e685-7685-81bc-3cafc9a06eba,10,3897,467093477.0,{}
207,00003ca5-e685-7685-81bc-3cafc9a06eba,10,3897,478798944.0,{}
208,00003ca5-e685-7685-81bc-3cafc9a06eba,10,3897,477475865.0,{}
209,00003ca5-e685-7685-81bc-3cafc9a06eba,10,3897,477343129.0,{}
210,00003ca5-e685-7685-81bc-3cafc9a06eba,10,3897,472249560.0,{}
211,00003ca5-e685-7685-81bc-3cafc9a06eba,11,2450,54.4689022029237,{}
212,00003ca5-e685-7685-81bc-3cafc9a06eba,11,3897,866753690.0,{}
213,00003ca5-e685-7685-81bc-3cafc9a06eba,11,3897,900714246.0,{}
214,00003ca5-e685-7685-81bc-3cafc9a06eba,11,3897,900464075.0,{}
215,00003ca5-e685-7685-81bc-3cafc9a06eba,11,3897,896019917.0,{}
216,00003ca5-e685-7685-81bc-3cafc9a06eba,11,3897,896668345.0,{}
217,00003ca5-e685-7685-81bc-3cafc9a06eba,11,3897,880614158.0,{}
218,00003ca5-e685-7685-81bc-3cafc9a06eba,11,3897,879048543.0,{}
219,00003ca5-e685-7685-81bc-3cafc9a06eba,11,3897,880438528.0,{}
220,00003ca5-e685-7685-81bc-3cafc9a06eba,11,3897,872168830.0,{}
221,00003ca5-e685-7685-81bc-3cafc9a06eba,11,3897,881347489.0,{}
222,00003ca5-e685-7685-81bc-3cafc9a06eba,11,3897,610523621.0,{}
223,00003ca5-e685-7685-81bc-3cafc9a06eba,11,3897,601047981.0,{}
224,00003ca5-e685-7685-81bc-3cafc9a06eba,11,3897,608886616.0,{}
225,00003ca5-e685-7685-81bc-3cafc9a06eba,11,3897,605982051.0,{}
226,00003ca5-e685-7685-81bc-3cafc9a06eba,11,3897,605817095.0,{}
227,00003ca5-e685-7685-81bc-3cafc9a06eba,11,3897,554119376.0,{}
228,00003ca5-e685-7685-81bc-3cafc9a06eba,11,3897,544055853.0,{}
229,00003ca5-e685-7685-81bc-3cafc9a06eba,11,3897,543948132.0,{}
230,00003ca5-e685-7685-81bc-3cafc9a06eba,11,3897,543157498.0,{}
231,00003ca5-e685-7685-81bc-3cafc9a06eba,11,3897,553185475.0,{}
232,00003ca5-e685-7685-81bc-3cafc9a06eba,12,2450,49.7509269403303,{}
233,00003ca5-e685-7685-81bc-3cafc9a06eba,12,3897,442980620.0,{}
234,00003ca5-e685-7685-81bc-3cafc9a06eba,12,3897,450061800.0,{}
235,00003ca5-e685-7685-81bc-3cafc9a06eba,12,3897,441525990.0,{}
236,00003ca5-e685-7685-81bc-3cafc9a06eba,12,3897,448115553.0,{}
237,00003ca5-e685-7685-81bc-3cafc9a06eba,12,3897,442825916.0,{}
238,00003ca5-e685-7685-81bc-3cafc9a06eba,12,3897,484486689.0,{}
239,00003ca5-e685-7685-81bc-3cafc9a06eba,12,3897,484138156.0,{}
240,00003ca5-e685-7685-81bc-3cafc9a06eba,12,3897,487237765.0,{}
241,00003ca5-e685-7685-81bc-3cafc9a06eba,12,3897,483746878.0,{}
242,00003ca5-e685-7685-81bc-3cafc9a06eba,12,3897,481993287.0,{}
243,00003ca5-e685-7685-81bc-3cafc9a06eba,12,3897,895958617.0,{}
244,00003ca5-e685-7685-81bc-3cafc9a06eba,12,3897,888939090.0,{}
245,00003ca5-e685-7685-81bc-3cafc9a06eba,12,3897,905614196.0,{}
246,00003ca5-e685-7685-81bc-3cafc9a06eba,12,3897,890499203.0,{}
247,00003ca5-e685-7685-81bc-3cafc9a06eba,12,3897,905134906.0,{}
248,00003ca5-e685-7685-81bc-3cafc9a06eba,12,3897,876285210.0,{}
249,00003ca5-e685-7685-81bc-3cafc9a06eba,12,3897,882113793.0,{}
250,00003ca5-e685-7685-81bc-3cafc9a06eba,12,3897,887821364.0,{}
251,00003ca5-e685-7685-81bc-3cafc9a06eba,12,3897,874850591.0,{}
252,00003ca5-e685-7685-81bc-3cafc9a06eba,12,3897,883261823.0,{}
253,00003ca5-e685-7685-81bc-3cafc9a06eba,13,2450,57.6638563222614,{}
254,00003ca5-e685-7685-81bc-3cafc9a06eba,13,3897,712898429.0,{}
255,00003ca5-e685-7685-81bc-3cafc9a06eba,13,3897,715567243.0,{}
256,00003ca5-e685-7685-81bc-3cafc9a06eba,13,3897,712712939.0,{}
257,00003ca5-e685-7685-81bc-3cafc9a06eba,13,3897,721764600.0,{}
258,00003ca5-e685-7685-81bc-3cafc9a06eba,13,3897,713497495.0,{}
259,00003ca5-e685-7685-81bc-3cafc9a06eba,13,3897,756168418.0,{}
260,00003ca5-e685-7685-81bc-3cafc9a06eba,13,3897,752513729.0,{}
261,00003ca5-e685-7685-81bc-3cafc9a06eba,13,3897,753088358.0,{}
262,00003ca5-e685-7685-81bc-3cafc9a06eba,13,3897,754655356.0,{}
263,00003ca5-e685-7685-81bc-3cafc9a06eba,13,3897,748522958.0,{}
264,00003ca5-e685-7685-81bc-3cafc9a06eba,13,3897,912972041.0,{}
265,00003ca5-e685-7685-81bc-3cafc9a06eba,13,3897,924998129.0,{}
266,00003ca5-e685-7685-81bc-3cafc9a06eba,13,3897,919734878.0,{}
267,00003ca5-e685-7685-81bc-3cafc9a06eba,13,3897,920701127.0,{}
268,00003ca5-e685-7685-81bc-3cafc9a06eba,13,3897,914184469.0,{}
269,00003ca5-e685-7685-81bc-3cafc9a06eba,13,3897,921489242.0,{}
270,00003ca5-e685-7685-81bc-3cafc9a06eba,13,3897,946974102.0,{}
271,00003ca5-e685-7685-81bc-3cafc9a06eba,13,3897,945705269.0,{}
272,00003ca5-e685-7685-81bc-3cafc9a06eba,13,3897,920706042.0,{}
273,00003ca5-e685-7685-81bc-3cafc9a06eba,13,3897,939309970.0,{}
274,00003ca5-e685-7685-81bc-3cafc9a06eba,14,2450,50.3549803777315,{}
275,00003ca5-e685-7685-81bc-3cafc9a06eba,14,3897,893669782.0,{}
276,00003ca5-e685-7685-81bc-3cafc9a06eba,14,3897,890059049.0,{}
277,00003ca5-e685-7685-81bc-3cafc9a06eba,14,3897,891957965.0,{}
278,00003ca5-e685-7685-81bc-3cafc9a06eba,14,3897,884876850.0,{}
279,00003ca5-e685-7685-81bc-3cafc9a06eba,14,3897,899707891.0,{}
280,00003ca5-e685-7685-81bc-3cafc9a06eba,14,3897,899992084.0,{}
281,00003ca5-e685-7685-81bc-3cafc9a06eba,14,3897,901998141.0,{}
282,00003ca5-e685-7685-81bc-3cafc9a06eba,14,3897,901224553.0,{}
283,00003ca5-e685-7685-81bc-3cafc9a06eba,14,3897,889188193.0,{}
284,00003ca5-e685-7685-81bc-3cafc9a06eba,14,3897,891933570.0,{}
285,00003ca5-e685-7685-81bc-3cafc9a06eba,14,3897,429915316.0,{}
286,00003ca5-e685-7685-81bc-3cafc9a06eba,14,3897,426994192.0,{}
287,00003ca5-e685-7685-81bc-3cafc9a06eba,14,3897,428389524.0,{}
288,00003ca5-e685-7685-81bc-3cafc9a06eba,14,3897,429520063.0,{}
289,00003ca5-e685-7685-81bc-3cafc9a06eba,14,3897,428897505.0,{}
290,00003ca5-e685-7685-81bc-3cafc9a06eba,14,3897,421832037.0,{}
291,00003ca5-e685-7685-81bc-3cafc9a06eba,14,3897,420393797.0,{}
292,00003ca5-e685-7685-81bc-3cafc9a06eba,14,3897,416893766.0,{}
293,00003ca5-e685-7685-81bc-3cafc9a06eba,14,3897,418918091.0,{}
294,00003ca5-e685-7685-81bc-3cafc9a06eba,14,3897,415750607.0,{}
295,00003ca5-e685-7685-81bc-3cafc9a06eba,15,2450,49.822957407925,{}
296,00003ca5-e685-7685-81bc-3cafc9a06eba,15,3897,948459493.0,{}
297,00003ca5-e685-7685-81bc-3cafc9a06eba,15,3897,979686093.0,{}
298,00003ca5-e685-7685-81bc-3cafc9a06eba,15,3897,931875497.0,{}
299,00003ca5-e685-7685-81bc-3cafc9a06eba,15,3897,943322698.0,{}
300,00003ca5-e685-7685-81bc-3cafc9a06eba,15,3897,964141826.0,{}
301,00003ca5-e685-7685-81bc-3cafc9a06eba,15,3897,946176782.0,{}
302,00003ca5-e685-7685-81bc-3cafc9a06eba,15,3897,951135102.0,{}
303,00003ca5-e685-7685-81bc-3cafc9a06eba,15,3897,944629200.0,{}
304,00003ca5-e685-7685-81bc-3cafc9a06eba,15,3897,933736806.0,{}
305,00003ca5-e685-7685-81bc-3cafc9a06eba,15,3897,939279817.0,{}
306,00003ca5-e685-7685-81bc-3cafc9a06eba,15,3897,469417860.0,{}
307,00003ca5-e685-7685-81bc-3cafc9a06eba,15,3897,460872568.0,{}
308,00003ca5-e685-7685-81bc-3cafc9a06eba,15,3897,468287119.0,{}
309,00003ca5-e685-7685-81bc-3cafc9a06eba,15,3897,477242254.0,{}
310,00003ca5-e685-7685-81bc-3cafc9a06eba,15,3897,472296829.0,{}
311,00003ca5-e685-7685-81bc-3cafc9a06eba,15,3897,413692272.0,{}
312,00003ca5-e685-7685-81bc-3cafc9a06eba,15,3897,412641564.0,{}
313,00003ca5-e685-7685-81bc-3cafc9a06eba,15,3897,417383397.0,{}
314,00003ca5-e685-7685-81bc-3cafc9a06eba,15,3897,418179694.0,{}
315,00003ca5-e685-7685-81bc-3cafc9a06eba,15,3897,410048045.0,{}
316,00003ca5-e685-7685-81bc-3cafc9a06eba,16,2450,51.1599388389325,{}
317,00003ca5-e685-7685-81bc-3cafc9a06eba,16,3897,911590936.0,{}
318,00003ca5-e685-7685-81bc-3cafc9a06eba,16,3897,891170284.0,{}
319,00003ca5-e685-7685-81bc-3cafc9a06eba,16,3897,907205939.0,{}
320,00003ca5-e685-7685-81bc-3cafc9a06eba,16,3897,888027966.0,{}
321,00003ca5-e685-7685-81bc-3cafc9a06eba,16,3897,901078197.0,{}
322,00003ca5-e685-7685-81bc-3cafc9a06eba,16,3897,907599183.0,{}
323,00003ca5-e685-7685-81bc-3cafc9a06eba,16,3897,909138536.0,{}
324,00003ca5-e685-7685-81bc-3cafc9a06eba,16,3897,903454978.0,{}
325,00003ca5-e685-7685-81bc-3cafc9a06eba,16,3897,906277018.0,{}
326,00003ca5-e685-7685-81bc-3cafc9a06eba,16,3897,911903617.0,{}
327,00003ca5-e685-7685-81bc-3cafc9a06eba,16,3897,461572554.0,{}
328,00003ca5-e685-7685-81bc-3cafc9a06eba,16,3897,452651926.0,{}
329,00003ca5-e685-7685-81bc-3cafc9a06eba,16,3897,450334624.0,{}
330,00003ca5-e685-7685-81bc-3cafc9a06eba,16,3897,454258759.0,{}
331,00003ca5-e685-7685-81bc-3cafc9a06eba,16,3897,453715387.0,{}
332,00003ca5-e685-7685-81bc-3cafc9a06eba,16,3897,505799258.0,{}
333,00003ca5-e685-7685-81bc-3cafc9a06eba,16,3897,501648452.0,{}
334,00003ca5-e685-7685-81bc-3cafc9a06eba,16,3897,501649708.0,{}
335,00003ca5-e685-7685-81bc-3cafc9a06eba,16,3897,495314236.0,{}
336,00003ca5-e685-7685-81bc-3cafc9a06eba,16,3897,506012233.0,{}
337,00003ca5-e685-7685-81bc-3cafc9a06eba,17,2450,7.97979844975667,{}
338,00003ca5-e685-7685-81bc-3cafc9a06eba,17,3897,41867.0,{}
339,00003ca5-e685-7685-81bc-3cafc9a06eba,17,3897,41662.0,{}
340,00003ca5-e685-7685-81bc-3cafc9a06eba,17,3897,41624.0,{}
341,00003ca5-e685-7685-81bc-3cafc9a06eba,17,3897,42306.0,{}
342,00003ca5-e685-7685-81bc-3cafc9a06eba,17,3897,42253.0,{}
343,00003ca5-e685-7685-81bc-3cafc9a06eba,17,3897,43410.0,{}
344,00003ca5-e685-7685-81bc-3cafc9a06eba,17,3897,43680.0,{}
345,00003ca5-e685-7685-81bc-3cafc9a06eba,17,3897,43860.0,{}
346,00003ca5-e685-7685-81bc-3cafc9a06eba,17,3897,43978.0,{}
347,00003ca5-e685-7685-81bc-3cafc9a06eba,17,3897,44136.0,{}
348,00003ca5-e685-7685-81bc-3cafc9a06eba,17,3897,41609.0,{}
349,00003ca5-e685-7685-81bc-3cafc9a06eba,17,3897,42237.0,{}
350,00003ca5-e685-7685-81bc-3cafc9a06eba,17,3897,42198.0,{}
351,00003ca5-e685-7685-81bc-3cafc9a06eba,17,3897,42219.0,{}
352,00003ca5-e685-7685-81bc-3cafc9a06eba,17,3897,42130.0,{}
353,00003ca5-e685-7685-81bc-3cafc9a06eba,17,3897,43424.0,{}
354,00003ca5-e685-7685-81bc-3cafc9a06eba,17,3897,43878.0,{}
355,00003ca5-e685-7685-81bc-3cafc9a06eba,17,3897,44177.0,{}
356,00003ca5-e685-7685-81bc-3cafc9a06eba,17,3897,43822.0,{}
357,00003ca5-e685-7685-81bc-3cafc9a06eba,17,3897,43095.0,{}
358,00003ca5-e685-7685-81bc-3cafc9a06eba,18,2450,7.85857254401505,{}
359,00003ca5-e685-7685-81bc-3cafc9a06eba,18,3897,46731.0,{}
360,00003ca5-e685-7685-81bc-3cafc9a06eba,18,3897,44422.0,{}
361,00003ca5-e685-7685-81bc-3cafc9a06eba,18,3897,45906.0,{}
362,00003ca5-e685-7685-81bc-3cafc9a06eba,18,3897,47322.0,{}
363,00003ca5-e685-7685-81bc-3cafc9a06eba,18,3897,46631.0,{}
364,00003ca5-e685-7685-81bc-3cafc9a06eba,18,3897,48048.0,{}
365,00003ca5-e685-7685-81bc-3cafc9a06eba,18,3897,47217.0,{}
366,00003ca5-e685-7685-81bc-3cafc9a06eba,18,3897,47118.0,{}
367,00003ca5-e685-7685-81bc-3cafc9a06eba,18,3897,47165.0,{}
368,00003ca5-e685-7685-81bc-3cafc9a06eba,18,3897,47097.0,{}
369,00003ca5-e685-7685-81bc-3cafc9a06eba,18,3897,46443.0,{}
370,00003ca5-e685-7685-81bc-3cafc9a06eba,18,3897,47661.0,{}
371,00003ca5-e685-7685-81bc-3cafc9a06eba,18,3897,47018.0,{}
372,00003ca5-e685-7685-81bc-3cafc9a06eba,18,3897,47088.0,{}
373,00003ca5-e685-7685-81bc-3cafc9a06eba,18,3897,47041.0,{}
374,00003ca5-e685-7685-81bc-3cafc9a06eba,18,3897,47311.0,{}
375,00003ca5-e685-7685-81bc-3cafc9a06eba,18,3897,47370.0,{}
376,00003ca5-e685-7685-81bc-3cafc9a06eba,18,3897,46432.0,{}
377,00003ca5-e685-7685-81bc-3cafc9a06eba,18,3897,46583.0,{}
378,00003ca5-e685-7685-81bc-3cafc9a06eba,18,3897,45407.0,{}
379,00003ca5-e685-7685-81bc-3cafc9a06eba,19,2450,46.9067303488497,{}
380,00003ca5-e685-7685-81bc-3cafc9a06eba,19,3897,1374798.0,{}
381,00003ca5-e685-7685-81bc-3cafc9a06eba,19,3897,1478704.0,{}
382,00003ca5-e685-7685-81bc-3cafc9a06eba,19,3897,1431614.0,{}
383,00003ca5-e685-7685-81bc-3cafc9a06eba,19,3897,1427796.0,{}
384,00003ca5-e685-7685-81bc-3cafc9a06eba,19,3897,1426331.0,{}
385,00003ca5-e685-7685-81bc-3cafc9a06eba,19,3897,1424435.0,{}
386,00003ca5-e685-7685-81bc-3cafc9a06eba,19,3897,1433519.0,{}
387,00003ca5-e685-7685-81bc-3cafc9a06eba,19,3897,1472392.0,{}
388,00003ca5-e685-7685-81bc-3cafc9a06eba,19,3897,1432342.0,{}
389,00003ca5-e685-7685-81bc-3cafc9a06eba,19,3897,1359954.0,{}
390,00003ca5-e685-7685-81bc-3cafc9a06eba,19,3897,1327355.0,{}
391,00003ca5-e685-7685-81bc-3cafc9a06eba,19,3897,1453062.0,{}
392,00003ca5-e685-7685-81bc-3cafc9a06eba,19,3897,1410105.0,{}
393,00003ca5-e685-7685-81bc-3cafc9a06eba,19,3897,1447557.0,{}
394,00003ca5-e685-7685-81bc-3cafc9a06eba,19,3897,1456069.0,{}
395,00003ca5-e685-7685-81bc-3cafc9a06eba,19,3897,1361233.0,{}
396,00003ca5-e685-7685-81bc-3cafc9a06eba,19,3897,1407873.0,{}
397,00003ca5-e685-7685-81bc-3cafc9a06eba,19,3897,1483536.0,{}
398,00003ca5-e685-7685-81bc-3cafc9a06eba,19,3897,1427820.0,{}
399,00003ca5-e685-7685-81bc-3cafc9a06eba,19,3897,1395316.0,{}
400,00003ca5-e685-7685-81bc-3cafc9a06eba,20,2450,59.2382665187061,{}
401,00003ca5-e685-7685-81bc-3cafc9a06eba,20,3897,212714420.0,{}
402,00003ca5-e685-7685-81bc-3cafc9a06eba,20,3897,214536485.0,{}
403,00003ca5-e685-7685-81bc-3cafc9a06eba,20,3897,216105990.0,{}
404,00003ca5-e685-7685-81bc-3cafc9a06eba,20,3897,215003224.0,{}
405,00003ca5-e685-7685-81bc-3cafc9a06eba,20,3897,234469057.0,{}
406,00003ca5-e685-7685-81bc-3cafc9a06eba,20,3897,216123573.0,{}
407,00003ca5-e685-7685-81bc-3cafc9a06eba,20,3897,215442519.0,{}
408,00003ca5-e685-7685-81bc-3cafc9a06eba,20,3897,215572581.0,{}
409,00003ca5-e685-7685-81bc-3cafc9a06eba,20,3897,230724219.0,{}
410,00003ca5-e685-7685-81bc-3cafc9a06eba,20,3897,234514279.0,{}
411,00003ca5-e685-7685-81bc-3cafc9a06eba,20,3897,230044593.0,{}
412,00003ca5-e685-7685-81bc-3cafc9a06eba,20,3897,230583193.0,{}
413,00003ca5-e685-7685-81bc-3cafc9a06eba,20,3897,210830023.0,{}
414,00003ca5-e685-7685-81bc-3cafc9a06eba,20,3897,212683180.0,{}
415,00003ca5-e685-7685-81bc-3cafc9a06eba,20,3897,211306675.0,{}
416,00003ca5-e685-7685-81bc-3cafc9a06eba,20,3897,211432464.0,{}
417,00003ca5-e685-7685-81bc-3cafc9a06eba,20,3897,211596240.0,{}
418,00003ca5-e685-7685-81bc-3cafc9a06eba,20,3897,211159272.0,{}
419,00003ca5-e685-7685-81bc-3cafc9a06eba,20,3897,212645536.0,{}
420,00003ca5-e685-7685-81bc-3cafc9a06eba,20,3897,265178414.0,{}
421,00003ca5-e685-7685-81bc-3cafc9a06eba,21,2450,55.7092926680778,{}
422,00003ca5-e685-7685-81bc-3cafc9a06eba,21,3897,140242264.0,{}
423,00003ca5-e685-7685-81bc-3cafc9a06eba,21,3897,129599550.0,{}
424,00003ca5-e685-7685-81bc-3cafc9a06eba,21,3897,141899859.0,{}
425,00003ca5-e685-7685-81bc-3cafc9a06eba,21,3897,141648916.0,{}
426,00003ca5-e685-7685-81bc-3cafc9a06eba,21,3897,126830220.0,{}
427,00003ca5-e685-7685-81bc-3cafc9a06eba,21,3897,135545009.0,{}
428,00003ca5-e685-7685-81bc-3cafc9a06eba,21,3897,132926485.0,{}
429,00003ca5-e685-7685-81bc-3cafc9a06eba,21,3897,139355221.0,{}
430,00003ca5-e685-7685-81bc-3cafc9a06eba,21,3897,132843095.0,{}
431,00003ca5-e685-7685-81bc-3cafc9a06eba,21,3897,137891331.0,{}
432,00003ca5-e685-7685-81bc-3cafc9a06eba,21,3897,182228897.0,{}
433,00003ca5-e685-7685-81bc-3cafc9a06eba,21,3897,178060183.0,{}
434,00003ca5-e685-7685-81bc-3cafc9a06eba,21,3897,162700540.0,{}
435,00003ca5-e685-7685-81bc-3cafc9a06eba,21,3897,177587230.0,{}
436,00003ca5-e685-7685-81bc-3cafc9a06eba,21,3897,182202326.0,{}
437,00003ca5-e685-7685-81bc-3cafc9a06eba,21,3897,162899786.0,{}
438,00003ca5-e685-7685-81bc-3cafc9a06eba,21,3897,162834887.0,{}
439,00003ca5-e685-7685-81bc-3cafc9a06eba,21,3897,180651796.0,{}
440,00003ca5-e685-7685-81bc-3cafc9a06eba,21,3897,180772279.0,{}
441,00003ca5-e685-7685-81bc-3cafc9a06eba,21,3897,162054914.0,{}
442,00003ca5-e685-7685-81bc-3cafc9a06eba,22,2450,59.2980144265387,{}
443,00003ca5-e685-7685-81bc-3cafc9a06eba,22,3897,162098063.0,{}
444,00003ca5-e685-7685-81bc-3cafc9a06eba,22,3897,155610270.0,{}
445,00003ca5-e685-7685-81bc-3cafc9a06eba,22,3897,177051711.0,{}
446,00003ca5-e685-7685-81bc-3cafc9a06eba,22,3897,174049981.0,{}
447,00003ca5-e685-7685-81bc-3cafc9a06eba,22,3897,199905655.0,{}
448,00003ca5-e685-7685-81bc-3cafc9a06eba,22,3897,160437227.0,{}
449,00003ca5-e685-7685-81bc-3cafc9a06eba,22,3897,200019945.0,{}
450,00003ca5-e685-7685-81bc-3cafc9a06eba,22,3897,180596877.0,{}
451,00003ca5-e685-7685-81bc-3cafc9a06eba,22,3897,154237828.0,{}
452,00003ca5-e685-7685-81bc-3cafc9a06eba,22,3897,152485457.0,{}
453,00003ca5-e685-7685-81bc-3cafc9a06eba,22,3897,161787236.0,{}
454,00003ca5-e685-7685-81bc-3cafc9a06eba,22,3897,155403260.0,{}
455,00003ca5-e685-7685-81bc-3cafc9a06eba,22,3897,184491292.0,{}
456,00003ca5-e685-7685-81bc-3cafc9a06eba,22,3897,180139799.0,{}
457,00003ca5-e685-7685-81bc-3cafc9a06eba,22,3897,181117496.0,{}
458,00003ca5-e685-7685-81bc-3cafc9a06eba,22,3897,154026984.0,{}
459,00003ca5-e685-7685-81bc-3cafc9a06eba,22,3897,160882049.0,{}
460,00003ca5-e685-7685-81bc-3cafc9a06eba,22,3897,148556914.0,{}
461,00003ca5-e685-7685-81bc-3cafc9a06eba,22,3897,174724794.0,{}
462,00003ca5-e685-7685-81bc-3cafc9a06eba,22,3897,169603501.0,{}
463,00003ca5-e685-7685-81bc-3cafc9a06eba,23,2450,57.0092874865805,{}
464,00003ca5-e685-7685-81bc-3cafc9a06eba,23,3897,154785768.0,{}
465,00003ca5-e685-7685-81bc-3cafc9a06eba,23,3897,151830891.0,{}
466,00003ca5-e685-7685-81bc-3cafc9a06eba,23,3897,151174251.0,{}
467,00003ca5-e685-7685-81bc-3cafc9a06eba,23,3897,159363926.0,{}
468,00003ca5-e685-7685-81bc-3cafc9a06eba,23,3897,152811569.0,{}
469,00003ca5-e685-7685-81bc-3cafc9a06eba,23,3897,149145472.0,{}
470,00003ca5-e685-7685-81bc-3cafc9a06eba,23,3897,156985828.0,{}
471,00003ca5-e685-7685-81bc-3cafc9a06eba,23,3897,147493993.0,{}
472,00003ca5-e685-7685-81bc-3cafc9a06eba,23,3897,142415627.0,{}
473,00003ca5-e685-7685-81bc-3cafc9a06eba,23,3897,145949195.0,{}
474,00003ca5-e685-7685-81bc-3cafc9a06eba,23,3897,180907356.0,{}
475,00003ca5-e685-7685-81bc-3cafc9a06eba,23,3897,164780759.0,{}
476,00003ca5-e685-7685-81bc-3cafc9a06eba,23,3897,175229968.0,{}
477,00003ca5-e685-7685-81bc-3cafc9a06eba,23,3897,220780183.0,{}
478,00003ca5-e685-7685-81bc-3cafc9a06eba,23,3897,225084285.0,{}
479,00003ca5-e685-7685-81bc-3cafc9a06eba,23,3897,160689847.0,{}
480,00003ca5-e685-7685-81bc-3cafc9a06eba,23,3897,166531364.0,{}
481,00003ca5-e685-7685-81bc-3cafc9a06eba,23,3897,162497663.0,{}
482,00003ca5-e685-7685-81bc-3cafc9a06eba,23,3897,163782208.0,{}
483,00003ca5-e685-7685-81bc-3cafc9a06eba,23,3897,163285068.0,{}
484,00003ca5-e685-7685-81bc-3cafc9a06eba,24,2450,56.299776698759,{}
485,00003ca5-e685-7685-81bc-3cafc9a06eba,24,3897,148195512.0,{}
486,00003ca5-e685-7685-81bc-3cafc9a06eba,24,3897,148963731.0,{}
487,00003ca5-e685-7685-81bc-3cafc9a06eba,24,3897,149610691.0,{}
488,00003ca5-e685-7685-81bc-3cafc9a06eba,24,3897,144736521.0,{}
489,00003ca5-e685-7685-81bc-3cafc9a06eba,24,3897,149574096.0,{}
490,00003ca5-e685-7685-81bc-3cafc9a06eba,24,3897,158224351.0,{}
491,00003ca5-e685-7685-81bc-3cafc9a06eba,24,3897,149234777.0,{}
492,00003ca5-e685-7685-81bc-3cafc9a06eba,24,3897,149603092.0,{}
493,00003ca5-e685-7685-81bc-3cafc9a06eba,24,3897,150876764.0,{}
494,00003ca5-e685-7685-81bc-3cafc9a06eba,24,3897,146018117.0,{}
495,00003ca5-e685-7685-81bc-3cafc9a06eba,24,3897,178569511.0,{}
496,00003ca5-e685-7685-81bc-3cafc9a06eba,24,3897,167802876.0,{}
497,00003ca5-e685-7685-81bc-3cafc9a06eba,24,3897,168964586.0,{}
498,00003ca5-e685-7685-81bc-3cafc9a06eba,24,3897,167910490.0,{}
499,00003ca5-e685-7685-81bc-3cafc9a06eba,24,3897,170050546.0,{}
500,00003ca5-e685-7685-81bc-3cafc9a06eba,24,3897,208853872.0,{}
501,00003ca5-e685-7685-81bc-3cafc9a06eba,24,3897,188268310.0,{}
502,00003ca5-e685-7685-81bc-3cafc9a06eba,24,3897,169171209.0,{}
503,00003ca5-e685-7685-81bc-3cafc9a06eba,24,3897,191425349.0,{}
504,00003ca5-e685-7685-81bc-3cafc9a06eba,24,3897,182535193.0,{}
505,00003ca5-e685-7685-81bc-3cafc9a06eba,25,2450,59.7429524486408,{}
506,00003ca5-e685-7685-81bc-3cafc9a06eba,25,3897,186891582.0,{}
507,00003ca5-e685-7685-81bc-3cafc9a06eba,25,3897,178682568.0,{}
508,00003ca5-e685-7685-81bc-3cafc9a06eba,25,3897,177214310.0,{}
509,00003ca5-e685-7685-81bc-3cafc9a06eba,25,3897,186987480.0,{}
510,00003ca5-e685-7685-81bc-3cafc9a06eba,25,3897,178230734.0,{}
511,00003ca5-e685-7685-81bc-3cafc9a06eba,25,3897,161087563.0,{}
512,00003ca5-e685-7685-81bc-3cafc9a06eba,25,3897,194335822.0,{}
513,00003ca5-e685-7685-81bc-3cafc9a06eba,25,3897,198096504.0,{}
514,00003ca5-e685-7685-81bc-3cafc9a06eba,25,3897,179145967.0,{}
515,00003ca5-e685-7685-81bc-3cafc9a06eba,25,3897,178196029.0,{}
516,00003ca5-e685-7685-81bc-3cafc9a06eba,25,3897,173155697.0,{}
517,00003ca5-e685-7685-81bc-3cafc9a06eba,25,3897,179631120.0,{}
518,00003ca5-e685-7685-81bc-3cafc9a06eba,25,3897,174404170.0,{}
519,00003ca5-e685-7685-81bc-3cafc9a06eba,25,3897,175009050.0,{}
520,00003ca5-e685-7685-81bc-3cafc9a06eba,25,3897,174755677.0,{}
521,00003ca5-e685-7685-81bc-3cafc9a06eba,25,3897,192234704.0,{}
522,00003ca5-e685-7685-81bc-3cafc9a06eba,25,3897,206450828.0,{}
523,00003ca5-e685-7685-81bc-3cafc9a06eba,25,3897,191687716.0,{}
524,00003ca5-e685-7685-81bc-3cafc9a06eba,25,3897,187757561.0,{}
525,00003ca5-e685-7685-81bc-3cafc9a06eba,25,3897,191340529.0,{}
526,00003ca5-e685-7685-81bc-3cafc9a06eba,26,2450,59.9997928682184,{}
527,00003ca5-e685-7685-81bc-3cafc9a06eba,26,3897,176830280.0,{}
528,00003ca5-e685-7685-81bc-3cafc9a06eba,26,3897,178894578.0,{}
529,00003ca5-e685-7685-81bc-3cafc9a06eba,26,3897,161285693.0,{}
530,00003ca5-e685-7685-81bc-3cafc9a06eba,26,3897,160782759.0,{}
531,00003ca5-e685-7685-81bc-3cafc9a06eba,26,3897,160910252.0,{}
532,00003ca5-e685-7685-81bc-3cafc9a06eba,26,3897,157933676.0,{}
533,00003ca5-e685-7685-81bc-3cafc9a06eba,26,3897,164765705.0,{}
534,00003ca5-e685-7685-81bc-3cafc9a06eba,26,3897,155795859.0,{}
535,00003ca5-e685-7685-81bc-3cafc9a06eba,26,3897,192822432.0,{}
536,00003ca5-e685-7685-81bc-3cafc9a06eba,26,3897,177333407.0,{}
537,00003ca5-e685-7685-81bc-3cafc9a06eba,26,3897,174400608.0,{}
538,00003ca5-e685-7685-81bc-3cafc9a06eba,26,3897,174855316.0,{}
539,00003ca5-e685-7685-81bc-3cafc9a06eba,26,3897,176692072.0,{}
540,00003ca5-e685-7685-81bc-3cafc9a06eba,26,3897,174210637.0,{}
541,00003ca5-e685-7685-81bc-3cafc9a06eba,26,3897,173847750.0,{}
542,00003ca5-e685-7685-81bc-3cafc9a06eba,26,3897,214187335.0,{}
543,00003ca5-e685-7685-81bc-3cafc9a06eba,26,3897,219127368.0,{}
544,00003ca5-e685-7685-81bc-3cafc9a06eba,26,3897,192415309.0,{}
545,00003ca5-e685-7685-81bc-3cafc9a06eba,26,3897,168243062.0,{}
546,00003ca5-e685-7685-81bc-3cafc9a06eba,26,3897,227010595.0,{}
547,00003ca5-e685-7685-81bc-3cafc9a06eba,27,2450,56.670062207448,{}
548,00003ca5-e685-7685-81bc-3cafc9a06eba,27,3897,171048716.0,{}
549,00003ca5-e685-7685-81bc-3cafc9a06eba,27,3897,171100909.0,{}
550,00003ca5-e685-7685-81bc-3cafc9a06eba,27,3897,149950407.0,{}
551,00003ca5-e685-7685-81bc-3cafc9a06eba,27,3897,151330748.0,{}
552,00003ca5-e685-7685-81bc-3cafc9a06eba,27,3897,171186307.0,{}
553,00003ca5-e685-7685-81bc-3cafc9a06eba,27,3897,156722773.0,{}
554,00003ca5-e685-7685-81bc-3cafc9a06eba,27,3897,173058125.0,{}
555,00003ca5-e685-7685-81bc-3cafc9a06eba,27,3897,174592585.0,{}
556,00003ca5-e685-7685-81bc-3cafc9a06eba,27,3897,174612723.0,{}
557,00003ca5-e685-7685-81bc-3cafc9a06eba,27,3897,171598975.0,{}
558,00003ca5-e685-7685-81bc-3cafc9a06eba,27,3897,143791259.0,{}
559,00003ca5-e685-7685-81bc-3cafc9a06eba,27,3897,145132518.0,{}
560,00003ca5-e685-7685-81bc-3cafc9a06eba,27,3897,146767329.0,{}
561,00003ca5-e685-7685-81bc-3cafc9a06eba,27,3897,144615274.0,{}
562,00003ca5-e685-7685-81bc-3cafc9a06eba,27,3897,138997159.0,{}
563,00003ca5-e685-7685-81bc-3cafc9a06eba,27,3897,146328370.0,{}
564,00003ca5-e685-7685-81bc-3cafc9a06eba,27,3897,144131172.0,{}
565,00003ca5-e685-7685-81bc-3cafc9a06eba,27,3897,145957849.0,{}
566,00003ca5-e685-7685-81bc-3cafc9a06eba,27,3897,146734794.0,{}
567,00003ca5-e685-7685-81bc-3cafc9a06eba,27,3897,158351158.0,{}
568,00003ca5-e685-7685-81bc-3cafc9a06eba,28,2450,60.0803642574823,{}
569,00003ca5-e685-7685-81bc-3cafc9a06eba,28,3897,188092791.0,{}
570,00003ca5-e685-7685-81bc-3cafc9a06eba,28,3897,184244365.0,{}
571,00003ca5-e685-7685-81bc-3cafc9a06eba,28,3897,183787449.0,{}
572,00003ca5-e685-7685-81bc-3cafc9a06eba,28,3897,179263264.0,{}
573,00003ca5-e685-7685-81bc-3cafc9a06eba,28,3897,178877350.0,{}
574,00003ca5-e685-7685-81bc-3cafc9a06eba,28,3897,216895107.0,{}
575,00003ca5-e685-7685-81bc-3cafc9a06eba,28,3897,197307498.0,{}
576,00003ca5-e685-7685-81bc-3cafc9a06eba,28,3897,195551030.0,{}
577,00003ca5-e685-7685-81bc-3cafc9a06eba,28,3897,196132828.0,{}
578,00003ca5-e685-7685-81bc-3cafc9a06eba,28,3897,216634472.0,{}
579,00003ca5-e685-7685-81bc-3cafc9a06eba,28,3897,172446815.0,{}
580,00003ca5-e685-7685-81bc-3cafc9a06eba,28,3897,193863616.0,{}
581,00003ca5-e685-7685-81bc-3cafc9a06eba,28,3897,174628541.0,{}
582,00003ca5-e685-7685-81bc-3cafc9a06eba,28,3897,214264776.0,{}
583,00003ca5-e685-7685-81bc-3cafc9a06eba,28,3897,216305282.0,{}
584,00003ca5-e685-7685-81bc-3cafc9a06eba,28,3897,169409898.0,{}
585,00003ca5-e685-7685-81bc-3cafc9a06eba,28,3897,166382872.0,{}
586,00003ca5-e685-7685-81bc-3cafc9a06eba,28,3897,171870939.0,{}
587,00003ca5-e685-7685-81bc-3cafc9a06eba,28,3897,173108975.0,{}
588,00003ca5-e685-7685-81bc-3cafc9a06eba,28,3897,169093256.0,{}
589,00003ca5-e685-7685-81bc-3cafc9a06eba,29,2450,58.7391227263414,{}
590,00003ca5-e685-7685-81bc-3cafc9a06eba,29,3897,182369353.0,{}
591,00003ca5-e685-7685-81bc-3cafc9a06eba,29,3897,176911506.0,{}
592,00003ca5-e685-7685-81bc-3cafc9a06eba,29,3897,179876746.0,{}
593,00003ca5-e685-7685-81bc-3cafc9a06eba,29,3897,176826579.0,{}
594,00003ca5-e685-7685-81bc-3cafc9a06eba,29,3897,171386510.0,{}
595,00003ca5-e685-7685-81bc-3cafc9a06eba,29,3897,197902329.0,{}
596,00003ca5-e685-7685-81bc-3cafc9a06eba,29,3897,184622973.0,{}
597,00003ca5-e685-7685-81bc-3cafc9a06eba,29,3897,193371567.0,{}
598,00003ca5-e685-7685-81bc-3cafc9a06eba,29,3897,187717333.0,{}
599,00003ca5-e685-7685-81bc-3cafc9a06eba,29,3897,226421525.0,{}
600,00003ca5-e685-7685-81bc-3cafc9a06eba,29,3897,158783032.0,{}
601,00003ca5-e685-7685-81bc-3cafc9a06eba,29,3897,163357669.0,{}
602,00003ca5-e685-7685-81bc-3cafc9a06eba,29,3897,159563549.0,{}
603,00003ca5-e685-7685-81bc-3cafc9a06eba,29,3897,165227767.0,{}
604,00003ca5-e685-7685-81bc-3cafc9a06eba,29,3897,158846526.0,{}
605,00003ca5-e685-7685-81bc-3cafc9a06eba,29,3897,161782604.0,{}
606,00003ca5-e685-7685-81bc-3cafc9a06eba,29,3897,160731281.0,{}
607,00003ca5-e685-7685-81bc-3cafc9a06eba,29,3897,170665986.0,{}
608,00003ca5-e685-7685-81bc-3cafc9a06eba,29,3897,174377608.0,{}
609,00003ca5-e685-7685-81bc-3cafc9a06eba,29,3897,192605852.0,{}
610,00003ca5-e685-7685-81bc-3cafc9a06eba,30,2450,60.7549685444178,{}
611,00003ca5-e685-7685-81bc-3cafc9a06eba,30,3897,166510219.0,{}
612,00003ca5-e685-7685-81bc-3cafc9a06eba,30,3897,227464646.0,{}
613,00003ca5-e685-7685-81bc-3cafc9a06eba,30,3897,184641364.0,{}
614,00003ca5-e685-7685-81bc-3cafc9a06eba,30,3897,188058473.0,{}
615,00003ca5-e685-7685-81bc-3cafc9a06eba,30,3897,225417736.0,{}
616,00003ca5-e685-7685-81bc-3cafc9a06eba,30,3897,188122420.0,{}
617,00003ca5-e685-7685-81bc-3cafc9a06eba,30,3897,179660900.0,{}
618,00003ca5-e685-7685-81bc-3cafc9a06eba,30,3897,187883390.0,{}
619,00003ca5-e685-7685-81bc-3cafc9a06eba,30,3897,192950674.0,{}
620,00003ca5-e685-7685-81bc-3cafc9a06eba,30,3897,192031750.0,{}
621,00003ca5-e685-7685-81bc-3cafc9a06eba,30,3897,185097458.0,{}
622,00003ca5-e685-7685-81bc-3cafc9a06eba,30,3897,178602608.0,{}
623,00003ca5-e685-7685-81bc-3cafc9a06eba,30,3897,181719898.0,{}
624,00003ca5-e685-7685-81bc-3cafc9a06eba,30,3897,185037519.0,{}
625,00003ca5-e685-7685-81bc-3cafc9a06eba,30,3897,183342658.0,{}
626,00003ca5-e685-7685-81bc-3cafc9a06eba,30,3897,190903728.0,{}
627,00003ca5-e685-7685-81bc-3cafc9a06eba,30,3897,232644348.0,{}
628,00003ca5-e685-7685-81bc-3cafc9a06eba,30,3897,189448861.0,{}
629,00003ca5-e685-7685-81bc-3cafc9a06eba,30,3897,190078481.0,{}
630,00003ca5-e685-7685-81bc-3cafc9a06eba,30,3897,214843048.0,{}
631,00003ca5-e685-7685-81bc-3cafc9a06eba,31,2450,60.4434282928568,{}
632,00003ca5-e685-7685-81bc-3cafc9a06eba,31,3897,166712439.0,{}
633,00003ca5-e685-7685-81bc-3cafc9a06eba,31,3897,192150858.0,{}
634,00003ca5-e685-7685-81bc-3cafc9a06eba,31,3897,212247470.0,{}
635,00003ca5-e685-7685-81bc-3cafc9a06eba,31,3897,195447180.0,{}
636,00003ca5-e685-7685-81bc-3cafc9a06eba,31,3897,207067340.0,{}
637,00003ca5-e685-7685-81bc-3cafc9a06eba,31,3897,193588239.0,{}
638,00003ca5-e685-7685-81bc-3cafc9a06eba,31,3897,193049269.0,{}
639,00003ca5-e685-7685-81bc-3cafc9a06eba,31,3897,199808110.0,{}
640,00003ca5-e685-7685-81bc-3cafc9a06eba,31,3897,186504776.0,{}
641,00003ca5-e685-7685-81bc-3cafc9a06eba,31,3897,187820424.0,{}
642,00003ca5-e685-7685-81bc-3cafc9a06eba,31,3897,244315248.0,{}
643,00003ca5-e685-7685-81bc-3cafc9a06eba,31,3897,204302043.0,{}
644,00003ca5-e685-7685-81bc-3cafc9a06eba,31,3897,210368824.0,{}
645,00003ca5-e685-7685-81bc-3cafc9a06eba,31,3897,187663641.0,{}
646,00003ca5-e685-7685-81bc-3cafc9a06eba,31,3897,243148928.0,{}
647,00003ca5-e685-7685-81bc-3cafc9a06eba,31,3897,196409551.0,{}
648,00003ca5-e685-7685-81bc-3cafc9a06eba,31,3897,196768627.0,{}
649,00003ca5-e685-7685-81bc-3cafc9a06eba,31,3897,196308929.0,{}
650,00003ca5-e685-7685-81bc-3cafc9a06eba,31,3897,203976483.0,{}
651,00003ca5-e685-7685-81bc-3cafc9a06eba,31,3897,196524241.0,{}
652,00003ca5-e685-7685-81bc-3cafc9a06eba,32,2450,59.6881470395891,{}
653,00003ca5-e685-7685-81bc-3cafc9a06eba,32,3897,182165259.0,{}
654,00003ca5-e685-7685-81bc-3cafc9a06eba,32,3897,184333454.0,{}
655,00003ca5-e685-7685-81bc-3cafc9a06eba,32,3897,182418264.0,{}
656,00003ca5-e685-7685-81bc-3cafc9a06eba,32,3897,160625376.0,{}
657,00003ca5-e685-7685-81bc-3cafc9a06eba,32,3897,215343142.0,{}
658,00003ca5-e685-7685-81bc-3cafc9a06eba,32,3897,169824649.0,{}
659,00003ca5-e685-7685-81bc-3cafc9a06eba,32,3897,165679158.0,{}
660,00003ca5-e685-7685-81bc-3cafc9a06eba,32,3897,175351679.0,{}
661,00003ca5-e685-7685-81bc-3cafc9a06eba,32,3897,166221430.0,{}
662,00003ca5-e685-7685-81bc-3cafc9a06eba,32,3897,161142114.0,{}
663,00003ca5-e685-7685-81bc-3cafc9a06eba,32,3897,189547615.0,{}
664,00003ca5-e685-7685-81bc-3cafc9a06eba,32,3897,190807756.0,{}
665,00003ca5-e685-7685-81bc-3cafc9a06eba,32,3897,187273215.0,{}
666,00003ca5-e685-7685-81bc-3cafc9a06eba,32,3897,182557344.0,{}
667,00003ca5-e685-7685-81bc-3cafc9a06eba,32,3897,181991325.0,{}
668,00003ca5-e685-7685-81bc-3cafc9a06eba,32,3897,204312283.0,{}
669,00003ca5-e685-7685-81bc-3cafc9a06eba,32,3897,153081831.0,{}
670,00003ca5-e685-7685-81bc-3cafc9a06eba,32,3897,175980740.0,{}
671,00003ca5-e685-7685-81bc-3cafc9a06eba,32,3897,199011110.0,{}
672,00003ca5-e685-7685-81bc-3cafc9a06eba,32,3897,208370270.0,{}
673,00003ca5-e685-7685-81bc-3cafc9a06eba,33,2450,7.98072712438706,{}
674,00003ca5-e685-7685-81bc-3cafc9a06eba,33,3897,47854.0,{}
675,00003ca5-e685-7685-81bc-3cafc9a06eba,33,3897,47570.0,{}
676,00003ca5-e685-7685-81bc-3cafc9a06eba,33,3897,47537.0,{}
677,00003ca5-e685-7685-81bc-3cafc9a06eba,33,3897,48277.0,{}
678,00003ca5-e685-7685-81bc-3cafc9a06eba,33,3897,48234.0,{}
679,00003ca5-e685-7685-81bc-3cafc9a06eba,33,3897,48043.0,{}
680,00003ca5-e685-7685-81bc-3cafc9a06eba,33,3897,48024.0,{}
681,00003ca5-e685-7685-81bc-3cafc9a06eba,33,3897,47976.0,{}
682,00003ca5-e685-7685-81bc-3cafc9a06eba,33,3897,47952.0,{}
683,00003ca5-e685-7685-81bc-3cafc9a06eba,33,3897,47906.0,{}
684,00003ca5-e685-7685-81bc-3cafc9a06eba,33,3897,47879.0,{}
685,00003ca5-e685-7685-81bc-3cafc9a06eba,33,3897,47880.0,{}
686,00003ca5-e685-7685-81bc-3cafc9a06eba,33,3897,47881.0,{}
687,00003ca5-e685-7685-81bc-3cafc9a06eba,33,3897,47890.0,{}
688,00003ca5-e685-7685-81bc-3cafc9a06eba,33,3897,47834.0,{}
689,00003ca5-e685-7685-81bc-3cafc9a06eba,33,3897,47651.0,{}
690,00003ca5-e685-7685-81bc-3cafc9a06eba,33,3897,47620.0,{}
691,00003ca5-e685-7685-81bc-3cafc9a06eba,33,3897,48295.0,{}
692,00003ca5-e685-7685-81bc-3cafc9a06eba,33,3897,48160.0,{}
693,00003ca5-e685-7685-81bc-3cafc9a06eba,33,3897,48158.0,{}
694,00003ca5-e685-7685-81bc-3cafc9a06eba,34,2450,7.81283124128312,{}
695,00003ca5-e685-7685-81bc-3cafc9a06eba,34,3897,27612.0,{}
696,00003ca5-e685-7685-81bc-3cafc9a06eba,34,3897,26450.0,{}
697,00003ca5-e685-7685-81bc-3cafc9a06eba,34,3897,26656.0,{}
698,00003ca5-e685-7685-81bc-3cafc9a06eba,34,3897,28176.0,{}
699,00003ca5-e685-7685-81bc-3cafc9a06eba,34,3897,29069.0,{}
700,00003ca5-e685-7685-81bc-3cafc9a06eba,34,3897,28258.0,{}
701,00003ca5-e685-7685-81bc-3cafc9a06eba,34,3897,28335.0,{}
702,00003ca5-e685-7685-81bc-3cafc9a06eba,34,3897,28510.0,{}
703,00003ca5-e685-7685-81bc-3cafc9a06eba,34,3897,28437.0,{}
704,00003ca5-e685-7685-81bc-3cafc9a06eba,34,3897,28496.0,{}
705,00003ca5-e685-7685-81bc-3cafc9a06eba,34,3897,29171.0,{}
706,00003ca5-e685-7685-81bc-3cafc9a06eba,34,3897,27980.0,{}
707,00003ca5-e685-7685-81bc-3cafc9a06eba,34,3897,29217.0,{}
708,00003ca5-e685-7685-81bc-3cafc9a06eba,34,3897,28095.0,{}
709,00003ca5-e685-7685-81bc-3cafc9a06eba,34,3897,28275.0,{}
710,00003ca5-e685-7685-81bc-3cafc9a06eba,34,3897,26175.0,{}
711,00003ca5-e685-7685-81bc-3cafc9a06eba,34,3897,26391.0,{}
712,00003ca5-e685-7685-81bc-3cafc9a06eba,34,3897,28432.0,{}
713,00003ca5-e685-7685-81bc-3cafc9a06eba,34,3897,28541.0,{}
714,00003ca5-e685-7685-81bc-3cafc9a06eba,34,3897,27904.0,{}
715,00003ca5-e685-7685-81bc-3cafc9a06eba,35,2450,53.8802495983157,{}
716,00003ca5-e685-7685-81bc-3cafc9a06eba,35,3897,384745.0,{}
717,00003ca5-e685-7685-81bc-3cafc9a06eba,35,3897,378970.0,{}
718,00003ca5-e685-7685-81bc-3cafc9a06eba,35,3897,390737.0,{}
719,00003ca5-e685-7685-81bc-3cafc9a06eba,35,3897,394497.0,{}
720,00003ca5-e685-7685-81bc-3cafc9a06eba,35,3897,382280.0,{}
721,00003ca5-e685-7685-81bc-3cafc9a06eba,35,3897,398980.0,{}
722,00003ca5-e685-7685-81bc-3cafc9a06eba,35,3897,396177.0,{}
723,00003ca5-e685-7685-81bc-3cafc9a06eba,35,3897,390789.0,{}
724,00003ca5-e685-7685-81bc-3cafc9a06eba,35,3897,386788.0,{}
725,00003ca5-e685-7685-81bc-3cafc9a06eba,35,3897,382264.0,{}
726,00003ca5-e685-7685-81bc-3cafc9a06eba,35,3897,399814.0,{}
727,00003ca5-e685-7685-81bc-3cafc9a06eba,35,3897,389696.0,{}
728,00003ca5-e685-7685-81bc-3cafc9a06eba,35,3897,389049.0,{}
729,00003ca5-e685-7685-81bc-3cafc9a06eba,35,3897,379238.0,{}
730,00003ca5-e685-7685-81bc-3cafc9a06eba,35,3897,388066.0,{}
731,00003ca5-e685-7685-81bc-3cafc9a06eba,35,3897,390396.0,{}
732,00003ca5-e685-7685-81bc-3cafc9a06eba,35,3897,392209.0,{}
733,00003ca5-e685-7685-81bc-3cafc9a06eba,35,3897,392645.0,{}
734,00003ca5-e685-7685-81bc-3cafc9a06eba,35,3897,388801.0,{}
735,00003ca5-e685-7685-81bc-3cafc9a06eba,35,3897,383736.0,{}
736,00003ca5-e685-7685-81bc-3cafc9a06eba,36,2450,61.1595037666889,{}
737,00003ca5-e685-7685-81bc-3cafc9a06eba,36,3897,359490691.0,{}
738,00003ca5-e685-7685-81bc-3cafc9a06eba,36,3897,359893217.0,{}
739,00003ca5-e685-7685-81bc-3cafc9a06eba,36,3897,361156430.0,{}
740,00003ca5-e685-7685-81bc-3cafc9a06eba,36,3897,364522148.0,{}
741,00003ca5-e685-7685-81bc-3cafc9a06eba,36,3897,359679272.0,{}
742,00003ca5-e685-7685-81bc-3cafc9a06eba,36,3897,425394357.0,{}
743,00003ca5-e685-7685-81bc-3cafc9a06eba,36,3897,434686746.0,{}
744,00003ca5-e685-7685-81bc-3cafc9a06eba,36,3897,434713061.0,{}
745,00003ca5-e685-7685-81bc-3cafc9a06eba,36,3897,434766324.0,{}
746,00003ca5-e685-7685-81bc-3cafc9a06eba,36,3897,434455691.0,{}
747,00003ca5-e685-7685-81bc-3cafc9a06eba,36,3897,434240187.0,{}
748,00003ca5-e685-7685-81bc-3cafc9a06eba,36,3897,444078949.0,{}
749,00003ca5-e685-7685-81bc-3cafc9a06eba,36,3897,433460255.0,{}
750,00003ca5-e685-7685-81bc-3cafc9a06eba,36,3897,434187492.0,{}
751,00003ca5-e685-7685-81bc-3cafc9a06eba,36,3897,453487800.0,{}
752,00003ca5-e685-7685-81bc-3cafc9a06eba,36,3897,437423072.0,{}
753,00003ca5-e685-7685-81bc-3cafc9a06eba,36,3897,439130232.0,{}
754,00003ca5-e685-7685-81bc-3cafc9a06eba,36,3897,437473819.0,{}
755,00003ca5-e685-7685-81bc-3cafc9a06eba,36,3897,412894911.0,{}
756,00003ca5-e685-7685-81bc-3cafc9a06eba,36,3897,479156759.0,{}
757,00003ca5-e685-7685-81bc-3cafc9a06eba,37,2450,59.7959950400273,{}
758,00003ca5-e685-7685-81bc-3cafc9a06eba,37,3897,353135524.0,{}
759,00003ca5-e685-7685-81bc-3cafc9a06eba,37,3897,388369856.0,{}
760,00003ca5-e685-7685-81bc-3cafc9a06eba,37,3897,351851225.0,{}
761,00003ca5-e685-7685-81bc-3cafc9a06eba,37,3897,351891499.0,{}
762,00003ca5-e685-7685-81bc-3cafc9a06eba,37,3897,351076147.0,{}
763,00003ca5-e685-7685-81bc-3cafc9a06eba,37,3897,357327337.0,{}
764,00003ca5-e685-7685-81bc-3cafc9a06eba,37,3897,357288563.0,{}
765,00003ca5-e685-7685-81bc-3cafc9a06eba,37,3897,358525003.0,{}
766,00003ca5-e685-7685-81bc-3cafc9a06eba,37,3897,358144208.0,{}
767,00003ca5-e685-7685-81bc-3cafc9a06eba,37,3897,357152311.0,{}
768,00003ca5-e685-7685-81bc-3cafc9a06eba,37,3897,276744947.0,{}
769,00003ca5-e685-7685-81bc-3cafc9a06eba,37,3897,266948997.0,{}
770,00003ca5-e685-7685-81bc-3cafc9a06eba,37,3897,265650529.0,{}
771,00003ca5-e685-7685-81bc-3cafc9a06eba,37,3897,263554177.0,{}
772,00003ca5-e685-7685-81bc-3cafc9a06eba,37,3897,260912660.0,{}
773,00003ca5-e685-7685-81bc-3cafc9a06eba,37,3897,346231268.0,{}
774,00003ca5-e685-7685-81bc-3cafc9a06eba,37,3897,357075045.0,{}
775,00003ca5-e685-7685-81bc-3cafc9a06eba,37,3897,356973964.0,{}
776,00003ca5-e685-7685-81bc-3cafc9a06eba,37,3897,342205996.0,{}
777,00003ca5-e685-7685-81bc-3cafc9a06eba,37,3897,356743520.0,{}
778,00003ca5-e685-7685-81bc-3cafc9a06eba,38,2450,57.4949688890161,{}
779,00003ca5-e685-7685-81bc-3cafc9a06eba,38,3897,344170432.0,{}
780,00003ca5-e685-7685-81bc-3cafc9a06eba,38,3897,356569008.0,{}
781,00003ca5-e685-7685-81bc-3cafc9a06eba,38,3897,352864054.0,{}
782,00003ca5-e685-7685-81bc-3cafc9a06eba,38,3897,356928646.0,{}
783,00003ca5-e685-7685-81bc-3cafc9a06eba,38,3897,338108564.0,{}
784,00003ca5-e685-7685-81bc-3cafc9a06eba,38,3897,391124152.0,{}
785,00003ca5-e685-7685-81bc-3cafc9a06eba,38,3897,332522329.0,{}
786,00003ca5-e685-7685-81bc-3cafc9a06eba,38,3897,332588834.0,{}
787,00003ca5-e685-7685-81bc-3cafc9a06eba,38,3897,332563405.0,{}
788,00003ca5-e685-7685-81bc-3cafc9a06eba,38,3897,332444878.0,{}
789,00003ca5-e685-7685-81bc-3cafc9a06eba,38,3897,266920727.0,{}
790,00003ca5-e685-7685-81bc-3cafc9a06eba,38,3897,265684369.0,{}
791,00003ca5-e685-7685-81bc-3cafc9a06eba,38,3897,266846711.0,{}
792,00003ca5-e685-7685-81bc-3cafc9a06eba,38,3897,267166084.0,{}
793,00003ca5-e685-7685-81bc-3cafc9a06eba,38,3897,265148102.0,{}
794,00003ca5-e685-7685-81bc-3cafc9a06eba,38,3897,263033844.0,{}
795,00003ca5-e685-7685-81bc-3cafc9a06eba,38,3897,264165653.0,{}
796,00003ca5-e685-7685-81bc-3cafc9a06eba,38,3897,265265445.0,{}
797,00003ca5-e685-7685-81bc-3cafc9a06eba,38,3897,266104211.0,{}
798,00003ca5-e685-7685-81bc-3cafc9a06eba,38,3897,264122445.0,{}
799,00003ca5-e685-7685-81bc-3cafc9a06eba,39,2450,59.9914566727075,{}
800,00003ca5-e685-7685-81bc-3cafc9a06eba,39,3897,349120652.0,{}
801,00003ca5-e685-7685-81bc-3cafc9a06eba,39,3897,361764248.0,{}
802,00003ca5-e685-7685-81bc-3cafc9a06eba,39,3897,361303765.0,{}
803,00003ca5-e685-7685-81bc-3cafc9a06eba,39,3897,361812790.0,{}
804,00003ca5-e685-7685-81bc-3cafc9a06eba,39,3897,361640300.0,{}
805,00003ca5-e685-7685-81bc-3cafc9a06eba,39,3897,262853195.0,{}
806,00003ca5-e685-7685-81bc-3cafc9a06eba,39,3897,280832566.0,{}
807,00003ca5-e685-7685-81bc-3cafc9a06eba,39,3897,265334820.0,{}
808,00003ca5-e685-7685-81bc-3cafc9a06eba,39,3897,267171013.0,{}
809,00003ca5-e685-7685-81bc-3cafc9a06eba,39,3897,260319403.0,{}
810,00003ca5-e685-7685-81bc-3cafc9a06eba,39,3897,369881005.0,{}
811,00003ca5-e685-7685-81bc-3cafc9a06eba,39,3897,353987654.0,{}
812,00003ca5-e685-7685-81bc-3cafc9a06eba,39,3897,375700015.0,{}
813,00003ca5-e685-7685-81bc-3cafc9a06eba,39,3897,341911835.0,{}
814,00003ca5-e685-7685-81bc-3cafc9a06eba,39,3897,359906134.0,{}
815,00003ca5-e685-7685-81bc-3cafc9a06eba,39,3897,368537662.0,{}
816,00003ca5-e685-7685-81bc-3cafc9a06eba,39,3897,373716723.0,{}
817,00003ca5-e685-7685-81bc-3cafc9a06eba,39,3897,362987929.0,{}
818,00003ca5-e685-7685-81bc-3cafc9a06eba,39,3897,360747290.0,{}
819,00003ca5-e685-7685-81bc-3cafc9a06eba,39,3897,360581360.0,{}
820,00003ca5-e685-7685-81bc-3cafc9a06eba,40,2450,58.695728433265,{}
821,00003ca5-e685-7685-81bc-3cafc9a06eba,40,3897,348395087.0,{}
822,00003ca5-e685-7685-81bc-3cafc9a06eba,40,3897,329668826.0,{}
823,00003ca5-e685-7685-81bc-3cafc9a06eba,40,3897,329737432.0,{}
824,00003ca5-e685-7685-81bc-3cafc9a06eba,40,3897,328452875.0,{}
825,00003ca5-e685-7685-81bc-3cafc9a06eba,40,3897,329615828.0,{}
826,00003ca5-e685-7685-81bc-3cafc9a06eba,40,3897,333464393.0,{}
827,00003ca5-e685-7685-81bc-3cafc9a06eba,40,3897,336443416.0,{}
828,00003ca5-e685-7685-81bc-3cafc9a06eba,40,3897,337584047.0,{}
829,00003ca5-e685-7685-81bc-3cafc9a06eba,40,3897,376357713.0,{}
830,00003ca5-e685-7685-81bc-3cafc9a06eba,40,3897,336492312.0,{}
831,00003ca5-e685-7685-81bc-3cafc9a06eba,40,3897,274407975.0,{}
832,00003ca5-e685-7685-81bc-3cafc9a06eba,40,3897,272663661.0,{}
833,00003ca5-e685-7685-81bc-3cafc9a06eba,40,3897,268068937.0,{}
834,00003ca5-e685-7685-81bc-3cafc9a06eba,40,3897,268579975.0,{}
835,00003ca5-e685-7685-81bc-3cafc9a06eba,40,3897,275923805.0,{}
836,00003ca5-e685-7685-81bc-3cafc9a06eba,40,3897,256682251.0,{}
837,00003ca5-e685-7685-81bc-3cafc9a06eba,40,3897,255234399.0,{}
838,00003ca5-e685-7685-81bc-3cafc9a06eba,40,3897,262965989.0,{}
839,00003ca5-e685-7685-81bc-3cafc9a06eba,40,3897,256737247.0,{}
840,00003ca5-e685-7685-81bc-3cafc9a06eba,40,3897,256357317.0,{}
841,00003ca5-e685-7685-81bc-3cafc9a06eba,41,2450,58.8845584241048,{}
842,00003ca5-e685-7685-81bc-3cafc9a06eba,41,3897,374532032.0,{}
843,00003ca5-e685-7685-81bc-3cafc9a06eba,41,3897,396124945.0,{}
844,00003ca5-e685-7685-81bc-3cafc9a06eba,41,3897,373558247.0,{}
845,00003ca5-e685-7685-81bc-3cafc9a06eba,41,3897,377606858.0,{}
846,00003ca5-e685-7685-81bc-3cafc9a06eba,41,3897,382549509.0,{}
847,00003ca5-e685-7685-81bc-3cafc9a06eba,41,3897,357571321.0,{}
848,00003ca5-e685-7685-81bc-3cafc9a06eba,41,3897,357765078.0,{}
849,00003ca5-e685-7685-81bc-3cafc9a06eba,41,3897,357704978.0,{}
850,00003ca5-e685-7685-81bc-3cafc9a06eba,41,3897,356843593.0,{}
851,00003ca5-e685-7685-81bc-3cafc9a06eba,41,3897,357551866.0,{}
852,00003ca5-e685-7685-81bc-3cafc9a06eba,41,3897,268159229.0,{}
853,00003ca5-e685-7685-81bc-3cafc9a06eba,41,3897,251007427.0,{}
854,00003ca5-e685-7685-81bc-3cafc9a06eba,41,3897,250706248.0,{}
855,00003ca5-e685-7685-81bc-3cafc9a06eba,41,3897,249888836.0,{}
856,00003ca5-e685-7685-81bc-3cafc9a06eba,41,3897,243402558.0,{}
857,00003ca5-e685-7685-81bc-3cafc9a06eba,41,3897,317892533.0,{}
858,00003ca5-e685-7685-81bc-3cafc9a06eba,41,3897,316978618.0,{}
859,00003ca5-e685-7685-81bc-3cafc9a06eba,41,3897,317574881.0,{}
860,00003ca5-e685-7685-81bc-3cafc9a06eba,41,3897,323113729.0,{}
861,00003ca5-e685-7685-81bc-3cafc9a06eba,41,3897,317779184.0,{}
862,00003ca5-e685-7685-81bc-3cafc9a06eba,42,2450,58.6521533808843,{}
863,00003ca5-e685-7685-81bc-3cafc9a06eba,42,3897,261435793.0,{}
864,00003ca5-e685-7685-81bc-3cafc9a06eba,42,3897,260590305.0,{}
865,00003ca5-e685-7685-81bc-3cafc9a06eba,42,3897,263640098.0,{}
866,00003ca5-e685-7685-81bc-3cafc9a06eba,42,3897,262927117.0,{}
867,00003ca5-e685-7685-81bc-3cafc9a06eba,42,3897,259216276.0,{}
868,00003ca5-e685-7685-81bc-3cafc9a06eba,42,3897,292511644.0,{}
869,00003ca5-e685-7685-81bc-3cafc9a06eba,42,3897,296692319.0,{}
870,00003ca5-e685-7685-81bc-3cafc9a06eba,42,3897,293996744.0,{}
871,00003ca5-e685-7685-81bc-3cafc9a06eba,42,3897,295589309.0,{}
872,00003ca5-e685-7685-81bc-3cafc9a06eba,42,3897,297057951.0,{}
873,00003ca5-e685-7685-81bc-3cafc9a06eba,42,3897,361711798.0,{}
874,00003ca5-e685-7685-81bc-3cafc9a06eba,42,3897,357374612.0,{}
875,00003ca5-e685-7685-81bc-3cafc9a06eba,42,3897,350440478.0,{}
876,00003ca5-e685-7685-81bc-3cafc9a06eba,42,3897,353155598.0,{}
877,00003ca5-e685-7685-81bc-3cafc9a06eba,42,3897,356549841.0,{}
878,00003ca5-e685-7685-81bc-3cafc9a06eba,42,3897,336231559.0,{}
879,00003ca5-e685-7685-81bc-3cafc9a06eba,42,3897,345038635.0,{}
880,00003ca5-e685-7685-81bc-3cafc9a06eba,42,3897,345262759.0,{}
881,00003ca5-e685-7685-81bc-3cafc9a06eba,42,3897,361213367.0,{}
882,00003ca5-e685-7685-81bc-3cafc9a06eba,42,3897,359840242.0,{}
883,00003ca5-e685-7685-81bc-3cafc9a06eba,43,2450,59.8984202072981,{}
884,00003ca5-e685-7685-81bc-3cafc9a06eba,43,3897,309111467.0,{}
885,00003ca5-e685-7685-81bc-3cafc9a06eba,43,3897,327497604.0,{}
886,00003ca5-e685-7685-81bc-3cafc9a06eba,43,3897,330395904.0,{}
887,00003ca5-e685-7685-81bc-3cafc9a06eba,43,3897,289299008.0,{}
888,00003ca5-e685-7685-81bc-3cafc9a06eba,43,3897,293154595.0,{}
889,00003ca5-e685-7685-81bc-3cafc9a06eba,43,3897,327331147.0,{}
890,00003ca5-e685-7685-81bc-3cafc9a06eba,43,3897,336457539.0,{}
891,00003ca5-e685-7685-81bc-3cafc9a06eba,43,3897,326269575.0,{}
892,00003ca5-e685-7685-81bc-3cafc9a06eba,43,3897,326833445.0,{}
893,00003ca5-e685-7685-81bc-3cafc9a06eba,43,3897,336564670.0,{}
894,00003ca5-e685-7685-81bc-3cafc9a06eba,43,3897,262415291.0,{}
895,00003ca5-e685-7685-81bc-3cafc9a06eba,43,3897,274807894.0,{}
896,00003ca5-e685-7685-81bc-3cafc9a06eba,43,3897,266136708.0,{}
897,00003ca5-e685-7685-81bc-3cafc9a06eba,43,3897,265853133.0,{}
898,00003ca5-e685-7685-81bc-3cafc9a06eba,43,3897,272353690.0,{}
899,00003ca5-e685-7685-81bc-3cafc9a06eba,43,3897,308583559.0,{}
900,00003ca5-e685-7685-81bc-3cafc9a06eba,43,3897,320334320.0,{}
901,00003ca5-e685-7685-81bc-3cafc9a06eba,43,3897,320375436.0,{}
902,00003ca5-e685-7685-81bc-3cafc9a06eba,43,3897,315849901.0,{}
903,00003ca5-e685-7685-81bc-3cafc9a06eba,43,3897,320539247.0,{}
904,00003ca5-e685-7685-81bc-3cafc9a06eba,44,2450,59.6100582227232,{}
905,00003ca5-e685-7685-81bc-3cafc9a06eba,44,3897,305901618.0,{}
906,00003ca5-e685-7685-81bc-3cafc9a06eba,44,3897,344432370.0,{}
907,00003ca5-e685-7685-81bc-3cafc9a06eba,44,3897,296518676.0,{}
908,00003ca5-e685-7685-81bc-3cafc9a06eba,44,3897,269886178.0,{}
909,00003ca5-e685-7685-81bc-3cafc9a06eba,44,3897,336595303.0,{}
910,00003ca5-e685-7685-81bc-3cafc9a06eba,44,3897,335943732.0,{}
911,00003ca5-e685-7685-81bc-3cafc9a06eba,44,3897,326162911.0,{}
912,00003ca5-e685-7685-81bc-3cafc9a06eba,44,3897,322928783.0,{}
913,00003ca5-e685-7685-81bc-3cafc9a06eba,44,3897,330037986.0,{}
914,00003ca5-e685-7685-81bc-3cafc9a06eba,44,3897,326731864.0,{}
915,00003ca5-e685-7685-81bc-3cafc9a06eba,44,3897,325121265.0,{}
916,00003ca5-e685-7685-81bc-3cafc9a06eba,44,3897,334789725.0,{}
917,00003ca5-e685-7685-81bc-3cafc9a06eba,44,3897,316932557.0,{}
918,00003ca5-e685-7685-81bc-3cafc9a06eba,44,3897,324696317.0,{}
919,00003ca5-e685-7685-81bc-3cafc9a06eba,44,3897,324687431.0,{}
920,00003ca5-e685-7685-81bc-3cafc9a06eba,44,3897,267409924.0,{}
921,00003ca5-e685-7685-81bc-3cafc9a06eba,44,3897,261383261.0,{}
922,00003ca5-e685-7685-81bc-3cafc9a06eba,44,3897,267459653.0,{}
923,00003ca5-e685-7685-81bc-3cafc9a06eba,44,3897,271722049.0,{}
924,00003ca5-e685-7685-81bc-3cafc9a06eba,44,3897,264264377.0,{}
925,00003ca5-e685-7685-81bc-3cafc9a06eba,45,2450,60.5860223072238,{}
926,00003ca5-e685-7685-81bc-3cafc9a06eba,45,3897,304659708.0,{}
927,00003ca5-e685-7685-81bc-3cafc9a06eba,45,3897,297531267.0,{}
928,00003ca5-e685-7685-81bc-3cafc9a06eba,45,3897,302007366.0,{}
929,00003ca5-e685-7685-81bc-3cafc9a06eba,45,3897,301840975.0,{}
930,00003ca5-e685-7685-81bc-3cafc9a06eba,45,3897,301094825.0,{}
931,00003ca5-e685-7685-81bc-3cafc9a06eba,45,3897,345283722.0,{}
932,00003ca5-e685-7685-81bc-3cafc9a06eba,45,3897,361055430.0,{}
933,00003ca5-e685-7685-81bc-3cafc9a06eba,45,3897,345106348.0,{}
934,00003ca5-e685-7685-81bc-3cafc9a06eba,45,3897,360965358.0,{}
935,00003ca5-e685-7685-81bc-3cafc9a06eba,45,3897,359031101.0,{}
936,00003ca5-e685-7685-81bc-3cafc9a06eba,45,3897,328962909.0,{}
937,00003ca5-e685-7685-81bc-3cafc9a06eba,45,3897,325973728.0,{}
938,00003ca5-e685-7685-81bc-3cafc9a06eba,45,3897,328312593.0,{}
939,00003ca5-e685-7685-81bc-3cafc9a06eba,45,3897,328639942.0,{}
940,00003ca5-e685-7685-81bc-3cafc9a06eba,45,3897,325432348.0,{}
941,00003ca5-e685-7685-81bc-3cafc9a06eba,45,3897,353177171.0,{}
942,00003ca5-e685-7685-81bc-3cafc9a06eba,45,3897,353580401.0,{}
943,00003ca5-e685-7685-81bc-3cafc9a06eba,45,3897,401551912.0,{}
944,00003ca5-e685-7685-81bc-3cafc9a06eba,45,3897,385252801.0,{}
945,00003ca5-e685-7685-81bc-3cafc9a06eba,45,3897,353797449.0,{}
946,00003ca5-e685-7685-81bc-3cafc9a06eba,46,2450,60.4307443258381,{}
947,00003ca5-e685-7685-81bc-3cafc9a06eba,46,3897,285638774.0,{}
948,00003ca5-e685-7685-81bc-3cafc9a06eba,46,3897,325616456.0,{}
949,00003ca5-e685-7685-81bc-3cafc9a06eba,46,3897,317894523.0,{}
950,00003ca5-e685-7685-81bc-3cafc9a06eba,46,3897,293641277.0,{}
951,00003ca5-e685-7685-81bc-3cafc9a06eba,46,3897,251296669.0,{}
952,00003ca5-e685-7685-81bc-3cafc9a06eba,46,3897,326454432.0,{}
953,00003ca5-e685-7685-81bc-3cafc9a06eba,46,3897,326635665.0,{}
954,00003ca5-e685-7685-81bc-3cafc9a06eba,46,3897,334537812.0,{}
955,00003ca5-e685-7685-81bc-3cafc9a06eba,46,3897,326315836.0,{}
956,00003ca5-e685-7685-81bc-3cafc9a06eba,46,3897,321845691.0,{}
957,00003ca5-e685-7685-81bc-3cafc9a06eba,46,3897,328088661.0,{}
958,00003ca5-e685-7685-81bc-3cafc9a06eba,46,3897,328502553.0,{}
959,00003ca5-e685-7685-81bc-3cafc9a06eba,46,3897,328360120.0,{}
960,00003ca5-e685-7685-81bc-3cafc9a06eba,46,3897,334762837.0,{}
961,00003ca5-e685-7685-81bc-3cafc9a06eba,46,3897,337165650.0,{}
962,00003ca5-e685-7685-81bc-3cafc9a06eba,46,3897,270430748.0,{}
963,00003ca5-e685-7685-81bc-3cafc9a06eba,46,3897,281295812.0,{}
964,00003ca5-e685-7685-81bc-3cafc9a06eba,46,3897,294984804.0,{}
965,00003ca5-e685-7685-81bc-3cafc9a06eba,46,3897,273574709.0,{}
966,00003ca5-e685-7685-81bc-3cafc9a06eba,46,3897,272611374.0,{}
967,00003ca5-e685-7685-81bc-3cafc9a06eba,47,2450,59.7482925776256,{}
968,00003ca5-e685-7685-81bc-3cafc9a06eba,47,3897,383851694.0,{}
969,00003ca5-e685-7685-81bc-3cafc9a06eba,47,3897,384437078.0,{}
970,00003ca5-e685-7685-81bc-3cafc9a06eba,47,3897,361495277.0,{}
971,00003ca5-e685-7685-81bc-3cafc9a06eba,47,3897,351889479.0,{}
972,00003ca5-e685-7685-81bc-3cafc9a06eba,47,3897,358702000.0,{}
973,00003ca5-e685-7685-81bc-3cafc9a06eba,47,3897,357427931.0,{}
974,00003ca5-e685-7685-81bc-3cafc9a06eba,47,3897,357189796.0,{}
975,00003ca5-e685-7685-81bc-3cafc9a06eba,47,3897,357525585.0,{}
976,00003ca5-e685-7685-81bc-3cafc9a06eba,47,3897,351505228.0,{}
977,00003ca5-e685-7685-81bc-3cafc9a06eba,47,3897,357247921.0,{}
978,00003ca5-e685-7685-81bc-3cafc9a06eba,47,3897,292500690.0,{}
979,00003ca5-e685-7685-81bc-3cafc9a06eba,47,3897,293125053.0,{}
980,00003ca5-e685-7685-81bc-3cafc9a06eba,47,3897,291347715.0,{}
981,00003ca5-e685-7685-81bc-3cafc9a06eba,47,3897,294936382.0,{}
982,00003ca5-e685-7685-81bc-3cafc9a06eba,47,3897,291147960.0,{}
983,00003ca5-e685-7685-81bc-3cafc9a06eba,47,3897,310845028.0,{}
984,00003ca5-e685-7685-81bc-3cafc9a06eba,47,3897,311031057.0,{}
985,00003ca5-e685-7685-81bc-3cafc9a06eba,47,3897,310496713.0,{}
986,00003ca5-e685-7685-81bc-3cafc9a06eba,47,3897,311932112.0,{}
987,00003ca5-e685-7685-81bc-3cafc9a06eba,47,3897,312475612.0,{}
988,00003ca5-e685-7685-81bc-3cafc9a06eba,48,2450,59.3802232837722,{}
989,00003ca5-e685-7685-81bc-3cafc9a06eba,48,3897,266734791.0,{}
990,00003ca5-e685-7685-81bc-3cafc9a06eba,48,3897,332834962.0,{}
991,00003ca5-e685-7685-81bc-3cafc9a06eba,48,3897,329105578.0,{}
992,00003ca5-e685-7685-81bc-3cafc9a06eba,48,3897,328112700.0,{}
993,00003ca5-e685-7685-81bc-3cafc9a06eba,48,3897,297783552.0,{}
994,00003ca5-e685-7685-81bc-3cafc9a06eba,48,3897,320394012.0,{}
995,00003ca5-e685-7685-81bc-3cafc9a06eba,48,3897,320233698.0,{}
996,00003ca5-e685-7685-81bc-3cafc9a06eba,48,3897,320316315.0,{}
997,00003ca5-e685-7685-81bc-3cafc9a06eba,48,3897,307440257.0,{}
998,00003ca5-e685-7685-81bc-3cafc9a06eba,48,3897,320366122.0,{}
999,00003ca5-e685-7685-81bc-3cafc9a06eba,48,3897,254565930.0,{}
1000,00003ca5-e685-7685-81bc-3cafc9a06eba,48,3897,260316089.0,{}
1001,00003ca5-e685-7685-81bc-3cafc9a06eba,48,3897,254988238.0,{}
1002,00003ca5-e685-7685-81bc-3cafc9a06eba,48,3897,256095560.0,{}
1003,00003ca5-e685-7685-81bc-3cafc9a06eba,48,3897,259319724.0,{}
1004,00003ca5-e685-7685-81bc-3cafc9a06eba,48,3897,245244869.0,{}
1005,00003ca5-e685-7685-81bc-3cafc9a06eba,48,3897,234960409.0,{}
1006,00003ca5-e685-7685-81bc-3cafc9a06eba,48,3897,237362647.0,{}
1007,00003ca5-e685-7685-81bc-3cafc9a06eba,48,3897,234981745.0,{}
1008,00003ca5-e685-7685-81bc-3cafc9a06eba,48,3897,231913034.0,{}

=== TABLE: top_kernels ===name,total_calls,total_duration,average,percentage
gemm_gate_up_mq4g256_lloyd_wmma,39,109238.255,2800.98,99.9097139795468
__amd_rocclr_fillBufferAligned,6,79.118,13.186,0.0723616168221818
convert_f32_to_f16,3,19.598,6.532,0.0179244036310463

