=== TABLE: busy ===agent_id,type,GpuTime,WallTime,Busy
1,GPU,105573072,2752752231,0.0383518250611491

=== TABLE: rocpd_info_kernel_symbol ===id,guid,nid,pid,code_object_id,kernel_name,display_name,kernel_object,kernarg_segment_size,kernarg_segment_alignment,group_segment_size,private_segment_size,sgpr_count,arch_vgpr_count,accum_vgpr_count,extdata
1,00003ca5-d4f0-74f0-87a2-848e4a0ecfd1,1655282045,1291512,1,__amd_rocclr_streamOpsIncrement.kd,__amd_rocclr_streamOpsIncrement,128818358641216,24,16,0,0,128,8,0,"{""size"":88,""kernel_id"":1,""code_object_id"":1,""kernel_name"":""__amd_rocclr_streamOpsIncrement.kd"",""kernel_object"":128818358641216,""kernarg_segment_size"":24,""kernarg_segment_alignment"":16,""group_segment_size"":0,""private_segment_size"":0,""sgpr_count"":128,""arch_vgpr_count"":8,""accum_vgpr_count"":0,""kernel_code_entry_byte_offset"":15808,""kernel_address"":{""handle"":128818358657024},""formatted_kernel_name"":""__amd_rocclr_streamOpsIncrement"",""demangled_kernel_name"":""__amd_rocclr_streamOpsIncrement.kd"",""truncated_kernel_name"":""__amd_rocclr_streamOpsIncrement.kd""}"
2,00003ca5-d4f0-74f0-87a2-848e4a0ecfd1,1655282045,1291512,1,__amd_rocclr_fillBufferAligned.kd,__amd_rocclr_fillBufferAligned,128818358640384,40,16,0,0,128,16,0,"{""size"":88,""kernel_id"":2,""code_object_id"":1,""kernel_name"":""__amd_rocclr_fillBufferAligned.kd"",""kernel_object"":128818358640384,""kernarg_segment_size"":40,""kernarg_segment_alignment"":16,""group_segment_size"":0,""private_segment_size"":0,""sgpr_count"":128,""arch_vgpr_count"":16,""accum_vgpr_count"":0,""kernel_code_entry_byte_offset"":5376,""kernel_address"":{""handle"":128818358645760},""formatted_kernel_name"":""__amd_rocclr_fillBufferAligned"",""demangled_kernel_name"":""__amd_rocclr_fillBufferAligned.kd"",""truncated_kernel_name"":""__amd_rocclr_fillBufferAligned.kd""}"
3,00003ca5-d4f0-74f0-87a2-848e4a0ecfd1,1655282045,1291512,1,__amd_rocclr_fillBufferAligned2D.kd,__amd_rocclr_fillBufferAligned2D,128818358640448,336,16,0,0,128,8,0,"{""size"":88,""kernel_id"":3,""code_object_id"":1,""kernel_name"":""__amd_rocclr_fillBufferAligned2D.kd"",""kernel_object"":128818358640448,""kernarg_segment_size"":336,""kernarg_segment_alignment"":16,""group_segment_size"":0,""private_segment_size"":0,""sgpr_count"":128,""arch_vgpr_count"":8,""accum_vgpr_count"":0,""kernel_code_entry_byte_offset"":6848,""kernel_address"":{""handle"":128818358647296},""formatted_kernel_name"":""__amd_rocclr_fillBufferAligned2D"",""demangled_kernel_name"":""__amd_rocclr_fillBufferAligned2D.kd"",""truncated_kernel_name"":""__amd_rocclr_fillBufferAligned2D.kd""}"
4,00003ca5-d4f0-74f0-87a2-848e4a0ecfd1,1655282045,1291512,1,__amd_rocclr_streamOpsWait.kd,__amd_rocclr_streamOpsWait,128818358641344,40,16,0,0,128,8,0,"{""size"":88,""kernel_id"":4,""code_object_id"":1,""kernel_name"":""__amd_rocclr_streamOpsWait.kd"",""kernel_object"":128818358641344,""kernarg_segment_size"":40,""kernarg_segment_alignment"":16,""group_segment_size"":0,""private_segment_size"":0,""sgpr_count"":128,""arch_vgpr_count"":8,""accum_vgpr_count"":0,""kernel_code_entry_byte_offset"":16192,""kernel_address"":{""handle"":128818358657536},""formatted_kernel_name"":""__amd_rocclr_streamOpsWait"",""demangled_kernel_name"":""__amd_rocclr_streamOpsWait.kd"",""truncated_kernel_name"":""__amd_rocclr_streamOpsWait.kd""}"
5,00003ca5-d4f0-74f0-87a2-848e4a0ecfd1,1655282045,1291512,1,__amd_rocclr_batchMemOp.kd,__amd_rocclr_batchMemOp,128818358640768,272,16,0,0,128,8,0,"{""size"":88,""kernel_id"":5,""code_object_id"":1,""kernel_name"":""__amd_rocclr_batchMemOp.kd"",""kernel_object"":128818358640768,""kernarg_segment_size"":272,""kernarg_segment_alignment"":16,""group_segment_size"":0,""private_segment_size"":0,""sgpr_count"":128,""arch_vgpr_count"":8,""accum_vgpr_count"":0,""kernel_code_entry_byte_offset"":9856,""kernel_address"":{""handle"":128818358650624},""formatted_kernel_name"":""__amd_rocclr_batchMemOp"",""demangled_kernel_name"":""__amd_rocclr_batchMemOp.kd"",""truncated_kernel_name"":""__amd_rocclr_batchMemOp.kd""}"
6,00003ca5-d4f0-74f0-87a2-848e4a0ecfd1,1655282045,1291512,1,__amd_rocclr_copyBufferRectAligned.kd,__amd_rocclr_copyBufferRectAligned,128818358640704,384,16,0,0,128,16,0,"{""size"":88,""kernel_id"":6,""code_object_id"":1,""kernel_name"":""__amd_rocclr_copyBufferRectAligned.kd"",""kernel_object"":128818358640704,""kernarg_segment_size"":384,""kernarg_segment_alignment"":16,""group_segment_size"":0,""private_segment_size"":0,""sgpr_count"":128,""arch_vgpr_count"":16,""accum_vgpr_count"":0,""kernel_code_entry_byte_offset"":9152,""kernel_address"":{""handle"":128818358649856},""formatted_kernel_name"":""__amd_rocclr_copyBufferRectAligned"",""demangled_kernel_name"":""__amd_rocclr_copyBufferRectAligned.kd"",""truncated_kernel_name"":""__amd_rocclr_copyBufferRectAligned.kd""}"
7,00003ca5-d4f0-74f0-87a2-848e4a0ecfd1,1655282045,1291512,1,__amd_rocclr_copyBuffer.kd,__amd_rocclr_copyBuffer,128818358640512,48,16,0,0,128,16,0,"{""size"":88,""kernel_id"":7,""code_object_id"":1,""kernel_name"":""__amd_rocclr_copyBuffer.kd"",""kernel_object"":128818358640512,""kernarg_segment_size"":48,""kernarg_segment_alignment"":16,""group_segment_size"":0,""private_segment_size"":0,""sgpr_count"":128,""arch_vgpr_count"":16,""accum_vgpr_count"":0,""kernel_code_entry_byte_offset"":7552,""kernel_address"":{""handle"":128818358648064},""formatted_kernel_name"":""__amd_rocclr_copyBuffer"",""demangled_kernel_name"":""__amd_rocclr_copyBuffer.kd"",""truncated_kernel_name"":""__amd_rocclr_copyBuffer.kd""}"
8,00003ca5-d4f0-74f0-87a2-848e4a0ecfd1,1655282045,1291512,1,__amd_rocclr_copyBufferAligned.kd,__amd_rocclr_copyBufferAligned,128818358640576,304,16,0,0,128,8,0,"{""size"":88,""kernel_id"":8,""code_object_id"":1,""kernel_name"":""__amd_rocclr_copyBufferAligned.kd"",""kernel_object"":128818358640576,""kernarg_segment_size"":304,""kernarg_segment_alignment"":16,""group_segment_size"":0,""private_segment_size"":0,""sgpr_count"":128,""arch_vgpr_count"":8,""accum_vgpr_count"":0,""kernel_code_entry_byte_offset"":8256,""kernel_address"":{""handle"":128818358648832},""formatted_kernel_name"":""__amd_rocclr_copyBufferAligned"",""demangled_kernel_name"":""__amd_rocclr_copyBufferAligned.kd"",""truncated_kernel_name"":""__amd_rocclr_copyBufferAligned.kd""}"
9,00003ca5-d4f0-74f0-87a2-848e4a0ecfd1,1655282045,1291512,1,__amd_rocclr_copyBufferRect.kd,__amd_rocclr_copyBufferRect,128818358640640,384,16,0,0,128,16,0,"{""size"":88,""kernel_id"":9,""code_object_id"":1,""kernel_name"":""__amd_rocclr_copyBufferRect.kd"",""kernel_object"":128818358640640,""kernarg_segment_size"":384,""kernarg_segment_alignment"":16,""group_segment_size"":0,""private_segment_size"":0,""sgpr_count"":128,""arch_vgpr_count"":16,""accum_vgpr_count"":0,""kernel_code_entry_byte_offset"":8704,""kernel_address"":{""handle"":128818358649344},""formatted_kernel_name"":""__amd_rocclr_copyBufferRect"",""demangled_kernel_name"":""__amd_rocclr_copyBufferRect.kd"",""truncated_kernel_name"":""__amd_rocclr_copyBufferRect.kd""}"
10,00003ca5-d4f0-74f0-87a2-848e4a0ecfd1,1655282045,1291512,1,__amd_rocclr_copyImage.kd,__amd_rocclr_copyImage,128818358640896,320,16,0,0,128,8,0,"{""size"":88,""kernel_id"":10,""code_object_id"":1,""kernel_name"":""__amd_rocclr_copyImage.kd"",""kernel_object"":128818358640896,""kernarg_segment_size"":320,""kernarg_segment_alignment"":16,""group_segment_size"":0,""private_segment_size"":0,""sgpr_count"":128,""arch_vgpr_count"":8,""accum_vgpr_count"":0,""kernel_code_entry_byte_offset"":12288,""kernel_address"":{""handle"":128818358653184},""formatted_kernel_name"":""__amd_rocclr_copyImage"",""demangled_kernel_name"":""__amd_rocclr_copyImage.kd"",""truncated_kernel_name"":""__amd_rocclr_copyImage.kd""}"
11,00003ca5-d4f0-74f0-87a2-848e4a0ecfd1,1655282045,1291512,1,__amd_rocclr_copyImageToBuffer.kd,__amd_rocclr_copyImageToBuffer,128818358641088,416,16,0,0,128,16,0,"{""size"":88,""kernel_id"":11,""code_object_id"":1,""kernel_name"":""__amd_rocclr_copyImageToBuffer.kd"",""kernel_object"":128818358641088,""kernarg_segment_size"":416,""kernarg_segment_alignment"":16,""group_segment_size"":0,""private_segment_size"":0,""sgpr_count"":128,""arch_vgpr_count"":16,""accum_vgpr_count"":0,""kernel_code_entry_byte_offset"":14400,""kernel_address"":{""handle"":128818358655488},""formatted_kernel_name"":""__amd_rocclr_copyImageToBuffer"",""demangled_kernel_name"":""__amd_rocclr_copyImageToBuffer.kd"",""truncated_kernel_name"":""__amd_rocclr_copyImageToBuffer.kd""}"
12,00003ca5-d4f0-74f0-87a2-848e4a0ecfd1,1655282045,1291512,1,__amd_rocclr_fillImage.kd,__amd_rocclr_fillImage,128818358640832,360,16,0,0,128,16,0,"{""size"":88,""kernel_id"":12,""code_object_id"":1,""kernel_name"":""__amd_rocclr_fillImage.kd"",""kernel_object"":128818358640832,""kernarg_segment_size"":360,""kernarg_segment_alignment"":16,""group_segment_size"":0,""private_segment_size"":0,""sgpr_count"":128,""arch_vgpr_count"":16,""accum_vgpr_count"":0,""kernel_code_entry_byte_offset"":11584,""kernel_address"":{""handle"":128818358652416},""formatted_kernel_name"":""__amd_rocclr_fillImage"",""demangled_kernel_name"":""__amd_rocclr_fillImage.kd"",""truncated_kernel_name"":""__amd_rocclr_fillImage.kd""}"
13,00003ca5-d4f0-74f0-87a2-848e4a0ecfd1,1655282045,1291512,1,__amd_rocclr_copyImage1DA.kd,__amd_rocclr_copyImage1DA,128818358640960,320,16,0,0,128,8,0,"{""size"":88,""kernel_id"":13,""code_object_id"":1,""kernel_name"":""__amd_rocclr_copyImage1DA.kd"",""kernel_object"":128818358640960,""kernarg_segment_size"":320,""kernarg_segment_alignment"":16,""group_segment_size"":0,""private_segment_size"":0,""sgpr_count"":128,""arch_vgpr_count"":8,""accum_vgpr_count"":0,""kernel_code_entry_byte_offset"":12736,""kernel_address"":{""handle"":128818358653696},""formatted_kernel_name"":""__amd_rocclr_copyImage1DA"",""demangled_kernel_name"":""__amd_rocclr_copyImage1DA.kd"",""truncated_kernel_name"":""__amd_rocclr_copyImage1DA.kd""}"
14,00003ca5-d4f0-74f0-87a2-848e4a0ecfd1,1655282045,1291512,1,__amd_rocclr_initHeap.kd,__amd_rocclr_initHeap,128818358641408,24,16,0,0,128,16,0,"{""size"":88,""kernel_id"":14,""code_object_id"":1,""kernel_name"":""__amd_rocclr_initHeap.kd"",""kernel_object"":128818358641408,""kernarg_segment_size"":24,""kernarg_segment_alignment"":16,""group_segment_size"":0,""private_segment_size"":0,""sgpr_count"":128,""arch_vgpr_count"":16,""accum_vgpr_count"":0,""kernel_code_entry_byte_offset"":16896,""kernel_address"":{""handle"":128818358658304},""formatted_kernel_name"":""__amd_rocclr_initHeap"",""demangled_kernel_name"":""__amd_rocclr_initHeap.kd"",""truncated_kernel_name"":""__amd_rocclr_initHeap.kd""}"
15,00003ca5-d4f0-74f0-87a2-848e4a0ecfd1,1655282045,1291512,1,__amd_rocclr_copyBufferToImage.kd,__amd_rocclr_copyBufferToImage,128818358641024,416,16,0,0,128,16,0,"{""size"":88,""kernel_id"":15,""code_object_id"":1,""kernel_name"":""__amd_rocclr_copyBufferToImage.kd"",""kernel_object"":128818358641024,""kernarg_segment_size"":416,""kernarg_segment_alignment"":16,""group_segment_size"":0,""private_segment_size"":0,""sgpr_count"":128,""arch_vgpr_count"":16,""accum_vgpr_count"":0,""kernel_code_entry_byte_offset"":13184,""kernel_address"":{""handle"":128818358654208},""formatted_kernel_name"":""__amd_rocclr_copyBufferToImage"",""demangled_kernel_name"":""__amd_rocclr_copyBufferToImage.kd"",""truncated_kernel_name"":""__amd_rocclr_copyBufferToImage.kd""}"
16,00003ca5-d4f0-74f0-87a2-848e4a0ecfd1,1655282045,1291512,1,__amd_rocclr_streamOpsDecrement.kd,__amd_rocclr_streamOpsDecrement,128818358641280,24,16,0,0,128,8,0,"{""size"":88,""kernel_id"":16,""code_object_id"":1,""kernel_name"":""__amd_rocclr_streamOpsDecrement.kd"",""kernel_object"":128818358641280,""kernarg_segment_size"":24,""kernarg_segment_alignment"":16,""group_segment_size"":0,""private_segment_size"":0,""sgpr_count"":128,""arch_vgpr_count"":8,""accum_vgpr_count"":0,""kernel_code_entry_byte_offset"":16000,""kernel_address"":{""handle"":128818358657280},""formatted_kernel_name"":""__amd_rocclr_streamOpsDecrement"",""demangled_kernel_name"":""__amd_rocclr_streamOpsDecrement.kd"",""truncated_kernel_name"":""__amd_rocclr_streamOpsDecrement.kd""}"
17,00003ca5-d4f0-74f0-87a2-848e4a0ecfd1,1655282045,1291512,1,__amd_rocclr_streamOpsWrite.kd,__amd_rocclr_streamOpsWrite,128818358641152,24,16,0,0,128,8,0,"{""size"":88,""kernel_id"":17,""code_object_id"":1,""kernel_name"":""__amd_rocclr_streamOpsWrite.kd"",""kernel_object"":128818358641152,""kernarg_segment_size"":24,""kernarg_segment_alignment"":16,""group_segment_size"":0,""private_segment_size"":0,""sgpr_count"":128,""arch_vgpr_count"":8,""accum_vgpr_count"":0,""kernel_code_entry_byte_offset"":15616,""kernel_address"":{""handle"":128818358656768},""formatted_kernel_name"":""__amd_rocclr_streamOpsWrite"",""demangled_kernel_name"":""__amd_rocclr_streamOpsWrite.kd"",""truncated_kernel_name"":""__amd_rocclr_streamOpsWrite.kd""}"
18,00003ca5-d4f0-74f0-87a2-848e4a0ecfd1,1655282045,1291512,2,gemm_gate_up_mq4g256_lloyd_wmma.kd,gemm_gate_up_mq4g256_lloyd_wmma,128818358568896,56,16,512,0,128,96,0,"{""size"":88,""kernel_id"":18,""code_object_id"":2,""kernel_name"":""gemm_gate_up_mq4g256_lloyd_wmma.kd"",""kernel_object"":128818358568896,""kernarg_segment_size"":56,""kernarg_segment_alignment"":16,""group_segment_size"":512,""private_segment_size"":0,""sgpr_count"":128,""arch_vgpr_count"":96,""accum_vgpr_count"":0,""kernel_code_entry_byte_offset"":4160,""kernel_address"":{""handle"":128818358573056},""formatted_kernel_name"":""gemm_gate_up_mq4g256_lloyd_wmma"",""demangled_kernel_name"":""gemm_gate_up_mq4g256_lloyd_wmma.kd"",""truncated_kernel_name"":""gemm_gate_up_mq4g256_lloyd_wmma.kd""}"
19,00003ca5-d4f0-74f0-87a2-848e4a0ecfd1,1655282045,1291512,3,gemm_hfq4g256_residual_fp16.kd,gemm_hfq4g256_residual_fp16,128818346772992,36,16,0,0,128,104,0,"{""size"":88,""kernel_id"":19,""code_object_id"":3,""kernel_name"":""gemm_hfq4g256_residual_fp16.kd"",""kernel_object"":128818346772992,""kernarg_segment_size"":36,""kernarg_segment_alignment"":16,""group_segment_size"":0,""private_segment_size"":0,""sgpr_count"":128,""arch_vgpr_count"":104,""accum_vgpr_count"":0,""kernel_code_entry_byte_offset"":4608,""kernel_address"":{""handle"":128818346777600},""formatted_kernel_name"":""gemm_hfq4g256_residual_fp16"",""demangled_kernel_name"":""gemm_hfq4g256_residual_fp16.kd"",""truncated_kernel_name"":""gemm_hfq4g256_residual_fp16.kd""}"
20,00003ca5-d4f0-74f0-87a2-848e4a0ecfd1,1655282045,1291512,3,convert_f32_to_f16.kd,convert_f32_to_f16,128818346772928,20,16,0,0,128,8,0,"{""size"":88,""kernel_id"":20,""code_object_id"":3,""kernel_name"":""convert_f32_to_f16.kd"",""kernel_object"":128818346772928,""kernarg_segment_size"":20,""kernarg_segment_alignment"":16,""group_segment_size"":0,""private_segment_size"":0,""sgpr_count"":128,""arch_vgpr_count"":8,""accum_vgpr_count"":0,""kernel_code_entry_byte_offset"":4416,""kernel_address"":{""handle"":128818346777344},""formatted_kernel_name"":""convert_f32_to_f16"",""demangled_kernel_name"":""convert_f32_to_f16.kd"",""truncated_kernel_name"":""convert_f32_to_f16.kd""}"
21,00003ca5-d4f0-74f0-87a2-848e4a0ecfd1,1655282045,1291512,4,gemm_gate_up_mq4g256_lloyd_wmma.kd,gemm_gate_up_mq4g256_lloyd_wmma,128818346575808,56,16,512,0,128,96,0,"{""size"":88,""kernel_id"":21,""code_object_id"":4,""kernel_name"":""gemm_gate_up_mq4g256_lloyd_wmma.kd"",""kernel_object"":128818346575808,""kernarg_segment_size"":56,""kernarg_segment_alignment"":16,""group_segment_size"":512,""private_segment_size"":0,""sgpr_count"":128,""arch_vgpr_count"":96,""accum_vgpr_count"":0,""kernel_code_entry_byte_offset"":4160,""kernel_address"":{""handle"":128818346579968},""formatted_kernel_name"":""gemm_gate_up_mq4g256_lloyd_wmma"",""demangled_kernel_name"":""gemm_gate_up_mq4g256_lloyd_wmma.kd"",""truncated_kernel_name"":""gemm_gate_up_mq4g256_lloyd_wmma.kd""}"
22,00003ca5-d4f0-74f0-87a2-848e4a0ecfd1,1655282045,1291512,5,gemm_hfq4g256_residual_fp16.kd,gemm_hfq4g256_residual_fp16,128818346494464,36,16,0,0,128,104,0,"{""size"":88,""kernel_id"":22,""code_object_id"":5,""kernel_name"":""gemm_hfq4g256_residual_fp16.kd"",""kernel_object"":128818346494464,""kernarg_segment_size"":36,""kernarg_segment_alignment"":16,""group_segment_size"":0,""private_segment_size"":0,""sgpr_count"":128,""arch_vgpr_count"":104,""accum_vgpr_count"":0,""kernel_code_entry_byte_offset"":4608,""kernel_address"":{""handle"":128818346499072},""formatted_kernel_name"":""gemm_hfq4g256_residual_fp16"",""demangled_kernel_name"":""gemm_hfq4g256_residual_fp16.kd"",""truncated_kernel_name"":""gemm_hfq4g256_residual_fp16.kd""}"
23,00003ca5-d4f0-74f0-87a2-848e4a0ecfd1,1655282045,1291512,5,convert_f32_to_f16.kd,convert_f32_to_f16,128818346494400,20,16,0,0,128,8,0,"{""size"":88,""kernel_id"":23,""code_object_id"":5,""kernel_name"":""convert_f32_to_f16.kd"",""kernel_object"":128818346494400,""kernarg_segment_size"":20,""kernarg_segment_alignment"":16,""group_segment_size"":0,""private_segment_size"":0,""sgpr_count"":128,""arch_vgpr_count"":8,""accum_vgpr_count"":0,""kernel_code_entry_byte_offset"":4416,""kernel_address"":{""handle"":128818346498816},""formatted_kernel_name"":""convert_f32_to_f16"",""demangled_kernel_name"":""convert_f32_to_f16.kd"",""truncated_kernel_name"":""convert_f32_to_f16.kd""}"
24,00003ca5-d4f0-74f0-87a2-848e4a0ecfd1,1655282045,1291512,6,gemm_gate_up_mq4g256_lloyd_wmma.kd,gemm_gate_up_mq4g256_lloyd_wmma,128818342660032,56,16,512,0,128,96,0,"{""size"":88,""kernel_id"":24,""code_object_id"":6,""kernel_name"":""gemm_gate_up_mq4g256_lloyd_wmma.kd"",""kernel_object"":128818342660032,""kernarg_segment_size"":56,""kernarg_segment_alignment"":16,""group_segment_size"":512,""private_segment_size"":0,""sgpr_count"":128,""arch_vgpr_count"":96,""accum_vgpr_count"":0,""kernel_code_entry_byte_offset"":4160,""kernel_address"":{""handle"":128818342664192},""formatted_kernel_name"":""gemm_gate_up_mq4g256_lloyd_wmma"",""demangled_kernel_name"":""gemm_gate_up_mq4g256_lloyd_wmma.kd"",""truncated_kernel_name"":""gemm_gate_up_mq4g256_lloyd_wmma.kd""}"
25,00003ca5-d4f0-74f0-87a2-848e4a0ecfd1,1655282045,1291512,7,gemm_hfq4g256_residual_fp16.kd,gemm_hfq4g256_residual_fp16,128818342595072,36,16,0,0,128,104,0,"{""size"":88,""kernel_id"":25,""code_object_id"":7,""kernel_name"":""gemm_hfq4g256_residual_fp16.kd"",""kernel_object"":128818342595072,""kernarg_segment_size"":36,""kernarg_segment_alignment"":16,""group_segment_size"":0,""private_segment_size"":0,""sgpr_count"":128,""arch_vgpr_count"":104,""accum_vgpr_count"":0,""kernel_code_entry_byte_offset"":4608,""kernel_address"":{""handle"":128818342599680},""formatted_kernel_name"":""gemm_hfq4g256_residual_fp16"",""demangled_kernel_name"":""gemm_hfq4g256_residual_fp16.kd"",""truncated_kernel_name"":""gemm_hfq4g256_residual_fp16.kd""}"
26,00003ca5-d4f0-74f0-87a2-848e4a0ecfd1,1655282045,1291512,7,convert_f32_to_f16.kd,convert_f32_to_f16,128818342595008,20,16,0,0,128,8,0,"{""size"":88,""kernel_id"":26,""code_object_id"":7,""kernel_name"":""convert_f32_to_f16.kd"",""kernel_object"":128818342595008,""kernarg_segment_size"":20,""kernarg_segment_alignment"":16,""group_segment_size"":0,""private_segment_size"":0,""sgpr_count"":128,""arch_vgpr_count"":8,""accum_vgpr_count"":0,""kernel_code_entry_byte_offset"":4416,""kernel_address"":{""handle"":128818342599424},""formatted_kernel_name"":""convert_f32_to_f16"",""demangled_kernel_name"":""convert_f32_to_f16.kd"",""truncated_kernel_name"":""convert_f32_to_f16.kd""}"

=== TABLE: rocpd_info_pmc ===id,guid,nid,pid,agent_id,target_arch,event_code,instance_id,name,symbol,description,long_description,component,units,value_type,block,expression,is_constant,is_derived,extdata
3548,00003ca5-d4f0-74f0-87a2-848e4a0ecfd1,1655282045,1291512,1,GPU,,,SQ_INSTS_WAVE32_VALU,SQ_INSTS_WAVE32_VALU,"Number of wave32 valu instructions issued. Wave64 may count 1 or 2, depending on what gets issued. {emulated, C1}","",rocm,"",ABS,SQ,"",0,0,"{""size"":312,""id"":{""handle"":20550},""type"":2,""cpu_cores_count"":0,""simd_count"":80,""mem_banks_count"":1,""caches_count"":86,""io_links_count"":1,""cpu_core_id_base"":0,""simd_id_base"":2147487744,""max_waves_per_simd"":16,""lds_size_in_kb"":64,""gds_size_in_kb"":0,""num_gws"":64,""wave_front_size"":32,""num_xcc"":1,""cu_count"":40,""array_count"":4,""num_shader_banks"":2,""simd_arrays_per_engine"":2,""cu_per_simd_array"":10,""simd_per_cu"":2,""max_slots_scratch_cu"":32,""gfx_target_version"":110501,""vendor_id"":4098,""device_id"":5510,""location_id"":50432,""domain"":0,""drm_render_minor"":128,""num_sdma_engines"":1,""num_sdma_xgmi_engines"":0,""num_sdma_queues_per_engine"":6,""num_cp_queues"":8,""max_engine_clk_ccompute"":5187,""max_engine_clk_fcompute"":2900,""sdma_fw_version"":{""uCodeSDMA"":14,""uCodeRes"":0},""fw_version"":{""uCode"":32,""Major"":0,""Minor"":0,""Stepping"":0},""capability"":{""HotPluggable"":0,""HSAMMUPresent"":0,""SharedWithGraphics"":0,""QueueSizePowerOfTwo"":0,""QueueSize32bit"":0,""QueueIdleEvent"":0,""VALimit"":0,""WatchPointsSupported"":1,""WatchPointsTotalBits"":2,""DoorbellType"":2,""AQLQueueDoubleMap"":0,""DebugTrapSupported"":1,""WaveLaunchTrapOverrideSupported"":1,""WaveLaunchModeSupported"":1,""PreciseMemoryOperationsSupported"":0,""DEPRECATED_SRAM_EDCSupport"":0,""Mem_EDCSupport"":0,""RASEventNotify"":0,""ASICRevision"":0,""SRAM_EDCSupport"":0,""SVMAPISupported"":1,""CoherentHostAccess"":0,""DebugSupportedFirmware"":1},""cu_per_engine"":20,""max_waves_per_cu"":32,""family_id"":150,""workgroup_max_size"":1024,""grid_max_size"":4294967295,""local_mem_size"":0,""hive_id"":0,""gpu_id"":35128,""workgroup_max_dim"":{""x"":1024,""y"":1024,""z"":1024},""grid_max_dim"":{""x"":2147483647,""y"":65535,""z"":65535},""name"":""gfx1151"",""vendor_name"":""AMD"",""product_name"":""Radeon 8060S Graphics"",""model_name"":""ip discovery"",""node_id"":1,""logical_node_id"":1,""logical_node_type_id"":0,""runtime_visibility"":{""hsa"":1,""hip"":1,""rccl"":1,""rocdecode"":1},""uuid"":{""bytes"":{""value0"":0,""value1"":0,""value2"":0,""value3"":0,""value4"":0,""value5"":0,""value6"":0,""value7"":0,""value8"":0,""value9"":0,""value10"":0,""value11"":0,""value12"":0,""value13"":0,""value14"":0,""value15"":0}},""mem_banks"":[{""heap_type"":1,""flags"":{""HotPluggable"":0,""NonVolatile"":0},""width"":256,""mem_clk_max"":1000,""size_in_bytes"":137438953472}],""caches"":[{""processor_id_low"":2147487744,""size"":32,""level"":1,""cache_line_size"":128,""cache_lines_per_tag"":0,""association"":0,""latency"":0,""type"":{""Data"":1,""Instruction"":0,""CPU"":0,""HSACU"":1}},{""processor_id_low"":2147487745,""size"":32,""level"":1,""cache_line_size"":128,""cache_lines_per_tag"":0,""association"":0,""latency"":0,""type"":{""Data"":1,""Instruction"":0,""CPU"":0,""HSACU"":1}},{""processor_id_low"":2147487746,""size"":32,""level"":1,""cache_line_size"":128,""cache_lines_per_tag"":0,""association"":0,""latency"":0,""type"":{""Data"":1,""Instruction"":0,""CPU"":0,""HSACU"":1}},{""processor_id_low"":2147487747,""size"":32,""level"":1,""cache_line_size"":128,""cache_lines_per_tag"":0,""association"":0,""latency"":0,""type"":{""Data"":1,""Instruction"":0,""CPU"":0,""HSACU"":1}},{""processor_id_low"":2147487748,""size"":32,""level"":1,""cache_line_size"":128,""cache_lines_per_tag"":0,""association"":0,""latency"":0,""type"":{""Data"":1,""Instruction"":0,""CPU"":0,""HSACU"":1}},{""processor_id_low"":2147487749,""size"":32,""level"":1,""cache_line_size"":128,""cache_lines_per_tag"":0,""association"":0,""latency"":0,""type"":{""Data"":1,""Instruction"":0,""CPU"":0,""HSACU"":1}},{""processor_id_low"":2147487750,""size"":32,""level"":1,""cache_line_size"":128,""cache_lines_per_tag"":0,""association"":0,""latency"":0,""type"":{""Data"":1,""Instruction"":0,""CPU"":0,""HSACU"":1}},{""processor_id_low"":2147487751,""size"":32,""level"":1,""cache_line_size"":128,""cache_lines_per_tag"":0,""association"":0,""latency"":0,""type"":{""Data"":1,""Instruction"":0,""CPU"":0,""HSACU"":1}},{""processor_id_low"":2147487752,""size"":32,""level"":1,""cache_line_size"":128,""cache_lines_per_tag"":0,""association"":0,""latency"":0,""type"":{""Data"":1,""Instruction"":0,""CPU"":0,""HSACU"":1}},{""processor_id_low"":2147487753,""size"":32,""level"":1,""cache_line_size"":128,""cache_lines_per_tag"":0,""association"":0,""latency"":0,""type"":{""Data"":1,""Instruction"":0,""CPU"":0,""HSACU"":1}},{""processor_id_low"":2147487754,""size"":32,""level"":1,""cache_line_size"":128,""cache_lines_per_tag"":0,""association"":0,""latency"":0,""type"":{""Data"":1,""Instruction"":0,""CPU"":0,""HSACU"":1}},{""processor_id_low"":2147487755,""size"":32,""level"":1,""cache_line_size"":128,""cache_lines_per_tag"":0,""association"":0,""latency"":0,""type"":{""Data"":1,""Instruction"":0,""CPU"":0,""HSACU"":1}},{""processor_id_low"":2147487756,""size"":32,""level"":1,""cache_line_size"":128,""cache_lines_per_tag"":0,""association"":0,""latency"":0,""type"":{""Data"":1,""Instruction"":0,""CPU"":0,""HSACU"":1}},{""processor_id_low"":2147487757,""size"":32,""level"":1,""cache_line_size"":128,""cache_lines_per_tag"":0,""association"":0,""latency"":0,""type"":{""Data"":1,""Instruction"":0,""CPU"":0,""HSACU"":1}},{""processor_id_low"":2147487758,""size"":32,""level"":1,""cache_line_size"":128,""cache_lines_per_tag"":0,""association"":0,""latency"":0,""type"":{""Data"":1,""Instruction"":0,""CPU"":0,""HSACU"":1}},{""processor_id_low"":2147487759,""size"":32,""level"":1,""cache_line_size"":128,""cache_lines_per_tag"":0,""association"":0,""latency"":0,""type"":{""Data"":1,""Instruction"":0,""CPU"":0,""HSACU"":1}},{""processor_id_low"":2147487760,""size"":32,""level"":1,""cache_line_size"":128,""cache_lines_per_tag"":0,""association"":0,""latency"":0,""type"":{""Data"":1,""Instruction"":0,""CPU"":0,""HSACU"":1}},{""processor_id_low"":2147487761,""size"":32,""level"":1,""cache_line_size"":128,""cache_lines_per_tag"":0,""association"":0,""latency"":0,""type"":{""Data"":1,""Instruction"":0,""CPU"":0,""HSACU"":1}},{""processor_id_low"":2147487762,""size"":32,""level"":1,""cache_line_size"":128,""cache_lines_per_tag"":0,""association"":0,""latency"":0,""type"":{""Data"":1,""Instruction"":0,""CPU"":0,""HSACU"":1}},{""processor_id_low"":2147487763,""size"":32,""level"":1,""cache_line_size"":128,""cache_lines_per_tag"":0,""association"":0,""latency"":0,""type"":{""Data"":1,""Instruction"":0,""CPU"":0,""HSACU"":1}},{""processor_id_low"":2147487764,""size"":32,""level"":1,""cache_line_size"":128,""cache_lines_per_tag"":0,""association"":0,""latency"":0,""type"":{""Data"":1,""Instruction"":0,""CPU"":0,""HSACU"":1}},{""processor_id_low"":2147487765,""size"":32,""level"":1,""cache_line_size"":128,""cache_lines_per_tag"":0,""association"":0,""latency"":0,""type"":{""Data"":1,""Instruction"":0,""CPU"":0,""HSACU"":1}},{""processor_id_low"":2147487766,""size"":32,""level"":1,""cache_line_size"":128,""cache_lines_per_tag"":0,""association"":0,""latency"":0,""type"":{""Data"":1,""Instruction"":0,""CPU"":0,""HSACU"":1}},{""processor_id_low"":2147487767,""size"":32,""level"":1,""cache_line_size"":128,""cache_lines_per_tag"":0,""association"":0,""latency"":0,""type"":{""Data"":1,""Instruction"":0,""CPU"":0,""HSACU"":1}},{""processor_id_low"":2147487768,""size"":32,""level"":1,""cache_line_size"":128,""cache_lines_per_tag"":0,""association"":0,""latency"":0,""type"":{""Data"":1,""Instruction"":0,""CPU"":0,""HSACU"":1}},{""processor_id_low"":2147487769,""size"":32,""level"":1,""cache_line_size"":128,""cache_lines_per_tag"":0,""association"":0,""latency"":0,""type"":{""Data"":1,""Instruction"":0,""CPU"":0,""HSACU"":1}},{""processor_id_low"":2147487770,""size"":32,""level"":1,""cache_line_size"":128,""cache_lines_per_tag"":0,""association"":0,""latency"":0,""type"":{""Data"":1,""Instruction"":0,""CPU"":0,""HSACU"":1}},{""processor_id_low"":2147487771,""size"":32,""level"":1,""cache_line_size"":128,""cache_lines_per_tag"":0,""association"":0,""latency"":0,""type"":{""Data"":1,""Instruction"":0,""CPU"":0,""HSACU"":1}},{""processor_id_low"":2147487772,""size"":32,""level"":1,""cache_line_size"":128,""cache_lines_per_tag"":0,""association"":0,""latency"":0,""type"":{""Data"":1,""Instruction"":0,""CPU"":0,""HSACU"":1}},{""processor_id_low"":2147487773,""size"":32,""level"":1,""cache_line_size"":128,""cache_lines_per_tag"":0,""association"":0,""latency"":0,""type"":{""Data"":1,""Instruction"":0,""CPU"":0,""HSACU"":1}},{""processor_id_low"":2147487774,""size"":32,""level"":1,""cache_line_size"":128,""cache_lines_per_tag"":0,""association"":0,""latency"":0,""type"":{""Data"":1,""Instruction"":0,""CPU"":0,""HSACU"":1}},{""processor_id_low"":2147487775,""size"":32,""level"":1,""cache_line_size"":128,""cache_lines_per_tag"":0,""association"":0,""latency"":0,""type"":{""Data"":1,""Instruction"":0,""CPU"":0,""HSACU"":1}},{""processor_id_low"":2147487776,""size"":32,""level"":1,""cache_line_size"":128,""cache_lines_per_tag"":0,""association"":0,""latency"":0,""type"":{""Data"":1,""Instruction"":0,""CPU"":0,""HSACU"":1}},{""processor_id_low"":2147487777,""size"":32,""level"":1,""cache_line_size"":128,""cache_lines_per_tag"":0,""association"":0,""latency"":0,""type"":{""Data"":1,""Instruction"":0,""CPU"":0,""HSACU"":1}},{""processor_id_low"":2147487778,""size"":32,""level"":1,""cache_line_size"":128,""cache_lines_per_tag"":0,""association"":0,""latency"":0,""type"":{""Data"":1,""Instruction"":0,""CPU"":0,""HSACU"":1}},{""processor_id_low"":2147487779,""size"":32,""level"":1,""cache_line_size"":128,""cache_lines_per_tag"":0,""association"":0,""latency"":0,""type"":{""Data"":1,""Instruction"":0,""CPU"":0,""HSACU"":1}},{""processor_id_low"":2147487780,""size"":32,""level"":1,""cache_line_size"":128,""cache_lines_per_tag"":0,""association"":0,""latency"":0,""type"":{""Data"":1,""Instruction"":0,""CPU"":0,""HSACU"":1}},{""processor_id_low"":2147487781,""size"":32,""level"":1,""cache_line_size"":128,""cache_lines_per_tag"":0,""association"":0,""latency"":0,""type"":{""Data"":1,""Instruction"":0,""CPU"":0,""HSACU"":1}},{""processor_id_low"":2147487782,""size"":32,""level"":1,""cache_line_size"":128,""cache_lines_per_tag"":0,""association"":0,""latency"":0,""type"":{""Data"":1,""Instruction"":0,""CPU"":0,""HSACU"":1}},{""processor_id_low"":2147487783,""size"":32,""level"":1,""cache_line_size"":128,""cache_lines_per_tag"":0,""association"":0,""latency"":0,""type"":{""Data"":1,""Instruction"":0,""CPU"":0,""HSACU"":1}},{""processor_id_low"":2147487744,""size"":32,""level"":1,""cache_line_size"":128,""cache_lines_per_tag"":0,""association"":0,""latency"":0,""type"":{""Data"":0,""Instruction"":1,""CPU"":0,""HSACU"":1}},{""processor_id_low"":2147487746,""size"":32,""level"":1,""cache_line_size"":128,""cache_lines_per_tag"":0,""association"":0,""latency"":0,""type"":{""Data"":0,""Instruction"":1,""CPU"":0,""HSACU"":1}},{""processor_id_low"":2147487748,""size"":32,""level"":1,""cache_line_size"":128,""cache_lines_per_tag"":0,""association"":0,""latency"":0,""type"":{""Data"":0,""Instruction"":1,""CPU"":0,""HSACU"":1}},{""processor_id_low"":2147487750,""size"":32,""level"":1,""cache_line_size"":128,""cache_lines_per_tag"":0,""association"":0,""latency"":0,""type"":{""Data"":0,""Instruction"":1,""CPU"":0,""HSACU"":1}},{""processor_id_low"":2147487752,""size"":32,""level"":1,""cache_line_size"":128,""cache_lines_per_tag"":0,""association"":0,""latency"":0,""type"":{""Data"":0,""Instruction"":1,""CPU"":0,""HSACU"":1}},{""processor_id_low"":2147487754,""size"":32,""level"":1,""cache_line_size"":128,""cache_lines_per_tag"":0,""association"":0,""latency"":0,""type"":{""Data"":0,""Instruction"":1,""CPU"":0,""HSACU"":1}},{""processor_id_low"":2147487756,""size"":32,""level"":1,""cache_line_size"":128,""cache_lines_per_tag"":0,""association"":0,""latency"":0,""type"":{""Data"":0,""Instruction"":1,""CPU"":0,""HSACU"":1}},{""processor_id_low"":2147487758,""size"":32,""level"":1,""cache_line_size"":128,""cache_lines_per_tag"":0,""association"":0,""latency"":0,""type"":{""Data"":0,""Instruction"":1,""CPU"":0,""HSACU"":1}},{""processor_id_low"":2147487760,""size"":32,""level"":1,""cache_line_size"":128,""cache_lines_per_tag"":0,""association"":0,""latency"":0,""type"":{""Data"":0,""Instruction"":1,""CPU"":0,""HSACU"":1}},{""processor_id_low"":2147487762,""size"":32,""level"":1,""cache_line_size"":128,""cache_lines_per_tag"":0,""association"":0,""latency"":0,""type"":{""Data"":0,""Instruction"":1,""CPU"":0,""HSACU"":1}},{""processor_id_low"":2147487764,""size"":32,""level"":1,""cache_line_size"":128,""cache_lines_per_tag"":0,""association"":0,""latency"":0,""type"":{""Data"":0,""Instruction"":1,""CPU"":0,""HSACU"":1}},{""processor_id_low"":2147487766,""size"":32,""level"":1,""cache_line_size"":128,""cache_lines_per_tag"":0,""association"":0,""latency"":0,""type"":{""Data"":0,""Instruction"":1,""CPU"":0,""HSACU"":1}},{""processor_id_low"":2147487768,""size"":32,""level"":1,""cache_line_size"":128,""cache_lines_per_tag"":0,""association"":0,""latency"":0,""type"":{""Data"":0,""Instruction"":1,""CPU"":0,""HSACU"":1}},{""processor_id_low"":2147487770,""size"":32,""level"":1,""cache_line_size"":128,""cache_lines_per_tag"":0,""association"":0,""latency"":0,""type"":{""Data"":0,""Instruction"":1,""CPU"":0,""HSACU"":1}},{""processor_id_low"":2147487772,""size"":32,""level"":1,""cache_line_size"":128,""cache_lines_per_tag"":0,""association"":0,""latency"":0,""type"":{""Data"":0,""Instruction"":1,""CPU"":0,""HSACU"":1}},{""processor_id_low"":2147487774,""size"":32,""level"":1,""cache_line_size"":128,""cache_lines_per_tag"":0,""association"":0,""latency"":0,""type"":{""Data"":0,""Instruction"":1,""CPU"":0,""HSACU"":1}},{""processor_id_low"":2147487776,""size"":32,""level"":1,""cache_line_size"":128,""cache_lines_per_tag"":0,""association"":0,""latency"":0,""type"":{""Data"":0,""Instruction"":1,""CPU"":0,""HSACU"":1}},{""processor_id_low"":2147487778,""size"":32,""level"":1,""cache_line_size"":128,""cache_lines_per_tag"":0,""association"":0,""latency"":0,""type"":{""Data"":0,""Instruction"":1,""CPU"":0,""HSACU"":1}},{""processor_id_low"":2147487780,""size"":32,""level"":1,""cache_line_size"":128,""cache_lines_per_tag"":0,""association"":0,""latency"":0,""type"":{""Data"":0,""Instruction"":1,""CPU"":0,""HSACU"":1}},{""processor_id_low"":2147487782,""size"":32,""level"":1,""cache_line_size"":128,""cache_lines_per_tag"":0,""association"":0,""latency"":0,""type"":{""Data"":0,""Instruction"":1,""CPU"":0,""HSACU"":1}},{""processor_id_low"":2147487744,""size"":16,""level"":1,""cache_line_size"":64,""cache_lines_per_tag"":0,""association"":0,""latency"":0,""type"":{""Data"":1,""Instruction"":0,""CPU"":0,""HSACU"":1}},{""processor_id_low"":2147487746,""size"":16,""level"":1,""cache_line_size"":64,""cache_lines_per_tag"":0,""association"":0,""latency"":0,""type"":{""Data"":1,""Instruction"":0,""CPU"":0,""HSACU"":1}},{""processor_id_low"":2147487748,""size"":16,""level"":1,""cache_line_size"":64,""cache_lines_per_tag"":0,""association"":0,""latency"":0,""type"":{""Data"":1,""Instruction"":0,""CPU"":0,""HSACU"":1}},{""processor_id_low"":2147487750,""size"":16,""level"":1,""cache_line_size"":64,""cache_lines_per_tag"":0,""association"":0,""latency"":0,""type"":{""Data"":1,""Instruction"":0,""CPU"":0,""HSACU"":1}},{""processor_id_low"":2147487752,""size"":16,""level"":1,""cache_line_size"":64,""cache_lines_per_tag"":0,""association"":0,""latency"":0,""type"":{""Data"":1,""Instruction"":0,""CPU"":0,""HSACU"":1}},{""processor_id_low"":2147487754,""size"":16,""level"":1,""cache_line_size"":64,""cache_lines_per_tag"":0,""association"":0,""latency"":0,""type"":{""Data"":1,""Instruction"":0,""CPU"":0,""HSACU"":1}},{""processor_id_low"":2147487756,""size"":16,""level"":1,""cache_line_size"":64,""cache_lines_per_tag"":0,""association"":0,""latency"":0,""type"":{""Data"":1,""Instruction"":0,""CPU"":0,""HSACU"":1}},{""processor_id_low"":2147487758,""size"":16,""level"":1,""cache_line_size"":64,""cache_lines_per_tag"":0,""association"":0,""latency"":0,""type"":{""Data"":1,""Instruction"":0,""CPU"":0,""HSACU"":1}},{""processor_id_low"":2147487760,""size"":16,""level"":1,""cache_line_size"":64,""cache_lines_per_tag"":0,""association"":0,""latency"":0,""type"":{""Data"":1,""Instruction"":0,""CPU"":0,""HSACU"":1}},{""processor_id_low"":2147487762,""size"":16,""level"":1,""cache_line_size"":64,""cache_lines_per_tag"":0,""association"":0,""latency"":0,""type"":{""Data"":1,""Instruction"":0,""CPU"":0,""HSACU"":1}},{""processor_id_low"":2147487764,""size"":16,""level"":1,""cache_line_size"":64,""cache_lines_per_tag"":0,""association"":0,""latency"":0,""type"":{""Data"":1,""Instruction"":0,""CPU"":0,""HSACU"":1}},{""processor_id_low"":2147487766,""size"":16,""level"":1,""cache_line_size"":64,""cache_lines_per_tag"":0,""association"":0,""latency"":0,""type"":{""Data"":1,""Instruction"":0,""CPU"":0,""HSACU"":1}},{""processor_id_low"":2147487768,""size"":16,""level"":1,""cache_line_size"":64,""cache_lines_per_tag"":0,""association"":0,""latency"":0,""type"":{""Data"":1,""Instruction"":0,""CPU"":0,""HSACU"":1}},{""processor_id_low"":2147487770,""size"":16,""level"":1,""cache_line_size"":64,""cache_lines_per_tag"":0,""association"":0,""latency"":0,""type"":{""Data"":1,""Instruction"":0,""CPU"":0,""HSACU"":1}},{""processor_id_low"":2147487772,""size"":16,""level"":1,""cache_line_size"":64,""cache_lines_per_tag"":0,""association"":0,""latency"":0,""type"":{""Data"":1,""Instruction"":0,""CPU"":0,""HSACU"":1}},{""processor_id_low"":2147487774,""size"":16,""level"":1,""cache_line_size"":64,""cache_lines_per_tag"":0,""association"":0,""latency"":0,""type"":{""Data"":1,""Instruction"":0,""CPU"":0,""HSACU"":1}},{""processor_id_low"":2147487776,""size"":16,""level"":1,""cache_line_size"":64,""cache_lines_per_tag"":0,""association"":0,""latency"":0,""type"":{""Data"":1,""Instruction"":0,""CPU"":0,""HSACU"":1}},{""processor_id_low"":2147487778,""size"":16,""level"":1,""cache_line_size"":64,""cache_lines_per_tag"":0,""association"":0,""latency"":0,""type"":{""Data"":1,""Instruction"":0,""CPU"":0,""HSACU"":1}},{""processor_id_low"":2147487780,""size"":16,""level"":1,""cache_line_size"":64,""cache_lines_per_tag"":0,""association"":0,""latency"":0,""type"":{""Data"":1,""Instruction"":0,""CPU"":0,""HSACU"":1}},{""processor_id_low"":2147487782,""size"":16,""level"":1,""cache_line_size"":64,""cache_lines_per_tag"":0,""association"":0,""latency"":0,""type"":{""Data"":1,""Instruction"":0,""CPU"":0,""HSACU"":1}},{""processor_id_low"":2147487744,""size"":256,""level"":1,""cache_line_size"":128,""cache_lines_per_tag"":0,""association"":0,""latency"":0,""type"":{""Data"":1,""Instruction"":0,""CPU"":0,""HSACU"":1}},{""processor_id_low"":2147487754,""size"":256,""level"":1,""cache_line_size"":128,""cache_lines_per_tag"":0,""association"":0,""latency"":0,""type"":{""Data"":1,""Instruction"":0,""CPU"":0,""HSACU"":1}},{""processor_id_low"":2147487764,""size"":256,""level"":1,""cache_line_size"":128,""cache_lines_per_tag"":0,""association"":0,""latency"":0,""type"":{""Data"":1,""Instruction"":0,""CPU"":0,""HSACU"":1}},{""processor_id_low"":2147487774,""size"":256,""level"":1,""cache_line_size"":128,""cache_lines_per_tag"":0,""association"":0,""latency"":0,""type"":{""Data"":1,""Instruction"":0,""CPU"":0,""HSACU"":1}},{""processor_id_low"":2147487744,""size"":2048,""level"":2,""cache_line_size"":128,""cache_lines_per_tag"":0,""association"":0,""latency"":0,""type"":{""Data"":1,""Instruction"":0,""CPU"":0,""HSACU"":1}},{""processor_id_low"":2147487744,""size"":32768,""level"":3,""cache_line_size"":64,""cache_lines_per_tag"":0,""association"":0,""latency"":0,""type"":{""Data"":1,""Instruction"":0,""CPU"":0,""HSACU"":1}}],""io_links"":[{""type"":2,""version_major"":0,""version_minor"":0,""node_from"":1,""node_to"":0,""weight"":20,""min_latency"":0,""max_latency"":0,""min_bandwidth"":0,""max_bandwidth"":32000,""recommended_transfer_size"":0,""flags"":{""Override"":1,""NonCoherent"":0,""NoAtomics32bit"":0,""NoAtomics64bit"":0,""NoPeerToPeerDMA"":0}}],""gpu_index"":0}"
8070450532247928832,00003ca5-d4f0-74f0-87a2-848e4a0ecfd1,1655282045,1291512,,,,,KFD_EVENT_PAGE_MIGRATE,KFD_EVENT_PAGE_MIGRATE,"KFD page migration events","",rocm,"",ABS,KFD,,0,0,{}
8070450532247928833,00003ca5-d4f0-74f0-87a2-848e4a0ecfd1,1655282045,1291512,,,,,KFD_EVENT_PAGE_FAULT,KFD_EVENT_PAGE_FAULT,"KFD page fault events","",rocm,"",ABS,KFD,,0,0,{}
8070450532247928834,00003ca5-d4f0-74f0-87a2-848e4a0ecfd1,1655282045,1291512,,,,,KFD_EVENT_QUEUE,KFD_EVENT_QUEUE,"KFD queue eviction/restore events","",rocm,"",ABS,KFD,,0,0,{}
8070450532247928835,00003ca5-d4f0-74f0-87a2-848e4a0ecfd1,1655282045,1291512,,,,,KFD_EVENT_UNMAP_FROM_GPU,KFD_EVENT_UNMAP_FROM_GPU,"KFD unmap from GPU events","",rocm,"",ABS,KFD,,0,0,{}
8070450532247928836,00003ca5-d4f0-74f0-87a2-848e4a0ecfd1,1655282045,1291512,,,,,KFD_EVENT_DROPPED_EVENTS,KFD_EVENT_DROPPED_EVENTS,"KFD dropped_events events","",rocm,"",ABS,KFD,,0,0,{}
8070450532247928837,00003ca5-d4f0-74f0-87a2-848e4a0ecfd1,1655282045,1291512,,,,,KFD_PAGE_MIGRATE,KFD_PAGE_MIGRATE,"KFD page migration paired records","",rocm,"",ABS,KFD,,0,0,{}
8070450532247928838,00003ca5-d4f0-74f0-87a2-848e4a0ecfd1,1655282045,1291512,,,,,KFD_PAGE_FAULT,KFD_PAGE_FAULT,"KFD page fault paired records","",rocm,"",ABS,KFD,,0,0,{}
8070450532247928839,00003ca5-d4f0-74f0-87a2-848e4a0ecfd1,1655282045,1291512,,,,,KFD_QUEUE,KFD_QUEUE,"KFD queue eviction/restore paired records","",rocm,"",ABS,KFD,,0,0,{}

=== TABLE: rocpd_pmc_event ===id,guid,event_id,pmc_id,value,extdata
1,00003ca5-d4f0-74f0-87a2-848e4a0ecfd1,1,3548,2456.0,{}
2,00003ca5-d4f0-74f0-87a2-848e4a0ecfd1,1,3548,2456.0,{}
3,00003ca5-d4f0-74f0-87a2-848e4a0ecfd1,1,3548,2456.0,{}
4,00003ca5-d4f0-74f0-87a2-848e4a0ecfd1,1,3548,2512.0,{}
5,00003ca5-d4f0-74f0-87a2-848e4a0ecfd1,1,3548,2512.0,{}
6,00003ca5-d4f0-74f0-87a2-848e4a0ecfd1,1,3548,2456.0,{}
7,00003ca5-d4f0-74f0-87a2-848e4a0ecfd1,1,3548,2456.0,{}
8,00003ca5-d4f0-74f0-87a2-848e4a0ecfd1,1,3548,2456.0,{}
9,00003ca5-d4f0-74f0-87a2-848e4a0ecfd1,1,3548,2456.0,{}
10,00003ca5-d4f0-74f0-87a2-848e4a0ecfd1,1,3548,2456.0,{}
11,00003ca5-d4f0-74f0-87a2-848e4a0ecfd1,1,3548,2456.0,{}
12,00003ca5-d4f0-74f0-87a2-848e4a0ecfd1,1,3548,2456.0,{}
13,00003ca5-d4f0-74f0-87a2-848e4a0ecfd1,1,3548,2456.0,{}
14,00003ca5-d4f0-74f0-87a2-848e4a0ecfd1,1,3548,2512.0,{}
15,00003ca5-d4f0-74f0-87a2-848e4a0ecfd1,1,3548,2512.0,{}
16,00003ca5-d4f0-74f0-87a2-848e4a0ecfd1,1,3548,2456.0,{}
17,00003ca5-d4f0-74f0-87a2-848e4a0ecfd1,1,3548,2456.0,{}
18,00003ca5-d4f0-74f0-87a2-848e4a0ecfd1,1,3548,2456.0,{}
19,00003ca5-d4f0-74f0-87a2-848e4a0ecfd1,1,3548,2456.0,{}
20,00003ca5-d4f0-74f0-87a2-848e4a0ecfd1,1,3548,2456.0,{}
21,00003ca5-d4f0-74f0-87a2-848e4a0ecfd1,2,3548,2456.0,{}
22,00003ca5-d4f0-74f0-87a2-848e4a0ecfd1,2,3548,2456.0,{}
23,00003ca5-d4f0-74f0-87a2-848e4a0ecfd1,2,3548,2456.0,{}
24,00003ca5-d4f0-74f0-87a2-848e4a0ecfd1,2,3548,2512.0,{}
25,00003ca5-d4f0-74f0-87a2-848e4a0ecfd1,2,3548,2512.0,{}
26,00003ca5-d4f0-74f0-87a2-848e4a0ecfd1,2,3548,2456.0,{}
27,00003ca5-d4f0-74f0-87a2-848e4a0ecfd1,2,3548,2456.0,{}
28,00003ca5-d4f0-74f0-87a2-848e4a0ecfd1,2,3548,2456.0,{}
29,00003ca5-d4f0-74f0-87a2-848e4a0ecfd1,2,3548,2456.0,{}
30,00003ca5-d4f0-74f0-87a2-848e4a0ecfd1,2,3548,2456.0,{}
31,00003ca5-d4f0-74f0-87a2-848e4a0ecfd1,2,3548,2456.0,{}
32,00003ca5-d4f0-74f0-87a2-848e4a0ecfd1,2,3548,2456.0,{}
33,00003ca5-d4f0-74f0-87a2-848e4a0ecfd1,2,3548,2456.0,{}
34,00003ca5-d4f0-74f0-87a2-848e4a0ecfd1,2,3548,2512.0,{}
35,00003ca5-d4f0-74f0-87a2-848e4a0ecfd1,2,3548,2512.0,{}
36,00003ca5-d4f0-74f0-87a2-848e4a0ecfd1,2,3548,2456.0,{}
37,00003ca5-d4f0-74f0-87a2-848e4a0ecfd1,2,3548,2456.0,{}
38,00003ca5-d4f0-74f0-87a2-848e4a0ecfd1,2,3548,2456.0,{}
39,00003ca5-d4f0-74f0-87a2-848e4a0ecfd1,2,3548,2456.0,{}
40,00003ca5-d4f0-74f0-87a2-848e4a0ecfd1,2,3548,2456.0,{}
41,00003ca5-d4f0-74f0-87a2-848e4a0ecfd1,3,3548,7760.0,{}
42,00003ca5-d4f0-74f0-87a2-848e4a0ecfd1,3,3548,8000.0,{}
43,00003ca5-d4f0-74f0-87a2-848e4a0ecfd1,3,3548,8320.0,{}
44,00003ca5-d4f0-74f0-87a2-848e4a0ecfd1,3,3548,8240.0,{}
45,00003ca5-d4f0-74f0-87a2-848e4a0ecfd1,3,3548,8000.0,{}
46,00003ca5-d4f0-74f0-87a2-848e4a0ecfd1,3,3548,8480.0,{}
47,00003ca5-d4f0-74f0-87a2-848e4a0ecfd1,3,3548,8400.0,{}
48,00003ca5-d4f0-74f0-87a2-848e4a0ecfd1,3,3548,8320.0,{}
49,00003ca5-d4f0-74f0-87a2-848e4a0ecfd1,3,3548,8320.0,{}
50,00003ca5-d4f0-74f0-87a2-848e4a0ecfd1,3,3548,8080.0,{}
51,00003ca5-d4f0-74f0-87a2-848e4a0ecfd1,3,3548,8320.0,{}
52,00003ca5-d4f0-74f0-87a2-848e4a0ecfd1,3,3548,8320.0,{}
53,00003ca5-d4f0-74f0-87a2-848e4a0ecfd1,3,3548,8320.0,{}
54,00003ca5-d4f0-74f0-87a2-848e4a0ecfd1,3,3548,8160.0,{}
55,00003ca5-d4f0-74f0-87a2-848e4a0ecfd1,3,3548,7840.0,{}
56,00003ca5-d4f0-74f0-87a2-848e4a0ecfd1,3,3548,8160.0,{}
57,00003ca5-d4f0-74f0-87a2-848e4a0ecfd1,3,3548,8400.0,{}
58,00003ca5-d4f0-74f0-87a2-848e4a0ecfd1,3,3548,8240.0,{}
59,00003ca5-d4f0-74f0-87a2-848e4a0ecfd1,3,3548,8160.0,{}
60,00003ca5-d4f0-74f0-87a2-848e4a0ecfd1,3,3548,8000.0,{}
61,00003ca5-d4f0-74f0-87a2-848e4a0ecfd1,4,3548,7350882.0,{}
62,00003ca5-d4f0-74f0-87a2-848e4a0ecfd1,4,3548,7500900.0,{}
63,00003ca5-d4f0-74f0-87a2-848e4a0ecfd1,4,3548,7675921.0,{}
64,00003ca5-d4f0-74f0-87a2-848e4a0ecfd1,4,3548,7625915.0,{}
65,00003ca5-d4f0-74f0-87a2-848e4a0ecfd1,4,3548,7900948.0,{}
66,00003ca5-d4f0-74f0-87a2-848e4a0ecfd1,4,3548,9776173.0,{}
67,00003ca5-d4f0-74f0-87a2-848e4a0ecfd1,4,3548,9601152.0,{}
68,00003ca5-d4f0-74f0-87a2-848e4a0ecfd1,4,3548,9726167.0,{}
69,00003ca5-d4f0-74f0-87a2-848e4a0ecfd1,4,3548,9501140.0,{}
70,00003ca5-d4f0-74f0-87a2-848e4a0ecfd1,4,3548,9751170.0,{}
71,00003ca5-d4f0-74f0-87a2-848e4a0ecfd1,4,3548,11151338.0,{}
72,00003ca5-d4f0-74f0-87a2-848e4a0ecfd1,4,3548,11101332.0,{}
73,00003ca5-d4f0-74f0-87a2-848e4a0ecfd1,4,3548,11101332.0,{}
74,00003ca5-d4f0-74f0-87a2-848e4a0ecfd1,4,3548,10876305.0,{}
75,00003ca5-d4f0-74f0-87a2-848e4a0ecfd1,4,3548,10176221.0,{}
76,00003ca5-d4f0-74f0-87a2-848e4a0ecfd1,4,3548,6400768.0,{}
77,00003ca5-d4f0-74f0-87a2-848e4a0ecfd1,4,3548,6400768.0,{}
78,00003ca5-d4f0-74f0-87a2-848e4a0ecfd1,4,3548,6400768.0,{}
79,00003ca5-d4f0-74f0-87a2-848e4a0ecfd1,4,3548,6400768.0,{}
80,00003ca5-d4f0-74f0-87a2-848e4a0ecfd1,4,3548,6400768.0,{}
81,00003ca5-d4f0-74f0-87a2-848e4a0ecfd1,5,3548,7950954.0,{}
82,00003ca5-d4f0-74f0-87a2-848e4a0ecfd1,5,3548,7075849.0,{}
83,00003ca5-d4f0-74f0-87a2-848e4a0ecfd1,5,3548,7825939.0,{}
84,00003ca5-d4f0-74f0-87a2-848e4a0ecfd1,5,3548,7800936.0,{}
85,00003ca5-d4f0-74f0-87a2-848e4a0ecfd1,5,3548,7750930.0,{}
86,00003ca5-d4f0-74f0-87a2-848e4a0ecfd1,5,3548,9601152.0,{}
87,00003ca5-d4f0-74f0-87a2-848e4a0ecfd1,5,3548,9601152.0,{}
88,00003ca5-d4f0-74f0-87a2-848e4a0ecfd1,5,3548,9601152.0,{}
89,00003ca5-d4f0-74f0-87a2-848e4a0ecfd1,5,3548,9601152.0,{}
90,00003ca5-d4f0-74f0-87a2-848e4a0ecfd1,5,3548,9601152.0,{}
91,00003ca5-d4f0-74f0-87a2-848e4a0ecfd1,5,3548,8376005.0,{}
92,00003ca5-d4f0-74f0-87a2-848e4a0ecfd1,5,3548,8626035.0,{}
93,00003ca5-d4f0-74f0-87a2-848e4a0ecfd1,5,3548,8325999.0,{}
94,00003ca5-d4f0-74f0-87a2-848e4a0ecfd1,5,3548,8501020.0,{}
95,00003ca5-d4f0-74f0-87a2-848e4a0ecfd1,5,3548,8551026.0,{}
96,00003ca5-d4f0-74f0-87a2-848e4a0ecfd1,5,3548,8876065.0,{}
97,00003ca5-d4f0-74f0-87a2-848e4a0ecfd1,5,3548,8976077.0,{}
98,00003ca5-d4f0-74f0-87a2-848e4a0ecfd1,5,3548,8651038.0,{}
99,00003ca5-d4f0-74f0-87a2-848e4a0ecfd1,5,3548,8651038.0,{}
100,00003ca5-d4f0-74f0-87a2-848e4a0ecfd1,5,3548,8876065.0,{}
101,00003ca5-d4f0-74f0-87a2-848e4a0ecfd1,6,3548,9726167.0,{}
102,00003ca5-d4f0-74f0-87a2-848e4a0ecfd1,6,3548,10301236.0,{}
103,00003ca5-d4f0-74f0-87a2-848e4a0ecfd1,6,3548,9626155.0,{}
104,00003ca5-d4f0-74f0-87a2-848e4a0ecfd1,6,3548,9601152.0,{}
105,00003ca5-d4f0-74f0-87a2-848e4a0ecfd1,6,3548,9601152.0,{}
106,00003ca5-d4f0-74f0-87a2-848e4a0ecfd1,6,3548,7200864.0,{}
107,00003ca5-d4f0-74f0-87a2-848e4a0ecfd1,6,3548,7200864.0,{}
108,00003ca5-d4f0-74f0-87a2-848e4a0ecfd1,6,3548,8000960.0,{}
109,00003ca5-d4f0-74f0-87a2-848e4a0ecfd1,6,3548,7950954.0,{}
110,00003ca5-d4f0-74f0-87a2-848e4a0ecfd1,6,3548,7200864.0,{}
111,00003ca5-d4f0-74f0-87a2-848e4a0ecfd1,6,3548,8726047.0,{}
112,00003ca5-d4f0-74f0-87a2-848e4a0ecfd1,6,3548,8376005.0,{}
113,00003ca5-d4f0-74f0-87a2-848e4a0ecfd1,6,3548,8976077.0,{}
114,00003ca5-d4f0-74f0-87a2-848e4a0ecfd1,6,3548,8726047.0,{}
115,00003ca5-d4f0-74f0-87a2-848e4a0ecfd1,6,3548,8626035.0,{}
116,00003ca5-d4f0-74f0-87a2-848e4a0ecfd1,6,3548,8401008.0,{}
117,00003ca5-d4f0-74f0-87a2-848e4a0ecfd1,6,3548,8351002.0,{}
118,00003ca5-d4f0-74f0-87a2-848e4a0ecfd1,6,3548,8951074.0,{}
119,00003ca5-d4f0-74f0-87a2-848e4a0ecfd1,6,3548,9026083.0,{}
120,00003ca5-d4f0-74f0-87a2-848e4a0ecfd1,6,3548,8250990.0,{}
121,00003ca5-d4f0-74f0-87a2-848e4a0ecfd1,7,3548,10876305.0,{}
122,00003ca5-d4f0-74f0-87a2-848e4a0ecfd1,7,3548,10876305.0,{}
123,00003ca5-d4f0-74f0-87a2-848e4a0ecfd1,7,3548,10801296.0,{}
124,00003ca5-d4f0-74f0-87a2-848e4a0ecfd1,7,3548,10976317.0,{}
125,00003ca5-d4f0-74f0-87a2-848e4a0ecfd1,7,3548,10876305.0,{}
126,00003ca5-d4f0-74f0-87a2-848e4a0ecfd1,7,3548,6400768.0,{}
127,00003ca5-d4f0-74f0-87a2-848e4a0ecfd1,7,3548,6400768.0,{}
128,00003ca5-d4f0-74f0-87a2-848e4a0ecfd1,7,3548,6400768.0,{}
129,00003ca5-d4f0-74f0-87a2-848e4a0ecfd1,7,3548,6400768.0,{}
130,00003ca5-d4f0-74f0-87a2-848e4a0ecfd1,7,3548,6400768.0,{}
131,00003ca5-d4f0-74f0-87a2-848e4a0ecfd1,7,3548,9126095.0,{}
132,00003ca5-d4f0-74f0-87a2-848e4a0ecfd1,7,3548,9151098.0,{}
133,00003ca5-d4f0-74f0-87a2-848e4a0ecfd1,7,3548,9601152.0,{}
134,00003ca5-d4f0-74f0-87a2-848e4a0ecfd1,7,3548,8926071.0,{}
135,00003ca5-d4f0-74f0-87a2-848e4a0ecfd1,7,3548,8901068.0,{}
136,00003ca5-d4f0-74f0-87a2-848e4a0ecfd1,7,3548,8200984.0,{}
137,00003ca5-d4f0-74f0-87a2-848e4a0ecfd1,7,3548,8626035.0,{}
138,00003ca5-d4f0-74f0-87a2-848e4a0ecfd1,7,3548,7950954.0,{}
139,00003ca5-d4f0-74f0-87a2-848e4a0ecfd1,7,3548,7975957.0,{}
140,00003ca5-d4f0-74f0-87a2-848e4a0ecfd1,7,3548,7950954.0,{}
141,00003ca5-d4f0-74f0-87a2-848e4a0ecfd1,8,3548,11076329.0,{}
142,00003ca5-d4f0-74f0-87a2-848e4a0ecfd1,8,3548,11051326.0,{}
143,00003ca5-d4f0-74f0-87a2-848e4a0ecfd1,8,3548,10501260.0,{}
144,00003ca5-d4f0-74f0-87a2-848e4a0ecfd1,8,3548,10701284.0,{}
145,00003ca5-d4f0-74f0-87a2-848e4a0ecfd1,8,3548,11076329.0,{}
146,00003ca5-d4f0-74f0-87a2-848e4a0ecfd1,8,3548,6400768.0,{}
147,00003ca5-d4f0-74f0-87a2-848e4a0ecfd1,8,3548,6400768.0,{}
148,00003ca5-d4f0-74f0-87a2-848e4a0ecfd1,8,3548,6400768.0,{}
149,00003ca5-d4f0-74f0-87a2-848e4a0ecfd1,8,3548,6400768.0,{}
150,00003ca5-d4f0-74f0-87a2-848e4a0ecfd1,8,3548,6400768.0,{}
151,00003ca5-d4f0-74f0-87a2-848e4a0ecfd1,8,3548,8075969.0,{}
152,00003ca5-d4f0-74f0-87a2-848e4a0ecfd1,8,3548,9176101.0,{}
153,00003ca5-d4f0-74f0-87a2-848e4a0ecfd1,8,3548,8426011.0,{}
154,00003ca5-d4f0-74f0-87a2-848e4a0ecfd1,8,3548,8476017.0,{}
155,00003ca5-d4f0-74f0-87a2-848e4a0ecfd1,8,3548,9176101.0,{}
156,00003ca5-d4f0-74f0-87a2-848e4a0ecfd1,8,3548,8626035.0,{}
157,00003ca5-d4f0-74f0-87a2-848e4a0ecfd1,8,3548,8751050.0,{}
158,00003ca5-d4f0-74f0-87a2-848e4a0ecfd1,8,3548,8676041.0,{}
159,00003ca5-d4f0-74f0-87a2-848e4a0ecfd1,8,3548,8576029.0,{}
160,00003ca5-d4f0-74f0-87a2-848e4a0ecfd1,8,3548,8451014.0,{}
161,00003ca5-d4f0-74f0-87a2-848e4a0ecfd1,9,3548,9126095.0,{}
162,00003ca5-d4f0-74f0-87a2-848e4a0ecfd1,9,3548,9476137.0,{}
163,00003ca5-d4f0-74f0-87a2-848e4a0ecfd1,9,3548,9101092.0,{}
164,00003ca5-d4f0-74f0-87a2-848e4a0ecfd1,9,3548,8951074.0,{}
165,00003ca5-d4f0-74f0-87a2-848e4a0ecfd1,9,3548,8976077.0,{}
166,00003ca5-d4f0-74f0-87a2-848e4a0ecfd1,9,3548,8150978.0,{}
167,00003ca5-d4f0-74f0-87a2-848e4a0ecfd1,9,3548,8150978.0,{}
168,00003ca5-d4f0-74f0-87a2-848e4a0ecfd1,9,3548,8075969.0,{}
169,00003ca5-d4f0-74f0-87a2-848e4a0ecfd1,9,3548,8225987.0,{}
170,00003ca5-d4f0-74f0-87a2-848e4a0ecfd1,9,3548,8175981.0,{}
171,00003ca5-d4f0-74f0-87a2-848e4a0ecfd1,9,3548,6400768.0,{}
172,00003ca5-d4f0-74f0-87a2-848e4a0ecfd1,9,3548,6400768.0,{}
173,00003ca5-d4f0-74f0-87a2-848e4a0ecfd1,9,3548,6400768.0,{}
174,00003ca5-d4f0-74f0-87a2-848e4a0ecfd1,9,3548,6400768.0,{}
175,00003ca5-d4f0-74f0-87a2-848e4a0ecfd1,9,3548,6400768.0,{}
176,00003ca5-d4f0-74f0-87a2-848e4a0ecfd1,9,3548,11051326.0,{}
177,00003ca5-d4f0-74f0-87a2-848e4a0ecfd1,9,3548,10951314.0,{}
178,00003ca5-d4f0-74f0-87a2-848e4a0ecfd1,9,3548,10951314.0,{}
179,00003ca5-d4f0-74f0-87a2-848e4a0ecfd1,9,3548,10901308.0,{}
180,00003ca5-d4f0-74f0-87a2-848e4a0ecfd1,9,3548,10551266.0,{}
181,00003ca5-d4f0-74f0-87a2-848e4a0ecfd1,10,3548,9451134.0,{}
182,00003ca5-d4f0-74f0-87a2-848e4a0ecfd1,10,3548,9501140.0,{}
183,00003ca5-d4f0-74f0-87a2-848e4a0ecfd1,10,3548,9201104.0,{}
184,00003ca5-d4f0-74f0-87a2-848e4a0ecfd1,10,3548,9501140.0,{}
185,00003ca5-d4f0-74f0-87a2-848e4a0ecfd1,10,3548,9176101.0,{}
186,00003ca5-d4f0-74f0-87a2-848e4a0ecfd1,10,3548,7725927.0,{}
187,00003ca5-d4f0-74f0-87a2-848e4a0ecfd1,10,3548,7750930.0,{}
188,00003ca5-d4f0-74f0-87a2-848e4a0ecfd1,10,3548,7750930.0,{}
189,00003ca5-d4f0-74f0-87a2-848e4a0ecfd1,10,3548,8576029.0,{}
190,00003ca5-d4f0-74f0-87a2-848e4a0ecfd1,10,3548,7775933.0,{}
191,00003ca5-d4f0-74f0-87a2-848e4a0ecfd1,10,3548,10351242.0,{}
192,00003ca5-d4f0-74f0-87a2-848e4a0ecfd1,10,3548,10951314.0,{}
193,00003ca5-d4f0-74f0-87a2-848e4a0ecfd1,10,3548,9601152.0,{}
194,00003ca5-d4f0-74f0-87a2-848e4a0ecfd1,10,3548,9851182.0,{}
195,00003ca5-d4f0-74f0-87a2-848e4a0ecfd1,10,3548,10051206.0,{}
196,00003ca5-d4f0-74f0-87a2-848e4a0ecfd1,10,3548,7200864.0,{}
197,00003ca5-d4f0-74f0-87a2-848e4a0ecfd1,10,3548,7450894.0,{}
198,00003ca5-d4f0-74f0-87a2-848e4a0ecfd1,10,3548,6900828.0,{}
199,00003ca5-d4f0-74f0-87a2-848e4a0ecfd1,10,3548,6875825.0,{}
200,00003ca5-d4f0-74f0-87a2-848e4a0ecfd1,10,3548,7175861.0,{}
201,00003ca5-d4f0-74f0-87a2-848e4a0ecfd1,11,3548,8000960.0,{}
202,00003ca5-d4f0-74f0-87a2-848e4a0ecfd1,11,3548,7600912.0,{}
203,00003ca5-d4f0-74f0-87a2-848e4a0ecfd1,11,3548,7275873.0,{}
204,00003ca5-d4f0-74f0-87a2-848e4a0ecfd1,11,3548,7225867.0,{}
205,00003ca5-d4f0-74f0-87a2-848e4a0ecfd1,11,3548,7275873.0,{}
206,00003ca5-d4f0-74f0-87a2-848e4a0ecfd1,11,3548,9976197.0,{}
207,00003ca5-d4f0-74f0-87a2-848e4a0ecfd1,11,3548,9751170.0,{}
208,00003ca5-d4f0-74f0-87a2-848e4a0ecfd1,11,3548,9601152.0,{}
209,00003ca5-d4f0-74f0-87a2-848e4a0ecfd1,11,3548,10101212.0,{}
210,00003ca5-d4f0-74f0-87a2-848e4a0ecfd1,11,3548,9601152.0,{}
211,00003ca5-d4f0-74f0-87a2-848e4a0ecfd1,11,3548,10201224.0,{}
212,00003ca5-d4f0-74f0-87a2-848e4a0ecfd1,11,3548,10326239.0,{}
213,00003ca5-d4f0-74f0-87a2-848e4a0ecfd1,11,3548,10101212.0,{}
214,00003ca5-d4f0-74f0-87a2-848e4a0ecfd1,11,3548,10401248.0,{}
215,00003ca5-d4f0-74f0-87a2-848e4a0ecfd1,11,3548,10051206.0,{}
216,00003ca5-d4f0-74f0-87a2-848e4a0ecfd1,11,3548,7250870.0,{}
217,00003ca5-d4f0-74f0-87a2-848e4a0ecfd1,11,3548,6900828.0,{}
218,00003ca5-d4f0-74f0-87a2-848e4a0ecfd1,11,3548,7225867.0,{}
219,00003ca5-d4f0-74f0-87a2-848e4a0ecfd1,11,3548,6950834.0,{}
220,00003ca5-d4f0-74f0-87a2-848e4a0ecfd1,11,3548,7000840.0,{}
221,00003ca5-d4f0-74f0-87a2-848e4a0ecfd1,12,3548,6400768.0,{}
222,00003ca5-d4f0-74f0-87a2-848e4a0ecfd1,12,3548,6400768.0,{}
223,00003ca5-d4f0-74f0-87a2-848e4a0ecfd1,12,3548,6400768.0,{}
224,00003ca5-d4f0-74f0-87a2-848e4a0ecfd1,12,3548,6400768.0,{}
225,00003ca5-d4f0-74f0-87a2-848e4a0ecfd1,12,3548,6400768.0,{}
226,00003ca5-d4f0-74f0-87a2-848e4a0ecfd1,12,3548,11126335.0,{}
227,00003ca5-d4f0-74f0-87a2-848e4a0ecfd1,12,3548,10876305.0,{}
228,00003ca5-d4f0-74f0-87a2-848e4a0ecfd1,12,3548,10701284.0,{}
229,00003ca5-d4f0-74f0-87a2-848e4a0ecfd1,12,3548,11151338.0,{}
230,00003ca5-d4f0-74f0-87a2-848e4a0ecfd1,12,3548,10551266.0,{}
231,00003ca5-d4f0-74f0-87a2-848e4a0ecfd1,12,3548,8876065.0,{}
232,00003ca5-d4f0-74f0-87a2-848e4a0ecfd1,12,3548,9101092.0,{}
233,00003ca5-d4f0-74f0-87a2-848e4a0ecfd1,12,3548,9101092.0,{}
234,00003ca5-d4f0-74f0-87a2-848e4a0ecfd1,12,3548,9226107.0,{}
235,00003ca5-d4f0-74f0-87a2-848e4a0ecfd1,12,3548,8851062.0,{}
236,00003ca5-d4f0-74f0-87a2-848e4a0ecfd1,12,3548,8125975.0,{}
237,00003ca5-d4f0-74f0-87a2-848e4a0ecfd1,12,3548,8325999.0,{}
238,00003ca5-d4f0-74f0-87a2-848e4a0ecfd1,12,3548,8376005.0,{}
239,00003ca5-d4f0-74f0-87a2-848e4a0ecfd1,12,3548,8125975.0,{}
240,00003ca5-d4f0-74f0-87a2-848e4a0ecfd1,12,3548,8300996.0,{}
241,00003ca5-d4f0-74f0-87a2-848e4a0ecfd1,13,3548,8000960.0,{}
242,00003ca5-d4f0-74f0-87a2-848e4a0ecfd1,13,3548,8000960.0,{}
243,00003ca5-d4f0-74f0-87a2-848e4a0ecfd1,13,3548,8000960.0,{}
244,00003ca5-d4f0-74f0-87a2-848e4a0ecfd1,13,3548,8676041.0,{}
245,00003ca5-d4f0-74f0-87a2-848e4a0ecfd1,13,3548,8651038.0,{}
246,00003ca5-d4f0-74f0-87a2-848e4a0ecfd1,13,3548,9176101.0,{}
247,00003ca5-d4f0-74f0-87a2-848e4a0ecfd1,13,3548,9326119.0,{}
248,00003ca5-d4f0-74f0-87a2-848e4a0ecfd1,13,3548,8576029.0,{}
249,00003ca5-d4f0-74f0-87a2-848e4a0ecfd1,13,3548,8801056.0,{}
250,00003ca5-d4f0-74f0-87a2-848e4a0ecfd1,13,3548,9201104.0,{}
251,00003ca5-d4f0-74f0-87a2-848e4a0ecfd1,13,3548,8576029.0,{}
252,00003ca5-d4f0-74f0-87a2-848e4a0ecfd1,13,3548,8576029.0,{}
253,00003ca5-d4f0-74f0-87a2-848e4a0ecfd1,13,3548,8551026.0,{}
254,00003ca5-d4f0-74f0-87a2-848e4a0ecfd1,13,3548,8551026.0,{}
255,00003ca5-d4f0-74f0-87a2-848e4a0ecfd1,13,3548,8551026.0,{}
256,00003ca5-d4f0-74f0-87a2-848e4a0ecfd1,13,3548,8551026.0,{}
257,00003ca5-d4f0-74f0-87a2-848e4a0ecfd1,13,3548,8551026.0,{}
258,00003ca5-d4f0-74f0-87a2-848e4a0ecfd1,13,3548,8751050.0,{}
259,00003ca5-d4f0-74f0-87a2-848e4a0ecfd1,13,3548,8626035.0,{}
260,00003ca5-d4f0-74f0-87a2-848e4a0ecfd1,13,3548,9126095.0,{}
261,00003ca5-d4f0-74f0-87a2-848e4a0ecfd1,14,3548,10951314.0,{}
262,00003ca5-d4f0-74f0-87a2-848e4a0ecfd1,14,3548,10826299.0,{}
263,00003ca5-d4f0-74f0-87a2-848e4a0ecfd1,14,3548,11101332.0,{}
264,00003ca5-d4f0-74f0-87a2-848e4a0ecfd1,14,3548,11026323.0,{}
265,00003ca5-d4f0-74f0-87a2-848e4a0ecfd1,14,3548,10501260.0,{}
266,00003ca5-d4f0-74f0-87a2-848e4a0ecfd1,14,3548,6400768.0,{}
267,00003ca5-d4f0-74f0-87a2-848e4a0ecfd1,14,3548,6400768.0,{}
268,00003ca5-d4f0-74f0-87a2-848e4a0ecfd1,14,3548,6400768.0,{}
269,00003ca5-d4f0-74f0-87a2-848e4a0ecfd1,14,3548,6400768.0,{}
270,00003ca5-d4f0-74f0-87a2-848e4a0ecfd1,14,3548,6400768.0,{}
271,00003ca5-d4f0-74f0-87a2-848e4a0ecfd1,14,3548,8976077.0,{}
272,00003ca5-d4f0-74f0-87a2-848e4a0ecfd1,14,3548,8551026.0,{}
273,00003ca5-d4f0-74f0-87a2-848e4a0ecfd1,14,3548,8701044.0,{}
274,00003ca5-d4f0-74f0-87a2-848e4a0ecfd1,14,3548,9001080.0,{}
275,00003ca5-d4f0-74f0-87a2-848e4a0ecfd1,14,3548,8075969.0,{}
276,00003ca5-d4f0-74f0-87a2-848e4a0ecfd1,14,3548,9251110.0,{}
277,00003ca5-d4f0-74f0-87a2-848e4a0ecfd1,14,3548,8626035.0,{}
278,00003ca5-d4f0-74f0-87a2-848e4a0ecfd1,14,3548,8651038.0,{}
279,00003ca5-d4f0-74f0-87a2-848e4a0ecfd1,14,3548,8000960.0,{}
280,00003ca5-d4f0-74f0-87a2-848e4a0ecfd1,14,3548,8576029.0,{}
281,00003ca5-d4f0-74f0-87a2-848e4a0ecfd1,15,3548,9051086.0,{}
282,00003ca5-d4f0-74f0-87a2-848e4a0ecfd1,15,3548,9126095.0,{}
283,00003ca5-d4f0-74f0-87a2-848e4a0ecfd1,15,3548,9201104.0,{}
284,00003ca5-d4f0-74f0-87a2-848e4a0ecfd1,15,3548,8626035.0,{}
285,00003ca5-d4f0-74f0-87a2-848e4a0ecfd1,15,3548,8726047.0,{}
286,00003ca5-d4f0-74f0-87a2-848e4a0ecfd1,15,3548,8401008.0,{}
287,00003ca5-d4f0-74f0-87a2-848e4a0ecfd1,15,3548,8376005.0,{}
288,00003ca5-d4f0-74f0-87a2-848e4a0ecfd1,15,3548,8576029.0,{}
289,00003ca5-d4f0-74f0-87a2-848e4a0ecfd1,15,3548,8100972.0,{}
290,00003ca5-d4f0-74f0-87a2-848e4a0ecfd1,15,3548,8225987.0,{}
291,00003ca5-d4f0-74f0-87a2-848e4a0ecfd1,15,3548,8926071.0,{}
292,00003ca5-d4f0-74f0-87a2-848e4a0ecfd1,15,3548,8976077.0,{}
293,00003ca5-d4f0-74f0-87a2-848e4a0ecfd1,15,3548,8876065.0,{}
294,00003ca5-d4f0-74f0-87a2-848e4a0ecfd1,15,3548,8926071.0,{}
295,00003ca5-d4f0-74f0-87a2-848e4a0ecfd1,15,3548,8901068.0,{}
296,00003ca5-d4f0-74f0-87a2-848e4a0ecfd1,15,3548,8300996.0,{}
297,00003ca5-d4f0-74f0-87a2-848e4a0ecfd1,15,3548,8325999.0,{}
298,00003ca5-d4f0-74f0-87a2-848e4a0ecfd1,15,3548,8526023.0,{}
299,00003ca5-d4f0-74f0-87a2-848e4a0ecfd1,15,3548,8351002.0,{}
300,00003ca5-d4f0-74f0-87a2-848e4a0ecfd1,15,3548,8300996.0,{}
301,00003ca5-d4f0-74f0-87a2-848e4a0ecfd1,16,3548,9176101.0,{}
302,00003ca5-d4f0-74f0-87a2-848e4a0ecfd1,16,3548,9101092.0,{}
303,00003ca5-d4f0-74f0-87a2-848e4a0ecfd1,16,3548,8651038.0,{}
304,00003ca5-d4f0-74f0-87a2-848e4a0ecfd1,16,3548,8676041.0,{}
305,00003ca5-d4f0-74f0-87a2-848e4a0ecfd1,16,3548,8701044.0,{}
306,00003ca5-d4f0-74f0-87a2-848e4a0ecfd1,16,3548,8275993.0,{}
307,00003ca5-d4f0-74f0-87a2-848e4a0ecfd1,16,3548,8551026.0,{}
308,00003ca5-d4f0-74f0-87a2-848e4a0ecfd1,16,3548,8300996.0,{}
309,00003ca5-d4f0-74f0-87a2-848e4a0ecfd1,16,3548,8526023.0,{}
310,00003ca5-d4f0-74f0-87a2-848e4a0ecfd1,16,3548,8451014.0,{}
311,00003ca5-d4f0-74f0-87a2-848e4a0ecfd1,16,3548,8000960.0,{}
312,00003ca5-d4f0-74f0-87a2-848e4a0ecfd1,16,3548,8000960.0,{}
313,00003ca5-d4f0-74f0-87a2-848e4a0ecfd1,16,3548,8626035.0,{}
314,00003ca5-d4f0-74f0-87a2-848e4a0ecfd1,16,3548,8100972.0,{}
315,00003ca5-d4f0-74f0-87a2-848e4a0ecfd1,16,3548,8000960.0,{}
316,00003ca5-d4f0-74f0-87a2-848e4a0ecfd1,16,3548,9576149.0,{}
317,00003ca5-d4f0-74f0-87a2-848e4a0ecfd1,16,3548,9601152.0,{}
318,00003ca5-d4f0-74f0-87a2-848e4a0ecfd1,16,3548,8401008.0,{}
319,00003ca5-d4f0-74f0-87a2-848e4a0ecfd1,16,3548,9101092.0,{}
320,00003ca5-d4f0-74f0-87a2-848e4a0ecfd1,16,3548,9001080.0,{}
321,00003ca5-d4f0-74f0-87a2-848e4a0ecfd1,17,3548,664.0,{}
322,00003ca5-d4f0-74f0-87a2-848e4a0ecfd1,17,3548,608.0,{}
323,00003ca5-d4f0-74f0-87a2-848e4a0ecfd1,17,3548,608.0,{}
324,00003ca5-d4f0-74f0-87a2-848e4a0ecfd1,17,3548,664.0,{}
325,00003ca5-d4f0-74f0-87a2-848e4a0ecfd1,17,3548,664.0,{}
326,00003ca5-d4f0-74f0-87a2-848e4a0ecfd1,17,3548,664.0,{}
327,00003ca5-d4f0-74f0-87a2-848e4a0ecfd1,17,3548,664.0,{}
328,00003ca5-d4f0-74f0-87a2-848e4a0ecfd1,17,3548,664.0,{}
329,00003ca5-d4f0-74f0-87a2-848e4a0ecfd1,17,3548,664.0,{}
330,00003ca5-d4f0-74f0-87a2-848e4a0ecfd1,17,3548,664.0,{}
331,00003ca5-d4f0-74f0-87a2-848e4a0ecfd1,17,3548,664.0,{}
332,00003ca5-d4f0-74f0-87a2-848e4a0ecfd1,17,3548,664.0,{}
333,00003ca5-d4f0-74f0-87a2-848e4a0ecfd1,17,3548,664.0,{}
334,00003ca5-d4f0-74f0-87a2-848e4a0ecfd1,17,3548,664.0,{}
335,00003ca5-d4f0-74f0-87a2-848e4a0ecfd1,17,3548,664.0,{}
336,00003ca5-d4f0-74f0-87a2-848e4a0ecfd1,17,3548,664.0,{}
337,00003ca5-d4f0-74f0-87a2-848e4a0ecfd1,17,3548,664.0,{}
338,00003ca5-d4f0-74f0-87a2-848e4a0ecfd1,17,3548,664.0,{}
339,00003ca5-d4f0-74f0-87a2-848e4a0ecfd1,17,3548,608.0,{}
340,00003ca5-d4f0-74f0-87a2-848e4a0ecfd1,17,3548,608.0,{}
341,00003ca5-d4f0-74f0-87a2-848e4a0ecfd1,18,3548,664.0,{}
342,00003ca5-d4f0-74f0-87a2-848e4a0ecfd1,18,3548,608.0,{}
343,00003ca5-d4f0-74f0-87a2-848e4a0ecfd1,18,3548,608.0,{}
344,00003ca5-d4f0-74f0-87a2-848e4a0ecfd1,18,3548,664.0,{}
345,00003ca5-d4f0-74f0-87a2-848e4a0ecfd1,18,3548,664.0,{}
346,00003ca5-d4f0-74f0-87a2-848e4a0ecfd1,18,3548,664.0,{}
347,00003ca5-d4f0-74f0-87a2-848e4a0ecfd1,18,3548,664.0,{}
348,00003ca5-d4f0-74f0-87a2-848e4a0ecfd1,18,3548,664.0,{}
349,00003ca5-d4f0-74f0-87a2-848e4a0ecfd1,18,3548,664.0,{}
350,00003ca5-d4f0-74f0-87a2-848e4a0ecfd1,18,3548,664.0,{}
351,00003ca5-d4f0-74f0-87a2-848e4a0ecfd1,18,3548,664.0,{}
352,00003ca5-d4f0-74f0-87a2-848e4a0ecfd1,18,3548,664.0,{}
353,00003ca5-d4f0-74f0-87a2-848e4a0ecfd1,18,3548,664.0,{}
354,00003ca5-d4f0-74f0-87a2-848e4a0ecfd1,18,3548,664.0,{}
355,00003ca5-d4f0-74f0-87a2-848e4a0ecfd1,18,3548,664.0,{}
356,00003ca5-d4f0-74f0-87a2-848e4a0ecfd1,18,3548,664.0,{}
357,00003ca5-d4f0-74f0-87a2-848e4a0ecfd1,18,3548,664.0,{}
358,00003ca5-d4f0-74f0-87a2-848e4a0ecfd1,18,3548,664.0,{}
359,00003ca5-d4f0-74f0-87a2-848e4a0ecfd1,18,3548,608.0,{}
360,00003ca5-d4f0-74f0-87a2-848e4a0ecfd1,18,3548,608.0,{}
361,00003ca5-d4f0-74f0-87a2-848e4a0ecfd1,19,3548,8160.0,{}
362,00003ca5-d4f0-74f0-87a2-848e4a0ecfd1,19,3548,8320.0,{}
363,00003ca5-d4f0-74f0-87a2-848e4a0ecfd1,19,3548,8240.0,{}
364,00003ca5-d4f0-74f0-87a2-848e4a0ecfd1,19,3548,8160.0,{}
365,00003ca5-d4f0-74f0-87a2-848e4a0ecfd1,19,3548,8000.0,{}
366,00003ca5-d4f0-74f0-87a2-848e4a0ecfd1,19,3548,8320.0,{}
367,00003ca5-d4f0-74f0-87a2-848e4a0ecfd1,19,3548,8400.0,{}
368,00003ca5-d4f0-74f0-87a2-848e4a0ecfd1,19,3548,8320.0,{}
369,00003ca5-d4f0-74f0-87a2-848e4a0ecfd1,19,3548,8080.0,{}
370,00003ca5-d4f0-74f0-87a2-848e4a0ecfd1,19,3548,7920.0,{}
371,00003ca5-d4f0-74f0-87a2-848e4a0ecfd1,19,3548,8480.0,{}
372,00003ca5-d4f0-74f0-87a2-848e4a0ecfd1,19,3548,8400.0,{}
373,00003ca5-d4f0-74f0-87a2-848e4a0ecfd1,19,3548,8320.0,{}
374,00003ca5-d4f0-74f0-87a2-848e4a0ecfd1,19,3548,8240.0,{}
375,00003ca5-d4f0-74f0-87a2-848e4a0ecfd1,19,3548,8000.0,{}
376,00003ca5-d4f0-74f0-87a2-848e4a0ecfd1,19,3548,8080.0,{}
377,00003ca5-d4f0-74f0-87a2-848e4a0ecfd1,19,3548,8320.0,{}
378,00003ca5-d4f0-74f0-87a2-848e4a0ecfd1,19,3548,8160.0,{}
379,00003ca5-d4f0-74f0-87a2-848e4a0ecfd1,19,3548,8080.0,{}
380,00003ca5-d4f0-74f0-87a2-848e4a0ecfd1,19,3548,7840.0,{}
381,00003ca5-d4f0-74f0-87a2-848e4a0ecfd1,20,3548,1900228.0,{}
382,00003ca5-d4f0-74f0-87a2-848e4a0ecfd1,20,3548,2025243.0,{}
383,00003ca5-d4f0-74f0-87a2-848e4a0ecfd1,20,3548,2425291.0,{}
384,00003ca5-d4f0-74f0-87a2-848e4a0ecfd1,20,3548,2500300.0,{}
385,00003ca5-d4f0-74f0-87a2-848e4a0ecfd1,20,3548,2550306.0,{}
386,00003ca5-d4f0-74f0-87a2-848e4a0ecfd1,20,3548,1975237.0,{}
387,00003ca5-d4f0-74f0-87a2-848e4a0ecfd1,20,3548,1875225.0,{}
388,00003ca5-d4f0-74f0-87a2-848e4a0ecfd1,20,3548,2050246.0,{}
389,00003ca5-d4f0-74f0-87a2-848e4a0ecfd1,20,3548,1825219.0,{}
390,00003ca5-d4f0-74f0-87a2-848e4a0ecfd1,20,3548,2475297.0,{}
391,00003ca5-d4f0-74f0-87a2-848e4a0ecfd1,20,3548,1950234.0,{}
392,00003ca5-d4f0-74f0-87a2-848e4a0ecfd1,20,3548,2125255.0,{}
393,00003ca5-d4f0-74f0-87a2-848e4a0ecfd1,20,3548,1950234.0,{}
394,00003ca5-d4f0-74f0-87a2-848e4a0ecfd1,20,3548,2050246.0,{}
395,00003ca5-d4f0-74f0-87a2-848e4a0ecfd1,20,3548,2050246.0,{}
396,00003ca5-d4f0-74f0-87a2-848e4a0ecfd1,20,3548,2025243.0,{}
397,00003ca5-d4f0-74f0-87a2-848e4a0ecfd1,20,3548,2100252.0,{}
398,00003ca5-d4f0-74f0-87a2-848e4a0ecfd1,20,3548,2625315.0,{}
399,00003ca5-d4f0-74f0-87a2-848e4a0ecfd1,20,3548,2425291.0,{}
400,00003ca5-d4f0-74f0-87a2-848e4a0ecfd1,20,3548,2300276.0,{}
401,00003ca5-d4f0-74f0-87a2-848e4a0ecfd1,21,3548,2400288.0,{}
402,00003ca5-d4f0-74f0-87a2-848e4a0ecfd1,21,3548,1600192.0,{}
403,00003ca5-d4f0-74f0-87a2-848e4a0ecfd1,21,3548,1900228.0,{}
404,00003ca5-d4f0-74f0-87a2-848e4a0ecfd1,21,3548,2400288.0,{}
405,00003ca5-d4f0-74f0-87a2-848e4a0ecfd1,21,3548,3100372.0,{}
406,00003ca5-d4f0-74f0-87a2-848e4a0ecfd1,21,3548,1600192.0,{}
407,00003ca5-d4f0-74f0-87a2-848e4a0ecfd1,21,3548,1600192.0,{}
408,00003ca5-d4f0-74f0-87a2-848e4a0ecfd1,21,3548,2200264.0,{}
409,00003ca5-d4f0-74f0-87a2-848e4a0ecfd1,21,3548,2400288.0,{}
410,00003ca5-d4f0-74f0-87a2-848e4a0ecfd1,21,3548,2400288.0,{}
411,00003ca5-d4f0-74f0-87a2-848e4a0ecfd1,21,3548,2075249.0,{}
412,00003ca5-d4f0-74f0-87a2-848e4a0ecfd1,21,3548,2075249.0,{}
413,00003ca5-d4f0-74f0-87a2-848e4a0ecfd1,21,3548,2075249.0,{}
414,00003ca5-d4f0-74f0-87a2-848e4a0ecfd1,21,3548,2075249.0,{}
415,00003ca5-d4f0-74f0-87a2-848e4a0ecfd1,21,3548,2075249.0,{}
416,00003ca5-d4f0-74f0-87a2-848e4a0ecfd1,21,3548,2075249.0,{}
417,00003ca5-d4f0-74f0-87a2-848e4a0ecfd1,21,3548,2350282.0,{}
418,00003ca5-d4f0-74f0-87a2-848e4a0ecfd1,21,3548,2175261.0,{}
419,00003ca5-d4f0-74f0-87a2-848e4a0ecfd1,21,3548,2525303.0,{}
420,00003ca5-d4f0-74f0-87a2-848e4a0ecfd1,21,3548,2100252.0,{}
421,00003ca5-d4f0-74f0-87a2-848e4a0ecfd1,22,3548,2400288.0,{}
422,00003ca5-d4f0-74f0-87a2-848e4a0ecfd1,22,3548,2400288.0,{}
423,00003ca5-d4f0-74f0-87a2-848e4a0ecfd1,22,3548,1600192.0,{}
424,00003ca5-d4f0-74f0-87a2-848e4a0ecfd1,22,3548,2575309.0,{}
425,00003ca5-d4f0-74f0-87a2-848e4a0ecfd1,22,3548,3025363.0,{}
426,00003ca5-d4f0-74f0-87a2-848e4a0ecfd1,22,3548,1600192.0,{}
427,00003ca5-d4f0-74f0-87a2-848e4a0ecfd1,22,3548,2400288.0,{}
428,00003ca5-d4f0-74f0-87a2-848e4a0ecfd1,22,3548,1600192.0,{}
429,00003ca5-d4f0-74f0-87a2-848e4a0ecfd1,22,3548,2400288.0,{}
430,00003ca5-d4f0-74f0-87a2-848e4a0ecfd1,22,3548,1600192.0,{}
431,00003ca5-d4f0-74f0-87a2-848e4a0ecfd1,22,3548,2075249.0,{}
432,00003ca5-d4f0-74f0-87a2-848e4a0ecfd1,22,3548,2075249.0,{}
433,00003ca5-d4f0-74f0-87a2-848e4a0ecfd1,22,3548,2075249.0,{}
434,00003ca5-d4f0-74f0-87a2-848e4a0ecfd1,22,3548,2125255.0,{}
435,00003ca5-d4f0-74f0-87a2-848e4a0ecfd1,22,3548,2100252.0,{}
436,00003ca5-d4f0-74f0-87a2-848e4a0ecfd1,22,3548,2100252.0,{}
437,00003ca5-d4f0-74f0-87a2-848e4a0ecfd1,22,3548,2075249.0,{}
438,00003ca5-d4f0-74f0-87a2-848e4a0ecfd1,22,3548,2075249.0,{}
439,00003ca5-d4f0-74f0-87a2-848e4a0ecfd1,22,3548,2075249.0,{}
440,00003ca5-d4f0-74f0-87a2-848e4a0ecfd1,22,3548,2825339.0,{}
441,00003ca5-d4f0-74f0-87a2-848e4a0ecfd1,23,3548,1600192.0,{}
442,00003ca5-d4f0-74f0-87a2-848e4a0ecfd1,23,3548,2400288.0,{}
443,00003ca5-d4f0-74f0-87a2-848e4a0ecfd1,23,3548,2400288.0,{}
444,00003ca5-d4f0-74f0-87a2-848e4a0ecfd1,23,3548,2400288.0,{}
445,00003ca5-d4f0-74f0-87a2-848e4a0ecfd1,23,3548,3200384.0,{}
446,00003ca5-d4f0-74f0-87a2-848e4a0ecfd1,23,3548,1600192.0,{}
447,00003ca5-d4f0-74f0-87a2-848e4a0ecfd1,23,3548,1650198.0,{}
448,00003ca5-d4f0-74f0-87a2-848e4a0ecfd1,23,3548,2475297.0,{}
449,00003ca5-d4f0-74f0-87a2-848e4a0ecfd1,23,3548,2275273.0,{}
450,00003ca5-d4f0-74f0-87a2-848e4a0ecfd1,23,3548,1600192.0,{}
451,00003ca5-d4f0-74f0-87a2-848e4a0ecfd1,23,3548,1600192.0,{}
452,00003ca5-d4f0-74f0-87a2-848e4a0ecfd1,23,3548,1600192.0,{}
453,00003ca5-d4f0-74f0-87a2-848e4a0ecfd1,23,3548,1600192.0,{}
454,00003ca5-d4f0-74f0-87a2-848e4a0ecfd1,23,3548,1600192.0,{}
455,00003ca5-d4f0-74f0-87a2-848e4a0ecfd1,23,3548,1600192.0,{}
456,00003ca5-d4f0-74f0-87a2-848e4a0ecfd1,23,3548,3200384.0,{}
457,00003ca5-d4f0-74f0-87a2-848e4a0ecfd1,23,3548,2400288.0,{}
458,00003ca5-d4f0-74f0-87a2-848e4a0ecfd1,23,3548,2400288.0,{}
459,00003ca5-d4f0-74f0-87a2-848e4a0ecfd1,23,3548,3200384.0,{}
460,00003ca5-d4f0-74f0-87a2-848e4a0ecfd1,23,3548,2400288.0,{}
461,00003ca5-d4f0-74f0-87a2-848e4a0ecfd1,24,3548,2400288.0,{}
462,00003ca5-d4f0-74f0-87a2-848e4a0ecfd1,24,3548,2400288.0,{}
463,00003ca5-d4f0-74f0-87a2-848e4a0ecfd1,24,3548,3150378.0,{}
464,00003ca5-d4f0-74f0-87a2-848e4a0ecfd1,24,3548,3125375.0,{}
465,00003ca5-d4f0-74f0-87a2-848e4a0ecfd1,24,3548,2525303.0,{}
466,00003ca5-d4f0-74f0-87a2-848e4a0ecfd1,24,3548,1600192.0,{}
467,00003ca5-d4f0-74f0-87a2-848e4a0ecfd1,24,3548,1600192.0,{}
468,00003ca5-d4f0-74f0-87a2-848e4a0ecfd1,24,3548,1600192.0,{}
469,00003ca5-d4f0-74f0-87a2-848e4a0ecfd1,24,3548,1600192.0,{}
470,00003ca5-d4f0-74f0-87a2-848e4a0ecfd1,24,3548,1600192.0,{}
471,00003ca5-d4f0-74f0-87a2-848e4a0ecfd1,24,3548,1600192.0,{}
472,00003ca5-d4f0-74f0-87a2-848e4a0ecfd1,24,3548,1600192.0,{}
473,00003ca5-d4f0-74f0-87a2-848e4a0ecfd1,24,3548,1600192.0,{}
474,00003ca5-d4f0-74f0-87a2-848e4a0ecfd1,24,3548,1600192.0,{}
475,00003ca5-d4f0-74f0-87a2-848e4a0ecfd1,24,3548,1600192.0,{}
476,00003ca5-d4f0-74f0-87a2-848e4a0ecfd1,24,3548,2600312.0,{}
477,00003ca5-d4f0-74f0-87a2-848e4a0ecfd1,24,3548,2425291.0,{}
478,00003ca5-d4f0-74f0-87a2-848e4a0ecfd1,24,3548,2450294.0,{}
479,00003ca5-d4f0-74f0-87a2-848e4a0ecfd1,24,3548,2925351.0,{}
480,00003ca5-d4f0-74f0-87a2-848e4a0ecfd1,24,3548,3200384.0,{}
481,00003ca5-d4f0-74f0-87a2-848e4a0ecfd1,25,3548,3200384.0,{}
482,00003ca5-d4f0-74f0-87a2-848e4a0ecfd1,25,3548,2400288.0,{}
483,00003ca5-d4f0-74f0-87a2-848e4a0ecfd1,25,3548,1775213.0,{}
484,00003ca5-d4f0-74f0-87a2-848e4a0ecfd1,25,3548,3200384.0,{}
485,00003ca5-d4f0-74f0-87a2-848e4a0ecfd1,25,3548,2550306.0,{}
486,00003ca5-d4f0-74f0-87a2-848e4a0ecfd1,25,3548,1700204.0,{}
487,00003ca5-d4f0-74f0-87a2-848e4a0ecfd1,25,3548,1600192.0,{}
488,00003ca5-d4f0-74f0-87a2-848e4a0ecfd1,25,3548,1975237.0,{}
489,00003ca5-d4f0-74f0-87a2-848e4a0ecfd1,25,3548,1600192.0,{}
490,00003ca5-d4f0-74f0-87a2-848e4a0ecfd1,25,3548,1600192.0,{}
491,00003ca5-d4f0-74f0-87a2-848e4a0ecfd1,25,3548,2400288.0,{}
492,00003ca5-d4f0-74f0-87a2-848e4a0ecfd1,25,3548,3200384.0,{}
493,00003ca5-d4f0-74f0-87a2-848e4a0ecfd1,25,3548,2200264.0,{}
494,00003ca5-d4f0-74f0-87a2-848e4a0ecfd1,25,3548,3200384.0,{}
495,00003ca5-d4f0-74f0-87a2-848e4a0ecfd1,25,3548,2600312.0,{}
496,00003ca5-d4f0-74f0-87a2-848e4a0ecfd1,25,3548,1600192.0,{}
497,00003ca5-d4f0-74f0-87a2-848e4a0ecfd1,25,3548,1600192.0,{}
498,00003ca5-d4f0-74f0-87a2-848e4a0ecfd1,25,3548,1600192.0,{}
499,00003ca5-d4f0-74f0-87a2-848e4a0ecfd1,25,3548,1600192.0,{}
500,00003ca5-d4f0-74f0-87a2-848e4a0ecfd1,25,3548,1600192.0,{}
501,00003ca5-d4f0-74f0-87a2-848e4a0ecfd1,26,3548,2075249.0,{}
502,00003ca5-d4f0-74f0-87a2-848e4a0ecfd1,26,3548,2075249.0,{}
503,00003ca5-d4f0-74f0-87a2-848e4a0ecfd1,26,3548,2325279.0,{}
504,00003ca5-d4f0-74f0-87a2-848e4a0ecfd1,26,3548,2075249.0,{}
505,00003ca5-d4f0-74f0-87a2-848e4a0ecfd1,26,3548,2250270.0,{}
506,00003ca5-d4f0-74f0-87a2-848e4a0ecfd1,26,3548,2075249.0,{}
507,00003ca5-d4f0-74f0-87a2-848e4a0ecfd1,26,3548,2175261.0,{}
508,00003ca5-d4f0-74f0-87a2-848e4a0ecfd1,26,3548,2125255.0,{}
509,00003ca5-d4f0-74f0-87a2-848e4a0ecfd1,26,3548,2225267.0,{}
510,00003ca5-d4f0-74f0-87a2-848e4a0ecfd1,26,3548,2200264.0,{}
511,00003ca5-d4f0-74f0-87a2-848e4a0ecfd1,26,3548,1725207.0,{}
512,00003ca5-d4f0-74f0-87a2-848e4a0ecfd1,26,3548,2300276.0,{}
513,00003ca5-d4f0-74f0-87a2-848e4a0ecfd1,26,3548,1600192.0,{}
514,00003ca5-d4f0-74f0-87a2-848e4a0ecfd1,26,3548,2400288.0,{}
515,00003ca5-d4f0-74f0-87a2-848e4a0ecfd1,26,3548,2375285.0,{}
516,00003ca5-d4f0-74f0-87a2-848e4a0ecfd1,26,3548,2400288.0,{}
517,00003ca5-d4f0-74f0-87a2-848e4a0ecfd1,26,3548,1600192.0,{}
518,00003ca5-d4f0-74f0-87a2-848e4a0ecfd1,26,3548,1600192.0,{}
519,00003ca5-d4f0-74f0-87a2-848e4a0ecfd1,26,3548,3200384.0,{}
520,00003ca5-d4f0-74f0-87a2-848e4a0ecfd1,26,3548,2400288.0,{}
521,00003ca5-d4f0-74f0-87a2-848e4a0ecfd1,27,3548,2075249.0,{}
522,00003ca5-d4f0-74f0-87a2-848e4a0ecfd1,27,3548,2075249.0,{}
523,00003ca5-d4f0-74f0-87a2-848e4a0ecfd1,27,3548,2075249.0,{}
524,00003ca5-d4f0-74f0-87a2-848e4a0ecfd1,27,3548,2075249.0,{}
525,00003ca5-d4f0-74f0-87a2-848e4a0ecfd1,27,3548,2075249.0,{}
526,00003ca5-d4f0-74f0-87a2-848e4a0ecfd1,27,3548,2125255.0,{}
527,00003ca5-d4f0-74f0-87a2-848e4a0ecfd1,27,3548,2250270.0,{}
528,00003ca5-d4f0-74f0-87a2-848e4a0ecfd1,27,3548,2350282.0,{}
529,00003ca5-d4f0-74f0-87a2-848e4a0ecfd1,27,3548,2400288.0,{}
530,00003ca5-d4f0-74f0-87a2-848e4a0ecfd1,27,3548,2100252.0,{}
531,00003ca5-d4f0-74f0-87a2-848e4a0ecfd1,27,3548,1600192.0,{}
532,00003ca5-d4f0-74f0-87a2-848e4a0ecfd1,27,3548,2375285.0,{}
533,00003ca5-d4f0-74f0-87a2-848e4a0ecfd1,27,3548,3150378.0,{}
534,00003ca5-d4f0-74f0-87a2-848e4a0ecfd1,27,3548,2600312.0,{}
535,00003ca5-d4f0-74f0-87a2-848e4a0ecfd1,27,3548,2825339.0,{}
536,00003ca5-d4f0-74f0-87a2-848e4a0ecfd1,27,3548,1600192.0,{}
537,00003ca5-d4f0-74f0-87a2-848e4a0ecfd1,27,3548,2200264.0,{}
538,00003ca5-d4f0-74f0-87a2-848e4a0ecfd1,27,3548,2050246.0,{}
539,00003ca5-d4f0-74f0-87a2-848e4a0ecfd1,27,3548,1600192.0,{}
540,00003ca5-d4f0-74f0-87a2-848e4a0ecfd1,27,3548,1600192.0,{}
541,00003ca5-d4f0-74f0-87a2-848e4a0ecfd1,28,3548,2300276.0,{}
542,00003ca5-d4f0-74f0-87a2-848e4a0ecfd1,28,3548,1600192.0,{}
543,00003ca5-d4f0-74f0-87a2-848e4a0ecfd1,28,3548,2425291.0,{}
544,00003ca5-d4f0-74f0-87a2-848e4a0ecfd1,28,3548,2175261.0,{}
545,00003ca5-d4f0-74f0-87a2-848e4a0ecfd1,28,3548,1600192.0,{}
546,00003ca5-d4f0-74f0-87a2-848e4a0ecfd1,28,3548,1600192.0,{}
547,00003ca5-d4f0-74f0-87a2-848e4a0ecfd1,28,3548,2225267.0,{}
548,00003ca5-d4f0-74f0-87a2-848e4a0ecfd1,28,3548,2375285.0,{}
549,00003ca5-d4f0-74f0-87a2-848e4a0ecfd1,28,3548,2975357.0,{}
550,00003ca5-d4f0-74f0-87a2-848e4a0ecfd1,28,3548,2325279.0,{}
551,00003ca5-d4f0-74f0-87a2-848e4a0ecfd1,28,3548,2075249.0,{}
552,00003ca5-d4f0-74f0-87a2-848e4a0ecfd1,28,3548,2075249.0,{}
553,00003ca5-d4f0-74f0-87a2-848e4a0ecfd1,28,3548,2075249.0,{}
554,00003ca5-d4f0-74f0-87a2-848e4a0ecfd1,28,3548,2075249.0,{}
555,00003ca5-d4f0-74f0-87a2-848e4a0ecfd1,28,3548,2075249.0,{}
556,00003ca5-d4f0-74f0-87a2-848e4a0ecfd1,28,3548,2075249.0,{}
557,00003ca5-d4f0-74f0-87a2-848e4a0ecfd1,28,3548,2275273.0,{}
558,00003ca5-d4f0-74f0-87a2-848e4a0ecfd1,28,3548,2400288.0,{}
559,00003ca5-d4f0-74f0-87a2-848e4a0ecfd1,28,3548,2400288.0,{}
560,00003ca5-d4f0-74f0-87a2-848e4a0ecfd1,28,3548,2075249.0,{}
561,00003ca5-d4f0-74f0-87a2-848e4a0ecfd1,29,3548,1600192.0,{}
562,00003ca5-d4f0-74f0-87a2-848e4a0ecfd1,29,3548,1600192.0,{}
563,00003ca5-d4f0-74f0-87a2-848e4a0ecfd1,29,3548,1600192.0,{}
564,00003ca5-d4f0-74f0-87a2-848e4a0ecfd1,29,3548,1600192.0,{}
565,00003ca5-d4f0-74f0-87a2-848e4a0ecfd1,29,3548,1625195.0,{}
566,00003ca5-d4f0-74f0-87a2-848e4a0ecfd1,29,3548,1600192.0,{}
567,00003ca5-d4f0-74f0-87a2-848e4a0ecfd1,29,3548,2400288.0,{}
568,00003ca5-d4f0-74f0-87a2-848e4a0ecfd1,29,3548,3200384.0,{}
569,00003ca5-d4f0-74f0-87a2-848e4a0ecfd1,29,3548,3175381.0,{}
570,00003ca5-d4f0-74f0-87a2-848e4a0ecfd1,29,3548,3200384.0,{}
571,00003ca5-d4f0-74f0-87a2-848e4a0ecfd1,29,3548,2225267.0,{}
572,00003ca5-d4f0-74f0-87a2-848e4a0ecfd1,29,3548,2075249.0,{}
573,00003ca5-d4f0-74f0-87a2-848e4a0ecfd1,29,3548,2050246.0,{}
574,00003ca5-d4f0-74f0-87a2-848e4a0ecfd1,29,3548,2275273.0,{}
575,00003ca5-d4f0-74f0-87a2-848e4a0ecfd1,29,3548,2375285.0,{}
576,00003ca5-d4f0-74f0-87a2-848e4a0ecfd1,29,3548,2050246.0,{}
577,00003ca5-d4f0-74f0-87a2-848e4a0ecfd1,29,3548,2300276.0,{}
578,00003ca5-d4f0-74f0-87a2-848e4a0ecfd1,29,3548,2125255.0,{}
579,00003ca5-d4f0-74f0-87a2-848e4a0ecfd1,29,3548,2075249.0,{}
580,00003ca5-d4f0-74f0-87a2-848e4a0ecfd1,29,3548,2050246.0,{}
581,00003ca5-d4f0-74f0-87a2-848e4a0ecfd1,30,3548,1600192.0,{}
582,00003ca5-d4f0-74f0-87a2-848e4a0ecfd1,30,3548,2400288.0,{}
583,00003ca5-d4f0-74f0-87a2-848e4a0ecfd1,30,3548,2400288.0,{}
584,00003ca5-d4f0-74f0-87a2-848e4a0ecfd1,30,3548,2400288.0,{}
585,00003ca5-d4f0-74f0-87a2-848e4a0ecfd1,30,3548,2450294.0,{}
586,00003ca5-d4f0-74f0-87a2-848e4a0ecfd1,30,3548,1600192.0,{}
587,00003ca5-d4f0-74f0-87a2-848e4a0ecfd1,30,3548,2150258.0,{}
588,00003ca5-d4f0-74f0-87a2-848e4a0ecfd1,30,3548,1600192.0,{}
589,00003ca5-d4f0-74f0-87a2-848e4a0ecfd1,30,3548,1950234.0,{}
590,00003ca5-d4f0-74f0-87a2-848e4a0ecfd1,30,3548,3050366.0,{}
591,00003ca5-d4f0-74f0-87a2-848e4a0ecfd1,30,3548,2225267.0,{}
592,00003ca5-d4f0-74f0-87a2-848e4a0ecfd1,30,3548,1850222.0,{}
593,00003ca5-d4f0-74f0-87a2-848e4a0ecfd1,30,3548,2025243.0,{}
594,00003ca5-d4f0-74f0-87a2-848e4a0ecfd1,30,3548,2200264.0,{}
595,00003ca5-d4f0-74f0-87a2-848e4a0ecfd1,30,3548,2475297.0,{}
596,00003ca5-d4f0-74f0-87a2-848e4a0ecfd1,30,3548,1600192.0,{}
597,00003ca5-d4f0-74f0-87a2-848e4a0ecfd1,30,3548,2100252.0,{}
598,00003ca5-d4f0-74f0-87a2-848e4a0ecfd1,30,3548,2200264.0,{}
599,00003ca5-d4f0-74f0-87a2-848e4a0ecfd1,30,3548,2075249.0,{}
600,00003ca5-d4f0-74f0-87a2-848e4a0ecfd1,30,3548,2850342.0,{}
601,00003ca5-d4f0-74f0-87a2-848e4a0ecfd1,31,3548,2650318.0,{}
602,00003ca5-d4f0-74f0-87a2-848e4a0ecfd1,31,3548,2450294.0,{}
603,00003ca5-d4f0-74f0-87a2-848e4a0ecfd1,31,3548,3200384.0,{}
604,00003ca5-d4f0-74f0-87a2-848e4a0ecfd1,31,3548,2100252.0,{}
605,00003ca5-d4f0-74f0-87a2-848e4a0ecfd1,31,3548,3200384.0,{}
606,00003ca5-d4f0-74f0-87a2-848e4a0ecfd1,31,3548,1600192.0,{}
607,00003ca5-d4f0-74f0-87a2-848e4a0ecfd1,31,3548,1600192.0,{}
608,00003ca5-d4f0-74f0-87a2-848e4a0ecfd1,31,3548,1600192.0,{}
609,00003ca5-d4f0-74f0-87a2-848e4a0ecfd1,31,3548,1600192.0,{}
610,00003ca5-d4f0-74f0-87a2-848e4a0ecfd1,31,3548,1600192.0,{}
611,00003ca5-d4f0-74f0-87a2-848e4a0ecfd1,31,3548,2200264.0,{}
612,00003ca5-d4f0-74f0-87a2-848e4a0ecfd1,31,3548,2250270.0,{}
613,00003ca5-d4f0-74f0-87a2-848e4a0ecfd1,31,3548,2375285.0,{}
614,00003ca5-d4f0-74f0-87a2-848e4a0ecfd1,31,3548,2375285.0,{}
615,00003ca5-d4f0-74f0-87a2-848e4a0ecfd1,31,3548,2000240.0,{}
616,00003ca5-d4f0-74f0-87a2-848e4a0ecfd1,31,3548,1800216.0,{}
617,00003ca5-d4f0-74f0-87a2-848e4a0ecfd1,31,3548,2300276.0,{}
618,00003ca5-d4f0-74f0-87a2-848e4a0ecfd1,31,3548,2025243.0,{}
619,00003ca5-d4f0-74f0-87a2-848e4a0ecfd1,31,3548,2150258.0,{}
620,00003ca5-d4f0-74f0-87a2-848e4a0ecfd1,31,3548,2125255.0,{}
621,00003ca5-d4f0-74f0-87a2-848e4a0ecfd1,32,3548,1625195.0,{}
622,00003ca5-d4f0-74f0-87a2-848e4a0ecfd1,32,3548,1600192.0,{}
623,00003ca5-d4f0-74f0-87a2-848e4a0ecfd1,32,3548,1800216.0,{}
624,00003ca5-d4f0-74f0-87a2-848e4a0ecfd1,32,3548,1600192.0,{}
625,00003ca5-d4f0-74f0-87a2-848e4a0ecfd1,32,3548,1600192.0,{}
626,00003ca5-d4f0-74f0-87a2-848e4a0ecfd1,32,3548,2400288.0,{}
627,00003ca5-d4f0-74f0-87a2-848e4a0ecfd1,32,3548,3200384.0,{}
628,00003ca5-d4f0-74f0-87a2-848e4a0ecfd1,32,3548,2375285.0,{}
629,00003ca5-d4f0-74f0-87a2-848e4a0ecfd1,32,3548,3175381.0,{}
630,00003ca5-d4f0-74f0-87a2-848e4a0ecfd1,32,3548,2225267.0,{}
631,00003ca5-d4f0-74f0-87a2-848e4a0ecfd1,32,3548,2150258.0,{}
632,00003ca5-d4f0-74f0-87a2-848e4a0ecfd1,32,3548,2400288.0,{}
633,00003ca5-d4f0-74f0-87a2-848e4a0ecfd1,32,3548,2400288.0,{}
634,00003ca5-d4f0-74f0-87a2-848e4a0ecfd1,32,3548,2400288.0,{}
635,00003ca5-d4f0-74f0-87a2-848e4a0ecfd1,32,3548,2375285.0,{}
636,00003ca5-d4f0-74f0-87a2-848e4a0ecfd1,32,3548,1600192.0,{}
637,00003ca5-d4f0-74f0-87a2-848e4a0ecfd1,32,3548,2075249.0,{}
638,00003ca5-d4f0-74f0-87a2-848e4a0ecfd1,32,3548,2125255.0,{}
639,00003ca5-d4f0-74f0-87a2-848e4a0ecfd1,32,3548,2000240.0,{}
640,00003ca5-d4f0-74f0-87a2-848e4a0ecfd1,32,3548,2075249.0,{}
641,00003ca5-d4f0-74f0-87a2-848e4a0ecfd1,33,3548,608.0,{}
642,00003ca5-d4f0-74f0-87a2-848e4a0ecfd1,33,3548,664.0,{}
643,00003ca5-d4f0-74f0-87a2-848e4a0ecfd1,33,3548,664.0,{}
644,00003ca5-d4f0-74f0-87a2-848e4a0ecfd1,33,3548,664.0,{}
645,00003ca5-d4f0-74f0-87a2-848e4a0ecfd1,33,3548,664.0,{}
646,00003ca5-d4f0-74f0-87a2-848e4a0ecfd1,33,3548,664.0,{}
647,00003ca5-d4f0-74f0-87a2-848e4a0ecfd1,33,3548,664.0,{}
648,00003ca5-d4f0-74f0-87a2-848e4a0ecfd1,33,3548,664.0,{}
649,00003ca5-d4f0-74f0-87a2-848e4a0ecfd1,33,3548,664.0,{}
650,00003ca5-d4f0-74f0-87a2-848e4a0ecfd1,33,3548,608.0,{}
651,00003ca5-d4f0-74f0-87a2-848e4a0ecfd1,33,3548,664.0,{}
652,00003ca5-d4f0-74f0-87a2-848e4a0ecfd1,33,3548,664.0,{}
653,00003ca5-d4f0-74f0-87a2-848e4a0ecfd1,33,3548,664.0,{}
654,00003ca5-d4f0-74f0-87a2-848e4a0ecfd1,33,3548,608.0,{}
655,00003ca5-d4f0-74f0-87a2-848e4a0ecfd1,33,3548,608.0,{}
656,00003ca5-d4f0-74f0-87a2-848e4a0ecfd1,33,3548,664.0,{}
657,00003ca5-d4f0-74f0-87a2-848e4a0ecfd1,33,3548,664.0,{}
658,00003ca5-d4f0-74f0-87a2-848e4a0ecfd1,33,3548,664.0,{}
659,00003ca5-d4f0-74f0-87a2-848e4a0ecfd1,33,3548,664.0,{}
660,00003ca5-d4f0-74f0-87a2-848e4a0ecfd1,33,3548,664.0,{}
661,00003ca5-d4f0-74f0-87a2-848e4a0ecfd1,34,3548,608.0,{}
662,00003ca5-d4f0-74f0-87a2-848e4a0ecfd1,34,3548,664.0,{}
663,00003ca5-d4f0-74f0-87a2-848e4a0ecfd1,34,3548,664.0,{}
664,00003ca5-d4f0-74f0-87a2-848e4a0ecfd1,34,3548,664.0,{}
665,00003ca5-d4f0-74f0-87a2-848e4a0ecfd1,34,3548,664.0,{}
666,00003ca5-d4f0-74f0-87a2-848e4a0ecfd1,34,3548,664.0,{}
667,00003ca5-d4f0-74f0-87a2-848e4a0ecfd1,34,3548,664.0,{}
668,00003ca5-d4f0-74f0-87a2-848e4a0ecfd1,34,3548,664.0,{}
669,00003ca5-d4f0-74f0-87a2-848e4a0ecfd1,34,3548,664.0,{}
670,00003ca5-d4f0-74f0-87a2-848e4a0ecfd1,34,3548,608.0,{}
671,00003ca5-d4f0-74f0-87a2-848e4a0ecfd1,34,3548,664.0,{}
672,00003ca5-d4f0-74f0-87a2-848e4a0ecfd1,34,3548,664.0,{}
673,00003ca5-d4f0-74f0-87a2-848e4a0ecfd1,34,3548,664.0,{}
674,00003ca5-d4f0-74f0-87a2-848e4a0ecfd1,34,3548,608.0,{}
675,00003ca5-d4f0-74f0-87a2-848e4a0ecfd1,34,3548,608.0,{}
676,00003ca5-d4f0-74f0-87a2-848e4a0ecfd1,34,3548,664.0,{}
677,00003ca5-d4f0-74f0-87a2-848e4a0ecfd1,34,3548,664.0,{}
678,00003ca5-d4f0-74f0-87a2-848e4a0ecfd1,34,3548,664.0,{}
679,00003ca5-d4f0-74f0-87a2-848e4a0ecfd1,34,3548,664.0,{}
680,00003ca5-d4f0-74f0-87a2-848e4a0ecfd1,34,3548,664.0,{}
681,00003ca5-d4f0-74f0-87a2-848e4a0ecfd1,35,3548,2000.0,{}
682,00003ca5-d4f0-74f0-87a2-848e4a0ecfd1,35,3548,2000.0,{}
683,00003ca5-d4f0-74f0-87a2-848e4a0ecfd1,35,3548,2160.0,{}
684,00003ca5-d4f0-74f0-87a2-848e4a0ecfd1,35,3548,2160.0,{}
685,00003ca5-d4f0-74f0-87a2-848e4a0ecfd1,35,3548,1920.0,{}
686,00003ca5-d4f0-74f0-87a2-848e4a0ecfd1,35,3548,2000.0,{}
687,00003ca5-d4f0-74f0-87a2-848e4a0ecfd1,35,3548,2080.0,{}
688,00003ca5-d4f0-74f0-87a2-848e4a0ecfd1,35,3548,2080.0,{}
689,00003ca5-d4f0-74f0-87a2-848e4a0ecfd1,35,3548,2000.0,{}
690,00003ca5-d4f0-74f0-87a2-848e4a0ecfd1,35,3548,2080.0,{}
691,00003ca5-d4f0-74f0-87a2-848e4a0ecfd1,35,3548,2080.0,{}
692,00003ca5-d4f0-74f0-87a2-848e4a0ecfd1,35,3548,2080.0,{}
693,00003ca5-d4f0-74f0-87a2-848e4a0ecfd1,35,3548,2160.0,{}
694,00003ca5-d4f0-74f0-87a2-848e4a0ecfd1,35,3548,2160.0,{}
695,00003ca5-d4f0-74f0-87a2-848e4a0ecfd1,35,3548,1920.0,{}
696,00003ca5-d4f0-74f0-87a2-848e4a0ecfd1,35,3548,2000.0,{}
697,00003ca5-d4f0-74f0-87a2-848e4a0ecfd1,35,3548,2000.0,{}
698,00003ca5-d4f0-74f0-87a2-848e4a0ecfd1,35,3548,2000.0,{}
699,00003ca5-d4f0-74f0-87a2-848e4a0ecfd1,35,3548,2160.0,{}
700,00003ca5-d4f0-74f0-87a2-848e4a0ecfd1,35,3548,1920.0,{}
701,00003ca5-d4f0-74f0-87a2-848e4a0ecfd1,36,3548,1600192.0,{}
702,00003ca5-d4f0-74f0-87a2-848e4a0ecfd1,36,3548,1600192.0,{}
703,00003ca5-d4f0-74f0-87a2-848e4a0ecfd1,36,3548,1600192.0,{}
704,00003ca5-d4f0-74f0-87a2-848e4a0ecfd1,36,3548,1600192.0,{}
705,00003ca5-d4f0-74f0-87a2-848e4a0ecfd1,36,3548,1600192.0,{}
706,00003ca5-d4f0-74f0-87a2-848e4a0ecfd1,36,3548,2725327.0,{}
707,00003ca5-d4f0-74f0-87a2-848e4a0ecfd1,36,3548,2650318.0,{}
708,00003ca5-d4f0-74f0-87a2-848e4a0ecfd1,36,3548,2975357.0,{}
709,00003ca5-d4f0-74f0-87a2-848e4a0ecfd1,36,3548,2550306.0,{}
710,00003ca5-d4f0-74f0-87a2-848e4a0ecfd1,36,3548,2700324.0,{}
711,00003ca5-d4f0-74f0-87a2-848e4a0ecfd1,36,3548,2400288.0,{}
712,00003ca5-d4f0-74f0-87a2-848e4a0ecfd1,36,3548,2700324.0,{}
713,00003ca5-d4f0-74f0-87a2-848e4a0ecfd1,36,3548,2900348.0,{}
714,00003ca5-d4f0-74f0-87a2-848e4a0ecfd1,36,3548,2400288.0,{}
715,00003ca5-d4f0-74f0-87a2-848e4a0ecfd1,36,3548,3200384.0,{}
716,00003ca5-d4f0-74f0-87a2-848e4a0ecfd1,36,3548,1600192.0,{}
717,00003ca5-d4f0-74f0-87a2-848e4a0ecfd1,36,3548,1600192.0,{}
718,00003ca5-d4f0-74f0-87a2-848e4a0ecfd1,36,3548,1600192.0,{}
719,00003ca5-d4f0-74f0-87a2-848e4a0ecfd1,36,3548,1600192.0,{}
720,00003ca5-d4f0-74f0-87a2-848e4a0ecfd1,36,3548,1600192.0,{}
721,00003ca5-d4f0-74f0-87a2-848e4a0ecfd1,37,3548,2525303.0,{}
722,00003ca5-d4f0-74f0-87a2-848e4a0ecfd1,37,3548,2550306.0,{}
723,00003ca5-d4f0-74f0-87a2-848e4a0ecfd1,37,3548,1900228.0,{}
724,00003ca5-d4f0-74f0-87a2-848e4a0ecfd1,37,3548,2500300.0,{}
725,00003ca5-d4f0-74f0-87a2-848e4a0ecfd1,37,3548,2500300.0,{}
726,00003ca5-d4f0-74f0-87a2-848e4a0ecfd1,37,3548,1600192.0,{}
727,00003ca5-d4f0-74f0-87a2-848e4a0ecfd1,37,3548,1600192.0,{}
728,00003ca5-d4f0-74f0-87a2-848e4a0ecfd1,37,3548,2400288.0,{}
729,00003ca5-d4f0-74f0-87a2-848e4a0ecfd1,37,3548,2400288.0,{}
730,00003ca5-d4f0-74f0-87a2-848e4a0ecfd1,37,3548,1625195.0,{}
731,00003ca5-d4f0-74f0-87a2-848e4a0ecfd1,37,3548,2075249.0,{}
732,00003ca5-d4f0-74f0-87a2-848e4a0ecfd1,37,3548,2075249.0,{}
733,00003ca5-d4f0-74f0-87a2-848e4a0ecfd1,37,3548,2075249.0,{}
734,00003ca5-d4f0-74f0-87a2-848e4a0ecfd1,37,3548,2075249.0,{}
735,00003ca5-d4f0-74f0-87a2-848e4a0ecfd1,37,3548,2075249.0,{}
736,00003ca5-d4f0-74f0-87a2-848e4a0ecfd1,37,3548,2200264.0,{}
737,00003ca5-d4f0-74f0-87a2-848e4a0ecfd1,37,3548,2475297.0,{}
738,00003ca5-d4f0-74f0-87a2-848e4a0ecfd1,37,3548,2400288.0,{}
739,00003ca5-d4f0-74f0-87a2-848e4a0ecfd1,37,3548,2075249.0,{}
740,00003ca5-d4f0-74f0-87a2-848e4a0ecfd1,37,3548,2075249.0,{}
741,00003ca5-d4f0-74f0-87a2-848e4a0ecfd1,38,3548,2525303.0,{}
742,00003ca5-d4f0-74f0-87a2-848e4a0ecfd1,38,3548,2525303.0,{}
743,00003ca5-d4f0-74f0-87a2-848e4a0ecfd1,38,3548,1900228.0,{}
744,00003ca5-d4f0-74f0-87a2-848e4a0ecfd1,38,3548,1925231.0,{}
745,00003ca5-d4f0-74f0-87a2-848e4a0ecfd1,38,3548,2200264.0,{}
746,00003ca5-d4f0-74f0-87a2-848e4a0ecfd1,38,3548,2575309.0,{}
747,00003ca5-d4f0-74f0-87a2-848e4a0ecfd1,38,3548,1875225.0,{}
748,00003ca5-d4f0-74f0-87a2-848e4a0ecfd1,38,3548,1825219.0,{}
749,00003ca5-d4f0-74f0-87a2-848e4a0ecfd1,38,3548,2175261.0,{}
750,00003ca5-d4f0-74f0-87a2-848e4a0ecfd1,38,3548,2075249.0,{}
751,00003ca5-d4f0-74f0-87a2-848e4a0ecfd1,38,3548,2075249.0,{}
752,00003ca5-d4f0-74f0-87a2-848e4a0ecfd1,38,3548,2125255.0,{}
753,00003ca5-d4f0-74f0-87a2-848e4a0ecfd1,38,3548,2075249.0,{}
754,00003ca5-d4f0-74f0-87a2-848e4a0ecfd1,38,3548,2475297.0,{}
755,00003ca5-d4f0-74f0-87a2-848e4a0ecfd1,38,3548,2475297.0,{}
756,00003ca5-d4f0-74f0-87a2-848e4a0ecfd1,38,3548,2075249.0,{}
757,00003ca5-d4f0-74f0-87a2-848e4a0ecfd1,38,3548,2075249.0,{}
758,00003ca5-d4f0-74f0-87a2-848e4a0ecfd1,38,3548,2075249.0,{}
759,00003ca5-d4f0-74f0-87a2-848e4a0ecfd1,38,3548,2075249.0,{}
760,00003ca5-d4f0-74f0-87a2-848e4a0ecfd1,38,3548,2075249.0,{}
761,00003ca5-d4f0-74f0-87a2-848e4a0ecfd1,39,3548,1600192.0,{}
762,00003ca5-d4f0-74f0-87a2-848e4a0ecfd1,39,3548,1600192.0,{}
763,00003ca5-d4f0-74f0-87a2-848e4a0ecfd1,39,3548,1600192.0,{}
764,00003ca5-d4f0-74f0-87a2-848e4a0ecfd1,39,3548,1600192.0,{}
765,00003ca5-d4f0-74f0-87a2-848e4a0ecfd1,39,3548,1600192.0,{}
766,00003ca5-d4f0-74f0-87a2-848e4a0ecfd1,39,3548,3150378.0,{}
767,00003ca5-d4f0-74f0-87a2-848e4a0ecfd1,39,3548,3175381.0,{}
768,00003ca5-d4f0-74f0-87a2-848e4a0ecfd1,39,3548,3050366.0,{}
769,00003ca5-d4f0-74f0-87a2-848e4a0ecfd1,39,3548,2400288.0,{}
770,00003ca5-d4f0-74f0-87a2-848e4a0ecfd1,39,3548,1825219.0,{}
771,00003ca5-d4f0-74f0-87a2-848e4a0ecfd1,39,3548,1600192.0,{}
772,00003ca5-d4f0-74f0-87a2-848e4a0ecfd1,39,3548,1600192.0,{}
773,00003ca5-d4f0-74f0-87a2-848e4a0ecfd1,39,3548,1600192.0,{}
774,00003ca5-d4f0-74f0-87a2-848e4a0ecfd1,39,3548,1600192.0,{}
775,00003ca5-d4f0-74f0-87a2-848e4a0ecfd1,39,3548,1600192.0,{}
776,00003ca5-d4f0-74f0-87a2-848e4a0ecfd1,39,3548,3000360.0,{}
777,00003ca5-d4f0-74f0-87a2-848e4a0ecfd1,39,3548,2750330.0,{}
778,00003ca5-d4f0-74f0-87a2-848e4a0ecfd1,39,3548,2275273.0,{}
779,00003ca5-d4f0-74f0-87a2-848e4a0ecfd1,39,3548,2550306.0,{}
780,00003ca5-d4f0-74f0-87a2-848e4a0ecfd1,39,3548,3025363.0,{}
781,00003ca5-d4f0-74f0-87a2-848e4a0ecfd1,40,3548,2675321.0,{}
782,00003ca5-d4f0-74f0-87a2-848e4a0ecfd1,40,3548,2650318.0,{}
783,00003ca5-d4f0-74f0-87a2-848e4a0ecfd1,40,3548,2925351.0,{}
784,00003ca5-d4f0-74f0-87a2-848e4a0ecfd1,40,3548,2750330.0,{}
785,00003ca5-d4f0-74f0-87a2-848e4a0ecfd1,40,3548,2600312.0,{}
786,00003ca5-d4f0-74f0-87a2-848e4a0ecfd1,40,3548,1600192.0,{}
787,00003ca5-d4f0-74f0-87a2-848e4a0ecfd1,40,3548,1600192.0,{}
788,00003ca5-d4f0-74f0-87a2-848e4a0ecfd1,40,3548,1600192.0,{}
789,00003ca5-d4f0-74f0-87a2-848e4a0ecfd1,40,3548,1600192.0,{}
790,00003ca5-d4f0-74f0-87a2-848e4a0ecfd1,40,3548,1600192.0,{}
791,00003ca5-d4f0-74f0-87a2-848e4a0ecfd1,40,3548,2400288.0,{}
792,00003ca5-d4f0-74f0-87a2-848e4a0ecfd1,40,3548,2400288.0,{}
793,00003ca5-d4f0-74f0-87a2-848e4a0ecfd1,40,3548,3200384.0,{}
794,00003ca5-d4f0-74f0-87a2-848e4a0ecfd1,40,3548,3200384.0,{}
795,00003ca5-d4f0-74f0-87a2-848e4a0ecfd1,40,3548,2400288.0,{}
796,00003ca5-d4f0-74f0-87a2-848e4a0ecfd1,40,3548,1600192.0,{}
797,00003ca5-d4f0-74f0-87a2-848e4a0ecfd1,40,3548,1600192.0,{}
798,00003ca5-d4f0-74f0-87a2-848e4a0ecfd1,40,3548,1600192.0,{}
799,00003ca5-d4f0-74f0-87a2-848e4a0ecfd1,40,3548,1600192.0,{}
800,00003ca5-d4f0-74f0-87a2-848e4a0ecfd1,40,3548,1600192.0,{}
801,00003ca5-d4f0-74f0-87a2-848e4a0ecfd1,41,3548,2600312.0,{}
802,00003ca5-d4f0-74f0-87a2-848e4a0ecfd1,41,3548,2900348.0,{}
803,00003ca5-d4f0-74f0-87a2-848e4a0ecfd1,41,3548,2800336.0,{}
804,00003ca5-d4f0-74f0-87a2-848e4a0ecfd1,41,3548,2600312.0,{}
805,00003ca5-d4f0-74f0-87a2-848e4a0ecfd1,41,3548,2700324.0,{}
806,00003ca5-d4f0-74f0-87a2-848e4a0ecfd1,41,3548,1600192.0,{}
807,00003ca5-d4f0-74f0-87a2-848e4a0ecfd1,41,3548,1600192.0,{}
808,00003ca5-d4f0-74f0-87a2-848e4a0ecfd1,41,3548,1600192.0,{}
809,00003ca5-d4f0-74f0-87a2-848e4a0ecfd1,41,3548,1600192.0,{}
810,00003ca5-d4f0-74f0-87a2-848e4a0ecfd1,41,3548,1600192.0,{}
811,00003ca5-d4f0-74f0-87a2-848e4a0ecfd1,41,3548,3100372.0,{}
812,00003ca5-d4f0-74f0-87a2-848e4a0ecfd1,41,3548,2175261.0,{}
813,00003ca5-d4f0-74f0-87a2-848e4a0ecfd1,41,3548,2650318.0,{}
814,00003ca5-d4f0-74f0-87a2-848e4a0ecfd1,41,3548,2550306.0,{}
815,00003ca5-d4f0-74f0-87a2-848e4a0ecfd1,41,3548,3125375.0,{}
816,00003ca5-d4f0-74f0-87a2-848e4a0ecfd1,41,3548,1600192.0,{}
817,00003ca5-d4f0-74f0-87a2-848e4a0ecfd1,41,3548,1600192.0,{}
818,00003ca5-d4f0-74f0-87a2-848e4a0ecfd1,41,3548,1600192.0,{}
819,00003ca5-d4f0-74f0-87a2-848e4a0ecfd1,41,3548,1600192.0,{}
820,00003ca5-d4f0-74f0-87a2-848e4a0ecfd1,41,3548,1600192.0,{}
821,00003ca5-d4f0-74f0-87a2-848e4a0ecfd1,42,3548,2575309.0,{}
822,00003ca5-d4f0-74f0-87a2-848e4a0ecfd1,42,3548,3300396.0,{}
823,00003ca5-d4f0-74f0-87a2-848e4a0ecfd1,42,3548,2575309.0,{}
824,00003ca5-d4f0-74f0-87a2-848e4a0ecfd1,42,3548,2575309.0,{}
825,00003ca5-d4f0-74f0-87a2-848e4a0ecfd1,42,3548,2575309.0,{}
826,00003ca5-d4f0-74f0-87a2-848e4a0ecfd1,42,3548,1600192.0,{}
827,00003ca5-d4f0-74f0-87a2-848e4a0ecfd1,42,3548,1600192.0,{}
828,00003ca5-d4f0-74f0-87a2-848e4a0ecfd1,42,3548,1600192.0,{}
829,00003ca5-d4f0-74f0-87a2-848e4a0ecfd1,42,3548,1600192.0,{}
830,00003ca5-d4f0-74f0-87a2-848e4a0ecfd1,42,3548,1600192.0,{}
831,00003ca5-d4f0-74f0-87a2-848e4a0ecfd1,42,3548,2725327.0,{}
832,00003ca5-d4f0-74f0-87a2-848e4a0ecfd1,42,3548,3075369.0,{}
833,00003ca5-d4f0-74f0-87a2-848e4a0ecfd1,42,3548,2375285.0,{}
834,00003ca5-d4f0-74f0-87a2-848e4a0ecfd1,42,3548,2775333.0,{}
835,00003ca5-d4f0-74f0-87a2-848e4a0ecfd1,42,3548,2650318.0,{}
836,00003ca5-d4f0-74f0-87a2-848e4a0ecfd1,42,3548,1600192.0,{}
837,00003ca5-d4f0-74f0-87a2-848e4a0ecfd1,42,3548,1600192.0,{}
838,00003ca5-d4f0-74f0-87a2-848e4a0ecfd1,42,3548,1600192.0,{}
839,00003ca5-d4f0-74f0-87a2-848e4a0ecfd1,42,3548,1600192.0,{}
840,00003ca5-d4f0-74f0-87a2-848e4a0ecfd1,42,3548,1600192.0,{}
841,00003ca5-d4f0-74f0-87a2-848e4a0ecfd1,43,3548,2875345.0,{}
842,00003ca5-d4f0-74f0-87a2-848e4a0ecfd1,43,3548,2550306.0,{}
843,00003ca5-d4f0-74f0-87a2-848e4a0ecfd1,43,3548,2725327.0,{}
844,00003ca5-d4f0-74f0-87a2-848e4a0ecfd1,43,3548,2550306.0,{}
845,00003ca5-d4f0-74f0-87a2-848e4a0ecfd1,43,3548,2900348.0,{}
846,00003ca5-d4f0-74f0-87a2-848e4a0ecfd1,43,3548,1600192.0,{}
847,00003ca5-d4f0-74f0-87a2-848e4a0ecfd1,43,3548,1600192.0,{}
848,00003ca5-d4f0-74f0-87a2-848e4a0ecfd1,43,3548,1600192.0,{}
849,00003ca5-d4f0-74f0-87a2-848e4a0ecfd1,43,3548,1600192.0,{}
850,00003ca5-d4f0-74f0-87a2-848e4a0ecfd1,43,3548,1600192.0,{}
851,00003ca5-d4f0-74f0-87a2-848e4a0ecfd1,43,3548,3200384.0,{}
852,00003ca5-d4f0-74f0-87a2-848e4a0ecfd1,43,3548,1925231.0,{}
853,00003ca5-d4f0-74f0-87a2-848e4a0ecfd1,43,3548,2050246.0,{}
854,00003ca5-d4f0-74f0-87a2-848e4a0ecfd1,43,3548,3200384.0,{}
855,00003ca5-d4f0-74f0-87a2-848e4a0ecfd1,43,3548,3200384.0,{}
856,00003ca5-d4f0-74f0-87a2-848e4a0ecfd1,43,3548,1600192.0,{}
857,00003ca5-d4f0-74f0-87a2-848e4a0ecfd1,43,3548,1625195.0,{}
858,00003ca5-d4f0-74f0-87a2-848e4a0ecfd1,43,3548,1600192.0,{}
859,00003ca5-d4f0-74f0-87a2-848e4a0ecfd1,43,3548,1600192.0,{}
860,00003ca5-d4f0-74f0-87a2-848e4a0ecfd1,43,3548,1600192.0,{}
861,00003ca5-d4f0-74f0-87a2-848e4a0ecfd1,44,3548,2850342.0,{}
862,00003ca5-d4f0-74f0-87a2-848e4a0ecfd1,44,3548,2575309.0,{}
863,00003ca5-d4f0-74f0-87a2-848e4a0ecfd1,44,3548,3050366.0,{}
864,00003ca5-d4f0-74f0-87a2-848e4a0ecfd1,44,3548,2575309.0,{}
865,00003ca5-d4f0-74f0-87a2-848e4a0ecfd1,44,3548,2550306.0,{}
866,00003ca5-d4f0-74f0-87a2-848e4a0ecfd1,44,3548,1600192.0,{}
867,00003ca5-d4f0-74f0-87a2-848e4a0ecfd1,44,3548,1600192.0,{}
868,00003ca5-d4f0-74f0-87a2-848e4a0ecfd1,44,3548,1600192.0,{}
869,00003ca5-d4f0-74f0-87a2-848e4a0ecfd1,44,3548,1600192.0,{}
870,00003ca5-d4f0-74f0-87a2-848e4a0ecfd1,44,3548,1600192.0,{}
871,00003ca5-d4f0-74f0-87a2-848e4a0ecfd1,44,3548,3200384.0,{}
872,00003ca5-d4f0-74f0-87a2-848e4a0ecfd1,44,3548,3200384.0,{}
873,00003ca5-d4f0-74f0-87a2-848e4a0ecfd1,44,3548,2400288.0,{}
874,00003ca5-d4f0-74f0-87a2-848e4a0ecfd1,44,3548,2400288.0,{}
875,00003ca5-d4f0-74f0-87a2-848e4a0ecfd1,44,3548,2400288.0,{}
876,00003ca5-d4f0-74f0-87a2-848e4a0ecfd1,44,3548,1600192.0,{}
877,00003ca5-d4f0-74f0-87a2-848e4a0ecfd1,44,3548,1600192.0,{}
878,00003ca5-d4f0-74f0-87a2-848e4a0ecfd1,44,3548,1600192.0,{}
879,00003ca5-d4f0-74f0-87a2-848e4a0ecfd1,44,3548,1600192.0,{}
880,00003ca5-d4f0-74f0-87a2-848e4a0ecfd1,44,3548,1600192.0,{}
881,00003ca5-d4f0-74f0-87a2-848e4a0ecfd1,45,3548,3200384.0,{}
882,00003ca5-d4f0-74f0-87a2-848e4a0ecfd1,45,3548,2650318.0,{}
883,00003ca5-d4f0-74f0-87a2-848e4a0ecfd1,45,3548,2400288.0,{}
884,00003ca5-d4f0-74f0-87a2-848e4a0ecfd1,45,3548,2425291.0,{}
885,00003ca5-d4f0-74f0-87a2-848e4a0ecfd1,45,3548,2925351.0,{}
886,00003ca5-d4f0-74f0-87a2-848e4a0ecfd1,45,3548,1600192.0,{}
887,00003ca5-d4f0-74f0-87a2-848e4a0ecfd1,45,3548,1600192.0,{}
888,00003ca5-d4f0-74f0-87a2-848e4a0ecfd1,45,3548,1600192.0,{}
889,00003ca5-d4f0-74f0-87a2-848e4a0ecfd1,45,3548,1600192.0,{}
890,00003ca5-d4f0-74f0-87a2-848e4a0ecfd1,45,3548,1600192.0,{}
891,00003ca5-d4f0-74f0-87a2-848e4a0ecfd1,45,3548,1600192.0,{}
892,00003ca5-d4f0-74f0-87a2-848e4a0ecfd1,45,3548,1600192.0,{}
893,00003ca5-d4f0-74f0-87a2-848e4a0ecfd1,45,3548,1600192.0,{}
894,00003ca5-d4f0-74f0-87a2-848e4a0ecfd1,45,3548,1600192.0,{}
895,00003ca5-d4f0-74f0-87a2-848e4a0ecfd1,45,3548,1600192.0,{}
896,00003ca5-d4f0-74f0-87a2-848e4a0ecfd1,45,3548,2750330.0,{}
897,00003ca5-d4f0-74f0-87a2-848e4a0ecfd1,45,3548,2875345.0,{}
898,00003ca5-d4f0-74f0-87a2-848e4a0ecfd1,45,3548,2550306.0,{}
899,00003ca5-d4f0-74f0-87a2-848e4a0ecfd1,45,3548,2600312.0,{}
900,00003ca5-d4f0-74f0-87a2-848e4a0ecfd1,45,3548,2825339.0,{}
901,00003ca5-d4f0-74f0-87a2-848e4a0ecfd1,46,3548,3150378.0,{}
902,00003ca5-d4f0-74f0-87a2-848e4a0ecfd1,46,3548,2300276.0,{}
903,00003ca5-d4f0-74f0-87a2-848e4a0ecfd1,46,3548,3125375.0,{}
904,00003ca5-d4f0-74f0-87a2-848e4a0ecfd1,46,3548,2100252.0,{}
905,00003ca5-d4f0-74f0-87a2-848e4a0ecfd1,46,3548,2925351.0,{}
906,00003ca5-d4f0-74f0-87a2-848e4a0ecfd1,46,3548,1600192.0,{}
907,00003ca5-d4f0-74f0-87a2-848e4a0ecfd1,46,3548,1600192.0,{}
908,00003ca5-d4f0-74f0-87a2-848e4a0ecfd1,46,3548,1600192.0,{}
909,00003ca5-d4f0-74f0-87a2-848e4a0ecfd1,46,3548,1600192.0,{}
910,00003ca5-d4f0-74f0-87a2-848e4a0ecfd1,46,3548,1600192.0,{}
911,00003ca5-d4f0-74f0-87a2-848e4a0ecfd1,46,3548,1600192.0,{}
912,00003ca5-d4f0-74f0-87a2-848e4a0ecfd1,46,3548,1600192.0,{}
913,00003ca5-d4f0-74f0-87a2-848e4a0ecfd1,46,3548,1600192.0,{}
914,00003ca5-d4f0-74f0-87a2-848e4a0ecfd1,46,3548,1600192.0,{}
915,00003ca5-d4f0-74f0-87a2-848e4a0ecfd1,46,3548,1600192.0,{}
916,00003ca5-d4f0-74f0-87a2-848e4a0ecfd1,46,3548,2900348.0,{}
917,00003ca5-d4f0-74f0-87a2-848e4a0ecfd1,46,3548,2875345.0,{}
918,00003ca5-d4f0-74f0-87a2-848e4a0ecfd1,46,3548,2575309.0,{}
919,00003ca5-d4f0-74f0-87a2-848e4a0ecfd1,46,3548,2550306.0,{}
920,00003ca5-d4f0-74f0-87a2-848e4a0ecfd1,46,3548,2700324.0,{}
921,00003ca5-d4f0-74f0-87a2-848e4a0ecfd1,47,3548,2900348.0,{}
922,00003ca5-d4f0-74f0-87a2-848e4a0ecfd1,47,3548,2675321.0,{}
923,00003ca5-d4f0-74f0-87a2-848e4a0ecfd1,47,3548,2875345.0,{}
924,00003ca5-d4f0-74f0-87a2-848e4a0ecfd1,47,3548,2600312.0,{}
925,00003ca5-d4f0-74f0-87a2-848e4a0ecfd1,47,3548,2550306.0,{}
926,00003ca5-d4f0-74f0-87a2-848e4a0ecfd1,47,3548,1600192.0,{}
927,00003ca5-d4f0-74f0-87a2-848e4a0ecfd1,47,3548,1600192.0,{}
928,00003ca5-d4f0-74f0-87a2-848e4a0ecfd1,47,3548,1600192.0,{}
929,00003ca5-d4f0-74f0-87a2-848e4a0ecfd1,47,3548,1600192.0,{}
930,00003ca5-d4f0-74f0-87a2-848e4a0ecfd1,47,3548,1600192.0,{}
931,00003ca5-d4f0-74f0-87a2-848e4a0ecfd1,47,3548,3200384.0,{}
932,00003ca5-d4f0-74f0-87a2-848e4a0ecfd1,47,3548,2400288.0,{}
933,00003ca5-d4f0-74f0-87a2-848e4a0ecfd1,47,3548,2750330.0,{}
934,00003ca5-d4f0-74f0-87a2-848e4a0ecfd1,47,3548,2050246.0,{}
935,00003ca5-d4f0-74f0-87a2-848e4a0ecfd1,47,3548,3200384.0,{}
936,00003ca5-d4f0-74f0-87a2-848e4a0ecfd1,47,3548,1600192.0,{}
937,00003ca5-d4f0-74f0-87a2-848e4a0ecfd1,47,3548,1600192.0,{}
938,00003ca5-d4f0-74f0-87a2-848e4a0ecfd1,47,3548,1600192.0,{}
939,00003ca5-d4f0-74f0-87a2-848e4a0ecfd1,47,3548,1600192.0,{}
940,00003ca5-d4f0-74f0-87a2-848e4a0ecfd1,47,3548,1600192.0,{}
941,00003ca5-d4f0-74f0-87a2-848e4a0ecfd1,48,3548,2650318.0,{}
942,00003ca5-d4f0-74f0-87a2-848e4a0ecfd1,48,3548,3200384.0,{}
943,00003ca5-d4f0-74f0-87a2-848e4a0ecfd1,48,3548,2050246.0,{}
944,00003ca5-d4f0-74f0-87a2-848e4a0ecfd1,48,3548,2675321.0,{}
945,00003ca5-d4f0-74f0-87a2-848e4a0ecfd1,48,3548,3025363.0,{}
946,00003ca5-d4f0-74f0-87a2-848e4a0ecfd1,48,3548,1600192.0,{}
947,00003ca5-d4f0-74f0-87a2-848e4a0ecfd1,48,3548,1600192.0,{}
948,00003ca5-d4f0-74f0-87a2-848e4a0ecfd1,48,3548,1600192.0,{}
949,00003ca5-d4f0-74f0-87a2-848e4a0ecfd1,48,3548,1600192.0,{}
950,00003ca5-d4f0-74f0-87a2-848e4a0ecfd1,48,3548,1600192.0,{}
951,00003ca5-d4f0-74f0-87a2-848e4a0ecfd1,48,3548,2900348.0,{}
952,00003ca5-d4f0-74f0-87a2-848e4a0ecfd1,48,3548,2275273.0,{}
953,00003ca5-d4f0-74f0-87a2-848e4a0ecfd1,48,3548,2550306.0,{}
954,00003ca5-d4f0-74f0-87a2-848e4a0ecfd1,48,3548,2925351.0,{}
955,00003ca5-d4f0-74f0-87a2-848e4a0ecfd1,48,3548,2950354.0,{}
956,00003ca5-d4f0-74f0-87a2-848e4a0ecfd1,48,3548,1600192.0,{}
957,00003ca5-d4f0-74f0-87a2-848e4a0ecfd1,48,3548,1600192.0,{}
958,00003ca5-d4f0-74f0-87a2-848e4a0ecfd1,48,3548,1600192.0,{}
959,00003ca5-d4f0-74f0-87a2-848e4a0ecfd1,48,3548,1600192.0,{}
960,00003ca5-d4f0-74f0-87a2-848e4a0ecfd1,48,3548,1600192.0,{}

=== TABLE: top_kernels ===name,total_calls,total_duration,average,percentage
gemm_gate_up_mq4g256_lloyd_wmma,39,105465.436,2704.241,99.8980459714197
__amd_rocclr_fillBufferAligned,6,87.716,14.619,0.0830855807624884
convert_f32_to_f16,3,19.92,6.64,0.0188684478178299

