=== TABLE: busy ===agent_id,type,GpuTime,WallTime,Busy
1,GPU,105133256,2675335793,0.0392972187921533

=== TABLE: rocpd_info_kernel_symbol ===id,guid,nid,pid,code_object_id,kernel_name,display_name,kernel_object,kernarg_segment_size,kernarg_segment_alignment,group_segment_size,private_segment_size,sgpr_count,arch_vgpr_count,accum_vgpr_count,extdata
1,00003c59-972f-772f-8b94-d7fc91e3aa7a,1655282045,1258216,1,__amd_rocclr_initHeap.kd,__amd_rocclr_initHeap,137507981583104,24,16,0,0,128,16,0,"{""size"":88,""kernel_id"":1,""code_object_id"":1,""kernel_name"":""__amd_rocclr_initHeap.kd"",""kernel_object"":137507981583104,""kernarg_segment_size"":24,""kernarg_segment_alignment"":16,""group_segment_size"":0,""private_segment_size"":0,""sgpr_count"":128,""arch_vgpr_count"":16,""accum_vgpr_count"":0,""kernel_code_entry_byte_offset"":16896,""kernel_address"":{""handle"":137507981600000},""formatted_kernel_name"":""__amd_rocclr_initHeap"",""demangled_kernel_name"":""__amd_rocclr_initHeap.kd"",""truncated_kernel_name"":""__amd_rocclr_initHeap.kd""}"
2,00003c59-972f-772f-8b94-d7fc91e3aa7a,1655282045,1258216,1,__amd_rocclr_streamOpsWait.kd,__amd_rocclr_streamOpsWait,137507981583040,40,16,0,0,128,8,0,"{""size"":88,""kernel_id"":2,""code_object_id"":1,""kernel_name"":""__amd_rocclr_streamOpsWait.kd"",""kernel_object"":137507981583040,""kernarg_segment_size"":40,""kernarg_segment_alignment"":16,""group_segment_size"":0,""private_segment_size"":0,""sgpr_count"":128,""arch_vgpr_count"":8,""accum_vgpr_count"":0,""kernel_code_entry_byte_offset"":16192,""kernel_address"":{""handle"":137507981599232},""formatted_kernel_name"":""__amd_rocclr_streamOpsWait"",""demangled_kernel_name"":""__amd_rocclr_streamOpsWait.kd"",""truncated_kernel_name"":""__amd_rocclr_streamOpsWait.kd""}"
3,00003c59-972f-772f-8b94-d7fc91e3aa7a,1655282045,1258216,1,__amd_rocclr_streamOpsDecrement.kd,__amd_rocclr_streamOpsDecrement,137507981582976,24,16,0,0,128,8,0,"{""size"":88,""kernel_id"":3,""code_object_id"":1,""kernel_name"":""__amd_rocclr_streamOpsDecrement.kd"",""kernel_object"":137507981582976,""kernarg_segment_size"":24,""kernarg_segment_alignment"":16,""group_segment_size"":0,""private_segment_size"":0,""sgpr_count"":128,""arch_vgpr_count"":8,""accum_vgpr_count"":0,""kernel_code_entry_byte_offset"":16000,""kernel_address"":{""handle"":137507981598976},""formatted_kernel_name"":""__amd_rocclr_streamOpsDecrement"",""demangled_kernel_name"":""__amd_rocclr_streamOpsDecrement.kd"",""truncated_kernel_name"":""__amd_rocclr_streamOpsDecrement.kd""}"
4,00003c59-972f-772f-8b94-d7fc91e3aa7a,1655282045,1258216,1,__amd_rocclr_streamOpsIncrement.kd,__amd_rocclr_streamOpsIncrement,137507981582912,24,16,0,0,128,8,0,"{""size"":88,""kernel_id"":4,""code_object_id"":1,""kernel_name"":""__amd_rocclr_streamOpsIncrement.kd"",""kernel_object"":137507981582912,""kernarg_segment_size"":24,""kernarg_segment_alignment"":16,""group_segment_size"":0,""private_segment_size"":0,""sgpr_count"":128,""arch_vgpr_count"":8,""accum_vgpr_count"":0,""kernel_code_entry_byte_offset"":15808,""kernel_address"":{""handle"":137507981598720},""formatted_kernel_name"":""__amd_rocclr_streamOpsIncrement"",""demangled_kernel_name"":""__amd_rocclr_streamOpsIncrement.kd"",""truncated_kernel_name"":""__amd_rocclr_streamOpsIncrement.kd""}"
5,00003c59-972f-772f-8b94-d7fc91e3aa7a,1655282045,1258216,1,__amd_rocclr_fillBufferAligned.kd,__amd_rocclr_fillBufferAligned,137507981582080,40,16,0,0,128,16,0,"{""size"":88,""kernel_id"":5,""code_object_id"":1,""kernel_name"":""__amd_rocclr_fillBufferAligned.kd"",""kernel_object"":137507981582080,""kernarg_segment_size"":40,""kernarg_segment_alignment"":16,""group_segment_size"":0,""private_segment_size"":0,""sgpr_count"":128,""arch_vgpr_count"":16,""accum_vgpr_count"":0,""kernel_code_entry_byte_offset"":5376,""kernel_address"":{""handle"":137507981587456},""formatted_kernel_name"":""__amd_rocclr_fillBufferAligned"",""demangled_kernel_name"":""__amd_rocclr_fillBufferAligned.kd"",""truncated_kernel_name"":""__amd_rocclr_fillBufferAligned.kd""}"
6,00003c59-972f-772f-8b94-d7fc91e3aa7a,1655282045,1258216,1,__amd_rocclr_copyBufferToImage.kd,__amd_rocclr_copyBufferToImage,137507981582720,416,16,0,0,128,16,0,"{""size"":88,""kernel_id"":6,""code_object_id"":1,""kernel_name"":""__amd_rocclr_copyBufferToImage.kd"",""kernel_object"":137507981582720,""kernarg_segment_size"":416,""kernarg_segment_alignment"":16,""group_segment_size"":0,""private_segment_size"":0,""sgpr_count"":128,""arch_vgpr_count"":16,""accum_vgpr_count"":0,""kernel_code_entry_byte_offset"":13184,""kernel_address"":{""handle"":137507981595904},""formatted_kernel_name"":""__amd_rocclr_copyBufferToImage"",""demangled_kernel_name"":""__amd_rocclr_copyBufferToImage.kd"",""truncated_kernel_name"":""__amd_rocclr_copyBufferToImage.kd""}"
7,00003c59-972f-772f-8b94-d7fc91e3aa7a,1655282045,1258216,1,__amd_rocclr_copyBufferAligned.kd,__amd_rocclr_copyBufferAligned,137507981582272,304,16,0,0,128,8,0,"{""size"":88,""kernel_id"":7,""code_object_id"":1,""kernel_name"":""__amd_rocclr_copyBufferAligned.kd"",""kernel_object"":137507981582272,""kernarg_segment_size"":304,""kernarg_segment_alignment"":16,""group_segment_size"":0,""private_segment_size"":0,""sgpr_count"":128,""arch_vgpr_count"":8,""accum_vgpr_count"":0,""kernel_code_entry_byte_offset"":8256,""kernel_address"":{""handle"":137507981590528},""formatted_kernel_name"":""__amd_rocclr_copyBufferAligned"",""demangled_kernel_name"":""__amd_rocclr_copyBufferAligned.kd"",""truncated_kernel_name"":""__amd_rocclr_copyBufferAligned.kd""}"
8,00003c59-972f-772f-8b94-d7fc91e3aa7a,1655282045,1258216,1,__amd_rocclr_fillBufferAligned2D.kd,__amd_rocclr_fillBufferAligned2D,137507981582144,336,16,0,0,128,8,0,"{""size"":88,""kernel_id"":8,""code_object_id"":1,""kernel_name"":""__amd_rocclr_fillBufferAligned2D.kd"",""kernel_object"":137507981582144,""kernarg_segment_size"":336,""kernarg_segment_alignment"":16,""group_segment_size"":0,""private_segment_size"":0,""sgpr_count"":128,""arch_vgpr_count"":8,""accum_vgpr_count"":0,""kernel_code_entry_byte_offset"":6848,""kernel_address"":{""handle"":137507981588992},""formatted_kernel_name"":""__amd_rocclr_fillBufferAligned2D"",""demangled_kernel_name"":""__amd_rocclr_fillBufferAligned2D.kd"",""truncated_kernel_name"":""__amd_rocclr_fillBufferAligned2D.kd""}"
9,00003c59-972f-772f-8b94-d7fc91e3aa7a,1655282045,1258216,1,__amd_rocclr_copyBufferRect.kd,__amd_rocclr_copyBufferRect,137507981582336,384,16,0,0,128,16,0,"{""size"":88,""kernel_id"":9,""code_object_id"":1,""kernel_name"":""__amd_rocclr_copyBufferRect.kd"",""kernel_object"":137507981582336,""kernarg_segment_size"":384,""kernarg_segment_alignment"":16,""group_segment_size"":0,""private_segment_size"":0,""sgpr_count"":128,""arch_vgpr_count"":16,""accum_vgpr_count"":0,""kernel_code_entry_byte_offset"":8704,""kernel_address"":{""handle"":137507981591040},""formatted_kernel_name"":""__amd_rocclr_copyBufferRect"",""demangled_kernel_name"":""__amd_rocclr_copyBufferRect.kd"",""truncated_kernel_name"":""__amd_rocclr_copyBufferRect.kd""}"
10,00003c59-972f-772f-8b94-d7fc91e3aa7a,1655282045,1258216,1,__amd_rocclr_copyBufferRectAligned.kd,__amd_rocclr_copyBufferRectAligned,137507981582400,384,16,0,0,128,16,0,"{""size"":88,""kernel_id"":10,""code_object_id"":1,""kernel_name"":""__amd_rocclr_copyBufferRectAligned.kd"",""kernel_object"":137507981582400,""kernarg_segment_size"":384,""kernarg_segment_alignment"":16,""group_segment_size"":0,""private_segment_size"":0,""sgpr_count"":128,""arch_vgpr_count"":16,""accum_vgpr_count"":0,""kernel_code_entry_byte_offset"":9152,""kernel_address"":{""handle"":137507981591552},""formatted_kernel_name"":""__amd_rocclr_copyBufferRectAligned"",""demangled_kernel_name"":""__amd_rocclr_copyBufferRectAligned.kd"",""truncated_kernel_name"":""__amd_rocclr_copyBufferRectAligned.kd""}"
11,00003c59-972f-772f-8b94-d7fc91e3aa7a,1655282045,1258216,1,__amd_rocclr_batchMemOp.kd,__amd_rocclr_batchMemOp,137507981582464,272,16,0,0,128,8,0,"{""size"":88,""kernel_id"":11,""code_object_id"":1,""kernel_name"":""__amd_rocclr_batchMemOp.kd"",""kernel_object"":137507981582464,""kernarg_segment_size"":272,""kernarg_segment_alignment"":16,""group_segment_size"":0,""private_segment_size"":0,""sgpr_count"":128,""arch_vgpr_count"":8,""accum_vgpr_count"":0,""kernel_code_entry_byte_offset"":9856,""kernel_address"":{""handle"":137507981592320},""formatted_kernel_name"":""__amd_rocclr_batchMemOp"",""demangled_kernel_name"":""__amd_rocclr_batchMemOp.kd"",""truncated_kernel_name"":""__amd_rocclr_batchMemOp.kd""}"
12,00003c59-972f-772f-8b94-d7fc91e3aa7a,1655282045,1258216,1,__amd_rocclr_fillImage.kd,__amd_rocclr_fillImage,137507981582528,360,16,0,0,128,16,0,"{""size"":88,""kernel_id"":12,""code_object_id"":1,""kernel_name"":""__amd_rocclr_fillImage.kd"",""kernel_object"":137507981582528,""kernarg_segment_size"":360,""kernarg_segment_alignment"":16,""group_segment_size"":0,""private_segment_size"":0,""sgpr_count"":128,""arch_vgpr_count"":16,""accum_vgpr_count"":0,""kernel_code_entry_byte_offset"":11584,""kernel_address"":{""handle"":137507981594112},""formatted_kernel_name"":""__amd_rocclr_fillImage"",""demangled_kernel_name"":""__amd_rocclr_fillImage.kd"",""truncated_kernel_name"":""__amd_rocclr_fillImage.kd""}"
13,00003c59-972f-772f-8b94-d7fc91e3aa7a,1655282045,1258216,1,__amd_rocclr_copyBuffer.kd,__amd_rocclr_copyBuffer,137507981582208,48,16,0,0,128,16,0,"{""size"":88,""kernel_id"":13,""code_object_id"":1,""kernel_name"":""__amd_rocclr_copyBuffer.kd"",""kernel_object"":137507981582208,""kernarg_segment_size"":48,""kernarg_segment_alignment"":16,""group_segment_size"":0,""private_segment_size"":0,""sgpr_count"":128,""arch_vgpr_count"":16,""accum_vgpr_count"":0,""kernel_code_entry_byte_offset"":7552,""kernel_address"":{""handle"":137507981589760},""formatted_kernel_name"":""__amd_rocclr_copyBuffer"",""demangled_kernel_name"":""__amd_rocclr_copyBuffer.kd"",""truncated_kernel_name"":""__amd_rocclr_copyBuffer.kd""}"
14,00003c59-972f-772f-8b94-d7fc91e3aa7a,1655282045,1258216,1,__amd_rocclr_streamOpsWrite.kd,__amd_rocclr_streamOpsWrite,137507981582848,24,16,0,0,128,8,0,"{""size"":88,""kernel_id"":14,""code_object_id"":1,""kernel_name"":""__amd_rocclr_streamOpsWrite.kd"",""kernel_object"":137507981582848,""kernarg_segment_size"":24,""kernarg_segment_alignment"":16,""group_segment_size"":0,""private_segment_size"":0,""sgpr_count"":128,""arch_vgpr_count"":8,""accum_vgpr_count"":0,""kernel_code_entry_byte_offset"":15616,""kernel_address"":{""handle"":137507981598464},""formatted_kernel_name"":""__amd_rocclr_streamOpsWrite"",""demangled_kernel_name"":""__amd_rocclr_streamOpsWrite.kd"",""truncated_kernel_name"":""__amd_rocclr_streamOpsWrite.kd""}"
15,00003c59-972f-772f-8b94-d7fc91e3aa7a,1655282045,1258216,1,__amd_rocclr_copyImage.kd,__amd_rocclr_copyImage,137507981582592,320,16,0,0,128,8,0,"{""size"":88,""kernel_id"":15,""code_object_id"":1,""kernel_name"":""__amd_rocclr_copyImage.kd"",""kernel_object"":137507981582592,""kernarg_segment_size"":320,""kernarg_segment_alignment"":16,""group_segment_size"":0,""private_segment_size"":0,""sgpr_count"":128,""arch_vgpr_count"":8,""accum_vgpr_count"":0,""kernel_code_entry_byte_offset"":12288,""kernel_address"":{""handle"":137507981594880},""formatted_kernel_name"":""__amd_rocclr_copyImage"",""demangled_kernel_name"":""__amd_rocclr_copyImage.kd"",""truncated_kernel_name"":""__amd_rocclr_copyImage.kd""}"
16,00003c59-972f-772f-8b94-d7fc91e3aa7a,1655282045,1258216,1,__amd_rocclr_copyImage1DA.kd,__amd_rocclr_copyImage1DA,137507981582656,320,16,0,0,128,8,0,"{""size"":88,""kernel_id"":16,""code_object_id"":1,""kernel_name"":""__amd_rocclr_copyImage1DA.kd"",""kernel_object"":137507981582656,""kernarg_segment_size"":320,""kernarg_segment_alignment"":16,""group_segment_size"":0,""private_segment_size"":0,""sgpr_count"":128,""arch_vgpr_count"":8,""accum_vgpr_count"":0,""kernel_code_entry_byte_offset"":12736,""kernel_address"":{""handle"":137507981595392},""formatted_kernel_name"":""__amd_rocclr_copyImage1DA"",""demangled_kernel_name"":""__amd_rocclr_copyImage1DA.kd"",""truncated_kernel_name"":""__amd_rocclr_copyImage1DA.kd""}"
17,00003c59-972f-772f-8b94-d7fc91e3aa7a,1655282045,1258216,1,__amd_rocclr_copyImageToBuffer.kd,__amd_rocclr_copyImageToBuffer,137507981582784,416,16,0,0,128,16,0,"{""size"":88,""kernel_id"":17,""code_object_id"":1,""kernel_name"":""__amd_rocclr_copyImageToBuffer.kd"",""kernel_object"":137507981582784,""kernarg_segment_size"":416,""kernarg_segment_alignment"":16,""group_segment_size"":0,""private_segment_size"":0,""sgpr_count"":128,""arch_vgpr_count"":16,""accum_vgpr_count"":0,""kernel_code_entry_byte_offset"":14400,""kernel_address"":{""handle"":137507981597184},""formatted_kernel_name"":""__amd_rocclr_copyImageToBuffer"",""demangled_kernel_name"":""__amd_rocclr_copyImageToBuffer.kd"",""truncated_kernel_name"":""__amd_rocclr_copyImageToBuffer.kd""}"
18,00003c59-972f-772f-8b94-d7fc91e3aa7a,1655282045,1258216,2,gemm_gate_up_mq4g256_lloyd_wmma.kd,gemm_gate_up_mq4g256_lloyd_wmma,137507981428672,56,16,512,0,128,96,0,"{""size"":88,""kernel_id"":18,""code_object_id"":2,""kernel_name"":""gemm_gate_up_mq4g256_lloyd_wmma.kd"",""kernel_object"":137507981428672,""kernarg_segment_size"":56,""kernarg_segment_alignment"":16,""group_segment_size"":512,""private_segment_size"":0,""sgpr_count"":128,""arch_vgpr_count"":96,""accum_vgpr_count"":0,""kernel_code_entry_byte_offset"":4160,""kernel_address"":{""handle"":137507981432832},""formatted_kernel_name"":""gemm_gate_up_mq4g256_lloyd_wmma"",""demangled_kernel_name"":""gemm_gate_up_mq4g256_lloyd_wmma.kd"",""truncated_kernel_name"":""gemm_gate_up_mq4g256_lloyd_wmma.kd""}"
19,00003c59-972f-772f-8b94-d7fc91e3aa7a,1655282045,1258216,3,gemm_hfq4g256_residual_fp16.kd,gemm_hfq4g256_residual_fp16,137507981347328,36,16,0,0,128,104,0,"{""size"":88,""kernel_id"":19,""code_object_id"":3,""kernel_name"":""gemm_hfq4g256_residual_fp16.kd"",""kernel_object"":137507981347328,""kernarg_segment_size"":36,""kernarg_segment_alignment"":16,""group_segment_size"":0,""private_segment_size"":0,""sgpr_count"":128,""arch_vgpr_count"":104,""accum_vgpr_count"":0,""kernel_code_entry_byte_offset"":4608,""kernel_address"":{""handle"":137507981351936},""formatted_kernel_name"":""gemm_hfq4g256_residual_fp16"",""demangled_kernel_name"":""gemm_hfq4g256_residual_fp16.kd"",""truncated_kernel_name"":""gemm_hfq4g256_residual_fp16.kd""}"
20,00003c59-972f-772f-8b94-d7fc91e3aa7a,1655282045,1258216,3,convert_f32_to_f16.kd,convert_f32_to_f16,137507981347264,20,16,0,0,128,8,0,"{""size"":88,""kernel_id"":20,""code_object_id"":3,""kernel_name"":""convert_f32_to_f16.kd"",""kernel_object"":137507981347264,""kernarg_segment_size"":20,""kernarg_segment_alignment"":16,""group_segment_size"":0,""private_segment_size"":0,""sgpr_count"":128,""arch_vgpr_count"":8,""accum_vgpr_count"":0,""kernel_code_entry_byte_offset"":4416,""kernel_address"":{""handle"":137507981351680},""formatted_kernel_name"":""convert_f32_to_f16"",""demangled_kernel_name"":""convert_f32_to_f16.kd"",""truncated_kernel_name"":""convert_f32_to_f16.kd""}"
21,00003c59-972f-772f-8b94-d7fc91e3aa7a,1655282045,1258216,4,gemm_gate_up_mq4g256_lloyd_wmma.kd,gemm_gate_up_mq4g256_lloyd_wmma,137507969501120,56,16,512,0,128,96,0,"{""size"":88,""kernel_id"":21,""code_object_id"":4,""kernel_name"":""gemm_gate_up_mq4g256_lloyd_wmma.kd"",""kernel_object"":137507969501120,""kernarg_segment_size"":56,""kernarg_segment_alignment"":16,""group_segment_size"":512,""private_segment_size"":0,""sgpr_count"":128,""arch_vgpr_count"":96,""accum_vgpr_count"":0,""kernel_code_entry_byte_offset"":4160,""kernel_address"":{""handle"":137507969505280},""formatted_kernel_name"":""gemm_gate_up_mq4g256_lloyd_wmma"",""demangled_kernel_name"":""gemm_gate_up_mq4g256_lloyd_wmma.kd"",""truncated_kernel_name"":""gemm_gate_up_mq4g256_lloyd_wmma.kd""}"
22,00003c59-972f-772f-8b94-d7fc91e3aa7a,1655282045,1258216,5,gemm_hfq4g256_residual_fp16.kd,gemm_hfq4g256_residual_fp16,137507969419776,36,16,0,0,128,104,0,"{""size"":88,""kernel_id"":22,""code_object_id"":5,""kernel_name"":""gemm_hfq4g256_residual_fp16.kd"",""kernel_object"":137507969419776,""kernarg_segment_size"":36,""kernarg_segment_alignment"":16,""group_segment_size"":0,""private_segment_size"":0,""sgpr_count"":128,""arch_vgpr_count"":104,""accum_vgpr_count"":0,""kernel_code_entry_byte_offset"":4608,""kernel_address"":{""handle"":137507969424384},""formatted_kernel_name"":""gemm_hfq4g256_residual_fp16"",""demangled_kernel_name"":""gemm_hfq4g256_residual_fp16.kd"",""truncated_kernel_name"":""gemm_hfq4g256_residual_fp16.kd""}"
23,00003c59-972f-772f-8b94-d7fc91e3aa7a,1655282045,1258216,5,convert_f32_to_f16.kd,convert_f32_to_f16,137507969419712,20,16,0,0,128,8,0,"{""size"":88,""kernel_id"":23,""code_object_id"":5,""kernel_name"":""convert_f32_to_f16.kd"",""kernel_object"":137507969419712,""kernarg_segment_size"":20,""kernarg_segment_alignment"":16,""group_segment_size"":0,""private_segment_size"":0,""sgpr_count"":128,""arch_vgpr_count"":8,""accum_vgpr_count"":0,""kernel_code_entry_byte_offset"":4416,""kernel_address"":{""handle"":137507969424128},""formatted_kernel_name"":""convert_f32_to_f16"",""demangled_kernel_name"":""convert_f32_to_f16.kd"",""truncated_kernel_name"":""convert_f32_to_f16.kd""}"
24,00003c59-972f-772f-8b94-d7fc91e3aa7a,1655282045,1258216,6,gemm_gate_up_mq4g256_lloyd_wmma.kd,gemm_gate_up_mq4g256_lloyd_wmma,137507969337280,56,16,512,0,128,96,0,"{""size"":88,""kernel_id"":24,""code_object_id"":6,""kernel_name"":""gemm_gate_up_mq4g256_lloyd_wmma.kd"",""kernel_object"":137507969337280,""kernarg_segment_size"":56,""kernarg_segment_alignment"":16,""group_segment_size"":512,""private_segment_size"":0,""sgpr_count"":128,""arch_vgpr_count"":96,""accum_vgpr_count"":0,""kernel_code_entry_byte_offset"":4160,""kernel_address"":{""handle"":137507969341440},""formatted_kernel_name"":""gemm_gate_up_mq4g256_lloyd_wmma"",""demangled_kernel_name"":""gemm_gate_up_mq4g256_lloyd_wmma.kd"",""truncated_kernel_name"":""gemm_gate_up_mq4g256_lloyd_wmma.kd""}"
25,00003c59-972f-772f-8b94-d7fc91e3aa7a,1655282045,1258216,7,gemm_hfq4g256_residual_fp16.kd,gemm_hfq4g256_residual_fp16,137507969255936,36,16,0,0,128,104,0,"{""size"":88,""kernel_id"":25,""code_object_id"":7,""kernel_name"":""gemm_hfq4g256_residual_fp16.kd"",""kernel_object"":137507969255936,""kernarg_segment_size"":36,""kernarg_segment_alignment"":16,""group_segment_size"":0,""private_segment_size"":0,""sgpr_count"":128,""arch_vgpr_count"":104,""accum_vgpr_count"":0,""kernel_code_entry_byte_offset"":4608,""kernel_address"":{""handle"":137507969260544},""formatted_kernel_name"":""gemm_hfq4g256_residual_fp16"",""demangled_kernel_name"":""gemm_hfq4g256_residual_fp16.kd"",""truncated_kernel_name"":""gemm_hfq4g256_residual_fp16.kd""}"
26,00003c59-972f-772f-8b94-d7fc91e3aa7a,1655282045,1258216,7,convert_f32_to_f16.kd,convert_f32_to_f16,137507969255872,20,16,0,0,128,8,0,"{""size"":88,""kernel_id"":26,""code_object_id"":7,""kernel_name"":""convert_f32_to_f16.kd"",""kernel_object"":137507969255872,""kernarg_segment_size"":20,""kernarg_segment_alignment"":16,""group_segment_size"":0,""private_segment_size"":0,""sgpr_count"":128,""arch_vgpr_count"":8,""accum_vgpr_count"":0,""kernel_code_entry_byte_offset"":4416,""kernel_address"":{""handle"":137507969260288},""formatted_kernel_name"":""convert_f32_to_f16"",""demangled_kernel_name"":""convert_f32_to_f16.kd"",""truncated_kernel_name"":""convert_f32_to_f16.kd""}"

=== TABLE: rocpd_info_pmc ===id,guid,nid,pid,agent_id,target_arch,event_code,instance_id,name,symbol,description,long_description,component,units,value_type,block,expression,is_constant,is_derived,extdata
2169,00003c59-972f-772f-8b94-d7fc91e3aa7a,1655282045,1258216,1,GPU,,,GPUBusy,GPUBusy,"The percentage of time GPU was busy.","",rocm,"",ABS,"","100*reduce(GRBM_GUI_ACTIVE,max)/reduce(GRBM_COUNT,max)",0,1,"{""size"":312,""id"":{""handle"":14091},""type"":2,""cpu_cores_count"":0,""simd_count"":80,""mem_banks_count"":1,""caches_count"":86,""io_links_count"":1,""cpu_core_id_base"":0,""simd_id_base"":2147487744,""max_waves_per_simd"":16,""lds_size_in_kb"":64,""gds_size_in_kb"":0,""num_gws"":64,""wave_front_size"":32,""num_xcc"":1,""cu_count"":40,""array_count"":4,""num_shader_banks"":2,""simd_arrays_per_engine"":2,""cu_per_simd_array"":10,""simd_per_cu"":2,""max_slots_scratch_cu"":32,""gfx_target_version"":110501,""vendor_id"":4098,""device_id"":5510,""location_id"":50432,""domain"":0,""drm_render_minor"":128,""num_sdma_engines"":1,""num_sdma_xgmi_engines"":0,""num_sdma_queues_per_engine"":6,""num_cp_queues"":8,""max_engine_clk_ccompute"":5187,""max_engine_clk_fcompute"":2900,""sdma_fw_version"":{""uCodeSDMA"":14,""uCodeRes"":0},""fw_version"":{""uCode"":32,""Major"":0,""Minor"":0,""Stepping"":0},""capability"":{""HotPluggable"":0,""HSAMMUPresent"":0,""SharedWithGraphics"":0,""QueueSizePowerOfTwo"":0,""QueueSize32bit"":0,""QueueIdleEvent"":0,""VALimit"":0,""WatchPointsSupported"":1,""WatchPointsTotalBits"":2,""DoorbellType"":2,""AQLQueueDoubleMap"":0,""DebugTrapSupported"":1,""WaveLaunchTrapOverrideSupported"":1,""WaveLaunchModeSupported"":1,""PreciseMemoryOperationsSupported"":0,""DEPRECATED_SRAM_EDCSupport"":0,""Mem_EDCSupport"":0,""RASEventNotify"":0,""ASICRevision"":0,""SRAM_EDCSupport"":0,""SVMAPISupported"":1,""CoherentHostAccess"":0,""DebugSupportedFirmware"":1},""cu_per_engine"":20,""max_waves_per_cu"":32,""family_id"":150,""workgroup_max_size"":1024,""grid_max_size"":4294967295,""local_mem_size"":0,""hive_id"":0,""gpu_id"":35128,""workgroup_max_dim"":{""x"":1024,""y"":1024,""z"":1024},""grid_max_dim"":{""x"":2147483647,""y"":65535,""z"":65535},""name"":""gfx1151"",""vendor_name"":""AMD"",""product_name"":""Radeon 8060S Graphics"",""model_name"":""ip discovery"",""node_id"":1,""logical_node_id"":1,""logical_node_type_id"":0,""runtime_visibility"":{""hsa"":1,""hip"":1,""rccl"":1,""rocdecode"":1},""uuid"":{""bytes"":{""value0"":0,""value1"":0,""value2"":0,""value3"":0,""value4"":0,""value5"":0,""value6"":0,""value7"":0,""value8"":0,""value9"":0,""value10"":0,""value11"":0,""value12"":0,""value13"":0,""value14"":0,""value15"":0}},""mem_banks"":[{""heap_type"":1,""flags"":{""HotPluggable"":0,""NonVolatile"":0},""width"":256,""mem_clk_max"":1000,""size_in_bytes"":137438953472}],""caches"":[{""processor_id_low"":2147487744,""size"":32,""level"":1,""cache_line_size"":128,""cache_lines_per_tag"":0,""association"":0,""latency"":0,""type"":{""Data"":1,""Instruction"":0,""CPU"":0,""HSACU"":1}},{""processor_id_low"":2147487745,""size"":32,""level"":1,""cache_line_size"":128,""cache_lines_per_tag"":0,""association"":0,""latency"":0,""type"":{""Data"":1,""Instruction"":0,""CPU"":0,""HSACU"":1}},{""processor_id_low"":2147487746,""size"":32,""level"":1,""cache_line_size"":128,""cache_lines_per_tag"":0,""association"":0,""latency"":0,""type"":{""Data"":1,""Instruction"":0,""CPU"":0,""HSACU"":1}},{""processor_id_low"":2147487747,""size"":32,""level"":1,""cache_line_size"":128,""cache_lines_per_tag"":0,""association"":0,""latency"":0,""type"":{""Data"":1,""Instruction"":0,""CPU"":0,""HSACU"":1}},{""processor_id_low"":2147487748,""size"":32,""level"":1,""cache_line_size"":128,""cache_lines_per_tag"":0,""association"":0,""latency"":0,""type"":{""Data"":1,""Instruction"":0,""CPU"":0,""HSACU"":1}},{""processor_id_low"":2147487749,""size"":32,""level"":1,""cache_line_size"":128,""cache_lines_per_tag"":0,""association"":0,""latency"":0,""type"":{""Data"":1,""Instruction"":0,""CPU"":0,""HSACU"":1}},{""processor_id_low"":2147487750,""size"":32,""level"":1,""cache_line_size"":128,""cache_lines_per_tag"":0,""association"":0,""latency"":0,""type"":{""Data"":1,""Instruction"":0,""CPU"":0,""HSACU"":1}},{""processor_id_low"":2147487751,""size"":32,""level"":1,""cache_line_size"":128,""cache_lines_per_tag"":0,""association"":0,""latency"":0,""type"":{""Data"":1,""Instruction"":0,""CPU"":0,""HSACU"":1}},{""processor_id_low"":2147487752,""size"":32,""level"":1,""cache_line_size"":128,""cache_lines_per_tag"":0,""association"":0,""latency"":0,""type"":{""Data"":1,""Instruction"":0,""CPU"":0,""HSACU"":1}},{""processor_id_low"":2147487753,""size"":32,""level"":1,""cache_line_size"":128,""cache_lines_per_tag"":0,""association"":0,""latency"":0,""type"":{""Data"":1,""Instruction"":0,""CPU"":0,""HSACU"":1}},{""processor_id_low"":2147487754,""size"":32,""level"":1,""cache_line_size"":128,""cache_lines_per_tag"":0,""association"":0,""latency"":0,""type"":{""Data"":1,""Instruction"":0,""CPU"":0,""HSACU"":1}},{""processor_id_low"":2147487755,""size"":32,""level"":1,""cache_line_size"":128,""cache_lines_per_tag"":0,""association"":0,""latency"":0,""type"":{""Data"":1,""Instruction"":0,""CPU"":0,""HSACU"":1}},{""processor_id_low"":2147487756,""size"":32,""level"":1,""cache_line_size"":128,""cache_lines_per_tag"":0,""association"":0,""latency"":0,""type"":{""Data"":1,""Instruction"":0,""CPU"":0,""HSACU"":1}},{""processor_id_low"":2147487757,""size"":32,""level"":1,""cache_line_size"":128,""cache_lines_per_tag"":0,""association"":0,""latency"":0,""type"":{""Data"":1,""Instruction"":0,""CPU"":0,""HSACU"":1}},{""processor_id_low"":2147487758,""size"":32,""level"":1,""cache_line_size"":128,""cache_lines_per_tag"":0,""association"":0,""latency"":0,""type"":{""Data"":1,""Instruction"":0,""CPU"":0,""HSACU"":1}},{""processor_id_low"":2147487759,""size"":32,""level"":1,""cache_line_size"":128,""cache_lines_per_tag"":0,""association"":0,""latency"":0,""type"":{""Data"":1,""Instruction"":0,""CPU"":0,""HSACU"":1}},{""processor_id_low"":2147487760,""size"":32,""level"":1,""cache_line_size"":128,""cache_lines_per_tag"":0,""association"":0,""latency"":0,""type"":{""Data"":1,""Instruction"":0,""CPU"":0,""HSACU"":1}},{""processor_id_low"":2147487761,""size"":32,""level"":1,""cache_line_size"":128,""cache_lines_per_tag"":0,""association"":0,""latency"":0,""type"":{""Data"":1,""Instruction"":0,""CPU"":0,""HSACU"":1}},{""processor_id_low"":2147487762,""size"":32,""level"":1,""cache_line_size"":128,""cache_lines_per_tag"":0,""association"":0,""latency"":0,""type"":{""Data"":1,""Instruction"":0,""CPU"":0,""HSACU"":1}},{""processor_id_low"":2147487763,""size"":32,""level"":1,""cache_line_size"":128,""cache_lines_per_tag"":0,""association"":0,""latency"":0,""type"":{""Data"":1,""Instruction"":0,""CPU"":0,""HSACU"":1}},{""processor_id_low"":2147487764,""size"":32,""level"":1,""cache_line_size"":128,""cache_lines_per_tag"":0,""association"":0,""latency"":0,""type"":{""Data"":1,""Instruction"":0,""CPU"":0,""HSACU"":1}},{""processor_id_low"":2147487765,""size"":32,""level"":1,""cache_line_size"":128,""cache_lines_per_tag"":0,""association"":0,""latency"":0,""type"":{""Data"":1,""Instruction"":0,""CPU"":0,""HSACU"":1}},{""processor_id_low"":2147487766,""size"":32,""level"":1,""cache_line_size"":128,""cache_lines_per_tag"":0,""association"":0,""latency"":0,""type"":{""Data"":1,""Instruction"":0,""CPU"":0,""HSACU"":1}},{""processor_id_low"":2147487767,""size"":32,""level"":1,""cache_line_size"":128,""cache_lines_per_tag"":0,""association"":0,""latency"":0,""type"":{""Data"":1,""Instruction"":0,""CPU"":0,""HSACU"":1}},{""processor_id_low"":2147487768,""size"":32,""level"":1,""cache_line_size"":128,""cache_lines_per_tag"":0,""association"":0,""latency"":0,""type"":{""Data"":1,""Instruction"":0,""CPU"":0,""HSACU"":1}},{""processor_id_low"":2147487769,""size"":32,""level"":1,""cache_line_size"":128,""cache_lines_per_tag"":0,""association"":0,""latency"":0,""type"":{""Data"":1,""Instruction"":0,""CPU"":0,""HSACU"":1}},{""processor_id_low"":2147487770,""size"":32,""level"":1,""cache_line_size"":128,""cache_lines_per_tag"":0,""association"":0,""latency"":0,""type"":{""Data"":1,""Instruction"":0,""CPU"":0,""HSACU"":1}},{""processor_id_low"":2147487771,""size"":32,""level"":1,""cache_line_size"":128,""cache_lines_per_tag"":0,""association"":0,""latency"":0,""type"":{""Data"":1,""Instruction"":0,""CPU"":0,""HSACU"":1}},{""processor_id_low"":2147487772,""size"":32,""level"":1,""cache_line_size"":128,""cache_lines_per_tag"":0,""association"":0,""latency"":0,""type"":{""Data"":1,""Instruction"":0,""CPU"":0,""HSACU"":1}},{""processor_id_low"":2147487773,""size"":32,""level"":1,""cache_line_size"":128,""cache_lines_per_tag"":0,""association"":0,""latency"":0,""type"":{""Data"":1,""Instruction"":0,""CPU"":0,""HSACU"":1}},{""processor_id_low"":2147487774,""size"":32,""level"":1,""cache_line_size"":128,""cache_lines_per_tag"":0,""association"":0,""latency"":0,""type"":{""Data"":1,""Instruction"":0,""CPU"":0,""HSACU"":1}},{""processor_id_low"":2147487775,""size"":32,""level"":1,""cache_line_size"":128,""cache_lines_per_tag"":0,""association"":0,""latency"":0,""type"":{""Data"":1,""Instruction"":0,""CPU"":0,""HSACU"":1}},{""processor_id_low"":2147487776,""size"":32,""level"":1,""cache_line_size"":128,""cache_lines_per_tag"":0,""association"":0,""latency"":0,""type"":{""Data"":1,""Instruction"":0,""CPU"":0,""HSACU"":1}},{""processor_id_low"":2147487777,""size"":32,""level"":1,""cache_line_size"":128,""cache_lines_per_tag"":0,""association"":0,""latency"":0,""type"":{""Data"":1,""Instruction"":0,""CPU"":0,""HSACU"":1}},{""processor_id_low"":2147487778,""size"":32,""level"":1,""cache_line_size"":128,""cache_lines_per_tag"":0,""association"":0,""latency"":0,""type"":{""Data"":1,""Instruction"":0,""CPU"":0,""HSACU"":1}},{""processor_id_low"":2147487779,""size"":32,""level"":1,""cache_line_size"":128,""cache_lines_per_tag"":0,""association"":0,""latency"":0,""type"":{""Data"":1,""Instruction"":0,""CPU"":0,""HSACU"":1}},{""processor_id_low"":2147487780,""size"":32,""level"":1,""cache_line_size"":128,""cache_lines_per_tag"":0,""association"":0,""latency"":0,""type"":{""Data"":1,""Instruction"":0,""CPU"":0,""HSACU"":1}},{""processor_id_low"":2147487781,""size"":32,""level"":1,""cache_line_size"":128,""cache_lines_per_tag"":0,""association"":0,""latency"":0,""type"":{""Data"":1,""Instruction"":0,""CPU"":0,""HSACU"":1}},{""processor_id_low"":2147487782,""size"":32,""level"":1,""cache_line_size"":128,""cache_lines_per_tag"":0,""association"":0,""latency"":0,""type"":{""Data"":1,""Instruction"":0,""CPU"":0,""HSACU"":1}},{""processor_id_low"":2147487783,""size"":32,""level"":1,""cache_line_size"":128,""cache_lines_per_tag"":0,""association"":0,""latency"":0,""type"":{""Data"":1,""Instruction"":0,""CPU"":0,""HSACU"":1}},{""processor_id_low"":2147487744,""size"":32,""level"":1,""cache_line_size"":128,""cache_lines_per_tag"":0,""association"":0,""latency"":0,""type"":{""Data"":0,""Instruction"":1,""CPU"":0,""HSACU"":1}},{""processor_id_low"":2147487746,""size"":32,""level"":1,""cache_line_size"":128,""cache_lines_per_tag"":0,""association"":0,""latency"":0,""type"":{""Data"":0,""Instruction"":1,""CPU"":0,""HSACU"":1}},{""processor_id_low"":2147487748,""size"":32,""level"":1,""cache_line_size"":128,""cache_lines_per_tag"":0,""association"":0,""latency"":0,""type"":{""Data"":0,""Instruction"":1,""CPU"":0,""HSACU"":1}},{""processor_id_low"":2147487750,""size"":32,""level"":1,""cache_line_size"":128,""cache_lines_per_tag"":0,""association"":0,""latency"":0,""type"":{""Data"":0,""Instruction"":1,""CPU"":0,""HSACU"":1}},{""processor_id_low"":2147487752,""size"":32,""level"":1,""cache_line_size"":128,""cache_lines_per_tag"":0,""association"":0,""latency"":0,""type"":{""Data"":0,""Instruction"":1,""CPU"":0,""HSACU"":1}},{""processor_id_low"":2147487754,""size"":32,""level"":1,""cache_line_size"":128,""cache_lines_per_tag"":0,""association"":0,""latency"":0,""type"":{""Data"":0,""Instruction"":1,""CPU"":0,""HSACU"":1}},{""processor_id_low"":2147487756,""size"":32,""level"":1,""cache_line_size"":128,""cache_lines_per_tag"":0,""association"":0,""latency"":0,""type"":{""Data"":0,""Instruction"":1,""CPU"":0,""HSACU"":1}},{""processor_id_low"":2147487758,""size"":32,""level"":1,""cache_line_size"":128,""cache_lines_per_tag"":0,""association"":0,""latency"":0,""type"":{""Data"":0,""Instruction"":1,""CPU"":0,""HSACU"":1}},{""processor_id_low"":2147487760,""size"":32,""level"":1,""cache_line_size"":128,""cache_lines_per_tag"":0,""association"":0,""latency"":0,""type"":{""Data"":0,""Instruction"":1,""CPU"":0,""HSACU"":1}},{""processor_id_low"":2147487762,""size"":32,""level"":1,""cache_line_size"":128,""cache_lines_per_tag"":0,""association"":0,""latency"":0,""type"":{""Data"":0,""Instruction"":1,""CPU"":0,""HSACU"":1}},{""processor_id_low"":2147487764,""size"":32,""level"":1,""cache_line_size"":128,""cache_lines_per_tag"":0,""association"":0,""latency"":0,""type"":{""Data"":0,""Instruction"":1,""CPU"":0,""HSACU"":1}},{""processor_id_low"":2147487766,""size"":32,""level"":1,""cache_line_size"":128,""cache_lines_per_tag"":0,""association"":0,""latency"":0,""type"":{""Data"":0,""Instruction"":1,""CPU"":0,""HSACU"":1}},{""processor_id_low"":2147487768,""size"":32,""level"":1,""cache_line_size"":128,""cache_lines_per_tag"":0,""association"":0,""latency"":0,""type"":{""Data"":0,""Instruction"":1,""CPU"":0,""HSACU"":1}},{""processor_id_low"":2147487770,""size"":32,""level"":1,""cache_line_size"":128,""cache_lines_per_tag"":0,""association"":0,""latency"":0,""type"":{""Data"":0,""Instruction"":1,""CPU"":0,""HSACU"":1}},{""processor_id_low"":2147487772,""size"":32,""level"":1,""cache_line_size"":128,""cache_lines_per_tag"":0,""association"":0,""latency"":0,""type"":{""Data"":0,""Instruction"":1,""CPU"":0,""HSACU"":1}},{""processor_id_low"":2147487774,""size"":32,""level"":1,""cache_line_size"":128,""cache_lines_per_tag"":0,""association"":0,""latency"":0,""type"":{""Data"":0,""Instruction"":1,""CPU"":0,""HSACU"":1}},{""processor_id_low"":2147487776,""size"":32,""level"":1,""cache_line_size"":128,""cache_lines_per_tag"":0,""association"":0,""latency"":0,""type"":{""Data"":0,""Instruction"":1,""CPU"":0,""HSACU"":1}},{""processor_id_low"":2147487778,""size"":32,""level"":1,""cache_line_size"":128,""cache_lines_per_tag"":0,""association"":0,""latency"":0,""type"":{""Data"":0,""Instruction"":1,""CPU"":0,""HSACU"":1}},{""processor_id_low"":2147487780,""size"":32,""level"":1,""cache_line_size"":128,""cache_lines_per_tag"":0,""association"":0,""latency"":0,""type"":{""Data"":0,""Instruction"":1,""CPU"":0,""HSACU"":1}},{""processor_id_low"":2147487782,""size"":32,""level"":1,""cache_line_size"":128,""cache_lines_per_tag"":0,""association"":0,""latency"":0,""type"":{""Data"":0,""Instruction"":1,""CPU"":0,""HSACU"":1}},{""processor_id_low"":2147487744,""size"":16,""level"":1,""cache_line_size"":64,""cache_lines_per_tag"":0,""association"":0,""latency"":0,""type"":{""Data"":1,""Instruction"":0,""CPU"":0,""HSACU"":1}},{""processor_id_low"":2147487746,""size"":16,""level"":1,""cache_line_size"":64,""cache_lines_per_tag"":0,""association"":0,""latency"":0,""type"":{""Data"":1,""Instruction"":0,""CPU"":0,""HSACU"":1}},{""processor_id_low"":2147487748,""size"":16,""level"":1,""cache_line_size"":64,""cache_lines_per_tag"":0,""association"":0,""latency"":0,""type"":{""Data"":1,""Instruction"":0,""CPU"":0,""HSACU"":1}},{""processor_id_low"":2147487750,""size"":16,""level"":1,""cache_line_size"":64,""cache_lines_per_tag"":0,""association"":0,""latency"":0,""type"":{""Data"":1,""Instruction"":0,""CPU"":0,""HSACU"":1}},{""processor_id_low"":2147487752,""size"":16,""level"":1,""cache_line_size"":64,""cache_lines_per_tag"":0,""association"":0,""latency"":0,""type"":{""Data"":1,""Instruction"":0,""CPU"":0,""HSACU"":1}},{""processor_id_low"":2147487754,""size"":16,""level"":1,""cache_line_size"":64,""cache_lines_per_tag"":0,""association"":0,""latency"":0,""type"":{""Data"":1,""Instruction"":0,""CPU"":0,""HSACU"":1}},{""processor_id_low"":2147487756,""size"":16,""level"":1,""cache_line_size"":64,""cache_lines_per_tag"":0,""association"":0,""latency"":0,""type"":{""Data"":1,""Instruction"":0,""CPU"":0,""HSACU"":1}},{""processor_id_low"":2147487758,""size"":16,""level"":1,""cache_line_size"":64,""cache_lines_per_tag"":0,""association"":0,""latency"":0,""type"":{""Data"":1,""Instruction"":0,""CPU"":0,""HSACU"":1}},{""processor_id_low"":2147487760,""size"":16,""level"":1,""cache_line_size"":64,""cache_lines_per_tag"":0,""association"":0,""latency"":0,""type"":{""Data"":1,""Instruction"":0,""CPU"":0,""HSACU"":1}},{""processor_id_low"":2147487762,""size"":16,""level"":1,""cache_line_size"":64,""cache_lines_per_tag"":0,""association"":0,""latency"":0,""type"":{""Data"":1,""Instruction"":0,""CPU"":0,""HSACU"":1}},{""processor_id_low"":2147487764,""size"":16,""level"":1,""cache_line_size"":64,""cache_lines_per_tag"":0,""association"":0,""latency"":0,""type"":{""Data"":1,""Instruction"":0,""CPU"":0,""HSACU"":1}},{""processor_id_low"":2147487766,""size"":16,""level"":1,""cache_line_size"":64,""cache_lines_per_tag"":0,""association"":0,""latency"":0,""type"":{""Data"":1,""Instruction"":0,""CPU"":0,""HSACU"":1}},{""processor_id_low"":2147487768,""size"":16,""level"":1,""cache_line_size"":64,""cache_lines_per_tag"":0,""association"":0,""latency"":0,""type"":{""Data"":1,""Instruction"":0,""CPU"":0,""HSACU"":1}},{""processor_id_low"":2147487770,""size"":16,""level"":1,""cache_line_size"":64,""cache_lines_per_tag"":0,""association"":0,""latency"":0,""type"":{""Data"":1,""Instruction"":0,""CPU"":0,""HSACU"":1}},{""processor_id_low"":2147487772,""size"":16,""level"":1,""cache_line_size"":64,""cache_lines_per_tag"":0,""association"":0,""latency"":0,""type"":{""Data"":1,""Instruction"":0,""CPU"":0,""HSACU"":1}},{""processor_id_low"":2147487774,""size"":16,""level"":1,""cache_line_size"":64,""cache_lines_per_tag"":0,""association"":0,""latency"":0,""type"":{""Data"":1,""Instruction"":0,""CPU"":0,""HSACU"":1}},{""processor_id_low"":2147487776,""size"":16,""level"":1,""cache_line_size"":64,""cache_lines_per_tag"":0,""association"":0,""latency"":0,""type"":{""Data"":1,""Instruction"":0,""CPU"":0,""HSACU"":1}},{""processor_id_low"":2147487778,""size"":16,""level"":1,""cache_line_size"":64,""cache_lines_per_tag"":0,""association"":0,""latency"":0,""type"":{""Data"":1,""Instruction"":0,""CPU"":0,""HSACU"":1}},{""processor_id_low"":2147487780,""size"":16,""level"":1,""cache_line_size"":64,""cache_lines_per_tag"":0,""association"":0,""latency"":0,""type"":{""Data"":1,""Instruction"":0,""CPU"":0,""HSACU"":1}},{""processor_id_low"":2147487782,""size"":16,""level"":1,""cache_line_size"":64,""cache_lines_per_tag"":0,""association"":0,""latency"":0,""type"":{""Data"":1,""Instruction"":0,""CPU"":0,""HSACU"":1}},{""processor_id_low"":2147487744,""size"":256,""level"":1,""cache_line_size"":128,""cache_lines_per_tag"":0,""association"":0,""latency"":0,""type"":{""Data"":1,""Instruction"":0,""CPU"":0,""HSACU"":1}},{""processor_id_low"":2147487754,""size"":256,""level"":1,""cache_line_size"":128,""cache_lines_per_tag"":0,""association"":0,""latency"":0,""type"":{""Data"":1,""Instruction"":0,""CPU"":0,""HSACU"":1}},{""processor_id_low"":2147487764,""size"":256,""level"":1,""cache_line_size"":128,""cache_lines_per_tag"":0,""association"":0,""latency"":0,""type"":{""Data"":1,""Instruction"":0,""CPU"":0,""HSACU"":1}},{""processor_id_low"":2147487774,""size"":256,""level"":1,""cache_line_size"":128,""cache_lines_per_tag"":0,""association"":0,""latency"":0,""type"":{""Data"":1,""Instruction"":0,""CPU"":0,""HSACU"":1}},{""processor_id_low"":2147487744,""size"":2048,""level"":2,""cache_line_size"":128,""cache_lines_per_tag"":0,""association"":0,""latency"":0,""type"":{""Data"":1,""Instruction"":0,""CPU"":0,""HSACU"":1}},{""processor_id_low"":2147487744,""size"":32768,""level"":3,""cache_line_size"":64,""cache_lines_per_tag"":0,""association"":0,""latency"":0,""type"":{""Data"":1,""Instruction"":0,""CPU"":0,""HSACU"":1}}],""io_links"":[{""type"":2,""version_major"":0,""version_minor"":0,""node_from"":1,""node_to"":0,""weight"":20,""min_latency"":0,""max_latency"":0,""min_bandwidth"":0,""max_bandwidth"":32000,""recommended_transfer_size"":0,""flags"":{""Override"":1,""NonCoherent"":0,""NoAtomics32bit"":0,""NoAtomics64bit"":0,""NoPeerToPeerDMA"":0}}],""gpu_index"":0}"
2215,00003c59-972f-772f-8b94-d7fc91e3aa7a,1655282045,1258216,1,GPU,,,GRBM_COUNT,GRBM_COUNT,"Tie High - Count Number of Clocks","",rocm,"",ABS,GRBM,"",0,0,"{""size"":312,""id"":{""handle"":14091},""type"":2,""cpu_cores_count"":0,""simd_count"":80,""mem_banks_count"":1,""caches_count"":86,""io_links_count"":1,""cpu_core_id_base"":0,""simd_id_base"":2147487744,""max_waves_per_simd"":16,""lds_size_in_kb"":64,""gds_size_in_kb"":0,""num_gws"":64,""wave_front_size"":32,""num_xcc"":1,""cu_count"":40,""array_count"":4,""num_shader_banks"":2,""simd_arrays_per_engine"":2,""cu_per_simd_array"":10,""simd_per_cu"":2,""max_slots_scratch_cu"":32,""gfx_target_version"":110501,""vendor_id"":4098,""device_id"":5510,""location_id"":50432,""domain"":0,""drm_render_minor"":128,""num_sdma_engines"":1,""num_sdma_xgmi_engines"":0,""num_sdma_queues_per_engine"":6,""num_cp_queues"":8,""max_engine_clk_ccompute"":5187,""max_engine_clk_fcompute"":2900,""sdma_fw_version"":{""uCodeSDMA"":14,""uCodeRes"":0},""fw_version"":{""uCode"":32,""Major"":0,""Minor"":0,""Stepping"":0},""capability"":{""HotPluggable"":0,""HSAMMUPresent"":0,""SharedWithGraphics"":0,""QueueSizePowerOfTwo"":0,""QueueSize32bit"":0,""QueueIdleEvent"":0,""VALimit"":0,""WatchPointsSupported"":1,""WatchPointsTotalBits"":2,""DoorbellType"":2,""AQLQueueDoubleMap"":0,""DebugTrapSupported"":1,""WaveLaunchTrapOverrideSupported"":1,""WaveLaunchModeSupported"":1,""PreciseMemoryOperationsSupported"":0,""DEPRECATED_SRAM_EDCSupport"":0,""Mem_EDCSupport"":0,""RASEventNotify"":0,""ASICRevision"":0,""SRAM_EDCSupport"":0,""SVMAPISupported"":1,""CoherentHostAccess"":0,""DebugSupportedFirmware"":1},""cu_per_engine"":20,""max_waves_per_cu"":32,""family_id"":150,""workgroup_max_size"":1024,""grid_max_size"":4294967295,""local_mem_size"":0,""hive_id"":0,""gpu_id"":35128,""workgroup_max_dim"":{""x"":1024,""y"":1024,""z"":1024},""grid_max_dim"":{""x"":2147483647,""y"":65535,""z"":65535},""name"":""gfx1151"",""vendor_name"":""AMD"",""product_name"":""Radeon 8060S Graphics"",""model_name"":""ip discovery"",""node_id"":1,""logical_node_id"":1,""logical_node_type_id"":0,""runtime_visibility"":{""hsa"":1,""hip"":1,""rccl"":1,""rocdecode"":1},""uuid"":{""bytes"":{""value0"":0,""value1"":0,""value2"":0,""value3"":0,""value4"":0,""value5"":0,""value6"":0,""value7"":0,""value8"":0,""value9"":0,""value10"":0,""value11"":0,""value12"":0,""value13"":0,""value14"":0,""value15"":0}},""mem_banks"":[{""heap_type"":1,""flags"":{""HotPluggable"":0,""NonVolatile"":0},""width"":256,""mem_clk_max"":1000,""size_in_bytes"":137438953472}],""caches"":[{""processor_id_low"":2147487744,""size"":32,""level"":1,""cache_line_size"":128,""cache_lines_per_tag"":0,""association"":0,""latency"":0,""type"":{""Data"":1,""Instruction"":0,""CPU"":0,""HSACU"":1}},{""processor_id_low"":2147487745,""size"":32,""level"":1,""cache_line_size"":128,""cache_lines_per_tag"":0,""association"":0,""latency"":0,""type"":{""Data"":1,""Instruction"":0,""CPU"":0,""HSACU"":1}},{""processor_id_low"":2147487746,""size"":32,""level"":1,""cache_line_size"":128,""cache_lines_per_tag"":0,""association"":0,""latency"":0,""type"":{""Data"":1,""Instruction"":0,""CPU"":0,""HSACU"":1}},{""processor_id_low"":2147487747,""size"":32,""level"":1,""cache_line_size"":128,""cache_lines_per_tag"":0,""association"":0,""latency"":0,""type"":{""Data"":1,""Instruction"":0,""CPU"":0,""HSACU"":1}},{""processor_id_low"":2147487748,""size"":32,""level"":1,""cache_line_size"":128,""cache_lines_per_tag"":0,""association"":0,""latency"":0,""type"":{""Data"":1,""Instruction"":0,""CPU"":0,""HSACU"":1}},{""processor_id_low"":2147487749,""size"":32,""level"":1,""cache_line_size"":128,""cache_lines_per_tag"":0,""association"":0,""latency"":0,""type"":{""Data"":1,""Instruction"":0,""CPU"":0,""HSACU"":1}},{""processor_id_low"":2147487750,""size"":32,""level"":1,""cache_line_size"":128,""cache_lines_per_tag"":0,""association"":0,""latency"":0,""type"":{""Data"":1,""Instruction"":0,""CPU"":0,""HSACU"":1}},{""processor_id_low"":2147487751,""size"":32,""level"":1,""cache_line_size"":128,""cache_lines_per_tag"":0,""association"":0,""latency"":0,""type"":{""Data"":1,""Instruction"":0,""CPU"":0,""HSACU"":1}},{""processor_id_low"":2147487752,""size"":32,""level"":1,""cache_line_size"":128,""cache_lines_per_tag"":0,""association"":0,""latency"":0,""type"":{""Data"":1,""Instruction"":0,""CPU"":0,""HSACU"":1}},{""processor_id_low"":2147487753,""size"":32,""level"":1,""cache_line_size"":128,""cache_lines_per_tag"":0,""association"":0,""latency"":0,""type"":{""Data"":1,""Instruction"":0,""CPU"":0,""HSACU"":1}},{""processor_id_low"":2147487754,""size"":32,""level"":1,""cache_line_size"":128,""cache_lines_per_tag"":0,""association"":0,""latency"":0,""type"":{""Data"":1,""Instruction"":0,""CPU"":0,""HSACU"":1}},{""processor_id_low"":2147487755,""size"":32,""level"":1,""cache_line_size"":128,""cache_lines_per_tag"":0,""association"":0,""latency"":0,""type"":{""Data"":1,""Instruction"":0,""CPU"":0,""HSACU"":1}},{""processor_id_low"":2147487756,""size"":32,""level"":1,""cache_line_size"":128,""cache_lines_per_tag"":0,""association"":0,""latency"":0,""type"":{""Data"":1,""Instruction"":0,""CPU"":0,""HSACU"":1}},{""processor_id_low"":2147487757,""size"":32,""level"":1,""cache_line_size"":128,""cache_lines_per_tag"":0,""association"":0,""latency"":0,""type"":{""Data"":1,""Instruction"":0,""CPU"":0,""HSACU"":1}},{""processor_id_low"":2147487758,""size"":32,""level"":1,""cache_line_size"":128,""cache_lines_per_tag"":0,""association"":0,""latency"":0,""type"":{""Data"":1,""Instruction"":0,""CPU"":0,""HSACU"":1}},{""processor_id_low"":2147487759,""size"":32,""level"":1,""cache_line_size"":128,""cache_lines_per_tag"":0,""association"":0,""latency"":0,""type"":{""Data"":1,""Instruction"":0,""CPU"":0,""HSACU"":1}},{""processor_id_low"":2147487760,""size"":32,""level"":1,""cache_line_size"":128,""cache_lines_per_tag"":0,""association"":0,""latency"":0,""type"":{""Data"":1,""Instruction"":0,""CPU"":0,""HSACU"":1}},{""processor_id_low"":2147487761,""size"":32,""level"":1,""cache_line_size"":128,""cache_lines_per_tag"":0,""association"":0,""latency"":0,""type"":{""Data"":1,""Instruction"":0,""CPU"":0,""HSACU"":1}},{""processor_id_low"":2147487762,""size"":32,""level"":1,""cache_line_size"":128,""cache_lines_per_tag"":0,""association"":0,""latency"":0,""type"":{""Data"":1,""Instruction"":0,""CPU"":0,""HSACU"":1}},{""processor_id_low"":2147487763,""size"":32,""level"":1,""cache_line_size"":128,""cache_lines_per_tag"":0,""association"":0,""latency"":0,""type"":{""Data"":1,""Instruction"":0,""CPU"":0,""HSACU"":1}},{""processor_id_low"":2147487764,""size"":32,""level"":1,""cache_line_size"":128,""cache_lines_per_tag"":0,""association"":0,""latency"":0,""type"":{""Data"":1,""Instruction"":0,""CPU"":0,""HSACU"":1}},{""processor_id_low"":2147487765,""size"":32,""level"":1,""cache_line_size"":128,""cache_lines_per_tag"":0,""association"":0,""latency"":0,""type"":{""Data"":1,""Instruction"":0,""CPU"":0,""HSACU"":1}},{""processor_id_low"":2147487766,""size"":32,""level"":1,""cache_line_size"":128,""cache_lines_per_tag"":0,""association"":0,""latency"":0,""type"":{""Data"":1,""Instruction"":0,""CPU"":0,""HSACU"":1}},{""processor_id_low"":2147487767,""size"":32,""level"":1,""cache_line_size"":128,""cache_lines_per_tag"":0,""association"":0,""latency"":0,""type"":{""Data"":1,""Instruction"":0,""CPU"":0,""HSACU"":1}},{""processor_id_low"":2147487768,""size"":32,""level"":1,""cache_line_size"":128,""cache_lines_per_tag"":0,""association"":0,""latency"":0,""type"":{""Data"":1,""Instruction"":0,""CPU"":0,""HSACU"":1}},{""processor_id_low"":2147487769,""size"":32,""level"":1,""cache_line_size"":128,""cache_lines_per_tag"":0,""association"":0,""latency"":0,""type"":{""Data"":1,""Instruction"":0,""CPU"":0,""HSACU"":1}},{""processor_id_low"":2147487770,""size"":32,""level"":1,""cache_line_size"":128,""cache_lines_per_tag"":0,""association"":0,""latency"":0,""type"":{""Data"":1,""Instruction"":0,""CPU"":0,""HSACU"":1}},{""processor_id_low"":2147487771,""size"":32,""level"":1,""cache_line_size"":128,""cache_lines_per_tag"":0,""association"":0,""latency"":0,""type"":{""Data"":1,""Instruction"":0,""CPU"":0,""HSACU"":1}},{""processor_id_low"":2147487772,""size"":32,""level"":1,""cache_line_size"":128,""cache_lines_per_tag"":0,""association"":0,""latency"":0,""type"":{""Data"":1,""Instruction"":0,""CPU"":0,""HSACU"":1}},{""processor_id_low"":2147487773,""size"":32,""level"":1,""cache_line_size"":128,""cache_lines_per_tag"":0,""association"":0,""latency"":0,""type"":{""Data"":1,""Instruction"":0,""CPU"":0,""HSACU"":1}},{""processor_id_low"":2147487774,""size"":32,""level"":1,""cache_line_size"":128,""cache_lines_per_tag"":0,""association"":0,""latency"":0,""type"":{""Data"":1,""Instruction"":0,""CPU"":0,""HSACU"":1}},{""processor_id_low"":2147487775,""size"":32,""level"":1,""cache_line_size"":128,""cache_lines_per_tag"":0,""association"":0,""latency"":0,""type"":{""Data"":1,""Instruction"":0,""CPU"":0,""HSACU"":1}},{""processor_id_low"":2147487776,""size"":32,""level"":1,""cache_line_size"":128,""cache_lines_per_tag"":0,""association"":0,""latency"":0,""type"":{""Data"":1,""Instruction"":0,""CPU"":0,""HSACU"":1}},{""processor_id_low"":2147487777,""size"":32,""level"":1,""cache_line_size"":128,""cache_lines_per_tag"":0,""association"":0,""latency"":0,""type"":{""Data"":1,""Instruction"":0,""CPU"":0,""HSACU"":1}},{""processor_id_low"":2147487778,""size"":32,""level"":1,""cache_line_size"":128,""cache_lines_per_tag"":0,""association"":0,""latency"":0,""type"":{""Data"":1,""Instruction"":0,""CPU"":0,""HSACU"":1}},{""processor_id_low"":2147487779,""size"":32,""level"":1,""cache_line_size"":128,""cache_lines_per_tag"":0,""association"":0,""latency"":0,""type"":{""Data"":1,""Instruction"":0,""CPU"":0,""HSACU"":1}},{""processor_id_low"":2147487780,""size"":32,""level"":1,""cache_line_size"":128,""cache_lines_per_tag"":0,""association"":0,""latency"":0,""type"":{""Data"":1,""Instruction"":0,""CPU"":0,""HSACU"":1}},{""processor_id_low"":2147487781,""size"":32,""level"":1,""cache_line_size"":128,""cache_lines_per_tag"":0,""association"":0,""latency"":0,""type"":{""Data"":1,""Instruction"":0,""CPU"":0,""HSACU"":1}},{""processor_id_low"":2147487782,""size"":32,""level"":1,""cache_line_size"":128,""cache_lines_per_tag"":0,""association"":0,""latency"":0,""type"":{""Data"":1,""Instruction"":0,""CPU"":0,""HSACU"":1}},{""processor_id_low"":2147487783,""size"":32,""level"":1,""cache_line_size"":128,""cache_lines_per_tag"":0,""association"":0,""latency"":0,""type"":{""Data"":1,""Instruction"":0,""CPU"":0,""HSACU"":1}},{""processor_id_low"":2147487744,""size"":32,""level"":1,""cache_line_size"":128,""cache_lines_per_tag"":0,""association"":0,""latency"":0,""type"":{""Data"":0,""Instruction"":1,""CPU"":0,""HSACU"":1}},{""processor_id_low"":2147487746,""size"":32,""level"":1,""cache_line_size"":128,""cache_lines_per_tag"":0,""association"":0,""latency"":0,""type"":{""Data"":0,""Instruction"":1,""CPU"":0,""HSACU"":1}},{""processor_id_low"":2147487748,""size"":32,""level"":1,""cache_line_size"":128,""cache_lines_per_tag"":0,""association"":0,""latency"":0,""type"":{""Data"":0,""Instruction"":1,""CPU"":0,""HSACU"":1}},{""processor_id_low"":2147487750,""size"":32,""level"":1,""cache_line_size"":128,""cache_lines_per_tag"":0,""association"":0,""latency"":0,""type"":{""Data"":0,""Instruction"":1,""CPU"":0,""HSACU"":1}},{""processor_id_low"":2147487752,""size"":32,""level"":1,""cache_line_size"":128,""cache_lines_per_tag"":0,""association"":0,""latency"":0,""type"":{""Data"":0,""Instruction"":1,""CPU"":0,""HSACU"":1}},{""processor_id_low"":2147487754,""size"":32,""level"":1,""cache_line_size"":128,""cache_lines_per_tag"":0,""association"":0,""latency"":0,""type"":{""Data"":0,""Instruction"":1,""CPU"":0,""HSACU"":1}},{""processor_id_low"":2147487756,""size"":32,""level"":1,""cache_line_size"":128,""cache_lines_per_tag"":0,""association"":0,""latency"":0,""type"":{""Data"":0,""Instruction"":1,""CPU"":0,""HSACU"":1}},{""processor_id_low"":2147487758,""size"":32,""level"":1,""cache_line_size"":128,""cache_lines_per_tag"":0,""association"":0,""latency"":0,""type"":{""Data"":0,""Instruction"":1,""CPU"":0,""HSACU"":1}},{""processor_id_low"":2147487760,""size"":32,""level"":1,""cache_line_size"":128,""cache_lines_per_tag"":0,""association"":0,""latency"":0,""type"":{""Data"":0,""Instruction"":1,""CPU"":0,""HSACU"":1}},{""processor_id_low"":2147487762,""size"":32,""level"":1,""cache_line_size"":128,""cache_lines_per_tag"":0,""association"":0,""latency"":0,""type"":{""Data"":0,""Instruction"":1,""CPU"":0,""HSACU"":1}},{""processor_id_low"":2147487764,""size"":32,""level"":1,""cache_line_size"":128,""cache_lines_per_tag"":0,""association"":0,""latency"":0,""type"":{""Data"":0,""Instruction"":1,""CPU"":0,""HSACU"":1}},{""processor_id_low"":2147487766,""size"":32,""level"":1,""cache_line_size"":128,""cache_lines_per_tag"":0,""association"":0,""latency"":0,""type"":{""Data"":0,""Instruction"":1,""CPU"":0,""HSACU"":1}},{""processor_id_low"":2147487768,""size"":32,""level"":1,""cache_line_size"":128,""cache_lines_per_tag"":0,""association"":0,""latency"":0,""type"":{""Data"":0,""Instruction"":1,""CPU"":0,""HSACU"":1}},{""processor_id_low"":2147487770,""size"":32,""level"":1,""cache_line_size"":128,""cache_lines_per_tag"":0,""association"":0,""latency"":0,""type"":{""Data"":0,""Instruction"":1,""CPU"":0,""HSACU"":1}},{""processor_id_low"":2147487772,""size"":32,""level"":1,""cache_line_size"":128,""cache_lines_per_tag"":0,""association"":0,""latency"":0,""type"":{""Data"":0,""Instruction"":1,""CPU"":0,""HSACU"":1}},{""processor_id_low"":2147487774,""size"":32,""level"":1,""cache_line_size"":128,""cache_lines_per_tag"":0,""association"":0,""latency"":0,""type"":{""Data"":0,""Instruction"":1,""CPU"":0,""HSACU"":1}},{""processor_id_low"":2147487776,""size"":32,""level"":1,""cache_line_size"":128,""cache_lines_per_tag"":0,""association"":0,""latency"":0,""type"":{""Data"":0,""Instruction"":1,""CPU"":0,""HSACU"":1}},{""processor_id_low"":2147487778,""size"":32,""level"":1,""cache_line_size"":128,""cache_lines_per_tag"":0,""association"":0,""latency"":0,""type"":{""Data"":0,""Instruction"":1,""CPU"":0,""HSACU"":1}},{""processor_id_low"":2147487780,""size"":32,""level"":1,""cache_line_size"":128,""cache_lines_per_tag"":0,""association"":0,""latency"":0,""type"":{""Data"":0,""Instruction"":1,""CPU"":0,""HSACU"":1}},{""processor_id_low"":2147487782,""size"":32,""level"":1,""cache_line_size"":128,""cache_lines_per_tag"":0,""association"":0,""latency"":0,""type"":{""Data"":0,""Instruction"":1,""CPU"":0,""HSACU"":1}},{""processor_id_low"":2147487744,""size"":16,""level"":1,""cache_line_size"":64,""cache_lines_per_tag"":0,""association"":0,""latency"":0,""type"":{""Data"":1,""Instruction"":0,""CPU"":0,""HSACU"":1}},{""processor_id_low"":2147487746,""size"":16,""level"":1,""cache_line_size"":64,""cache_lines_per_tag"":0,""association"":0,""latency"":0,""type"":{""Data"":1,""Instruction"":0,""CPU"":0,""HSACU"":1}},{""processor_id_low"":2147487748,""size"":16,""level"":1,""cache_line_size"":64,""cache_lines_per_tag"":0,""association"":0,""latency"":0,""type"":{""Data"":1,""Instruction"":0,""CPU"":0,""HSACU"":1}},{""processor_id_low"":2147487750,""size"":16,""level"":1,""cache_line_size"":64,""cache_lines_per_tag"":0,""association"":0,""latency"":0,""type"":{""Data"":1,""Instruction"":0,""CPU"":0,""HSACU"":1}},{""processor_id_low"":2147487752,""size"":16,""level"":1,""cache_line_size"":64,""cache_lines_per_tag"":0,""association"":0,""latency"":0,""type"":{""Data"":1,""Instruction"":0,""CPU"":0,""HSACU"":1}},{""processor_id_low"":2147487754,""size"":16,""level"":1,""cache_line_size"":64,""cache_lines_per_tag"":0,""association"":0,""latency"":0,""type"":{""Data"":1,""Instruction"":0,""CPU"":0,""HSACU"":1}},{""processor_id_low"":2147487756,""size"":16,""level"":1,""cache_line_size"":64,""cache_lines_per_tag"":0,""association"":0,""latency"":0,""type"":{""Data"":1,""Instruction"":0,""CPU"":0,""HSACU"":1}},{""processor_id_low"":2147487758,""size"":16,""level"":1,""cache_line_size"":64,""cache_lines_per_tag"":0,""association"":0,""latency"":0,""type"":{""Data"":1,""Instruction"":0,""CPU"":0,""HSACU"":1}},{""processor_id_low"":2147487760,""size"":16,""level"":1,""cache_line_size"":64,""cache_lines_per_tag"":0,""association"":0,""latency"":0,""type"":{""Data"":1,""Instruction"":0,""CPU"":0,""HSACU"":1}},{""processor_id_low"":2147487762,""size"":16,""level"":1,""cache_line_size"":64,""cache_lines_per_tag"":0,""association"":0,""latency"":0,""type"":{""Data"":1,""Instruction"":0,""CPU"":0,""HSACU"":1}},{""processor_id_low"":2147487764,""size"":16,""level"":1,""cache_line_size"":64,""cache_lines_per_tag"":0,""association"":0,""latency"":0,""type"":{""Data"":1,""Instruction"":0,""CPU"":0,""HSACU"":1}},{""processor_id_low"":2147487766,""size"":16,""level"":1,""cache_line_size"":64,""cache_lines_per_tag"":0,""association"":0,""latency"":0,""type"":{""Data"":1,""Instruction"":0,""CPU"":0,""HSACU"":1}},{""processor_id_low"":2147487768,""size"":16,""level"":1,""cache_line_size"":64,""cache_lines_per_tag"":0,""association"":0,""latency"":0,""type"":{""Data"":1,""Instruction"":0,""CPU"":0,""HSACU"":1}},{""processor_id_low"":2147487770,""size"":16,""level"":1,""cache_line_size"":64,""cache_lines_per_tag"":0,""association"":0,""latency"":0,""type"":{""Data"":1,""Instruction"":0,""CPU"":0,""HSACU"":1}},{""processor_id_low"":2147487772,""size"":16,""level"":1,""cache_line_size"":64,""cache_lines_per_tag"":0,""association"":0,""latency"":0,""type"":{""Data"":1,""Instruction"":0,""CPU"":0,""HSACU"":1}},{""processor_id_low"":2147487774,""size"":16,""level"":1,""cache_line_size"":64,""cache_lines_per_tag"":0,""association"":0,""latency"":0,""type"":{""Data"":1,""Instruction"":0,""CPU"":0,""HSACU"":1}},{""processor_id_low"":2147487776,""size"":16,""level"":1,""cache_line_size"":64,""cache_lines_per_tag"":0,""association"":0,""latency"":0,""type"":{""Data"":1,""Instruction"":0,""CPU"":0,""HSACU"":1}},{""processor_id_low"":2147487778,""size"":16,""level"":1,""cache_line_size"":64,""cache_lines_per_tag"":0,""association"":0,""latency"":0,""type"":{""Data"":1,""Instruction"":0,""CPU"":0,""HSACU"":1}},{""processor_id_low"":2147487780,""size"":16,""level"":1,""cache_line_size"":64,""cache_lines_per_tag"":0,""association"":0,""latency"":0,""type"":{""Data"":1,""Instruction"":0,""CPU"":0,""HSACU"":1}},{""processor_id_low"":2147487782,""size"":16,""level"":1,""cache_line_size"":64,""cache_lines_per_tag"":0,""association"":0,""latency"":0,""type"":{""Data"":1,""Instruction"":0,""CPU"":0,""HSACU"":1}},{""processor_id_low"":2147487744,""size"":256,""level"":1,""cache_line_size"":128,""cache_lines_per_tag"":0,""association"":0,""latency"":0,""type"":{""Data"":1,""Instruction"":0,""CPU"":0,""HSACU"":1}},{""processor_id_low"":2147487754,""size"":256,""level"":1,""cache_line_size"":128,""cache_lines_per_tag"":0,""association"":0,""latency"":0,""type"":{""Data"":1,""Instruction"":0,""CPU"":0,""HSACU"":1}},{""processor_id_low"":2147487764,""size"":256,""level"":1,""cache_line_size"":128,""cache_lines_per_tag"":0,""association"":0,""latency"":0,""type"":{""Data"":1,""Instruction"":0,""CPU"":0,""HSACU"":1}},{""processor_id_low"":2147487774,""size"":256,""level"":1,""cache_line_size"":128,""cache_lines_per_tag"":0,""association"":0,""latency"":0,""type"":{""Data"":1,""Instruction"":0,""CPU"":0,""HSACU"":1}},{""processor_id_low"":2147487744,""size"":2048,""level"":2,""cache_line_size"":128,""cache_lines_per_tag"":0,""association"":0,""latency"":0,""type"":{""Data"":1,""Instruction"":0,""CPU"":0,""HSACU"":1}},{""processor_id_low"":2147487744,""size"":32768,""level"":3,""cache_line_size"":64,""cache_lines_per_tag"":0,""association"":0,""latency"":0,""type"":{""Data"":1,""Instruction"":0,""CPU"":0,""HSACU"":1}}],""io_links"":[{""type"":2,""version_major"":0,""version_minor"":0,""node_from"":1,""node_to"":0,""weight"":20,""min_latency"":0,""max_latency"":0,""min_bandwidth"":0,""max_bandwidth"":32000,""recommended_transfer_size"":0,""flags"":{""Override"":1,""NonCoherent"":0,""NoAtomics32bit"":0,""NoAtomics64bit"":0,""NoPeerToPeerDMA"":0}}],""gpu_index"":0}"
2286,00003c59-972f-772f-8b94-d7fc91e3aa7a,1655282045,1258216,1,GPU,,,GRBM_GUI_ACTIVE,GRBM_GUI_ACTIVE,"The GUI is Active","",rocm,"",ABS,GRBM,"",0,0,"{""size"":312,""id"":{""handle"":14091},""type"":2,""cpu_cores_count"":0,""simd_count"":80,""mem_banks_count"":1,""caches_count"":86,""io_links_count"":1,""cpu_core_id_base"":0,""simd_id_base"":2147487744,""max_waves_per_simd"":16,""lds_size_in_kb"":64,""gds_size_in_kb"":0,""num_gws"":64,""wave_front_size"":32,""num_xcc"":1,""cu_count"":40,""array_count"":4,""num_shader_banks"":2,""simd_arrays_per_engine"":2,""cu_per_simd_array"":10,""simd_per_cu"":2,""max_slots_scratch_cu"":32,""gfx_target_version"":110501,""vendor_id"":4098,""device_id"":5510,""location_id"":50432,""domain"":0,""drm_render_minor"":128,""num_sdma_engines"":1,""num_sdma_xgmi_engines"":0,""num_sdma_queues_per_engine"":6,""num_cp_queues"":8,""max_engine_clk_ccompute"":5187,""max_engine_clk_fcompute"":2900,""sdma_fw_version"":{""uCodeSDMA"":14,""uCodeRes"":0},""fw_version"":{""uCode"":32,""Major"":0,""Minor"":0,""Stepping"":0},""capability"":{""HotPluggable"":0,""HSAMMUPresent"":0,""SharedWithGraphics"":0,""QueueSizePowerOfTwo"":0,""QueueSize32bit"":0,""QueueIdleEvent"":0,""VALimit"":0,""WatchPointsSupported"":1,""WatchPointsTotalBits"":2,""DoorbellType"":2,""AQLQueueDoubleMap"":0,""DebugTrapSupported"":1,""WaveLaunchTrapOverrideSupported"":1,""WaveLaunchModeSupported"":1,""PreciseMemoryOperationsSupported"":0,""DEPRECATED_SRAM_EDCSupport"":0,""Mem_EDCSupport"":0,""RASEventNotify"":0,""ASICRevision"":0,""SRAM_EDCSupport"":0,""SVMAPISupported"":1,""CoherentHostAccess"":0,""DebugSupportedFirmware"":1},""cu_per_engine"":20,""max_waves_per_cu"":32,""family_id"":150,""workgroup_max_size"":1024,""grid_max_size"":4294967295,""local_mem_size"":0,""hive_id"":0,""gpu_id"":35128,""workgroup_max_dim"":{""x"":1024,""y"":1024,""z"":1024},""grid_max_dim"":{""x"":2147483647,""y"":65535,""z"":65535},""name"":""gfx1151"",""vendor_name"":""AMD"",""product_name"":""Radeon 8060S Graphics"",""model_name"":""ip discovery"",""node_id"":1,""logical_node_id"":1,""logical_node_type_id"":0,""runtime_visibility"":{""hsa"":1,""hip"":1,""rccl"":1,""rocdecode"":1},""uuid"":{""bytes"":{""value0"":0,""value1"":0,""value2"":0,""value3"":0,""value4"":0,""value5"":0,""value6"":0,""value7"":0,""value8"":0,""value9"":0,""value10"":0,""value11"":0,""value12"":0,""value13"":0,""value14"":0,""value15"":0}},""mem_banks"":[{""heap_type"":1,""flags"":{""HotPluggable"":0,""NonVolatile"":0},""width"":256,""mem_clk_max"":1000,""size_in_bytes"":137438953472}],""caches"":[{""processor_id_low"":2147487744,""size"":32,""level"":1,""cache_line_size"":128,""cache_lines_per_tag"":0,""association"":0,""latency"":0,""type"":{""Data"":1,""Instruction"":0,""CPU"":0,""HSACU"":1}},{""processor_id_low"":2147487745,""size"":32,""level"":1,""cache_line_size"":128,""cache_lines_per_tag"":0,""association"":0,""latency"":0,""type"":{""Data"":1,""Instruction"":0,""CPU"":0,""HSACU"":1}},{""processor_id_low"":2147487746,""size"":32,""level"":1,""cache_line_size"":128,""cache_lines_per_tag"":0,""association"":0,""latency"":0,""type"":{""Data"":1,""Instruction"":0,""CPU"":0,""HSACU"":1}},{""processor_id_low"":2147487747,""size"":32,""level"":1,""cache_line_size"":128,""cache_lines_per_tag"":0,""association"":0,""latency"":0,""type"":{""Data"":1,""Instruction"":0,""CPU"":0,""HSACU"":1}},{""processor_id_low"":2147487748,""size"":32,""level"":1,""cache_line_size"":128,""cache_lines_per_tag"":0,""association"":0,""latency"":0,""type"":{""Data"":1,""Instruction"":0,""CPU"":0,""HSACU"":1}},{""processor_id_low"":2147487749,""size"":32,""level"":1,""cache_line_size"":128,""cache_lines_per_tag"":0,""association"":0,""latency"":0,""type"":{""Data"":1,""Instruction"":0,""CPU"":0,""HSACU"":1}},{""processor_id_low"":2147487750,""size"":32,""level"":1,""cache_line_size"":128,""cache_lines_per_tag"":0,""association"":0,""latency"":0,""type"":{""Data"":1,""Instruction"":0,""CPU"":0,""HSACU"":1}},{""processor_id_low"":2147487751,""size"":32,""level"":1,""cache_line_size"":128,""cache_lines_per_tag"":0,""association"":0,""latency"":0,""type"":{""Data"":1,""Instruction"":0,""CPU"":0,""HSACU"":1}},{""processor_id_low"":2147487752,""size"":32,""level"":1,""cache_line_size"":128,""cache_lines_per_tag"":0,""association"":0,""latency"":0,""type"":{""Data"":1,""Instruction"":0,""CPU"":0,""HSACU"":1}},{""processor_id_low"":2147487753,""size"":32,""level"":1,""cache_line_size"":128,""cache_lines_per_tag"":0,""association"":0,""latency"":0,""type"":{""Data"":1,""Instruction"":0,""CPU"":0,""HSACU"":1}},{""processor_id_low"":2147487754,""size"":32,""level"":1,""cache_line_size"":128,""cache_lines_per_tag"":0,""association"":0,""latency"":0,""type"":{""Data"":1,""Instruction"":0,""CPU"":0,""HSACU"":1}},{""processor_id_low"":2147487755,""size"":32,""level"":1,""cache_line_size"":128,""cache_lines_per_tag"":0,""association"":0,""latency"":0,""type"":{""Data"":1,""Instruction"":0,""CPU"":0,""HSACU"":1}},{""processor_id_low"":2147487756,""size"":32,""level"":1,""cache_line_size"":128,""cache_lines_per_tag"":0,""association"":0,""latency"":0,""type"":{""Data"":1,""Instruction"":0,""CPU"":0,""HSACU"":1}},{""processor_id_low"":2147487757,""size"":32,""level"":1,""cache_line_size"":128,""cache_lines_per_tag"":0,""association"":0,""latency"":0,""type"":{""Data"":1,""Instruction"":0,""CPU"":0,""HSACU"":1}},{""processor_id_low"":2147487758,""size"":32,""level"":1,""cache_line_size"":128,""cache_lines_per_tag"":0,""association"":0,""latency"":0,""type"":{""Data"":1,""Instruction"":0,""CPU"":0,""HSACU"":1}},{""processor_id_low"":2147487759,""size"":32,""level"":1,""cache_line_size"":128,""cache_lines_per_tag"":0,""association"":0,""latency"":0,""type"":{""Data"":1,""Instruction"":0,""CPU"":0,""HSACU"":1}},{""processor_id_low"":2147487760,""size"":32,""level"":1,""cache_line_size"":128,""cache_lines_per_tag"":0,""association"":0,""latency"":0,""type"":{""Data"":1,""Instruction"":0,""CPU"":0,""HSACU"":1}},{""processor_id_low"":2147487761,""size"":32,""level"":1,""cache_line_size"":128,""cache_lines_per_tag"":0,""association"":0,""latency"":0,""type"":{""Data"":1,""Instruction"":0,""CPU"":0,""HSACU"":1}},{""processor_id_low"":2147487762,""size"":32,""level"":1,""cache_line_size"":128,""cache_lines_per_tag"":0,""association"":0,""latency"":0,""type"":{""Data"":1,""Instruction"":0,""CPU"":0,""HSACU"":1}},{""processor_id_low"":2147487763,""size"":32,""level"":1,""cache_line_size"":128,""cache_lines_per_tag"":0,""association"":0,""latency"":0,""type"":{""Data"":1,""Instruction"":0,""CPU"":0,""HSACU"":1}},{""processor_id_low"":2147487764,""size"":32,""level"":1,""cache_line_size"":128,""cache_lines_per_tag"":0,""association"":0,""latency"":0,""type"":{""Data"":1,""Instruction"":0,""CPU"":0,""HSACU"":1}},{""processor_id_low"":2147487765,""size"":32,""level"":1,""cache_line_size"":128,""cache_lines_per_tag"":0,""association"":0,""latency"":0,""type"":{""Data"":1,""Instruction"":0,""CPU"":0,""HSACU"":1}},{""processor_id_low"":2147487766,""size"":32,""level"":1,""cache_line_size"":128,""cache_lines_per_tag"":0,""association"":0,""latency"":0,""type"":{""Data"":1,""Instruction"":0,""CPU"":0,""HSACU"":1}},{""processor_id_low"":2147487767,""size"":32,""level"":1,""cache_line_size"":128,""cache_lines_per_tag"":0,""association"":0,""latency"":0,""type"":{""Data"":1,""Instruction"":0,""CPU"":0,""HSACU"":1}},{""processor_id_low"":2147487768,""size"":32,""level"":1,""cache_line_size"":128,""cache_lines_per_tag"":0,""association"":0,""latency"":0,""type"":{""Data"":1,""Instruction"":0,""CPU"":0,""HSACU"":1}},{""processor_id_low"":2147487769,""size"":32,""level"":1,""cache_line_size"":128,""cache_lines_per_tag"":0,""association"":0,""latency"":0,""type"":{""Data"":1,""Instruction"":0,""CPU"":0,""HSACU"":1}},{""processor_id_low"":2147487770,""size"":32,""level"":1,""cache_line_size"":128,""cache_lines_per_tag"":0,""association"":0,""latency"":0,""type"":{""Data"":1,""Instruction"":0,""CPU"":0,""HSACU"":1}},{""processor_id_low"":2147487771,""size"":32,""level"":1,""cache_line_size"":128,""cache_lines_per_tag"":0,""association"":0,""latency"":0,""type"":{""Data"":1,""Instruction"":0,""CPU"":0,""HSACU"":1}},{""processor_id_low"":2147487772,""size"":32,""level"":1,""cache_line_size"":128,""cache_lines_per_tag"":0,""association"":0,""latency"":0,""type"":{""Data"":1,""Instruction"":0,""CPU"":0,""HSACU"":1}},{""processor_id_low"":2147487773,""size"":32,""level"":1,""cache_line_size"":128,""cache_lines_per_tag"":0,""association"":0,""latency"":0,""type"":{""Data"":1,""Instruction"":0,""CPU"":0,""HSACU"":1}},{""processor_id_low"":2147487774,""size"":32,""level"":1,""cache_line_size"":128,""cache_lines_per_tag"":0,""association"":0,""latency"":0,""type"":{""Data"":1,""Instruction"":0,""CPU"":0,""HSACU"":1}},{""processor_id_low"":2147487775,""size"":32,""level"":1,""cache_line_size"":128,""cache_lines_per_tag"":0,""association"":0,""latency"":0,""type"":{""Data"":1,""Instruction"":0,""CPU"":0,""HSACU"":1}},{""processor_id_low"":2147487776,""size"":32,""level"":1,""cache_line_size"":128,""cache_lines_per_tag"":0,""association"":0,""latency"":0,""type"":{""Data"":1,""Instruction"":0,""CPU"":0,""HSACU"":1}},{""processor_id_low"":2147487777,""size"":32,""level"":1,""cache_line_size"":128,""cache_lines_per_tag"":0,""association"":0,""latency"":0,""type"":{""Data"":1,""Instruction"":0,""CPU"":0,""HSACU"":1}},{""processor_id_low"":2147487778,""size"":32,""level"":1,""cache_line_size"":128,""cache_lines_per_tag"":0,""association"":0,""latency"":0,""type"":{""Data"":1,""Instruction"":0,""CPU"":0,""HSACU"":1}},{""processor_id_low"":2147487779,""size"":32,""level"":1,""cache_line_size"":128,""cache_lines_per_tag"":0,""association"":0,""latency"":0,""type"":{""Data"":1,""Instruction"":0,""CPU"":0,""HSACU"":1}},{""processor_id_low"":2147487780,""size"":32,""level"":1,""cache_line_size"":128,""cache_lines_per_tag"":0,""association"":0,""latency"":0,""type"":{""Data"":1,""Instruction"":0,""CPU"":0,""HSACU"":1}},{""processor_id_low"":2147487781,""size"":32,""level"":1,""cache_line_size"":128,""cache_lines_per_tag"":0,""association"":0,""latency"":0,""type"":{""Data"":1,""Instruction"":0,""CPU"":0,""HSACU"":1}},{""processor_id_low"":2147487782,""size"":32,""level"":1,""cache_line_size"":128,""cache_lines_per_tag"":0,""association"":0,""latency"":0,""type"":{""Data"":1,""Instruction"":0,""CPU"":0,""HSACU"":1}},{""processor_id_low"":2147487783,""size"":32,""level"":1,""cache_line_size"":128,""cache_lines_per_tag"":0,""association"":0,""latency"":0,""type"":{""Data"":1,""Instruction"":0,""CPU"":0,""HSACU"":1}},{""processor_id_low"":2147487744,""size"":32,""level"":1,""cache_line_size"":128,""cache_lines_per_tag"":0,""association"":0,""latency"":0,""type"":{""Data"":0,""Instruction"":1,""CPU"":0,""HSACU"":1}},{""processor_id_low"":2147487746,""size"":32,""level"":1,""cache_line_size"":128,""cache_lines_per_tag"":0,""association"":0,""latency"":0,""type"":{""Data"":0,""Instruction"":1,""CPU"":0,""HSACU"":1}},{""processor_id_low"":2147487748,""size"":32,""level"":1,""cache_line_size"":128,""cache_lines_per_tag"":0,""association"":0,""latency"":0,""type"":{""Data"":0,""Instruction"":1,""CPU"":0,""HSACU"":1}},{""processor_id_low"":2147487750,""size"":32,""level"":1,""cache_line_size"":128,""cache_lines_per_tag"":0,""association"":0,""latency"":0,""type"":{""Data"":0,""Instruction"":1,""CPU"":0,""HSACU"":1}},{""processor_id_low"":2147487752,""size"":32,""level"":1,""cache_line_size"":128,""cache_lines_per_tag"":0,""association"":0,""latency"":0,""type"":{""Data"":0,""Instruction"":1,""CPU"":0,""HSACU"":1}},{""processor_id_low"":2147487754,""size"":32,""level"":1,""cache_line_size"":128,""cache_lines_per_tag"":0,""association"":0,""latency"":0,""type"":{""Data"":0,""Instruction"":1,""CPU"":0,""HSACU"":1}},{""processor_id_low"":2147487756,""size"":32,""level"":1,""cache_line_size"":128,""cache_lines_per_tag"":0,""association"":0,""latency"":0,""type"":{""Data"":0,""Instruction"":1,""CPU"":0,""HSACU"":1}},{""processor_id_low"":2147487758,""size"":32,""level"":1,""cache_line_size"":128,""cache_lines_per_tag"":0,""association"":0,""latency"":0,""type"":{""Data"":0,""Instruction"":1,""CPU"":0,""HSACU"":1}},{""processor_id_low"":2147487760,""size"":32,""level"":1,""cache_line_size"":128,""cache_lines_per_tag"":0,""association"":0,""latency"":0,""type"":{""Data"":0,""Instruction"":1,""CPU"":0,""HSACU"":1}},{""processor_id_low"":2147487762,""size"":32,""level"":1,""cache_line_size"":128,""cache_lines_per_tag"":0,""association"":0,""latency"":0,""type"":{""Data"":0,""Instruction"":1,""CPU"":0,""HSACU"":1}},{""processor_id_low"":2147487764,""size"":32,""level"":1,""cache_line_size"":128,""cache_lines_per_tag"":0,""association"":0,""latency"":0,""type"":{""Data"":0,""Instruction"":1,""CPU"":0,""HSACU"":1}},{""processor_id_low"":2147487766,""size"":32,""level"":1,""cache_line_size"":128,""cache_lines_per_tag"":0,""association"":0,""latency"":0,""type"":{""Data"":0,""Instruction"":1,""CPU"":0,""HSACU"":1}},{""processor_id_low"":2147487768,""size"":32,""level"":1,""cache_line_size"":128,""cache_lines_per_tag"":0,""association"":0,""latency"":0,""type"":{""Data"":0,""Instruction"":1,""CPU"":0,""HSACU"":1}},{""processor_id_low"":2147487770,""size"":32,""level"":1,""cache_line_size"":128,""cache_lines_per_tag"":0,""association"":0,""latency"":0,""type"":{""Data"":0,""Instruction"":1,""CPU"":0,""HSACU"":1}},{""processor_id_low"":2147487772,""size"":32,""level"":1,""cache_line_size"":128,""cache_lines_per_tag"":0,""association"":0,""latency"":0,""type"":{""Data"":0,""Instruction"":1,""CPU"":0,""HSACU"":1}},{""processor_id_low"":2147487774,""size"":32,""level"":1,""cache_line_size"":128,""cache_lines_per_tag"":0,""association"":0,""latency"":0,""type"":{""Data"":0,""Instruction"":1,""CPU"":0,""HSACU"":1}},{""processor_id_low"":2147487776,""size"":32,""level"":1,""cache_line_size"":128,""cache_lines_per_tag"":0,""association"":0,""latency"":0,""type"":{""Data"":0,""Instruction"":1,""CPU"":0,""HSACU"":1}},{""processor_id_low"":2147487778,""size"":32,""level"":1,""cache_line_size"":128,""cache_lines_per_tag"":0,""association"":0,""latency"":0,""type"":{""Data"":0,""Instruction"":1,""CPU"":0,""HSACU"":1}},{""processor_id_low"":2147487780,""size"":32,""level"":1,""cache_line_size"":128,""cache_lines_per_tag"":0,""association"":0,""latency"":0,""type"":{""Data"":0,""Instruction"":1,""CPU"":0,""HSACU"":1}},{""processor_id_low"":2147487782,""size"":32,""level"":1,""cache_line_size"":128,""cache_lines_per_tag"":0,""association"":0,""latency"":0,""type"":{""Data"":0,""Instruction"":1,""CPU"":0,""HSACU"":1}},{""processor_id_low"":2147487744,""size"":16,""level"":1,""cache_line_size"":64,""cache_lines_per_tag"":0,""association"":0,""latency"":0,""type"":{""Data"":1,""Instruction"":0,""CPU"":0,""HSACU"":1}},{""processor_id_low"":2147487746,""size"":16,""level"":1,""cache_line_size"":64,""cache_lines_per_tag"":0,""association"":0,""latency"":0,""type"":{""Data"":1,""Instruction"":0,""CPU"":0,""HSACU"":1}},{""processor_id_low"":2147487748,""size"":16,""level"":1,""cache_line_size"":64,""cache_lines_per_tag"":0,""association"":0,""latency"":0,""type"":{""Data"":1,""Instruction"":0,""CPU"":0,""HSACU"":1}},{""processor_id_low"":2147487750,""size"":16,""level"":1,""cache_line_size"":64,""cache_lines_per_tag"":0,""association"":0,""latency"":0,""type"":{""Data"":1,""Instruction"":0,""CPU"":0,""HSACU"":1}},{""processor_id_low"":2147487752,""size"":16,""level"":1,""cache_line_size"":64,""cache_lines_per_tag"":0,""association"":0,""latency"":0,""type"":{""Data"":1,""Instruction"":0,""CPU"":0,""HSACU"":1}},{""processor_id_low"":2147487754,""size"":16,""level"":1,""cache_line_size"":64,""cache_lines_per_tag"":0,""association"":0,""latency"":0,""type"":{""Data"":1,""Instruction"":0,""CPU"":0,""HSACU"":1}},{""processor_id_low"":2147487756,""size"":16,""level"":1,""cache_line_size"":64,""cache_lines_per_tag"":0,""association"":0,""latency"":0,""type"":{""Data"":1,""Instruction"":0,""CPU"":0,""HSACU"":1}},{""processor_id_low"":2147487758,""size"":16,""level"":1,""cache_line_size"":64,""cache_lines_per_tag"":0,""association"":0,""latency"":0,""type"":{""Data"":1,""Instruction"":0,""CPU"":0,""HSACU"":1}},{""processor_id_low"":2147487760,""size"":16,""level"":1,""cache_line_size"":64,""cache_lines_per_tag"":0,""association"":0,""latency"":0,""type"":{""Data"":1,""Instruction"":0,""CPU"":0,""HSACU"":1}},{""processor_id_low"":2147487762,""size"":16,""level"":1,""cache_line_size"":64,""cache_lines_per_tag"":0,""association"":0,""latency"":0,""type"":{""Data"":1,""Instruction"":0,""CPU"":0,""HSACU"":1}},{""processor_id_low"":2147487764,""size"":16,""level"":1,""cache_line_size"":64,""cache_lines_per_tag"":0,""association"":0,""latency"":0,""type"":{""Data"":1,""Instruction"":0,""CPU"":0,""HSACU"":1}},{""processor_id_low"":2147487766,""size"":16,""level"":1,""cache_line_size"":64,""cache_lines_per_tag"":0,""association"":0,""latency"":0,""type"":{""Data"":1,""Instruction"":0,""CPU"":0,""HSACU"":1}},{""processor_id_low"":2147487768,""size"":16,""level"":1,""cache_line_size"":64,""cache_lines_per_tag"":0,""association"":0,""latency"":0,""type"":{""Data"":1,""Instruction"":0,""CPU"":0,""HSACU"":1}},{""processor_id_low"":2147487770,""size"":16,""level"":1,""cache_line_size"":64,""cache_lines_per_tag"":0,""association"":0,""latency"":0,""type"":{""Data"":1,""Instruction"":0,""CPU"":0,""HSACU"":1}},{""processor_id_low"":2147487772,""size"":16,""level"":1,""cache_line_size"":64,""cache_lines_per_tag"":0,""association"":0,""latency"":0,""type"":{""Data"":1,""Instruction"":0,""CPU"":0,""HSACU"":1}},{""processor_id_low"":2147487774,""size"":16,""level"":1,""cache_line_size"":64,""cache_lines_per_tag"":0,""association"":0,""latency"":0,""type"":{""Data"":1,""Instruction"":0,""CPU"":0,""HSACU"":1}},{""processor_id_low"":2147487776,""size"":16,""level"":1,""cache_line_size"":64,""cache_lines_per_tag"":0,""association"":0,""latency"":0,""type"":{""Data"":1,""Instruction"":0,""CPU"":0,""HSACU"":1}},{""processor_id_low"":2147487778,""size"":16,""level"":1,""cache_line_size"":64,""cache_lines_per_tag"":0,""association"":0,""latency"":0,""type"":{""Data"":1,""Instruction"":0,""CPU"":0,""HSACU"":1}},{""processor_id_low"":2147487780,""size"":16,""level"":1,""cache_line_size"":64,""cache_lines_per_tag"":0,""association"":0,""latency"":0,""type"":{""Data"":1,""Instruction"":0,""CPU"":0,""HSACU"":1}},{""processor_id_low"":2147487782,""size"":16,""level"":1,""cache_line_size"":64,""cache_lines_per_tag"":0,""association"":0,""latency"":0,""type"":{""Data"":1,""Instruction"":0,""CPU"":0,""HSACU"":1}},{""processor_id_low"":2147487744,""size"":256,""level"":1,""cache_line_size"":128,""cache_lines_per_tag"":0,""association"":0,""latency"":0,""type"":{""Data"":1,""Instruction"":0,""CPU"":0,""HSACU"":1}},{""processor_id_low"":2147487754,""size"":256,""level"":1,""cache_line_size"":128,""cache_lines_per_tag"":0,""association"":0,""latency"":0,""type"":{""Data"":1,""Instruction"":0,""CPU"":0,""HSACU"":1}},{""processor_id_low"":2147487764,""size"":256,""level"":1,""cache_line_size"":128,""cache_lines_per_tag"":0,""association"":0,""latency"":0,""type"":{""Data"":1,""Instruction"":0,""CPU"":0,""HSACU"":1}},{""processor_id_low"":2147487774,""size"":256,""level"":1,""cache_line_size"":128,""cache_lines_per_tag"":0,""association"":0,""latency"":0,""type"":{""Data"":1,""Instruction"":0,""CPU"":0,""HSACU"":1}},{""processor_id_low"":2147487744,""size"":2048,""level"":2,""cache_line_size"":128,""cache_lines_per_tag"":0,""association"":0,""latency"":0,""type"":{""Data"":1,""Instruction"":0,""CPU"":0,""HSACU"":1}},{""processor_id_low"":2147487744,""size"":32768,""level"":3,""cache_line_size"":64,""cache_lines_per_tag"":0,""association"":0,""latency"":0,""type"":{""Data"":1,""Instruction"":0,""CPU"":0,""HSACU"":1}}],""io_links"":[{""type"":2,""version_major"":0,""version_minor"":0,""node_from"":1,""node_to"":0,""weight"":20,""min_latency"":0,""max_latency"":0,""min_bandwidth"":0,""max_bandwidth"":32000,""recommended_transfer_size"":0,""flags"":{""Override"":1,""NonCoherent"":0,""NoAtomics32bit"":0,""NoAtomics64bit"":0,""NoPeerToPeerDMA"":0}}],""gpu_index"":0}"
2513,00003c59-972f-772f-8b94-d7fc91e3aa7a,1655282045,1258216,1,GPU,,,MemUnitBusy,MemUnitBusy,"The percentage of GPUTime the memory unit is active. The result includes the stall time (MemUnitStalled). This is measured with all extra fetches and writes and any cache or memory effects taken into account. Value range: 0% to 100% (fetch-bound).","",rocm,"",ABS,"","100*reduce(TA_TA_BUSY,max)/reduce(GRBM_GUI_ACTIVE,max)",0,1,"{""size"":312,""id"":{""handle"":14091},""type"":2,""cpu_cores_count"":0,""simd_count"":80,""mem_banks_count"":1,""caches_count"":86,""io_links_count"":1,""cpu_core_id_base"":0,""simd_id_base"":2147487744,""max_waves_per_simd"":16,""lds_size_in_kb"":64,""gds_size_in_kb"":0,""num_gws"":64,""wave_front_size"":32,""num_xcc"":1,""cu_count"":40,""array_count"":4,""num_shader_banks"":2,""simd_arrays_per_engine"":2,""cu_per_simd_array"":10,""simd_per_cu"":2,""max_slots_scratch_cu"":32,""gfx_target_version"":110501,""vendor_id"":4098,""device_id"":5510,""location_id"":50432,""domain"":0,""drm_render_minor"":128,""num_sdma_engines"":1,""num_sdma_xgmi_engines"":0,""num_sdma_queues_per_engine"":6,""num_cp_queues"":8,""max_engine_clk_ccompute"":5187,""max_engine_clk_fcompute"":2900,""sdma_fw_version"":{""uCodeSDMA"":14,""uCodeRes"":0},""fw_version"":{""uCode"":32,""Major"":0,""Minor"":0,""Stepping"":0},""capability"":{""HotPluggable"":0,""HSAMMUPresent"":0,""SharedWithGraphics"":0,""QueueSizePowerOfTwo"":0,""QueueSize32bit"":0,""QueueIdleEvent"":0,""VALimit"":0,""WatchPointsSupported"":1,""WatchPointsTotalBits"":2,""DoorbellType"":2,""AQLQueueDoubleMap"":0,""DebugTrapSupported"":1,""WaveLaunchTrapOverrideSupported"":1,""WaveLaunchModeSupported"":1,""PreciseMemoryOperationsSupported"":0,""DEPRECATED_SRAM_EDCSupport"":0,""Mem_EDCSupport"":0,""RASEventNotify"":0,""ASICRevision"":0,""SRAM_EDCSupport"":0,""SVMAPISupported"":1,""CoherentHostAccess"":0,""DebugSupportedFirmware"":1},""cu_per_engine"":20,""max_waves_per_cu"":32,""family_id"":150,""workgroup_max_size"":1024,""grid_max_size"":4294967295,""local_mem_size"":0,""hive_id"":0,""gpu_id"":35128,""workgroup_max_dim"":{""x"":1024,""y"":1024,""z"":1024},""grid_max_dim"":{""x"":2147483647,""y"":65535,""z"":65535},""name"":""gfx1151"",""vendor_name"":""AMD"",""product_name"":""Radeon 8060S Graphics"",""model_name"":""ip discovery"",""node_id"":1,""logical_node_id"":1,""logical_node_type_id"":0,""runtime_visibility"":{""hsa"":1,""hip"":1,""rccl"":1,""rocdecode"":1},""uuid"":{""bytes"":{""value0"":0,""value1"":0,""value2"":0,""value3"":0,""value4"":0,""value5"":0,""value6"":0,""value7"":0,""value8"":0,""value9"":0,""value10"":0,""value11"":0,""value12"":0,""value13"":0,""value14"":0,""value15"":0}},""mem_banks"":[{""heap_type"":1,""flags"":{""HotPluggable"":0,""NonVolatile"":0},""width"":256,""mem_clk_max"":1000,""size_in_bytes"":137438953472}],""caches"":[{""processor_id_low"":2147487744,""size"":32,""level"":1,""cache_line_size"":128,""cache_lines_per_tag"":0,""association"":0,""latency"":0,""type"":{""Data"":1,""Instruction"":0,""CPU"":0,""HSACU"":1}},{""processor_id_low"":2147487745,""size"":32,""level"":1,""cache_line_size"":128,""cache_lines_per_tag"":0,""association"":0,""latency"":0,""type"":{""Data"":1,""Instruction"":0,""CPU"":0,""HSACU"":1}},{""processor_id_low"":2147487746,""size"":32,""level"":1,""cache_line_size"":128,""cache_lines_per_tag"":0,""association"":0,""latency"":0,""type"":{""Data"":1,""Instruction"":0,""CPU"":0,""HSACU"":1}},{""processor_id_low"":2147487747,""size"":32,""level"":1,""cache_line_size"":128,""cache_lines_per_tag"":0,""association"":0,""latency"":0,""type"":{""Data"":1,""Instruction"":0,""CPU"":0,""HSACU"":1}},{""processor_id_low"":2147487748,""size"":32,""level"":1,""cache_line_size"":128,""cache_lines_per_tag"":0,""association"":0,""latency"":0,""type"":{""Data"":1,""Instruction"":0,""CPU"":0,""HSACU"":1}},{""processor_id_low"":2147487749,""size"":32,""level"":1,""cache_line_size"":128,""cache_lines_per_tag"":0,""association"":0,""latency"":0,""type"":{""Data"":1,""Instruction"":0,""CPU"":0,""HSACU"":1}},{""processor_id_low"":2147487750,""size"":32,""level"":1,""cache_line_size"":128,""cache_lines_per_tag"":0,""association"":0,""latency"":0,""type"":{""Data"":1,""Instruction"":0,""CPU"":0,""HSACU"":1}},{""processor_id_low"":2147487751,""size"":32,""level"":1,""cache_line_size"":128,""cache_lines_per_tag"":0,""association"":0,""latency"":0,""type"":{""Data"":1,""Instruction"":0,""CPU"":0,""HSACU"":1}},{""processor_id_low"":2147487752,""size"":32,""level"":1,""cache_line_size"":128,""cache_lines_per_tag"":0,""association"":0,""latency"":0,""type"":{""Data"":1,""Instruction"":0,""CPU"":0,""HSACU"":1}},{""processor_id_low"":2147487753,""size"":32,""level"":1,""cache_line_size"":128,""cache_lines_per_tag"":0,""association"":0,""latency"":0,""type"":{""Data"":1,""Instruction"":0,""CPU"":0,""HSACU"":1}},{""processor_id_low"":2147487754,""size"":32,""level"":1,""cache_line_size"":128,""cache_lines_per_tag"":0,""association"":0,""latency"":0,""type"":{""Data"":1,""Instruction"":0,""CPU"":0,""HSACU"":1}},{""processor_id_low"":2147487755,""size"":32,""level"":1,""cache_line_size"":128,""cache_lines_per_tag"":0,""association"":0,""latency"":0,""type"":{""Data"":1,""Instruction"":0,""CPU"":0,""HSACU"":1}},{""processor_id_low"":2147487756,""size"":32,""level"":1,""cache_line_size"":128,""cache_lines_per_tag"":0,""association"":0,""latency"":0,""type"":{""Data"":1,""Instruction"":0,""CPU"":0,""HSACU"":1}},{""processor_id_low"":2147487757,""size"":32,""level"":1,""cache_line_size"":128,""cache_lines_per_tag"":0,""association"":0,""latency"":0,""type"":{""Data"":1,""Instruction"":0,""CPU"":0,""HSACU"":1}},{""processor_id_low"":2147487758,""size"":32,""level"":1,""cache_line_size"":128,""cache_lines_per_tag"":0,""association"":0,""latency"":0,""type"":{""Data"":1,""Instruction"":0,""CPU"":0,""HSACU"":1}},{""processor_id_low"":2147487759,""size"":32,""level"":1,""cache_line_size"":128,""cache_lines_per_tag"":0,""association"":0,""latency"":0,""type"":{""Data"":1,""Instruction"":0,""CPU"":0,""HSACU"":1}},{""processor_id_low"":2147487760,""size"":32,""level"":1,""cache_line_size"":128,""cache_lines_per_tag"":0,""association"":0,""latency"":0,""type"":{""Data"":1,""Instruction"":0,""CPU"":0,""HSACU"":1}},{""processor_id_low"":2147487761,""size"":32,""level"":1,""cache_line_size"":128,""cache_lines_per_tag"":0,""association"":0,""latency"":0,""type"":{""Data"":1,""Instruction"":0,""CPU"":0,""HSACU"":1}},{""processor_id_low"":2147487762,""size"":32,""level"":1,""cache_line_size"":128,""cache_lines_per_tag"":0,""association"":0,""latency"":0,""type"":{""Data"":1,""Instruction"":0,""CPU"":0,""HSACU"":1}},{""processor_id_low"":2147487763,""size"":32,""level"":1,""cache_line_size"":128,""cache_lines_per_tag"":0,""association"":0,""latency"":0,""type"":{""Data"":1,""Instruction"":0,""CPU"":0,""HSACU"":1}},{""processor_id_low"":2147487764,""size"":32,""level"":1,""cache_line_size"":128,""cache_lines_per_tag"":0,""association"":0,""latency"":0,""type"":{""Data"":1,""Instruction"":0,""CPU"":0,""HSACU"":1}},{""processor_id_low"":2147487765,""size"":32,""level"":1,""cache_line_size"":128,""cache_lines_per_tag"":0,""association"":0,""latency"":0,""type"":{""Data"":1,""Instruction"":0,""CPU"":0,""HSACU"":1}},{""processor_id_low"":2147487766,""size"":32,""level"":1,""cache_line_size"":128,""cache_lines_per_tag"":0,""association"":0,""latency"":0,""type"":{""Data"":1,""Instruction"":0,""CPU"":0,""HSACU"":1}},{""processor_id_low"":2147487767,""size"":32,""level"":1,""cache_line_size"":128,""cache_lines_per_tag"":0,""association"":0,""latency"":0,""type"":{""Data"":1,""Instruction"":0,""CPU"":0,""HSACU"":1}},{""processor_id_low"":2147487768,""size"":32,""level"":1,""cache_line_size"":128,""cache_lines_per_tag"":0,""association"":0,""latency"":0,""type"":{""Data"":1,""Instruction"":0,""CPU"":0,""HSACU"":1}},{""processor_id_low"":2147487769,""size"":32,""level"":1,""cache_line_size"":128,""cache_lines_per_tag"":0,""association"":0,""latency"":0,""type"":{""Data"":1,""Instruction"":0,""CPU"":0,""HSACU"":1}},{""processor_id_low"":2147487770,""size"":32,""level"":1,""cache_line_size"":128,""cache_lines_per_tag"":0,""association"":0,""latency"":0,""type"":{""Data"":1,""Instruction"":0,""CPU"":0,""HSACU"":1}},{""processor_id_low"":2147487771,""size"":32,""level"":1,""cache_line_size"":128,""cache_lines_per_tag"":0,""association"":0,""latency"":0,""type"":{""Data"":1,""Instruction"":0,""CPU"":0,""HSACU"":1}},{""processor_id_low"":2147487772,""size"":32,""level"":1,""cache_line_size"":128,""cache_lines_per_tag"":0,""association"":0,""latency"":0,""type"":{""Data"":1,""Instruction"":0,""CPU"":0,""HSACU"":1}},{""processor_id_low"":2147487773,""size"":32,""level"":1,""cache_line_size"":128,""cache_lines_per_tag"":0,""association"":0,""latency"":0,""type"":{""Data"":1,""Instruction"":0,""CPU"":0,""HSACU"":1}},{""processor_id_low"":2147487774,""size"":32,""level"":1,""cache_line_size"":128,""cache_lines_per_tag"":0,""association"":0,""latency"":0,""type"":{""Data"":1,""Instruction"":0,""CPU"":0,""HSACU"":1}},{""processor_id_low"":2147487775,""size"":32,""level"":1,""cache_line_size"":128,""cache_lines_per_tag"":0,""association"":0,""latency"":0,""type"":{""Data"":1,""Instruction"":0,""CPU"":0,""HSACU"":1}},{""processor_id_low"":2147487776,""size"":32,""level"":1,""cache_line_size"":128,""cache_lines_per_tag"":0,""association"":0,""latency"":0,""type"":{""Data"":1,""Instruction"":0,""CPU"":0,""HSACU"":1}},{""processor_id_low"":2147487777,""size"":32,""level"":1,""cache_line_size"":128,""cache_lines_per_tag"":0,""association"":0,""latency"":0,""type"":{""Data"":1,""Instruction"":0,""CPU"":0,""HSACU"":1}},{""processor_id_low"":2147487778,""size"":32,""level"":1,""cache_line_size"":128,""cache_lines_per_tag"":0,""association"":0,""latency"":0,""type"":{""Data"":1,""Instruction"":0,""CPU"":0,""HSACU"":1}},{""processor_id_low"":2147487779,""size"":32,""level"":1,""cache_line_size"":128,""cache_lines_per_tag"":0,""association"":0,""latency"":0,""type"":{""Data"":1,""Instruction"":0,""CPU"":0,""HSACU"":1}},{""processor_id_low"":2147487780,""size"":32,""level"":1,""cache_line_size"":128,""cache_lines_per_tag"":0,""association"":0,""latency"":0,""type"":{""Data"":1,""Instruction"":0,""CPU"":0,""HSACU"":1}},{""processor_id_low"":2147487781,""size"":32,""level"":1,""cache_line_size"":128,""cache_lines_per_tag"":0,""association"":0,""latency"":0,""type"":{""Data"":1,""Instruction"":0,""CPU"":0,""HSACU"":1}},{""processor_id_low"":2147487782,""size"":32,""level"":1,""cache_line_size"":128,""cache_lines_per_tag"":0,""association"":0,""latency"":0,""type"":{""Data"":1,""Instruction"":0,""CPU"":0,""HSACU"":1}},{""processor_id_low"":2147487783,""size"":32,""level"":1,""cache_line_size"":128,""cache_lines_per_tag"":0,""association"":0,""latency"":0,""type"":{""Data"":1,""Instruction"":0,""CPU"":0,""HSACU"":1}},{""processor_id_low"":2147487744,""size"":32,""level"":1,""cache_line_size"":128,""cache_lines_per_tag"":0,""association"":0,""latency"":0,""type"":{""Data"":0,""Instruction"":1,""CPU"":0,""HSACU"":1}},{""processor_id_low"":2147487746,""size"":32,""level"":1,""cache_line_size"":128,""cache_lines_per_tag"":0,""association"":0,""latency"":0,""type"":{""Data"":0,""Instruction"":1,""CPU"":0,""HSACU"":1}},{""processor_id_low"":2147487748,""size"":32,""level"":1,""cache_line_size"":128,""cache_lines_per_tag"":0,""association"":0,""latency"":0,""type"":{""Data"":0,""Instruction"":1,""CPU"":0,""HSACU"":1}},{""processor_id_low"":2147487750,""size"":32,""level"":1,""cache_line_size"":128,""cache_lines_per_tag"":0,""association"":0,""latency"":0,""type"":{""Data"":0,""Instruction"":1,""CPU"":0,""HSACU"":1}},{""processor_id_low"":2147487752,""size"":32,""level"":1,""cache_line_size"":128,""cache_lines_per_tag"":0,""association"":0,""latency"":0,""type"":{""Data"":0,""Instruction"":1,""CPU"":0,""HSACU"":1}},{""processor_id_low"":2147487754,""size"":32,""level"":1,""cache_line_size"":128,""cache_lines_per_tag"":0,""association"":0,""latency"":0,""type"":{""Data"":0,""Instruction"":1,""CPU"":0,""HSACU"":1}},{""processor_id_low"":2147487756,""size"":32,""level"":1,""cache_line_size"":128,""cache_lines_per_tag"":0,""association"":0,""latency"":0,""type"":{""Data"":0,""Instruction"":1,""CPU"":0,""HSACU"":1}},{""processor_id_low"":2147487758,""size"":32,""level"":1,""cache_line_size"":128,""cache_lines_per_tag"":0,""association"":0,""latency"":0,""type"":{""Data"":0,""Instruction"":1,""CPU"":0,""HSACU"":1}},{""processor_id_low"":2147487760,""size"":32,""level"":1,""cache_line_size"":128,""cache_lines_per_tag"":0,""association"":0,""latency"":0,""type"":{""Data"":0,""Instruction"":1,""CPU"":0,""HSACU"":1}},{""processor_id_low"":2147487762,""size"":32,""level"":1,""cache_line_size"":128,""cache_lines_per_tag"":0,""association"":0,""latency"":0,""type"":{""Data"":0,""Instruction"":1,""CPU"":0,""HSACU"":1}},{""processor_id_low"":2147487764,""size"":32,""level"":1,""cache_line_size"":128,""cache_lines_per_tag"":0,""association"":0,""latency"":0,""type"":{""Data"":0,""Instruction"":1,""CPU"":0,""HSACU"":1}},{""processor_id_low"":2147487766,""size"":32,""level"":1,""cache_line_size"":128,""cache_lines_per_tag"":0,""association"":0,""latency"":0,""type"":{""Data"":0,""Instruction"":1,""CPU"":0,""HSACU"":1}},{""processor_id_low"":2147487768,""size"":32,""level"":1,""cache_line_size"":128,""cache_lines_per_tag"":0,""association"":0,""latency"":0,""type"":{""Data"":0,""Instruction"":1,""CPU"":0,""HSACU"":1}},{""processor_id_low"":2147487770,""size"":32,""level"":1,""cache_line_size"":128,""cache_lines_per_tag"":0,""association"":0,""latency"":0,""type"":{""Data"":0,""Instruction"":1,""CPU"":0,""HSACU"":1}},{""processor_id_low"":2147487772,""size"":32,""level"":1,""cache_line_size"":128,""cache_lines_per_tag"":0,""association"":0,""latency"":0,""type"":{""Data"":0,""Instruction"":1,""CPU"":0,""HSACU"":1}},{""processor_id_low"":2147487774,""size"":32,""level"":1,""cache_line_size"":128,""cache_lines_per_tag"":0,""association"":0,""latency"":0,""type"":{""Data"":0,""Instruction"":1,""CPU"":0,""HSACU"":1}},{""processor_id_low"":2147487776,""size"":32,""level"":1,""cache_line_size"":128,""cache_lines_per_tag"":0,""association"":0,""latency"":0,""type"":{""Data"":0,""Instruction"":1,""CPU"":0,""HSACU"":1}},{""processor_id_low"":2147487778,""size"":32,""level"":1,""cache_line_size"":128,""cache_lines_per_tag"":0,""association"":0,""latency"":0,""type"":{""Data"":0,""Instruction"":1,""CPU"":0,""HSACU"":1}},{""processor_id_low"":2147487780,""size"":32,""level"":1,""cache_line_size"":128,""cache_lines_per_tag"":0,""association"":0,""latency"":0,""type"":{""Data"":0,""Instruction"":1,""CPU"":0,""HSACU"":1}},{""processor_id_low"":2147487782,""size"":32,""level"":1,""cache_line_size"":128,""cache_lines_per_tag"":0,""association"":0,""latency"":0,""type"":{""Data"":0,""Instruction"":1,""CPU"":0,""HSACU"":1}},{""processor_id_low"":2147487744,""size"":16,""level"":1,""cache_line_size"":64,""cache_lines_per_tag"":0,""association"":0,""latency"":0,""type"":{""Data"":1,""Instruction"":0,""CPU"":0,""HSACU"":1}},{""processor_id_low"":2147487746,""size"":16,""level"":1,""cache_line_size"":64,""cache_lines_per_tag"":0,""association"":0,""latency"":0,""type"":{""Data"":1,""Instruction"":0,""CPU"":0,""HSACU"":1}},{""processor_id_low"":2147487748,""size"":16,""level"":1,""cache_line_size"":64,""cache_lines_per_tag"":0,""association"":0,""latency"":0,""type"":{""Data"":1,""Instruction"":0,""CPU"":0,""HSACU"":1}},{""processor_id_low"":2147487750,""size"":16,""level"":1,""cache_line_size"":64,""cache_lines_per_tag"":0,""association"":0,""latency"":0,""type"":{""Data"":1,""Instruction"":0,""CPU"":0,""HSACU"":1}},{""processor_id_low"":2147487752,""size"":16,""level"":1,""cache_line_size"":64,""cache_lines_per_tag"":0,""association"":0,""latency"":0,""type"":{""Data"":1,""Instruction"":0,""CPU"":0,""HSACU"":1}},{""processor_id_low"":2147487754,""size"":16,""level"":1,""cache_line_size"":64,""cache_lines_per_tag"":0,""association"":0,""latency"":0,""type"":{""Data"":1,""Instruction"":0,""CPU"":0,""HSACU"":1}},{""processor_id_low"":2147487756,""size"":16,""level"":1,""cache_line_size"":64,""cache_lines_per_tag"":0,""association"":0,""latency"":0,""type"":{""Data"":1,""Instruction"":0,""CPU"":0,""HSACU"":1}},{""processor_id_low"":2147487758,""size"":16,""level"":1,""cache_line_size"":64,""cache_lines_per_tag"":0,""association"":0,""latency"":0,""type"":{""Data"":1,""Instruction"":0,""CPU"":0,""HSACU"":1}},{""processor_id_low"":2147487760,""size"":16,""level"":1,""cache_line_size"":64,""cache_lines_per_tag"":0,""association"":0,""latency"":0,""type"":{""Data"":1,""Instruction"":0,""CPU"":0,""HSACU"":1}},{""processor_id_low"":2147487762,""size"":16,""level"":1,""cache_line_size"":64,""cache_lines_per_tag"":0,""association"":0,""latency"":0,""type"":{""Data"":1,""Instruction"":0,""CPU"":0,""HSACU"":1}},{""processor_id_low"":2147487764,""size"":16,""level"":1,""cache_line_size"":64,""cache_lines_per_tag"":0,""association"":0,""latency"":0,""type"":{""Data"":1,""Instruction"":0,""CPU"":0,""HSACU"":1}},{""processor_id_low"":2147487766,""size"":16,""level"":1,""cache_line_size"":64,""cache_lines_per_tag"":0,""association"":0,""latency"":0,""type"":{""Data"":1,""Instruction"":0,""CPU"":0,""HSACU"":1}},{""processor_id_low"":2147487768,""size"":16,""level"":1,""cache_line_size"":64,""cache_lines_per_tag"":0,""association"":0,""latency"":0,""type"":{""Data"":1,""Instruction"":0,""CPU"":0,""HSACU"":1}},{""processor_id_low"":2147487770,""size"":16,""level"":1,""cache_line_size"":64,""cache_lines_per_tag"":0,""association"":0,""latency"":0,""type"":{""Data"":1,""Instruction"":0,""CPU"":0,""HSACU"":1}},{""processor_id_low"":2147487772,""size"":16,""level"":1,""cache_line_size"":64,""cache_lines_per_tag"":0,""association"":0,""latency"":0,""type"":{""Data"":1,""Instruction"":0,""CPU"":0,""HSACU"":1}},{""processor_id_low"":2147487774,""size"":16,""level"":1,""cache_line_size"":64,""cache_lines_per_tag"":0,""association"":0,""latency"":0,""type"":{""Data"":1,""Instruction"":0,""CPU"":0,""HSACU"":1}},{""processor_id_low"":2147487776,""size"":16,""level"":1,""cache_line_size"":64,""cache_lines_per_tag"":0,""association"":0,""latency"":0,""type"":{""Data"":1,""Instruction"":0,""CPU"":0,""HSACU"":1}},{""processor_id_low"":2147487778,""size"":16,""level"":1,""cache_line_size"":64,""cache_lines_per_tag"":0,""association"":0,""latency"":0,""type"":{""Data"":1,""Instruction"":0,""CPU"":0,""HSACU"":1}},{""processor_id_low"":2147487780,""size"":16,""level"":1,""cache_line_size"":64,""cache_lines_per_tag"":0,""association"":0,""latency"":0,""type"":{""Data"":1,""Instruction"":0,""CPU"":0,""HSACU"":1}},{""processor_id_low"":2147487782,""size"":16,""level"":1,""cache_line_size"":64,""cache_lines_per_tag"":0,""association"":0,""latency"":0,""type"":{""Data"":1,""Instruction"":0,""CPU"":0,""HSACU"":1}},{""processor_id_low"":2147487744,""size"":256,""level"":1,""cache_line_size"":128,""cache_lines_per_tag"":0,""association"":0,""latency"":0,""type"":{""Data"":1,""Instruction"":0,""CPU"":0,""HSACU"":1}},{""processor_id_low"":2147487754,""size"":256,""level"":1,""cache_line_size"":128,""cache_lines_per_tag"":0,""association"":0,""latency"":0,""type"":{""Data"":1,""Instruction"":0,""CPU"":0,""HSACU"":1}},{""processor_id_low"":2147487764,""size"":256,""level"":1,""cache_line_size"":128,""cache_lines_per_tag"":0,""association"":0,""latency"":0,""type"":{""Data"":1,""Instruction"":0,""CPU"":0,""HSACU"":1}},{""processor_id_low"":2147487774,""size"":256,""level"":1,""cache_line_size"":128,""cache_lines_per_tag"":0,""association"":0,""latency"":0,""type"":{""Data"":1,""Instruction"":0,""CPU"":0,""HSACU"":1}},{""processor_id_low"":2147487744,""size"":2048,""level"":2,""cache_line_size"":128,""cache_lines_per_tag"":0,""association"":0,""latency"":0,""type"":{""Data"":1,""Instruction"":0,""CPU"":0,""HSACU"":1}},{""processor_id_low"":2147487744,""size"":32768,""level"":3,""cache_line_size"":64,""cache_lines_per_tag"":0,""association"":0,""latency"":0,""type"":{""Data"":1,""Instruction"":0,""CPU"":0,""HSACU"":1}}],""io_links"":[{""type"":2,""version_major"":0,""version_minor"":0,""node_from"":1,""node_to"":0,""weight"":20,""min_latency"":0,""max_latency"":0,""min_bandwidth"":0,""max_bandwidth"":32000,""recommended_transfer_size"":0,""flags"":{""Override"":1,""NonCoherent"":0,""NoAtomics32bit"":0,""NoAtomics64bit"":0,""NoPeerToPeerDMA"":0}}],""gpu_index"":0}"
3101,00003c59-972f-772f-8b94-d7fc91e3aa7a,1655282045,1258216,1,GPU,,,SQ_BUSY_CYCLES,SQ_BUSY_CYCLES,"Number of clock cycles there are active waves in a shader engine (as reported by the distributed sequencer). This value does not denote the number of active waves, only the clock cycle in which any wave is present in a SE. This value is returned on a per-shader engine basis in clock cycles.","",rocm,"",ABS,SQ,"",0,0,"{""size"":312,""id"":{""handle"":14091},""type"":2,""cpu_cores_count"":0,""simd_count"":80,""mem_banks_count"":1,""caches_count"":86,""io_links_count"":1,""cpu_core_id_base"":0,""simd_id_base"":2147487744,""max_waves_per_simd"":16,""lds_size_in_kb"":64,""gds_size_in_kb"":0,""num_gws"":64,""wave_front_size"":32,""num_xcc"":1,""cu_count"":40,""array_count"":4,""num_shader_banks"":2,""simd_arrays_per_engine"":2,""cu_per_simd_array"":10,""simd_per_cu"":2,""max_slots_scratch_cu"":32,""gfx_target_version"":110501,""vendor_id"":4098,""device_id"":5510,""location_id"":50432,""domain"":0,""drm_render_minor"":128,""num_sdma_engines"":1,""num_sdma_xgmi_engines"":0,""num_sdma_queues_per_engine"":6,""num_cp_queues"":8,""max_engine_clk_ccompute"":5187,""max_engine_clk_fcompute"":2900,""sdma_fw_version"":{""uCodeSDMA"":14,""uCodeRes"":0},""fw_version"":{""uCode"":32,""Major"":0,""Minor"":0,""Stepping"":0},""capability"":{""HotPluggable"":0,""HSAMMUPresent"":0,""SharedWithGraphics"":0,""QueueSizePowerOfTwo"":0,""QueueSize32bit"":0,""QueueIdleEvent"":0,""VALimit"":0,""WatchPointsSupported"":1,""WatchPointsTotalBits"":2,""DoorbellType"":2,""AQLQueueDoubleMap"":0,""DebugTrapSupported"":1,""WaveLaunchTrapOverrideSupported"":1,""WaveLaunchModeSupported"":1,""PreciseMemoryOperationsSupported"":0,""DEPRECATED_SRAM_EDCSupport"":0,""Mem_EDCSupport"":0,""RASEventNotify"":0,""ASICRevision"":0,""SRAM_EDCSupport"":0,""SVMAPISupported"":1,""CoherentHostAccess"":0,""DebugSupportedFirmware"":1},""cu_per_engine"":20,""max_waves_per_cu"":32,""family_id"":150,""workgroup_max_size"":1024,""grid_max_size"":4294967295,""local_mem_size"":0,""hive_id"":0,""gpu_id"":35128,""workgroup_max_dim"":{""x"":1024,""y"":1024,""z"":1024},""grid_max_dim"":{""x"":2147483647,""y"":65535,""z"":65535},""name"":""gfx1151"",""vendor_name"":""AMD"",""product_name"":""Radeon 8060S Graphics"",""model_name"":""ip discovery"",""node_id"":1,""logical_node_id"":1,""logical_node_type_id"":0,""runtime_visibility"":{""hsa"":1,""hip"":1,""rccl"":1,""rocdecode"":1},""uuid"":{""bytes"":{""value0"":0,""value1"":0,""value2"":0,""value3"":0,""value4"":0,""value5"":0,""value6"":0,""value7"":0,""value8"":0,""value9"":0,""value10"":0,""value11"":0,""value12"":0,""value13"":0,""value14"":0,""value15"":0}},""mem_banks"":[{""heap_type"":1,""flags"":{""HotPluggable"":0,""NonVolatile"":0},""width"":256,""mem_clk_max"":1000,""size_in_bytes"":137438953472}],""caches"":[{""processor_id_low"":2147487744,""size"":32,""level"":1,""cache_line_size"":128,""cache_lines_per_tag"":0,""association"":0,""latency"":0,""type"":{""Data"":1,""Instruction"":0,""CPU"":0,""HSACU"":1}},{""processor_id_low"":2147487745,""size"":32,""level"":1,""cache_line_size"":128,""cache_lines_per_tag"":0,""association"":0,""latency"":0,""type"":{""Data"":1,""Instruction"":0,""CPU"":0,""HSACU"":1}},{""processor_id_low"":2147487746,""size"":32,""level"":1,""cache_line_size"":128,""cache_lines_per_tag"":0,""association"":0,""latency"":0,""type"":{""Data"":1,""Instruction"":0,""CPU"":0,""HSACU"":1}},{""processor_id_low"":2147487747,""size"":32,""level"":1,""cache_line_size"":128,""cache_lines_per_tag"":0,""association"":0,""latency"":0,""type"":{""Data"":1,""Instruction"":0,""CPU"":0,""HSACU"":1}},{""processor_id_low"":2147487748,""size"":32,""level"":1,""cache_line_size"":128,""cache_lines_per_tag"":0,""association"":0,""latency"":0,""type"":{""Data"":1,""Instruction"":0,""CPU"":0,""HSACU"":1}},{""processor_id_low"":2147487749,""size"":32,""level"":1,""cache_line_size"":128,""cache_lines_per_tag"":0,""association"":0,""latency"":0,""type"":{""Data"":1,""Instruction"":0,""CPU"":0,""HSACU"":1}},{""processor_id_low"":2147487750,""size"":32,""level"":1,""cache_line_size"":128,""cache_lines_per_tag"":0,""association"":0,""latency"":0,""type"":{""Data"":1,""Instruction"":0,""CPU"":0,""HSACU"":1}},{""processor_id_low"":2147487751,""size"":32,""level"":1,""cache_line_size"":128,""cache_lines_per_tag"":0,""association"":0,""latency"":0,""type"":{""Data"":1,""Instruction"":0,""CPU"":0,""HSACU"":1}},{""processor_id_low"":2147487752,""size"":32,""level"":1,""cache_line_size"":128,""cache_lines_per_tag"":0,""association"":0,""latency"":0,""type"":{""Data"":1,""Instruction"":0,""CPU"":0,""HSACU"":1}},{""processor_id_low"":2147487753,""size"":32,""level"":1,""cache_line_size"":128,""cache_lines_per_tag"":0,""association"":0,""latency"":0,""type"":{""Data"":1,""Instruction"":0,""CPU"":0,""HSACU"":1}},{""processor_id_low"":2147487754,""size"":32,""level"":1,""cache_line_size"":128,""cache_lines_per_tag"":0,""association"":0,""latency"":0,""type"":{""Data"":1,""Instruction"":0,""CPU"":0,""HSACU"":1}},{""processor_id_low"":2147487755,""size"":32,""level"":1,""cache_line_size"":128,""cache_lines_per_tag"":0,""association"":0,""latency"":0,""type"":{""Data"":1,""Instruction"":0,""CPU"":0,""HSACU"":1}},{""processor_id_low"":2147487756,""size"":32,""level"":1,""cache_line_size"":128,""cache_lines_per_tag"":0,""association"":0,""latency"":0,""type"":{""Data"":1,""Instruction"":0,""CPU"":0,""HSACU"":1}},{""processor_id_low"":2147487757,""size"":32,""level"":1,""cache_line_size"":128,""cache_lines_per_tag"":0,""association"":0,""latency"":0,""type"":{""Data"":1,""Instruction"":0,""CPU"":0,""HSACU"":1}},{""processor_id_low"":2147487758,""size"":32,""level"":1,""cache_line_size"":128,""cache_lines_per_tag"":0,""association"":0,""latency"":0,""type"":{""Data"":1,""Instruction"":0,""CPU"":0,""HSACU"":1}},{""processor_id_low"":2147487759,""size"":32,""level"":1,""cache_line_size"":128,""cache_lines_per_tag"":0,""association"":0,""latency"":0,""type"":{""Data"":1,""Instruction"":0,""CPU"":0,""HSACU"":1}},{""processor_id_low"":2147487760,""size"":32,""level"":1,""cache_line_size"":128,""cache_lines_per_tag"":0,""association"":0,""latency"":0,""type"":{""Data"":1,""Instruction"":0,""CPU"":0,""HSACU"":1}},{""processor_id_low"":2147487761,""size"":32,""level"":1,""cache_line_size"":128,""cache_lines_per_tag"":0,""association"":0,""latency"":0,""type"":{""Data"":1,""Instruction"":0,""CPU"":0,""HSACU"":1}},{""processor_id_low"":2147487762,""size"":32,""level"":1,""cache_line_size"":128,""cache_lines_per_tag"":0,""association"":0,""latency"":0,""type"":{""Data"":1,""Instruction"":0,""CPU"":0,""HSACU"":1}},{""processor_id_low"":2147487763,""size"":32,""level"":1,""cache_line_size"":128,""cache_lines_per_tag"":0,""association"":0,""latency"":0,""type"":{""Data"":1,""Instruction"":0,""CPU"":0,""HSACU"":1}},{""processor_id_low"":2147487764,""size"":32,""level"":1,""cache_line_size"":128,""cache_lines_per_tag"":0,""association"":0,""latency"":0,""type"":{""Data"":1,""Instruction"":0,""CPU"":0,""HSACU"":1}},{""processor_id_low"":2147487765,""size"":32,""level"":1,""cache_line_size"":128,""cache_lines_per_tag"":0,""association"":0,""latency"":0,""type"":{""Data"":1,""Instruction"":0,""CPU"":0,""HSACU"":1}},{""processor_id_low"":2147487766,""size"":32,""level"":1,""cache_line_size"":128,""cache_lines_per_tag"":0,""association"":0,""latency"":0,""type"":{""Data"":1,""Instruction"":0,""CPU"":0,""HSACU"":1}},{""processor_id_low"":2147487767,""size"":32,""level"":1,""cache_line_size"":128,""cache_lines_per_tag"":0,""association"":0,""latency"":0,""type"":{""Data"":1,""Instruction"":0,""CPU"":0,""HSACU"":1}},{""processor_id_low"":2147487768,""size"":32,""level"":1,""cache_line_size"":128,""cache_lines_per_tag"":0,""association"":0,""latency"":0,""type"":{""Data"":1,""Instruction"":0,""CPU"":0,""HSACU"":1}},{""processor_id_low"":2147487769,""size"":32,""level"":1,""cache_line_size"":128,""cache_lines_per_tag"":0,""association"":0,""latency"":0,""type"":{""Data"":1,""Instruction"":0,""CPU"":0,""HSACU"":1}},{""processor_id_low"":2147487770,""size"":32,""level"":1,""cache_line_size"":128,""cache_lines_per_tag"":0,""association"":0,""latency"":0,""type"":{""Data"":1,""Instruction"":0,""CPU"":0,""HSACU"":1}},{""processor_id_low"":2147487771,""size"":32,""level"":1,""cache_line_size"":128,""cache_lines_per_tag"":0,""association"":0,""latency"":0,""type"":{""Data"":1,""Instruction"":0,""CPU"":0,""HSACU"":1}},{""processor_id_low"":2147487772,""size"":32,""level"":1,""cache_line_size"":128,""cache_lines_per_tag"":0,""association"":0,""latency"":0,""type"":{""Data"":1,""Instruction"":0,""CPU"":0,""HSACU"":1}},{""processor_id_low"":2147487773,""size"":32,""level"":1,""cache_line_size"":128,""cache_lines_per_tag"":0,""association"":0,""latency"":0,""type"":{""Data"":1,""Instruction"":0,""CPU"":0,""HSACU"":1}},{""processor_id_low"":2147487774,""size"":32,""level"":1,""cache_line_size"":128,""cache_lines_per_tag"":0,""association"":0,""latency"":0,""type"":{""Data"":1,""Instruction"":0,""CPU"":0,""HSACU"":1}},{""processor_id_low"":2147487775,""size"":32,""level"":1,""cache_line_size"":128,""cache_lines_per_tag"":0,""association"":0,""latency"":0,""type"":{""Data"":1,""Instruction"":0,""CPU"":0,""HSACU"":1}},{""processor_id_low"":2147487776,""size"":32,""level"":1,""cache_line_size"":128,""cache_lines_per_tag"":0,""association"":0,""latency"":0,""type"":{""Data"":1,""Instruction"":0,""CPU"":0,""HSACU"":1}},{""processor_id_low"":2147487777,""size"":32,""level"":1,""cache_line_size"":128,""cache_lines_per_tag"":0,""association"":0,""latency"":0,""type"":{""Data"":1,""Instruction"":0,""CPU"":0,""HSACU"":1}},{""processor_id_low"":2147487778,""size"":32,""level"":1,""cache_line_size"":128,""cache_lines_per_tag"":0,""association"":0,""latency"":0,""type"":{""Data"":1,""Instruction"":0,""CPU"":0,""HSACU"":1}},{""processor_id_low"":2147487779,""size"":32,""level"":1,""cache_line_size"":128,""cache_lines_per_tag"":0,""association"":0,""latency"":0,""type"":{""Data"":1,""Instruction"":0,""CPU"":0,""HSACU"":1}},{""processor_id_low"":2147487780,""size"":32,""level"":1,""cache_line_size"":128,""cache_lines_per_tag"":0,""association"":0,""latency"":0,""type"":{""Data"":1,""Instruction"":0,""CPU"":0,""HSACU"":1}},{""processor_id_low"":2147487781,""size"":32,""level"":1,""cache_line_size"":128,""cache_lines_per_tag"":0,""association"":0,""latency"":0,""type"":{""Data"":1,""Instruction"":0,""CPU"":0,""HSACU"":1}},{""processor_id_low"":2147487782,""size"":32,""level"":1,""cache_line_size"":128,""cache_lines_per_tag"":0,""association"":0,""latency"":0,""type"":{""Data"":1,""Instruction"":0,""CPU"":0,""HSACU"":1}},{""processor_id_low"":2147487783,""size"":32,""level"":1,""cache_line_size"":128,""cache_lines_per_tag"":0,""association"":0,""latency"":0,""type"":{""Data"":1,""Instruction"":0,""CPU"":0,""HSACU"":1}},{""processor_id_low"":2147487744,""size"":32,""level"":1,""cache_line_size"":128,""cache_lines_per_tag"":0,""association"":0,""latency"":0,""type"":{""Data"":0,""Instruction"":1,""CPU"":0,""HSACU"":1}},{""processor_id_low"":2147487746,""size"":32,""level"":1,""cache_line_size"":128,""cache_lines_per_tag"":0,""association"":0,""latency"":0,""type"":{""Data"":0,""Instruction"":1,""CPU"":0,""HSACU"":1}},{""processor_id_low"":2147487748,""size"":32,""level"":1,""cache_line_size"":128,""cache_lines_per_tag"":0,""association"":0,""latency"":0,""type"":{""Data"":0,""Instruction"":1,""CPU"":0,""HSACU"":1}},{""processor_id_low"":2147487750,""size"":32,""level"":1,""cache_line_size"":128,""cache_lines_per_tag"":0,""association"":0,""latency"":0,""type"":{""Data"":0,""Instruction"":1,""CPU"":0,""HSACU"":1}},{""processor_id_low"":2147487752,""size"":32,""level"":1,""cache_line_size"":128,""cache_lines_per_tag"":0,""association"":0,""latency"":0,""type"":{""Data"":0,""Instruction"":1,""CPU"":0,""HSACU"":1}},{""processor_id_low"":2147487754,""size"":32,""level"":1,""cache_line_size"":128,""cache_lines_per_tag"":0,""association"":0,""latency"":0,""type"":{""Data"":0,""Instruction"":1,""CPU"":0,""HSACU"":1}},{""processor_id_low"":2147487756,""size"":32,""level"":1,""cache_line_size"":128,""cache_lines_per_tag"":0,""association"":0,""latency"":0,""type"":{""Data"":0,""Instruction"":1,""CPU"":0,""HSACU"":1}},{""processor_id_low"":2147487758,""size"":32,""level"":1,""cache_line_size"":128,""cache_lines_per_tag"":0,""association"":0,""latency"":0,""type"":{""Data"":0,""Instruction"":1,""CPU"":0,""HSACU"":1}},{""processor_id_low"":2147487760,""size"":32,""level"":1,""cache_line_size"":128,""cache_lines_per_tag"":0,""association"":0,""latency"":0,""type"":{""Data"":0,""Instruction"":1,""CPU"":0,""HSACU"":1}},{""processor_id_low"":2147487762,""size"":32,""level"":1,""cache_line_size"":128,""cache_lines_per_tag"":0,""association"":0,""latency"":0,""type"":{""Data"":0,""Instruction"":1,""CPU"":0,""HSACU"":1}},{""processor_id_low"":2147487764,""size"":32,""level"":1,""cache_line_size"":128,""cache_lines_per_tag"":0,""association"":0,""latency"":0,""type"":{""Data"":0,""Instruction"":1,""CPU"":0,""HSACU"":1}},{""processor_id_low"":2147487766,""size"":32,""level"":1,""cache_line_size"":128,""cache_lines_per_tag"":0,""association"":0,""latency"":0,""type"":{""Data"":0,""Instruction"":1,""CPU"":0,""HSACU"":1}},{""processor_id_low"":2147487768,""size"":32,""level"":1,""cache_line_size"":128,""cache_lines_per_tag"":0,""association"":0,""latency"":0,""type"":{""Data"":0,""Instruction"":1,""CPU"":0,""HSACU"":1}},{""processor_id_low"":2147487770,""size"":32,""level"":1,""cache_line_size"":128,""cache_lines_per_tag"":0,""association"":0,""latency"":0,""type"":{""Data"":0,""Instruction"":1,""CPU"":0,""HSACU"":1}},{""processor_id_low"":2147487772,""size"":32,""level"":1,""cache_line_size"":128,""cache_lines_per_tag"":0,""association"":0,""latency"":0,""type"":{""Data"":0,""Instruction"":1,""CPU"":0,""HSACU"":1}},{""processor_id_low"":2147487774,""size"":32,""level"":1,""cache_line_size"":128,""cache_lines_per_tag"":0,""association"":0,""latency"":0,""type"":{""Data"":0,""Instruction"":1,""CPU"":0,""HSACU"":1}},{""processor_id_low"":2147487776,""size"":32,""level"":1,""cache_line_size"":128,""cache_lines_per_tag"":0,""association"":0,""latency"":0,""type"":{""Data"":0,""Instruction"":1,""CPU"":0,""HSACU"":1}},{""processor_id_low"":2147487778,""size"":32,""level"":1,""cache_line_size"":128,""cache_lines_per_tag"":0,""association"":0,""latency"":0,""type"":{""Data"":0,""Instruction"":1,""CPU"":0,""HSACU"":1}},{""processor_id_low"":2147487780,""size"":32,""level"":1,""cache_line_size"":128,""cache_lines_per_tag"":0,""association"":0,""latency"":0,""type"":{""Data"":0,""Instruction"":1,""CPU"":0,""HSACU"":1}},{""processor_id_low"":2147487782,""size"":32,""level"":1,""cache_line_size"":128,""cache_lines_per_tag"":0,""association"":0,""latency"":0,""type"":{""Data"":0,""Instruction"":1,""CPU"":0,""HSACU"":1}},{""processor_id_low"":2147487744,""size"":16,""level"":1,""cache_line_size"":64,""cache_lines_per_tag"":0,""association"":0,""latency"":0,""type"":{""Data"":1,""Instruction"":0,""CPU"":0,""HSACU"":1}},{""processor_id_low"":2147487746,""size"":16,""level"":1,""cache_line_size"":64,""cache_lines_per_tag"":0,""association"":0,""latency"":0,""type"":{""Data"":1,""Instruction"":0,""CPU"":0,""HSACU"":1}},{""processor_id_low"":2147487748,""size"":16,""level"":1,""cache_line_size"":64,""cache_lines_per_tag"":0,""association"":0,""latency"":0,""type"":{""Data"":1,""Instruction"":0,""CPU"":0,""HSACU"":1}},{""processor_id_low"":2147487750,""size"":16,""level"":1,""cache_line_size"":64,""cache_lines_per_tag"":0,""association"":0,""latency"":0,""type"":{""Data"":1,""Instruction"":0,""CPU"":0,""HSACU"":1}},{""processor_id_low"":2147487752,""size"":16,""level"":1,""cache_line_size"":64,""cache_lines_per_tag"":0,""association"":0,""latency"":0,""type"":{""Data"":1,""Instruction"":0,""CPU"":0,""HSACU"":1}},{""processor_id_low"":2147487754,""size"":16,""level"":1,""cache_line_size"":64,""cache_lines_per_tag"":0,""association"":0,""latency"":0,""type"":{""Data"":1,""Instruction"":0,""CPU"":0,""HSACU"":1}},{""processor_id_low"":2147487756,""size"":16,""level"":1,""cache_line_size"":64,""cache_lines_per_tag"":0,""association"":0,""latency"":0,""type"":{""Data"":1,""Instruction"":0,""CPU"":0,""HSACU"":1}},{""processor_id_low"":2147487758,""size"":16,""level"":1,""cache_line_size"":64,""cache_lines_per_tag"":0,""association"":0,""latency"":0,""type"":{""Data"":1,""Instruction"":0,""CPU"":0,""HSACU"":1}},{""processor_id_low"":2147487760,""size"":16,""level"":1,""cache_line_size"":64,""cache_lines_per_tag"":0,""association"":0,""latency"":0,""type"":{""Data"":1,""Instruction"":0,""CPU"":0,""HSACU"":1}},{""processor_id_low"":2147487762,""size"":16,""level"":1,""cache_line_size"":64,""cache_lines_per_tag"":0,""association"":0,""latency"":0,""type"":{""Data"":1,""Instruction"":0,""CPU"":0,""HSACU"":1}},{""processor_id_low"":2147487764,""size"":16,""level"":1,""cache_line_size"":64,""cache_lines_per_tag"":0,""association"":0,""latency"":0,""type"":{""Data"":1,""Instruction"":0,""CPU"":0,""HSACU"":1}},{""processor_id_low"":2147487766,""size"":16,""level"":1,""cache_line_size"":64,""cache_lines_per_tag"":0,""association"":0,""latency"":0,""type"":{""Data"":1,""Instruction"":0,""CPU"":0,""HSACU"":1}},{""processor_id_low"":2147487768,""size"":16,""level"":1,""cache_line_size"":64,""cache_lines_per_tag"":0,""association"":0,""latency"":0,""type"":{""Data"":1,""Instruction"":0,""CPU"":0,""HSACU"":1}},{""processor_id_low"":2147487770,""size"":16,""level"":1,""cache_line_size"":64,""cache_lines_per_tag"":0,""association"":0,""latency"":0,""type"":{""Data"":1,""Instruction"":0,""CPU"":0,""HSACU"":1}},{""processor_id_low"":2147487772,""size"":16,""level"":1,""cache_line_size"":64,""cache_lines_per_tag"":0,""association"":0,""latency"":0,""type"":{""Data"":1,""Instruction"":0,""CPU"":0,""HSACU"":1}},{""processor_id_low"":2147487774,""size"":16,""level"":1,""cache_line_size"":64,""cache_lines_per_tag"":0,""association"":0,""latency"":0,""type"":{""Data"":1,""Instruction"":0,""CPU"":0,""HSACU"":1}},{""processor_id_low"":2147487776,""size"":16,""level"":1,""cache_line_size"":64,""cache_lines_per_tag"":0,""association"":0,""latency"":0,""type"":{""Data"":1,""Instruction"":0,""CPU"":0,""HSACU"":1}},{""processor_id_low"":2147487778,""size"":16,""level"":1,""cache_line_size"":64,""cache_lines_per_tag"":0,""association"":0,""latency"":0,""type"":{""Data"":1,""Instruction"":0,""CPU"":0,""HSACU"":1}},{""processor_id_low"":2147487780,""size"":16,""level"":1,""cache_line_size"":64,""cache_lines_per_tag"":0,""association"":0,""latency"":0,""type"":{""Data"":1,""Instruction"":0,""CPU"":0,""HSACU"":1}},{""processor_id_low"":2147487782,""size"":16,""level"":1,""cache_line_size"":64,""cache_lines_per_tag"":0,""association"":0,""latency"":0,""type"":{""Data"":1,""Instruction"":0,""CPU"":0,""HSACU"":1}},{""processor_id_low"":2147487744,""size"":256,""level"":1,""cache_line_size"":128,""cache_lines_per_tag"":0,""association"":0,""latency"":0,""type"":{""Data"":1,""Instruction"":0,""CPU"":0,""HSACU"":1}},{""processor_id_low"":2147487754,""size"":256,""level"":1,""cache_line_size"":128,""cache_lines_per_tag"":0,""association"":0,""latency"":0,""type"":{""Data"":1,""Instruction"":0,""CPU"":0,""HSACU"":1}},{""processor_id_low"":2147487764,""size"":256,""level"":1,""cache_line_size"":128,""cache_lines_per_tag"":0,""association"":0,""latency"":0,""type"":{""Data"":1,""Instruction"":0,""CPU"":0,""HSACU"":1}},{""processor_id_low"":2147487774,""size"":256,""level"":1,""cache_line_size"":128,""cache_lines_per_tag"":0,""association"":0,""latency"":0,""type"":{""Data"":1,""Instruction"":0,""CPU"":0,""HSACU"":1}},{""processor_id_low"":2147487744,""size"":2048,""level"":2,""cache_line_size"":128,""cache_lines_per_tag"":0,""association"":0,""latency"":0,""type"":{""Data"":1,""Instruction"":0,""CPU"":0,""HSACU"":1}},{""processor_id_low"":2147487744,""size"":32768,""level"":3,""cache_line_size"":64,""cache_lines_per_tag"":0,""association"":0,""latency"":0,""type"":{""Data"":1,""Instruction"":0,""CPU"":0,""HSACU"":1}}],""io_links"":[{""type"":2,""version_major"":0,""version_minor"":0,""node_from"":1,""node_to"":0,""weight"":20,""min_latency"":0,""max_latency"":0,""min_bandwidth"":0,""max_bandwidth"":32000,""recommended_transfer_size"":0,""flags"":{""Override"":1,""NonCoherent"":0,""NoAtomics32bit"":0,""NoAtomics64bit"":0,""NoPeerToPeerDMA"":0}}],""gpu_index"":0}"
3799,00003c59-972f-772f-8b94-d7fc91e3aa7a,1655282045,1258216,1,GPU,,,SQ_WAVES,SQ_WAVES,"Count number of waves sent to distributed sequencers (SQs). This value represents the number of waves that are sent to each SQ. This only counts new waves sent since the start of collection (for dispatch profiling this is the timeframe of kernel execution, for agent profiling it is the timeframe between start_context and read counter data). A sum of all SQ_WAVES values will give the total number of waves started by the application during the collection timeframe. Returns one value per-SE (aggregates of SIMD values).","",rocm,"",ABS,SQ,"",0,0,"{""size"":312,""id"":{""handle"":14091},""type"":2,""cpu_cores_count"":0,""simd_count"":80,""mem_banks_count"":1,""caches_count"":86,""io_links_count"":1,""cpu_core_id_base"":0,""simd_id_base"":2147487744,""max_waves_per_simd"":16,""lds_size_in_kb"":64,""gds_size_in_kb"":0,""num_gws"":64,""wave_front_size"":32,""num_xcc"":1,""cu_count"":40,""array_count"":4,""num_shader_banks"":2,""simd_arrays_per_engine"":2,""cu_per_simd_array"":10,""simd_per_cu"":2,""max_slots_scratch_cu"":32,""gfx_target_version"":110501,""vendor_id"":4098,""device_id"":5510,""location_id"":50432,""domain"":0,""drm_render_minor"":128,""num_sdma_engines"":1,""num_sdma_xgmi_engines"":0,""num_sdma_queues_per_engine"":6,""num_cp_queues"":8,""max_engine_clk_ccompute"":5187,""max_engine_clk_fcompute"":2900,""sdma_fw_version"":{""uCodeSDMA"":14,""uCodeRes"":0},""fw_version"":{""uCode"":32,""Major"":0,""Minor"":0,""Stepping"":0},""capability"":{""HotPluggable"":0,""HSAMMUPresent"":0,""SharedWithGraphics"":0,""QueueSizePowerOfTwo"":0,""QueueSize32bit"":0,""QueueIdleEvent"":0,""VALimit"":0,""WatchPointsSupported"":1,""WatchPointsTotalBits"":2,""DoorbellType"":2,""AQLQueueDoubleMap"":0,""DebugTrapSupported"":1,""WaveLaunchTrapOverrideSupported"":1,""WaveLaunchModeSupported"":1,""PreciseMemoryOperationsSupported"":0,""DEPRECATED_SRAM_EDCSupport"":0,""Mem_EDCSupport"":0,""RASEventNotify"":0,""ASICRevision"":0,""SRAM_EDCSupport"":0,""SVMAPISupported"":1,""CoherentHostAccess"":0,""DebugSupportedFirmware"":1},""cu_per_engine"":20,""max_waves_per_cu"":32,""family_id"":150,""workgroup_max_size"":1024,""grid_max_size"":4294967295,""local_mem_size"":0,""hive_id"":0,""gpu_id"":35128,""workgroup_max_dim"":{""x"":1024,""y"":1024,""z"":1024},""grid_max_dim"":{""x"":2147483647,""y"":65535,""z"":65535},""name"":""gfx1151"",""vendor_name"":""AMD"",""product_name"":""Radeon 8060S Graphics"",""model_name"":""ip discovery"",""node_id"":1,""logical_node_id"":1,""logical_node_type_id"":0,""runtime_visibility"":{""hsa"":1,""hip"":1,""rccl"":1,""rocdecode"":1},""uuid"":{""bytes"":{""value0"":0,""value1"":0,""value2"":0,""value3"":0,""value4"":0,""value5"":0,""value6"":0,""value7"":0,""value8"":0,""value9"":0,""value10"":0,""value11"":0,""value12"":0,""value13"":0,""value14"":0,""value15"":0}},""mem_banks"":[{""heap_type"":1,""flags"":{""HotPluggable"":0,""NonVolatile"":0},""width"":256,""mem_clk_max"":1000,""size_in_bytes"":137438953472}],""caches"":[{""processor_id_low"":2147487744,""size"":32,""level"":1,""cache_line_size"":128,""cache_lines_per_tag"":0,""association"":0,""latency"":0,""type"":{""Data"":1,""Instruction"":0,""CPU"":0,""HSACU"":1}},{""processor_id_low"":2147487745,""size"":32,""level"":1,""cache_line_size"":128,""cache_lines_per_tag"":0,""association"":0,""latency"":0,""type"":{""Data"":1,""Instruction"":0,""CPU"":0,""HSACU"":1}},{""processor_id_low"":2147487746,""size"":32,""level"":1,""cache_line_size"":128,""cache_lines_per_tag"":0,""association"":0,""latency"":0,""type"":{""Data"":1,""Instruction"":0,""CPU"":0,""HSACU"":1}},{""processor_id_low"":2147487747,""size"":32,""level"":1,""cache_line_size"":128,""cache_lines_per_tag"":0,""association"":0,""latency"":0,""type"":{""Data"":1,""Instruction"":0,""CPU"":0,""HSACU"":1}},{""processor_id_low"":2147487748,""size"":32,""level"":1,""cache_line_size"":128,""cache_lines_per_tag"":0,""association"":0,""latency"":0,""type"":{""Data"":1,""Instruction"":0,""CPU"":0,""HSACU"":1}},{""processor_id_low"":2147487749,""size"":32,""level"":1,""cache_line_size"":128,""cache_lines_per_tag"":0,""association"":0,""latency"":0,""type"":{""Data"":1,""Instruction"":0,""CPU"":0,""HSACU"":1}},{""processor_id_low"":2147487750,""size"":32,""level"":1,""cache_line_size"":128,""cache_lines_per_tag"":0,""association"":0,""latency"":0,""type"":{""Data"":1,""Instruction"":0,""CPU"":0,""HSACU"":1}},{""processor_id_low"":2147487751,""size"":32,""level"":1,""cache_line_size"":128,""cache_lines_per_tag"":0,""association"":0,""latency"":0,""type"":{""Data"":1,""Instruction"":0,""CPU"":0,""HSACU"":1}},{""processor_id_low"":2147487752,""size"":32,""level"":1,""cache_line_size"":128,""cache_lines_per_tag"":0,""association"":0,""latency"":0,""type"":{""Data"":1,""Instruction"":0,""CPU"":0,""HSACU"":1}},{""processor_id_low"":2147487753,""size"":32,""level"":1,""cache_line_size"":128,""cache_lines_per_tag"":0,""association"":0,""latency"":0,""type"":{""Data"":1,""Instruction"":0,""CPU"":0,""HSACU"":1}},{""processor_id_low"":2147487754,""size"":32,""level"":1,""cache_line_size"":128,""cache_lines_per_tag"":0,""association"":0,""latency"":0,""type"":{""Data"":1,""Instruction"":0,""CPU"":0,""HSACU"":1}},{""processor_id_low"":2147487755,""size"":32,""level"":1,""cache_line_size"":128,""cache_lines_per_tag"":0,""association"":0,""latency"":0,""type"":{""Data"":1,""Instruction"":0,""CPU"":0,""HSACU"":1}},{""processor_id_low"":2147487756,""size"":32,""level"":1,""cache_line_size"":128,""cache_lines_per_tag"":0,""association"":0,""latency"":0,""type"":{""Data"":1,""Instruction"":0,""CPU"":0,""HSACU"":1}},{""processor_id_low"":2147487757,""size"":32,""level"":1,""cache_line_size"":128,""cache_lines_per_tag"":0,""association"":0,""latency"":0,""type"":{""Data"":1,""Instruction"":0,""CPU"":0,""HSACU"":1}},{""processor_id_low"":2147487758,""size"":32,""level"":1,""cache_line_size"":128,""cache_lines_per_tag"":0,""association"":0,""latency"":0,""type"":{""Data"":1,""Instruction"":0,""CPU"":0,""HSACU"":1}},{""processor_id_low"":2147487759,""size"":32,""level"":1,""cache_line_size"":128,""cache_lines_per_tag"":0,""association"":0,""latency"":0,""type"":{""Data"":1,""Instruction"":0,""CPU"":0,""HSACU"":1}},{""processor_id_low"":2147487760,""size"":32,""level"":1,""cache_line_size"":128,""cache_lines_per_tag"":0,""association"":0,""latency"":0,""type"":{""Data"":1,""Instruction"":0,""CPU"":0,""HSACU"":1}},{""processor_id_low"":2147487761,""size"":32,""level"":1,""cache_line_size"":128,""cache_lines_per_tag"":0,""association"":0,""latency"":0,""type"":{""Data"":1,""Instruction"":0,""CPU"":0,""HSACU"":1}},{""processor_id_low"":2147487762,""size"":32,""level"":1,""cache_line_size"":128,""cache_lines_per_tag"":0,""association"":0,""latency"":0,""type"":{""Data"":1,""Instruction"":0,""CPU"":0,""HSACU"":1}},{""processor_id_low"":2147487763,""size"":32,""level"":1,""cache_line_size"":128,""cache_lines_per_tag"":0,""association"":0,""latency"":0,""type"":{""Data"":1,""Instruction"":0,""CPU"":0,""HSACU"":1}},{""processor_id_low"":2147487764,""size"":32,""level"":1,""cache_line_size"":128,""cache_lines_per_tag"":0,""association"":0,""latency"":0,""type"":{""Data"":1,""Instruction"":0,""CPU"":0,""HSACU"":1}},{""processor_id_low"":2147487765,""size"":32,""level"":1,""cache_line_size"":128,""cache_lines_per_tag"":0,""association"":0,""latency"":0,""type"":{""Data"":1,""Instruction"":0,""CPU"":0,""HSACU"":1}},{""processor_id_low"":2147487766,""size"":32,""level"":1,""cache_line_size"":128,""cache_lines_per_tag"":0,""association"":0,""latency"":0,""type"":{""Data"":1,""Instruction"":0,""CPU"":0,""HSACU"":1}},{""processor_id_low"":2147487767,""size"":32,""level"":1,""cache_line_size"":128,""cache_lines_per_tag"":0,""association"":0,""latency"":0,""type"":{""Data"":1,""Instruction"":0,""CPU"":0,""HSACU"":1}},{""processor_id_low"":2147487768,""size"":32,""level"":1,""cache_line_size"":128,""cache_lines_per_tag"":0,""association"":0,""latency"":0,""type"":{""Data"":1,""Instruction"":0,""CPU"":0,""HSACU"":1}},{""processor_id_low"":2147487769,""size"":32,""level"":1,""cache_line_size"":128,""cache_lines_per_tag"":0,""association"":0,""latency"":0,""type"":{""Data"":1,""Instruction"":0,""CPU"":0,""HSACU"":1}},{""processor_id_low"":2147487770,""size"":32,""level"":1,""cache_line_size"":128,""cache_lines_per_tag"":0,""association"":0,""latency"":0,""type"":{""Data"":1,""Instruction"":0,""CPU"":0,""HSACU"":1}},{""processor_id_low"":2147487771,""size"":32,""level"":1,""cache_line_size"":128,""cache_lines_per_tag"":0,""association"":0,""latency"":0,""type"":{""Data"":1,""Instruction"":0,""CPU"":0,""HSACU"":1}},{""processor_id_low"":2147487772,""size"":32,""level"":1,""cache_line_size"":128,""cache_lines_per_tag"":0,""association"":0,""latency"":0,""type"":{""Data"":1,""Instruction"":0,""CPU"":0,""HSACU"":1}},{""processor_id_low"":2147487773,""size"":32,""level"":1,""cache_line_size"":128,""cache_lines_per_tag"":0,""association"":0,""latency"":0,""type"":{""Data"":1,""Instruction"":0,""CPU"":0,""HSACU"":1}},{""processor_id_low"":2147487774,""size"":32,""level"":1,""cache_line_size"":128,""cache_lines_per_tag"":0,""association"":0,""latency"":0,""type"":{""Data"":1,""Instruction"":0,""CPU"":0,""HSACU"":1}},{""processor_id_low"":2147487775,""size"":32,""level"":1,""cache_line_size"":128,""cache_lines_per_tag"":0,""association"":0,""latency"":0,""type"":{""Data"":1,""Instruction"":0,""CPU"":0,""HSACU"":1}},{""processor_id_low"":2147487776,""size"":32,""level"":1,""cache_line_size"":128,""cache_lines_per_tag"":0,""association"":0,""latency"":0,""type"":{""Data"":1,""Instruction"":0,""CPU"":0,""HSACU"":1}},{""processor_id_low"":2147487777,""size"":32,""level"":1,""cache_line_size"":128,""cache_lines_per_tag"":0,""association"":0,""latency"":0,""type"":{""Data"":1,""Instruction"":0,""CPU"":0,""HSACU"":1}},{""processor_id_low"":2147487778,""size"":32,""level"":1,""cache_line_size"":128,""cache_lines_per_tag"":0,""association"":0,""latency"":0,""type"":{""Data"":1,""Instruction"":0,""CPU"":0,""HSACU"":1}},{""processor_id_low"":2147487779,""size"":32,""level"":1,""cache_line_size"":128,""cache_lines_per_tag"":0,""association"":0,""latency"":0,""type"":{""Data"":1,""Instruction"":0,""CPU"":0,""HSACU"":1}},{""processor_id_low"":2147487780,""size"":32,""level"":1,""cache_line_size"":128,""cache_lines_per_tag"":0,""association"":0,""latency"":0,""type"":{""Data"":1,""Instruction"":0,""CPU"":0,""HSACU"":1}},{""processor_id_low"":2147487781,""size"":32,""level"":1,""cache_line_size"":128,""cache_lines_per_tag"":0,""association"":0,""latency"":0,""type"":{""Data"":1,""Instruction"":0,""CPU"":0,""HSACU"":1}},{""processor_id_low"":2147487782,""size"":32,""level"":1,""cache_line_size"":128,""cache_lines_per_tag"":0,""association"":0,""latency"":0,""type"":{""Data"":1,""Instruction"":0,""CPU"":0,""HSACU"":1}},{""processor_id_low"":2147487783,""size"":32,""level"":1,""cache_line_size"":128,""cache_lines_per_tag"":0,""association"":0,""latency"":0,""type"":{""Data"":1,""Instruction"":0,""CPU"":0,""HSACU"":1}},{""processor_id_low"":2147487744,""size"":32,""level"":1,""cache_line_size"":128,""cache_lines_per_tag"":0,""association"":0,""latency"":0,""type"":{""Data"":0,""Instruction"":1,""CPU"":0,""HSACU"":1}},{""processor_id_low"":2147487746,""size"":32,""level"":1,""cache_line_size"":128,""cache_lines_per_tag"":0,""association"":0,""latency"":0,""type"":{""Data"":0,""Instruction"":1,""CPU"":0,""HSACU"":1}},{""processor_id_low"":2147487748,""size"":32,""level"":1,""cache_line_size"":128,""cache_lines_per_tag"":0,""association"":0,""latency"":0,""type"":{""Data"":0,""Instruction"":1,""CPU"":0,""HSACU"":1}},{""processor_id_low"":2147487750,""size"":32,""level"":1,""cache_line_size"":128,""cache_lines_per_tag"":0,""association"":0,""latency"":0,""type"":{""Data"":0,""Instruction"":1,""CPU"":0,""HSACU"":1}},{""processor_id_low"":2147487752,""size"":32,""level"":1,""cache_line_size"":128,""cache_lines_per_tag"":0,""association"":0,""latency"":0,""type"":{""Data"":0,""Instruction"":1,""CPU"":0,""HSACU"":1}},{""processor_id_low"":2147487754,""size"":32,""level"":1,""cache_line_size"":128,""cache_lines_per_tag"":0,""association"":0,""latency"":0,""type"":{""Data"":0,""Instruction"":1,""CPU"":0,""HSACU"":1}},{""processor_id_low"":2147487756,""size"":32,""level"":1,""cache_line_size"":128,""cache_lines_per_tag"":0,""association"":0,""latency"":0,""type"":{""Data"":0,""Instruction"":1,""CPU"":0,""HSACU"":1}},{""processor_id_low"":2147487758,""size"":32,""level"":1,""cache_line_size"":128,""cache_lines_per_tag"":0,""association"":0,""latency"":0,""type"":{""Data"":0,""Instruction"":1,""CPU"":0,""HSACU"":1}},{""processor_id_low"":2147487760,""size"":32,""level"":1,""cache_line_size"":128,""cache_lines_per_tag"":0,""association"":0,""latency"":0,""type"":{""Data"":0,""Instruction"":1,""CPU"":0,""HSACU"":1}},{""processor_id_low"":2147487762,""size"":32,""level"":1,""cache_line_size"":128,""cache_lines_per_tag"":0,""association"":0,""latency"":0,""type"":{""Data"":0,""Instruction"":1,""CPU"":0,""HSACU"":1}},{""processor_id_low"":2147487764,""size"":32,""level"":1,""cache_line_size"":128,""cache_lines_per_tag"":0,""association"":0,""latency"":0,""type"":{""Data"":0,""Instruction"":1,""CPU"":0,""HSACU"":1}},{""processor_id_low"":2147487766,""size"":32,""level"":1,""cache_line_size"":128,""cache_lines_per_tag"":0,""association"":0,""latency"":0,""type"":{""Data"":0,""Instruction"":1,""CPU"":0,""HSACU"":1}},{""processor_id_low"":2147487768,""size"":32,""level"":1,""cache_line_size"":128,""cache_lines_per_tag"":0,""association"":0,""latency"":0,""type"":{""Data"":0,""Instruction"":1,""CPU"":0,""HSACU"":1}},{""processor_id_low"":2147487770,""size"":32,""level"":1,""cache_line_size"":128,""cache_lines_per_tag"":0,""association"":0,""latency"":0,""type"":{""Data"":0,""Instruction"":1,""CPU"":0,""HSACU"":1}},{""processor_id_low"":2147487772,""size"":32,""level"":1,""cache_line_size"":128,""cache_lines_per_tag"":0,""association"":0,""latency"":0,""type"":{""Data"":0,""Instruction"":1,""CPU"":0,""HSACU"":1}},{""processor_id_low"":2147487774,""size"":32,""level"":1,""cache_line_size"":128,""cache_lines_per_tag"":0,""association"":0,""latency"":0,""type"":{""Data"":0,""Instruction"":1,""CPU"":0,""HSACU"":1}},{""processor_id_low"":2147487776,""size"":32,""level"":1,""cache_line_size"":128,""cache_lines_per_tag"":0,""association"":0,""latency"":0,""type"":{""Data"":0,""Instruction"":1,""CPU"":0,""HSACU"":1}},{""processor_id_low"":2147487778,""size"":32,""level"":1,""cache_line_size"":128,""cache_lines_per_tag"":0,""association"":0,""latency"":0,""type"":{""Data"":0,""Instruction"":1,""CPU"":0,""HSACU"":1}},{""processor_id_low"":2147487780,""size"":32,""level"":1,""cache_line_size"":128,""cache_lines_per_tag"":0,""association"":0,""latency"":0,""type"":{""Data"":0,""Instruction"":1,""CPU"":0,""HSACU"":1}},{""processor_id_low"":2147487782,""size"":32,""level"":1,""cache_line_size"":128,""cache_lines_per_tag"":0,""association"":0,""latency"":0,""type"":{""Data"":0,""Instruction"":1,""CPU"":0,""HSACU"":1}},{""processor_id_low"":2147487744,""size"":16,""level"":1,""cache_line_size"":64,""cache_lines_per_tag"":0,""association"":0,""latency"":0,""type"":{""Data"":1,""Instruction"":0,""CPU"":0,""HSACU"":1}},{""processor_id_low"":2147487746,""size"":16,""level"":1,""cache_line_size"":64,""cache_lines_per_tag"":0,""association"":0,""latency"":0,""type"":{""Data"":1,""Instruction"":0,""CPU"":0,""HSACU"":1}},{""processor_id_low"":2147487748,""size"":16,""level"":1,""cache_line_size"":64,""cache_lines_per_tag"":0,""association"":0,""latency"":0,""type"":{""Data"":1,""Instruction"":0,""CPU"":0,""HSACU"":1}},{""processor_id_low"":2147487750,""size"":16,""level"":1,""cache_line_size"":64,""cache_lines_per_tag"":0,""association"":0,""latency"":0,""type"":{""Data"":1,""Instruction"":0,""CPU"":0,""HSACU"":1}},{""processor_id_low"":2147487752,""size"":16,""level"":1,""cache_line_size"":64,""cache_lines_per_tag"":0,""association"":0,""latency"":0,""type"":{""Data"":1,""Instruction"":0,""CPU"":0,""HSACU"":1}},{""processor_id_low"":2147487754,""size"":16,""level"":1,""cache_line_size"":64,""cache_lines_per_tag"":0,""association"":0,""latency"":0,""type"":{""Data"":1,""Instruction"":0,""CPU"":0,""HSACU"":1}},{""processor_id_low"":2147487756,""size"":16,""level"":1,""cache_line_size"":64,""cache_lines_per_tag"":0,""association"":0,""latency"":0,""type"":{""Data"":1,""Instruction"":0,""CPU"":0,""HSACU"":1}},{""processor_id_low"":2147487758,""size"":16,""level"":1,""cache_line_size"":64,""cache_lines_per_tag"":0,""association"":0,""latency"":0,""type"":{""Data"":1,""Instruction"":0,""CPU"":0,""HSACU"":1}},{""processor_id_low"":2147487760,""size"":16,""level"":1,""cache_line_size"":64,""cache_lines_per_tag"":0,""association"":0,""latency"":0,""type"":{""Data"":1,""Instruction"":0,""CPU"":0,""HSACU"":1}},{""processor_id_low"":2147487762,""size"":16,""level"":1,""cache_line_size"":64,""cache_lines_per_tag"":0,""association"":0,""latency"":0,""type"":{""Data"":1,""Instruction"":0,""CPU"":0,""HSACU"":1}},{""processor_id_low"":2147487764,""size"":16,""level"":1,""cache_line_size"":64,""cache_lines_per_tag"":0,""association"":0,""latency"":0,""type"":{""Data"":1,""Instruction"":0,""CPU"":0,""HSACU"":1}},{""processor_id_low"":2147487766,""size"":16,""level"":1,""cache_line_size"":64,""cache_lines_per_tag"":0,""association"":0,""latency"":0,""type"":{""Data"":1,""Instruction"":0,""CPU"":0,""HSACU"":1}},{""processor_id_low"":2147487768,""size"":16,""level"":1,""cache_line_size"":64,""cache_lines_per_tag"":0,""association"":0,""latency"":0,""type"":{""Data"":1,""Instruction"":0,""CPU"":0,""HSACU"":1}},{""processor_id_low"":2147487770,""size"":16,""level"":1,""cache_line_size"":64,""cache_lines_per_tag"":0,""association"":0,""latency"":0,""type"":{""Data"":1,""Instruction"":0,""CPU"":0,""HSACU"":1}},{""processor_id_low"":2147487772,""size"":16,""level"":1,""cache_line_size"":64,""cache_lines_per_tag"":0,""association"":0,""latency"":0,""type"":{""Data"":1,""Instruction"":0,""CPU"":0,""HSACU"":1}},{""processor_id_low"":2147487774,""size"":16,""level"":1,""cache_line_size"":64,""cache_lines_per_tag"":0,""association"":0,""latency"":0,""type"":{""Data"":1,""Instruction"":0,""CPU"":0,""HSACU"":1}},{""processor_id_low"":2147487776,""size"":16,""level"":1,""cache_line_size"":64,""cache_lines_per_tag"":0,""association"":0,""latency"":0,""type"":{""Data"":1,""Instruction"":0,""CPU"":0,""HSACU"":1}},{""processor_id_low"":2147487778,""size"":16,""level"":1,""cache_line_size"":64,""cache_lines_per_tag"":0,""association"":0,""latency"":0,""type"":{""Data"":1,""Instruction"":0,""CPU"":0,""HSACU"":1}},{""processor_id_low"":2147487780,""size"":16,""level"":1,""cache_line_size"":64,""cache_lines_per_tag"":0,""association"":0,""latency"":0,""type"":{""Data"":1,""Instruction"":0,""CPU"":0,""HSACU"":1}},{""processor_id_low"":2147487782,""size"":16,""level"":1,""cache_line_size"":64,""cache_lines_per_tag"":0,""association"":0,""latency"":0,""type"":{""Data"":1,""Instruction"":0,""CPU"":0,""HSACU"":1}},{""processor_id_low"":2147487744,""size"":256,""level"":1,""cache_line_size"":128,""cache_lines_per_tag"":0,""association"":0,""latency"":0,""type"":{""Data"":1,""Instruction"":0,""CPU"":0,""HSACU"":1}},{""processor_id_low"":2147487754,""size"":256,""level"":1,""cache_line_size"":128,""cache_lines_per_tag"":0,""association"":0,""latency"":0,""type"":{""Data"":1,""Instruction"":0,""CPU"":0,""HSACU"":1}},{""processor_id_low"":2147487764,""size"":256,""level"":1,""cache_line_size"":128,""cache_lines_per_tag"":0,""association"":0,""latency"":0,""type"":{""Data"":1,""Instruction"":0,""CPU"":0,""HSACU"":1}},{""processor_id_low"":2147487774,""size"":256,""level"":1,""cache_line_size"":128,""cache_lines_per_tag"":0,""association"":0,""latency"":0,""type"":{""Data"":1,""Instruction"":0,""CPU"":0,""HSACU"":1}},{""processor_id_low"":2147487744,""size"":2048,""level"":2,""cache_line_size"":128,""cache_lines_per_tag"":0,""association"":0,""latency"":0,""type"":{""Data"":1,""Instruction"":0,""CPU"":0,""HSACU"":1}},{""processor_id_low"":2147487744,""size"":32768,""level"":3,""cache_line_size"":64,""cache_lines_per_tag"":0,""association"":0,""latency"":0,""type"":{""Data"":1,""Instruction"":0,""CPU"":0,""HSACU"":1}}],""io_links"":[{""type"":2,""version_major"":0,""version_minor"":0,""node_from"":1,""node_to"":0,""weight"":20,""min_latency"":0,""max_latency"":0,""min_bandwidth"":0,""max_bandwidth"":32000,""recommended_transfer_size"":0,""flags"":{""Override"":1,""NonCoherent"":0,""NoAtomics32bit"":0,""NoAtomics64bit"":0,""NoPeerToPeerDMA"":0}}],""gpu_index"":0}"
8070450532247928832,00003c59-972f-772f-8b94-d7fc91e3aa7a,1655282045,1258216,,,,,KFD_EVENT_PAGE_MIGRATE,KFD_EVENT_PAGE_MIGRATE,"KFD page migration events","",rocm,"",ABS,KFD,,0,0,{}
8070450532247928833,00003c59-972f-772f-8b94-d7fc91e3aa7a,1655282045,1258216,,,,,KFD_EVENT_PAGE_FAULT,KFD_EVENT_PAGE_FAULT,"KFD page fault events","",rocm,"",ABS,KFD,,0,0,{}
8070450532247928834,00003c59-972f-772f-8b94-d7fc91e3aa7a,1655282045,1258216,,,,,KFD_EVENT_QUEUE,KFD_EVENT_QUEUE,"KFD queue eviction/restore events","",rocm,"",ABS,KFD,,0,0,{}
8070450532247928835,00003c59-972f-772f-8b94-d7fc91e3aa7a,1655282045,1258216,,,,,KFD_EVENT_UNMAP_FROM_GPU,KFD_EVENT_UNMAP_FROM_GPU,"KFD unmap from GPU events","",rocm,"",ABS,KFD,,0,0,{}
8070450532247928836,00003c59-972f-772f-8b94-d7fc91e3aa7a,1655282045,1258216,,,,,KFD_EVENT_DROPPED_EVENTS,KFD_EVENT_DROPPED_EVENTS,"KFD dropped_events events","",rocm,"",ABS,KFD,,0,0,{}
8070450532247928837,00003c59-972f-772f-8b94-d7fc91e3aa7a,1655282045,1258216,,,,,KFD_PAGE_MIGRATE,KFD_PAGE_MIGRATE,"KFD page migration paired records","",rocm,"",ABS,KFD,,0,0,{}
8070450532247928838,00003c59-972f-772f-8b94-d7fc91e3aa7a,1655282045,1258216,,,,,KFD_PAGE_FAULT,KFD_PAGE_FAULT,"KFD page fault paired records","",rocm,"",ABS,KFD,,0,0,{}
8070450532247928839,00003c59-972f-772f-8b94-d7fc91e3aa7a,1655282045,1258216,,,,,KFD_QUEUE,KFD_QUEUE,"KFD queue eviction/restore paired records","",rocm,"",ABS,KFD,,0,0,{}

=== TABLE: rocpd_pmc_event ===id,guid,event_id,pmc_id,value,extdata
1,00003c59-972f-772f-8b94-d7fc91e3aa7a,1,2169,100.0,{}
2,00003c59-972f-772f-8b94-d7fc91e3aa7a,1,2215,137106.0,{}
3,00003c59-972f-772f-8b94-d7fc91e3aa7a,1,2286,137106.0,{}
4,00003c59-972f-772f-8b94-d7fc91e3aa7a,1,2513,47.9650781147433,{}
5,00003c59-972f-772f-8b94-d7fc91e3aa7a,1,3101,67989.0,{}
6,00003c59-972f-772f-8b94-d7fc91e3aa7a,1,3101,68015.0,{}
7,00003c59-972f-772f-8b94-d7fc91e3aa7a,1,3101,68054.0,{}
8,00003c59-972f-772f-8b94-d7fc91e3aa7a,1,3101,68141.0,{}
9,00003c59-972f-772f-8b94-d7fc91e3aa7a,1,3101,68147.0,{}
10,00003c59-972f-772f-8b94-d7fc91e3aa7a,1,3101,69523.0,{}
11,00003c59-972f-772f-8b94-d7fc91e3aa7a,1,3101,68130.0,{}
12,00003c59-972f-772f-8b94-d7fc91e3aa7a,1,3101,69704.0,{}
13,00003c59-972f-772f-8b94-d7fc91e3aa7a,1,3101,69585.0,{}
14,00003c59-972f-772f-8b94-d7fc91e3aa7a,1,3101,68271.0,{}
15,00003c59-972f-772f-8b94-d7fc91e3aa7a,1,3101,70707.0,{}
16,00003c59-972f-772f-8b94-d7fc91e3aa7a,1,3101,69374.0,{}
17,00003c59-972f-772f-8b94-d7fc91e3aa7a,1,3101,70691.0,{}
18,00003c59-972f-772f-8b94-d7fc91e3aa7a,1,3101,70692.0,{}
19,00003c59-972f-772f-8b94-d7fc91e3aa7a,1,3101,70692.0,{}
20,00003c59-972f-772f-8b94-d7fc91e3aa7a,1,3101,70571.0,{}
21,00003c59-972f-772f-8b94-d7fc91e3aa7a,1,3101,65776.0,{}
22,00003c59-972f-772f-8b94-d7fc91e3aa7a,1,3101,70645.0,{}
23,00003c59-972f-772f-8b94-d7fc91e3aa7a,1,3101,69287.0,{}
24,00003c59-972f-772f-8b94-d7fc91e3aa7a,1,3101,70619.0,{}
25,00003c59-972f-772f-8b94-d7fc91e3aa7a,1,3799,8.0,{}
26,00003c59-972f-772f-8b94-d7fc91e3aa7a,1,3799,8.0,{}
27,00003c59-972f-772f-8b94-d7fc91e3aa7a,1,3799,8.0,{}
28,00003c59-972f-772f-8b94-d7fc91e3aa7a,1,3799,8.0,{}
29,00003c59-972f-772f-8b94-d7fc91e3aa7a,1,3799,8.0,{}
30,00003c59-972f-772f-8b94-d7fc91e3aa7a,1,3799,8.0,{}
31,00003c59-972f-772f-8b94-d7fc91e3aa7a,1,3799,8.0,{}
32,00003c59-972f-772f-8b94-d7fc91e3aa7a,1,3799,8.0,{}
33,00003c59-972f-772f-8b94-d7fc91e3aa7a,1,3799,8.0,{}
34,00003c59-972f-772f-8b94-d7fc91e3aa7a,1,3799,8.0,{}
35,00003c59-972f-772f-8b94-d7fc91e3aa7a,1,3799,8.0,{}
36,00003c59-972f-772f-8b94-d7fc91e3aa7a,1,3799,8.0,{}
37,00003c59-972f-772f-8b94-d7fc91e3aa7a,1,3799,8.0,{}
38,00003c59-972f-772f-8b94-d7fc91e3aa7a,1,3799,8.0,{}
39,00003c59-972f-772f-8b94-d7fc91e3aa7a,1,3799,8.0,{}
40,00003c59-972f-772f-8b94-d7fc91e3aa7a,1,3799,8.0,{}
41,00003c59-972f-772f-8b94-d7fc91e3aa7a,1,3799,8.0,{}
42,00003c59-972f-772f-8b94-d7fc91e3aa7a,1,3799,8.0,{}
43,00003c59-972f-772f-8b94-d7fc91e3aa7a,1,3799,8.0,{}
44,00003c59-972f-772f-8b94-d7fc91e3aa7a,1,3799,8.0,{}
45,00003c59-972f-772f-8b94-d7fc91e3aa7a,2,2169,100.0,{}
46,00003c59-972f-772f-8b94-d7fc91e3aa7a,2,2215,70754.0,{}
47,00003c59-972f-772f-8b94-d7fc91e3aa7a,2,2286,70754.0,{}
48,00003c59-972f-772f-8b94-d7fc91e3aa7a,2,2513,82.2893405319841,{}
49,00003c59-972f-772f-8b94-d7fc91e3aa7a,2,3101,59722.0,{}
50,00003c59-972f-772f-8b94-d7fc91e3aa7a,2,3101,60256.0,{}
51,00003c59-972f-772f-8b94-d7fc91e3aa7a,2,3101,59865.0,{}
52,00003c59-972f-772f-8b94-d7fc91e3aa7a,2,3101,60352.0,{}
53,00003c59-972f-772f-8b94-d7fc91e3aa7a,2,3101,60356.0,{}
54,00003c59-972f-772f-8b94-d7fc91e3aa7a,2,3101,60340.0,{}
55,00003c59-972f-772f-8b94-d7fc91e3aa7a,2,3101,60106.0,{}
56,00003c59-972f-772f-8b94-d7fc91e3aa7a,2,3101,60189.0,{}
57,00003c59-972f-772f-8b94-d7fc91e3aa7a,2,3101,60214.0,{}
58,00003c59-972f-772f-8b94-d7fc91e3aa7a,2,3101,60345.0,{}
59,00003c59-972f-772f-8b94-d7fc91e3aa7a,2,3101,60372.0,{}
60,00003c59-972f-772f-8b94-d7fc91e3aa7a,2,3101,60147.0,{}
61,00003c59-972f-772f-8b94-d7fc91e3aa7a,2,3101,60274.0,{}
62,00003c59-972f-772f-8b94-d7fc91e3aa7a,2,3101,60344.0,{}
63,00003c59-972f-772f-8b94-d7fc91e3aa7a,2,3101,60348.0,{}
64,00003c59-972f-772f-8b94-d7fc91e3aa7a,2,3101,59693.0,{}
65,00003c59-972f-772f-8b94-d7fc91e3aa7a,2,3101,60392.0,{}
66,00003c59-972f-772f-8b94-d7fc91e3aa7a,2,3101,60441.0,{}
67,00003c59-972f-772f-8b94-d7fc91e3aa7a,2,3101,60402.0,{}
68,00003c59-972f-772f-8b94-d7fc91e3aa7a,2,3101,60465.0,{}
69,00003c59-972f-772f-8b94-d7fc91e3aa7a,2,3799,8.0,{}
70,00003c59-972f-772f-8b94-d7fc91e3aa7a,2,3799,8.0,{}
71,00003c59-972f-772f-8b94-d7fc91e3aa7a,2,3799,8.0,{}
72,00003c59-972f-772f-8b94-d7fc91e3aa7a,2,3799,8.0,{}
73,00003c59-972f-772f-8b94-d7fc91e3aa7a,2,3799,8.0,{}
74,00003c59-972f-772f-8b94-d7fc91e3aa7a,2,3799,8.0,{}
75,00003c59-972f-772f-8b94-d7fc91e3aa7a,2,3799,8.0,{}
76,00003c59-972f-772f-8b94-d7fc91e3aa7a,2,3799,8.0,{}
77,00003c59-972f-772f-8b94-d7fc91e3aa7a,2,3799,8.0,{}
78,00003c59-972f-772f-8b94-d7fc91e3aa7a,2,3799,8.0,{}
79,00003c59-972f-772f-8b94-d7fc91e3aa7a,2,3799,8.0,{}
80,00003c59-972f-772f-8b94-d7fc91e3aa7a,2,3799,8.0,{}
81,00003c59-972f-772f-8b94-d7fc91e3aa7a,2,3799,8.0,{}
82,00003c59-972f-772f-8b94-d7fc91e3aa7a,2,3799,8.0,{}
83,00003c59-972f-772f-8b94-d7fc91e3aa7a,2,3799,8.0,{}
84,00003c59-972f-772f-8b94-d7fc91e3aa7a,2,3799,8.0,{}
85,00003c59-972f-772f-8b94-d7fc91e3aa7a,2,3799,8.0,{}
86,00003c59-972f-772f-8b94-d7fc91e3aa7a,2,3799,8.0,{}
87,00003c59-972f-772f-8b94-d7fc91e3aa7a,2,3799,8.0,{}
88,00003c59-972f-772f-8b94-d7fc91e3aa7a,2,3799,8.0,{}
89,00003c59-972f-772f-8b94-d7fc91e3aa7a,3,2169,100.0,{}
90,00003c59-972f-772f-8b94-d7fc91e3aa7a,3,2215,27729.0,{}
91,00003c59-972f-772f-8b94-d7fc91e3aa7a,3,2286,27729.0,{}
92,00003c59-972f-772f-8b94-d7fc91e3aa7a,3,2513,50.7807710339356,{}
93,00003c59-972f-772f-8b94-d7fc91e3aa7a,3,3101,16338.0,{}
94,00003c59-972f-772f-8b94-d7fc91e3aa7a,3,3101,16177.0,{}
95,00003c59-972f-772f-8b94-d7fc91e3aa7a,3,3101,16306.0,{}
96,00003c59-972f-772f-8b94-d7fc91e3aa7a,3,3101,16153.0,{}
97,00003c59-972f-772f-8b94-d7fc91e3aa7a,3,3101,16246.0,{}
98,00003c59-972f-772f-8b94-d7fc91e3aa7a,3,3101,16329.0,{}
99,00003c59-972f-772f-8b94-d7fc91e3aa7a,3,3101,16083.0,{}
100,00003c59-972f-772f-8b94-d7fc91e3aa7a,3,3101,16202.0,{}
101,00003c59-972f-772f-8b94-d7fc91e3aa7a,3,3101,16362.0,{}
102,00003c59-972f-772f-8b94-d7fc91e3aa7a,3,3101,16220.0,{}
103,00003c59-972f-772f-8b94-d7fc91e3aa7a,3,3101,16274.0,{}
104,00003c59-972f-772f-8b94-d7fc91e3aa7a,3,3101,16197.0,{}
105,00003c59-972f-772f-8b94-d7fc91e3aa7a,3,3101,16175.0,{}
106,00003c59-972f-772f-8b94-d7fc91e3aa7a,3,3101,16062.0,{}
107,00003c59-972f-772f-8b94-d7fc91e3aa7a,3,3101,16118.0,{}
108,00003c59-972f-772f-8b94-d7fc91e3aa7a,3,3101,16250.0,{}
109,00003c59-972f-772f-8b94-d7fc91e3aa7a,3,3101,16188.0,{}
110,00003c59-972f-772f-8b94-d7fc91e3aa7a,3,3101,16248.0,{}
111,00003c59-972f-772f-8b94-d7fc91e3aa7a,3,3101,16261.0,{}
112,00003c59-972f-772f-8b94-d7fc91e3aa7a,3,3101,16314.0,{}
113,00003c59-972f-772f-8b94-d7fc91e3aa7a,3,3799,856.0,{}
114,00003c59-972f-772f-8b94-d7fc91e3aa7a,3,3799,832.0,{}
115,00003c59-972f-772f-8b94-d7fc91e3aa7a,3,3799,824.0,{}
116,00003c59-972f-772f-8b94-d7fc91e3aa7a,3,3799,808.0,{}
117,00003c59-972f-772f-8b94-d7fc91e3aa7a,3,3799,792.0,{}
118,00003c59-972f-772f-8b94-d7fc91e3aa7a,3,3799,800.0,{}
119,00003c59-972f-772f-8b94-d7fc91e3aa7a,3,3799,832.0,{}
120,00003c59-972f-772f-8b94-d7fc91e3aa7a,3,3799,832.0,{}
121,00003c59-972f-772f-8b94-d7fc91e3aa7a,3,3799,824.0,{}
122,00003c59-972f-772f-8b94-d7fc91e3aa7a,3,3799,792.0,{}
123,00003c59-972f-772f-8b94-d7fc91e3aa7a,3,3799,840.0,{}
124,00003c59-972f-772f-8b94-d7fc91e3aa7a,3,3799,816.0,{}
125,00003c59-972f-772f-8b94-d7fc91e3aa7a,3,3799,832.0,{}
126,00003c59-972f-772f-8b94-d7fc91e3aa7a,3,3799,816.0,{}
127,00003c59-972f-772f-8b94-d7fc91e3aa7a,3,3799,792.0,{}
128,00003c59-972f-772f-8b94-d7fc91e3aa7a,3,3799,824.0,{}
129,00003c59-972f-772f-8b94-d7fc91e3aa7a,3,3799,840.0,{}
130,00003c59-972f-772f-8b94-d7fc91e3aa7a,3,3799,832.0,{}
131,00003c59-972f-772f-8b94-d7fc91e3aa7a,3,3799,816.0,{}
132,00003c59-972f-772f-8b94-d7fc91e3aa7a,3,3799,784.0,{}
133,00003c59-972f-772f-8b94-d7fc91e3aa7a,4,2169,100.0,{}
134,00003c59-972f-772f-8b94-d7fc91e3aa7a,4,2215,16025745.0,{}
135,00003c59-972f-772f-8b94-d7fc91e3aa7a,4,2286,16025745.0,{}
136,00003c59-972f-772f-8b94-d7fc91e3aa7a,4,2513,99.6949158993856,{}
137,00003c59-972f-772f-8b94-d7fc91e3aa7a,4,3101,16013716.0,{}
138,00003c59-972f-772f-8b94-d7fc91e3aa7a,4,3101,15781794.0,{}
139,00003c59-972f-772f-8b94-d7fc91e3aa7a,4,3101,15704628.0,{}
140,00003c59-972f-772f-8b94-d7fc91e3aa7a,4,3101,15603095.0,{}
141,00003c59-972f-772f-8b94-d7fc91e3aa7a,4,3101,15904868.0,{}
142,00003c59-972f-772f-8b94-d7fc91e3aa7a,4,3101,15505808.0,{}
143,00003c59-972f-772f-8b94-d7fc91e3aa7a,4,3101,15819911.0,{}
144,00003c59-972f-772f-8b94-d7fc91e3aa7a,4,3101,15347842.0,{}
145,00003c59-972f-772f-8b94-d7fc91e3aa7a,4,3101,15694875.0,{}
146,00003c59-972f-772f-8b94-d7fc91e3aa7a,4,3101,15351499.0,{}
147,00003c59-972f-772f-8b94-d7fc91e3aa7a,4,3101,15294484.0,{}
148,00003c59-972f-772f-8b94-d7fc91e3aa7a,4,3101,15310547.0,{}
149,00003c59-972f-772f-8b94-d7fc91e3aa7a,4,3101,15311648.0,{}
150,00003c59-972f-772f-8b94-d7fc91e3aa7a,4,3101,15309781.0,{}
151,00003c59-972f-772f-8b94-d7fc91e3aa7a,4,3101,15310110.0,{}
152,00003c59-972f-772f-8b94-d7fc91e3aa7a,4,3101,15279755.0,{}
153,00003c59-972f-772f-8b94-d7fc91e3aa7a,4,3101,15088189.0,{}
154,00003c59-972f-772f-8b94-d7fc91e3aa7a,4,3101,15167501.0,{}
155,00003c59-972f-772f-8b94-d7fc91e3aa7a,4,3101,15215217.0,{}
156,00003c59-972f-772f-8b94-d7fc91e3aa7a,4,3101,15231047.0,{}
157,00003c59-972f-772f-8b94-d7fc91e3aa7a,4,3799,444.0,{}
158,00003c59-972f-772f-8b94-d7fc91e3aa7a,4,3799,416.0,{}
159,00003c59-972f-772f-8b94-d7fc91e3aa7a,4,3799,418.0,{}
160,00003c59-972f-772f-8b94-d7fc91e3aa7a,4,3799,410.0,{}
161,00003c59-972f-772f-8b94-d7fc91e3aa7a,4,3799,431.0,{}
162,00003c59-972f-772f-8b94-d7fc91e3aa7a,4,3799,259.0,{}
163,00003c59-972f-772f-8b94-d7fc91e3aa7a,4,3799,288.0,{}
164,00003c59-972f-772f-8b94-d7fc91e3aa7a,4,3799,256.0,{}
165,00003c59-972f-772f-8b94-d7fc91e3aa7a,4,3799,278.0,{}
166,00003c59-972f-772f-8b94-d7fc91e3aa7a,4,3799,256.0,{}
167,00003c59-972f-772f-8b94-d7fc91e3aa7a,4,3799,311.0,{}
168,00003c59-972f-772f-8b94-d7fc91e3aa7a,4,3799,313.0,{}
169,00003c59-972f-772f-8b94-d7fc91e3aa7a,4,3799,308.0,{}
170,00003c59-972f-772f-8b94-d7fc91e3aa7a,4,3799,312.0,{}
171,00003c59-972f-772f-8b94-d7fc91e3aa7a,4,3799,313.0,{}
172,00003c59-972f-772f-8b94-d7fc91e3aa7a,4,3799,391.0,{}
173,00003c59-972f-772f-8b94-d7fc91e3aa7a,4,3799,371.0,{}
174,00003c59-972f-772f-8b94-d7fc91e3aa7a,4,3799,377.0,{}
175,00003c59-972f-772f-8b94-d7fc91e3aa7a,4,3799,380.0,{}
176,00003c59-972f-772f-8b94-d7fc91e3aa7a,4,3799,380.0,{}
177,00003c59-972f-772f-8b94-d7fc91e3aa7a,5,2169,100.0,{}
178,00003c59-972f-772f-8b94-d7fc91e3aa7a,5,2215,13580249.0,{}
179,00003c59-972f-772f-8b94-d7fc91e3aa7a,5,2286,13580249.0,{}
180,00003c59-972f-772f-8b94-d7fc91e3aa7a,5,2513,99.5870399725366,{}
181,00003c59-972f-772f-8b94-d7fc91e3aa7a,5,3101,13543032.0,{}
182,00003c59-972f-772f-8b94-d7fc91e3aa7a,5,3101,13568815.0,{}
183,00003c59-972f-772f-8b94-d7fc91e3aa7a,5,3101,13491186.0,{}
184,00003c59-972f-772f-8b94-d7fc91e3aa7a,5,3101,13527323.0,{}
185,00003c59-972f-772f-8b94-d7fc91e3aa7a,5,3101,13385283.0,{}
186,00003c59-972f-772f-8b94-d7fc91e3aa7a,5,3101,13350358.0,{}
187,00003c59-972f-772f-8b94-d7fc91e3aa7a,5,3101,13502301.0,{}
188,00003c59-972f-772f-8b94-d7fc91e3aa7a,5,3101,13516289.0,{}
189,00003c59-972f-772f-8b94-d7fc91e3aa7a,5,3101,13497879.0,{}
190,00003c59-972f-772f-8b94-d7fc91e3aa7a,5,3101,13363626.0,{}
191,00003c59-972f-772f-8b94-d7fc91e3aa7a,5,3101,12855212.0,{}
192,00003c59-972f-772f-8b94-d7fc91e3aa7a,5,3101,12670775.0,{}
193,00003c59-972f-772f-8b94-d7fc91e3aa7a,5,3101,12838667.0,{}
194,00003c59-972f-772f-8b94-d7fc91e3aa7a,5,3101,12592271.0,{}
195,00003c59-972f-772f-8b94-d7fc91e3aa7a,5,3101,12719566.0,{}
196,00003c59-972f-772f-8b94-d7fc91e3aa7a,5,3101,12545208.0,{}
197,00003c59-972f-772f-8b94-d7fc91e3aa7a,5,3101,12459130.0,{}
198,00003c59-972f-772f-8b94-d7fc91e3aa7a,5,3101,12448674.0,{}
199,00003c59-972f-772f-8b94-d7fc91e3aa7a,5,3101,12622769.0,{}
200,00003c59-972f-772f-8b94-d7fc91e3aa7a,5,3101,12580939.0,{}
201,00003c59-972f-772f-8b94-d7fc91e3aa7a,5,3799,437.0,{}
202,00003c59-972f-772f-8b94-d7fc91e3aa7a,5,3799,439.0,{}
203,00003c59-972f-772f-8b94-d7fc91e3aa7a,5,3799,437.0,{}
204,00003c59-972f-772f-8b94-d7fc91e3aa7a,5,3799,434.0,{}
205,00003c59-972f-772f-8b94-d7fc91e3aa7a,5,3799,429.0,{}
206,00003c59-972f-772f-8b94-d7fc91e3aa7a,5,3799,256.0,{}
207,00003c59-972f-772f-8b94-d7fc91e3aa7a,5,3799,256.0,{}
208,00003c59-972f-772f-8b94-d7fc91e3aa7a,5,3799,256.0,{}
209,00003c59-972f-772f-8b94-d7fc91e3aa7a,5,3799,256.0,{}
210,00003c59-972f-772f-8b94-d7fc91e3aa7a,5,3799,256.0,{}
211,00003c59-972f-772f-8b94-d7fc91e3aa7a,5,3799,400.0,{}
212,00003c59-972f-772f-8b94-d7fc91e3aa7a,5,3799,387.0,{}
213,00003c59-972f-772f-8b94-d7fc91e3aa7a,5,3799,394.0,{}
214,00003c59-972f-772f-8b94-d7fc91e3aa7a,5,3799,380.0,{}
215,00003c59-972f-772f-8b94-d7fc91e3aa7a,5,3799,385.0,{}
216,00003c59-972f-772f-8b94-d7fc91e3aa7a,5,3799,310.0,{}
217,00003c59-972f-772f-8b94-d7fc91e3aa7a,5,3799,300.0,{}
218,00003c59-972f-772f-8b94-d7fc91e3aa7a,5,3799,298.0,{}
219,00003c59-972f-772f-8b94-d7fc91e3aa7a,5,3799,308.0,{}
220,00003c59-972f-772f-8b94-d7fc91e3aa7a,5,3799,294.0,{}
221,00003c59-972f-772f-8b94-d7fc91e3aa7a,6,2169,100.0,{}
222,00003c59-972f-772f-8b94-d7fc91e3aa7a,6,2215,13441880.0,{}
223,00003c59-972f-772f-8b94-d7fc91e3aa7a,6,2286,13441880.0,{}
224,00003c59-972f-772f-8b94-d7fc91e3aa7a,6,2513,98.1078316425976,{}
225,00003c59-972f-772f-8b94-d7fc91e3aa7a,6,3101,13197260.0,{}
226,00003c59-972f-772f-8b94-d7fc91e3aa7a,6,3101,13352299.0,{}
227,00003c59-972f-772f-8b94-d7fc91e3aa7a,6,3101,13341574.0,{}
228,00003c59-972f-772f-8b94-d7fc91e3aa7a,6,3101,13350717.0,{}
229,00003c59-972f-772f-8b94-d7fc91e3aa7a,6,3101,13358984.0,{}
230,00003c59-972f-772f-8b94-d7fc91e3aa7a,6,3101,13403224.0,{}
231,00003c59-972f-772f-8b94-d7fc91e3aa7a,6,3101,13228470.0,{}
232,00003c59-972f-772f-8b94-d7fc91e3aa7a,6,3101,13430470.0,{}
233,00003c59-972f-772f-8b94-d7fc91e3aa7a,6,3101,13409972.0,{}
234,00003c59-972f-772f-8b94-d7fc91e3aa7a,6,3101,13407815.0,{}
235,00003c59-972f-772f-8b94-d7fc91e3aa7a,6,3101,11554394.0,{}
236,00003c59-972f-772f-8b94-d7fc91e3aa7a,6,3101,11552716.0,{}
237,00003c59-972f-772f-8b94-d7fc91e3aa7a,6,3101,11618976.0,{}
238,00003c59-972f-772f-8b94-d7fc91e3aa7a,6,3101,11628488.0,{}
239,00003c59-972f-772f-8b94-d7fc91e3aa7a,6,3101,11649547.0,{}
240,00003c59-972f-772f-8b94-d7fc91e3aa7a,6,3101,11863010.0,{}
241,00003c59-972f-772f-8b94-d7fc91e3aa7a,6,3101,11806909.0,{}
242,00003c59-972f-772f-8b94-d7fc91e3aa7a,6,3101,12055962.0,{}
243,00003c59-972f-772f-8b94-d7fc91e3aa7a,6,3101,11910110.0,{}
244,00003c59-972f-772f-8b94-d7fc91e3aa7a,6,3101,11700237.0,{}
245,00003c59-972f-772f-8b94-d7fc91e3aa7a,6,3799,384.0,{}
246,00003c59-972f-772f-8b94-d7fc91e3aa7a,6,3799,384.0,{}
247,00003c59-972f-772f-8b94-d7fc91e3aa7a,6,3799,384.0,{}
248,00003c59-972f-772f-8b94-d7fc91e3aa7a,6,3799,384.0,{}
249,00003c59-972f-772f-8b94-d7fc91e3aa7a,6,3799,384.0,{}
250,00003c59-972f-772f-8b94-d7fc91e3aa7a,6,3799,295.0,{}
251,00003c59-972f-772f-8b94-d7fc91e3aa7a,6,3799,306.0,{}
252,00003c59-972f-772f-8b94-d7fc91e3aa7a,6,3799,320.0,{}
253,00003c59-972f-772f-8b94-d7fc91e3aa7a,6,3799,295.0,{}
254,00003c59-972f-772f-8b94-d7fc91e3aa7a,6,3799,320.0,{}
255,00003c59-972f-772f-8b94-d7fc91e3aa7a,6,3799,342.0,{}
256,00003c59-972f-772f-8b94-d7fc91e3aa7a,6,3799,342.0,{}
257,00003c59-972f-772f-8b94-d7fc91e3aa7a,6,3799,342.0,{}
258,00003c59-972f-772f-8b94-d7fc91e3aa7a,6,3799,342.0,{}
259,00003c59-972f-772f-8b94-d7fc91e3aa7a,6,3799,342.0,{}
260,00003c59-972f-772f-8b94-d7fc91e3aa7a,6,3799,357.0,{}
261,00003c59-972f-772f-8b94-d7fc91e3aa7a,6,3799,348.0,{}
262,00003c59-972f-772f-8b94-d7fc91e3aa7a,6,3799,352.0,{}
263,00003c59-972f-772f-8b94-d7fc91e3aa7a,6,3799,347.0,{}
264,00003c59-972f-772f-8b94-d7fc91e3aa7a,6,3799,342.0,{}
265,00003c59-972f-772f-8b94-d7fc91e3aa7a,7,2169,100.0,{}
266,00003c59-972f-772f-8b94-d7fc91e3aa7a,7,2215,13803713.0,{}
267,00003c59-972f-772f-8b94-d7fc91e3aa7a,7,2286,13803713.0,{}
268,00003c59-972f-772f-8b94-d7fc91e3aa7a,7,2513,98.352624398957,{}
269,00003c59-972f-772f-8b94-d7fc91e3aa7a,7,3101,13582969.0,{}
270,00003c59-972f-772f-8b94-d7fc91e3aa7a,7,3101,13701348.0,{}
271,00003c59-972f-772f-8b94-d7fc91e3aa7a,7,3101,13554559.0,{}
272,00003c59-972f-772f-8b94-d7fc91e3aa7a,7,3101,13711379.0,{}
273,00003c59-972f-772f-8b94-d7fc91e3aa7a,7,3101,13569800.0,{}
274,00003c59-972f-772f-8b94-d7fc91e3aa7a,7,3101,13779335.0,{}
275,00003c59-972f-772f-8b94-d7fc91e3aa7a,7,3101,13331530.0,{}
276,00003c59-972f-772f-8b94-d7fc91e3aa7a,7,3101,13768207.0,{}
277,00003c59-972f-772f-8b94-d7fc91e3aa7a,7,3101,13792072.0,{}
278,00003c59-972f-772f-8b94-d7fc91e3aa7a,7,3101,13554606.0,{}
279,00003c59-972f-772f-8b94-d7fc91e3aa7a,7,3101,12449650.0,{}
280,00003c59-972f-772f-8b94-d7fc91e3aa7a,7,3101,12365082.0,{}
281,00003c59-972f-772f-8b94-d7fc91e3aa7a,7,3101,12287254.0,{}
282,00003c59-972f-772f-8b94-d7fc91e3aa7a,7,3101,12356074.0,{}
283,00003c59-972f-772f-8b94-d7fc91e3aa7a,7,3101,12415397.0,{}
284,00003c59-972f-772f-8b94-d7fc91e3aa7a,7,3101,11786344.0,{}
285,00003c59-972f-772f-8b94-d7fc91e3aa7a,7,3101,11987751.0,{}
286,00003c59-972f-772f-8b94-d7fc91e3aa7a,7,3101,12052029.0,{}
287,00003c59-972f-772f-8b94-d7fc91e3aa7a,7,3101,11810657.0,{}
288,00003c59-972f-772f-8b94-d7fc91e3aa7a,7,3101,11839667.0,{}
289,00003c59-972f-772f-8b94-d7fc91e3aa7a,7,3799,384.0,{}
290,00003c59-972f-772f-8b94-d7fc91e3aa7a,7,3799,384.0,{}
291,00003c59-972f-772f-8b94-d7fc91e3aa7a,7,3799,384.0,{}
292,00003c59-972f-772f-8b94-d7fc91e3aa7a,7,3799,384.0,{}
293,00003c59-972f-772f-8b94-d7fc91e3aa7a,7,3799,384.0,{}
294,00003c59-972f-772f-8b94-d7fc91e3aa7a,7,3799,320.0,{}
295,00003c59-972f-772f-8b94-d7fc91e3aa7a,7,3799,288.0,{}
296,00003c59-972f-772f-8b94-d7fc91e3aa7a,7,3799,320.0,{}
297,00003c59-972f-772f-8b94-d7fc91e3aa7a,7,3799,319.0,{}
298,00003c59-972f-772f-8b94-d7fc91e3aa7a,7,3799,289.0,{}
299,00003c59-972f-772f-8b94-d7fc91e3aa7a,7,3799,342.0,{}
300,00003c59-972f-772f-8b94-d7fc91e3aa7a,7,3799,342.0,{}
301,00003c59-972f-772f-8b94-d7fc91e3aa7a,7,3799,342.0,{}
302,00003c59-972f-772f-8b94-d7fc91e3aa7a,7,3799,342.0,{}
303,00003c59-972f-772f-8b94-d7fc91e3aa7a,7,3799,342.0,{}
304,00003c59-972f-772f-8b94-d7fc91e3aa7a,7,3799,347.0,{}
305,00003c59-972f-772f-8b94-d7fc91e3aa7a,7,3799,356.0,{}
306,00003c59-972f-772f-8b94-d7fc91e3aa7a,7,3799,357.0,{}
307,00003c59-972f-772f-8b94-d7fc91e3aa7a,7,3799,343.0,{}
308,00003c59-972f-772f-8b94-d7fc91e3aa7a,7,3799,343.0,{}
309,00003c59-972f-772f-8b94-d7fc91e3aa7a,8,2169,100.0,{}
310,00003c59-972f-772f-8b94-d7fc91e3aa7a,8,2215,14079000.0,{}
311,00003c59-972f-772f-8b94-d7fc91e3aa7a,8,2286,14079000.0,{}
312,00003c59-972f-772f-8b94-d7fc91e3aa7a,8,2513,97.6972583280063,{}
313,00003c59-972f-772f-8b94-d7fc91e3aa7a,8,3101,13757819.0,{}
314,00003c59-972f-772f-8b94-d7fc91e3aa7a,8,3101,13930597.0,{}
315,00003c59-972f-772f-8b94-d7fc91e3aa7a,8,3101,14067773.0,{}
316,00003c59-972f-772f-8b94-d7fc91e3aa7a,8,3101,14052984.0,{}
317,00003c59-972f-772f-8b94-d7fc91e3aa7a,8,3101,14061000.0,{}
318,00003c59-972f-772f-8b94-d7fc91e3aa7a,8,3101,13892386.0,{}
319,00003c59-972f-772f-8b94-d7fc91e3aa7a,8,3101,13910410.0,{}
320,00003c59-972f-772f-8b94-d7fc91e3aa7a,8,3101,13717357.0,{}
321,00003c59-972f-772f-8b94-d7fc91e3aa7a,8,3101,13624079.0,{}
322,00003c59-972f-772f-8b94-d7fc91e3aa7a,8,3101,13609532.0,{}
323,00003c59-972f-772f-8b94-d7fc91e3aa7a,8,3101,12496507.0,{}
324,00003c59-972f-772f-8b94-d7fc91e3aa7a,8,3101,12464959.0,{}
325,00003c59-972f-772f-8b94-d7fc91e3aa7a,8,3101,12448201.0,{}
326,00003c59-972f-772f-8b94-d7fc91e3aa7a,8,3101,12500366.0,{}
327,00003c59-972f-772f-8b94-d7fc91e3aa7a,8,3101,12442390.0,{}
328,00003c59-972f-772f-8b94-d7fc91e3aa7a,8,3101,12346724.0,{}
329,00003c59-972f-772f-8b94-d7fc91e3aa7a,8,3101,12777332.0,{}
330,00003c59-972f-772f-8b94-d7fc91e3aa7a,8,3101,12614401.0,{}
331,00003c59-972f-772f-8b94-d7fc91e3aa7a,8,3101,12745934.0,{}
332,00003c59-972f-772f-8b94-d7fc91e3aa7a,8,3101,12749685.0,{}
333,00003c59-972f-772f-8b94-d7fc91e3aa7a,8,3799,273.0,{}
334,00003c59-972f-772f-8b94-d7fc91e3aa7a,8,3799,288.0,{}
335,00003c59-972f-772f-8b94-d7fc91e3aa7a,8,3799,288.0,{}
336,00003c59-972f-772f-8b94-d7fc91e3aa7a,8,3799,288.0,{}
337,00003c59-972f-772f-8b94-d7fc91e3aa7a,8,3799,288.0,{}
338,00003c59-972f-772f-8b94-d7fc91e3aa7a,8,3799,409.0,{}
339,00003c59-972f-772f-8b94-d7fc91e3aa7a,8,3799,422.0,{}
340,00003c59-972f-772f-8b94-d7fc91e3aa7a,8,3799,409.0,{}
341,00003c59-972f-772f-8b94-d7fc91e3aa7a,8,3799,394.0,{}
342,00003c59-972f-772f-8b94-d7fc91e3aa7a,8,3799,397.0,{}
343,00003c59-972f-772f-8b94-d7fc91e3aa7a,8,3799,342.0,{}
344,00003c59-972f-772f-8b94-d7fc91e3aa7a,8,3799,342.0,{}
345,00003c59-972f-772f-8b94-d7fc91e3aa7a,8,3799,342.0,{}
346,00003c59-972f-772f-8b94-d7fc91e3aa7a,8,3799,342.0,{}
347,00003c59-972f-772f-8b94-d7fc91e3aa7a,8,3799,342.0,{}
348,00003c59-972f-772f-8b94-d7fc91e3aa7a,8,3799,342.0,{}
349,00003c59-972f-772f-8b94-d7fc91e3aa7a,8,3799,353.0,{}
350,00003c59-972f-772f-8b94-d7fc91e3aa7a,8,3799,345.0,{}
351,00003c59-972f-772f-8b94-d7fc91e3aa7a,8,3799,350.0,{}
352,00003c59-972f-772f-8b94-d7fc91e3aa7a,8,3799,356.0,{}
353,00003c59-972f-772f-8b94-d7fc91e3aa7a,9,2169,100.0,{}
354,00003c59-972f-772f-8b94-d7fc91e3aa7a,9,2215,13129584.0,{}
355,00003c59-972f-772f-8b94-d7fc91e3aa7a,9,2286,13129584.0,{}
356,00003c59-972f-772f-8b94-d7fc91e3aa7a,9,2513,98.2205909951145,{}
357,00003c59-972f-772f-8b94-d7fc91e3aa7a,9,3101,12907259.0,{}
358,00003c59-972f-772f-8b94-d7fc91e3aa7a,9,3101,12908768.0,{}
359,00003c59-972f-772f-8b94-d7fc91e3aa7a,9,3101,12615862.0,{}
360,00003c59-972f-772f-8b94-d7fc91e3aa7a,9,3101,12833664.0,{}
361,00003c59-972f-772f-8b94-d7fc91e3aa7a,9,3101,12838104.0,{}
362,00003c59-972f-772f-8b94-d7fc91e3aa7a,9,3101,12986853.0,{}
363,00003c59-972f-772f-8b94-d7fc91e3aa7a,9,3101,12756336.0,{}
364,00003c59-972f-772f-8b94-d7fc91e3aa7a,9,3101,13117926.0,{}
365,00003c59-972f-772f-8b94-d7fc91e3aa7a,9,3101,12758674.0,{}
366,00003c59-972f-772f-8b94-d7fc91e3aa7a,9,3101,12766647.0,{}
367,00003c59-972f-772f-8b94-d7fc91e3aa7a,9,3101,12469946.0,{}
368,00003c59-972f-772f-8b94-d7fc91e3aa7a,9,3101,12472966.0,{}
369,00003c59-972f-772f-8b94-d7fc91e3aa7a,9,3101,12182928.0,{}
370,00003c59-972f-772f-8b94-d7fc91e3aa7a,9,3101,12452647.0,{}
371,00003c59-972f-772f-8b94-d7fc91e3aa7a,9,3101,12219153.0,{}
372,00003c59-972f-772f-8b94-d7fc91e3aa7a,9,3101,12411487.0,{}
373,00003c59-972f-772f-8b94-d7fc91e3aa7a,9,3101,12453724.0,{}
374,00003c59-972f-772f-8b94-d7fc91e3aa7a,9,3101,12445662.0,{}
375,00003c59-972f-772f-8b94-d7fc91e3aa7a,9,3101,12444776.0,{}
376,00003c59-972f-772f-8b94-d7fc91e3aa7a,9,3101,12436980.0,{}
377,00003c59-972f-772f-8b94-d7fc91e3aa7a,9,3799,421.0,{}
378,00003c59-972f-772f-8b94-d7fc91e3aa7a,9,3799,417.0,{}
379,00003c59-972f-772f-8b94-d7fc91e3aa7a,9,3799,389.0,{}
380,00003c59-972f-772f-8b94-d7fc91e3aa7a,9,3799,402.0,{}
381,00003c59-972f-772f-8b94-d7fc91e3aa7a,9,3799,402.0,{}
382,00003c59-972f-772f-8b94-d7fc91e3aa7a,9,3799,290.0,{}
383,00003c59-972f-772f-8b94-d7fc91e3aa7a,9,3799,263.0,{}
384,00003c59-972f-772f-8b94-d7fc91e3aa7a,9,3799,320.0,{}
385,00003c59-972f-772f-8b94-d7fc91e3aa7a,9,3799,263.0,{}
386,00003c59-972f-772f-8b94-d7fc91e3aa7a,9,3799,289.0,{}
387,00003c59-972f-772f-8b94-d7fc91e3aa7a,9,3799,391.0,{}
388,00003c59-972f-772f-8b94-d7fc91e3aa7a,9,3799,398.0,{}
389,00003c59-972f-772f-8b94-d7fc91e3aa7a,9,3799,383.0,{}
390,00003c59-972f-772f-8b94-d7fc91e3aa7a,9,3799,393.0,{}
391,00003c59-972f-772f-8b94-d7fc91e3aa7a,9,3799,385.0,{}
392,00003c59-972f-772f-8b94-d7fc91e3aa7a,9,3799,302.0,{}
393,00003c59-972f-772f-8b94-d7fc91e3aa7a,9,3799,303.0,{}
394,00003c59-972f-772f-8b94-d7fc91e3aa7a,9,3799,301.0,{}
395,00003c59-972f-772f-8b94-d7fc91e3aa7a,9,3799,300.0,{}
396,00003c59-972f-772f-8b94-d7fc91e3aa7a,9,3799,300.0,{}
397,00003c59-972f-772f-8b94-d7fc91e3aa7a,10,2169,100.0,{}
398,00003c59-972f-772f-8b94-d7fc91e3aa7a,10,2215,12968069.0,{}
399,00003c59-972f-772f-8b94-d7fc91e3aa7a,10,2286,12968069.0,{}
400,00003c59-972f-772f-8b94-d7fc91e3aa7a,10,2513,99.8427059572246,{}
401,00003c59-972f-772f-8b94-d7fc91e3aa7a,10,3101,11449579.0,{}
402,00003c59-972f-772f-8b94-d7fc91e3aa7a,10,3101,11391730.0,{}
403,00003c59-972f-772f-8b94-d7fc91e3aa7a,10,3101,11385755.0,{}
404,00003c59-972f-772f-8b94-d7fc91e3aa7a,10,3101,11583583.0,{}
405,00003c59-972f-772f-8b94-d7fc91e3aa7a,10,3101,11231027.0,{}
406,00003c59-972f-772f-8b94-d7fc91e3aa7a,10,3101,11860386.0,{}
407,00003c59-972f-772f-8b94-d7fc91e3aa7a,10,3101,11906286.0,{}
408,00003c59-972f-772f-8b94-d7fc91e3aa7a,10,3101,11866102.0,{}
409,00003c59-972f-772f-8b94-d7fc91e3aa7a,10,3101,11923244.0,{}
410,00003c59-972f-772f-8b94-d7fc91e3aa7a,10,3101,11897298.0,{}
411,00003c59-972f-772f-8b94-d7fc91e3aa7a,10,3101,12956617.0,{}
412,00003c59-972f-772f-8b94-d7fc91e3aa7a,10,3101,12903642.0,{}
413,00003c59-972f-772f-8b94-d7fc91e3aa7a,10,3101,12938880.0,{}
414,00003c59-972f-772f-8b94-d7fc91e3aa7a,10,3101,12936340.0,{}
415,00003c59-972f-772f-8b94-d7fc91e3aa7a,10,3101,12936197.0,{}
416,00003c59-972f-772f-8b94-d7fc91e3aa7a,10,3101,12838290.0,{}
417,00003c59-972f-772f-8b94-d7fc91e3aa7a,10,3101,12664492.0,{}
418,00003c59-972f-772f-8b94-d7fc91e3aa7a,10,3101,12790684.0,{}
419,00003c59-972f-772f-8b94-d7fc91e3aa7a,10,3101,12811703.0,{}
420,00003c59-972f-772f-8b94-d7fc91e3aa7a,10,3101,12839933.0,{}
421,00003c59-972f-772f-8b94-d7fc91e3aa7a,10,3799,350.0,{}
422,00003c59-972f-772f-8b94-d7fc91e3aa7a,10,3799,349.0,{}
423,00003c59-972f-772f-8b94-d7fc91e3aa7a,10,3799,344.0,{}
424,00003c59-972f-772f-8b94-d7fc91e3aa7a,10,3799,361.0,{}
425,00003c59-972f-772f-8b94-d7fc91e3aa7a,10,3799,343.0,{}
426,00003c59-972f-772f-8b94-d7fc91e3aa7a,10,3799,346.0,{}
427,00003c59-972f-772f-8b94-d7fc91e3aa7a,10,3799,339.0,{}
428,00003c59-972f-772f-8b94-d7fc91e3aa7a,10,3799,340.0,{}
429,00003c59-972f-772f-8b94-d7fc91e3aa7a,10,3799,341.0,{}
430,00003c59-972f-772f-8b94-d7fc91e3aa7a,10,3799,343.0,{}
431,00003c59-972f-772f-8b94-d7fc91e3aa7a,10,3799,318.0,{}
432,00003c59-972f-772f-8b94-d7fc91e3aa7a,10,3799,311.0,{}
433,00003c59-972f-772f-8b94-d7fc91e3aa7a,10,3799,312.0,{}
434,00003c59-972f-772f-8b94-d7fc91e3aa7a,10,3799,288.0,{}
435,00003c59-972f-772f-8b94-d7fc91e3aa7a,10,3799,307.0,{}
436,00003c59-972f-772f-8b94-d7fc91e3aa7a,10,3799,384.0,{}
437,00003c59-972f-772f-8b94-d7fc91e3aa7a,10,3799,384.0,{}
438,00003c59-972f-772f-8b94-d7fc91e3aa7a,10,3799,384.0,{}
439,00003c59-972f-772f-8b94-d7fc91e3aa7a,10,3799,384.0,{}
440,00003c59-972f-772f-8b94-d7fc91e3aa7a,10,3799,384.0,{}
441,00003c59-972f-772f-8b94-d7fc91e3aa7a,11,2169,100.0,{}
442,00003c59-972f-772f-8b94-d7fc91e3aa7a,11,2215,13384479.0,{}
443,00003c59-972f-772f-8b94-d7fc91e3aa7a,11,2286,13384479.0,{}
444,00003c59-972f-772f-8b94-d7fc91e3aa7a,11,2513,99.2213294219372,{}
445,00003c59-972f-772f-8b94-d7fc91e3aa7a,11,3101,11920284.0,{}
446,00003c59-972f-772f-8b94-d7fc91e3aa7a,11,3101,12664001.0,{}
447,00003c59-972f-772f-8b94-d7fc91e3aa7a,11,3101,12739379.0,{}
448,00003c59-972f-772f-8b94-d7fc91e3aa7a,11,3101,12157962.0,{}
449,00003c59-972f-772f-8b94-d7fc91e3aa7a,11,3101,12428982.0,{}
450,00003c59-972f-772f-8b94-d7fc91e3aa7a,11,3101,12722065.0,{}
451,00003c59-972f-772f-8b94-d7fc91e3aa7a,11,3101,12727747.0,{}
452,00003c59-972f-772f-8b94-d7fc91e3aa7a,11,3101,12735484.0,{}
453,00003c59-972f-772f-8b94-d7fc91e3aa7a,11,3101,12735789.0,{}
454,00003c59-972f-772f-8b94-d7fc91e3aa7a,11,3101,12739229.0,{}
455,00003c59-972f-772f-8b94-d7fc91e3aa7a,11,3101,13293991.0,{}
456,00003c59-972f-772f-8b94-d7fc91e3aa7a,11,3101,13299054.0,{}
457,00003c59-972f-772f-8b94-d7fc91e3aa7a,11,3101,13373404.0,{}
458,00003c59-972f-772f-8b94-d7fc91e3aa7a,11,3101,12924059.0,{}
459,00003c59-972f-772f-8b94-d7fc91e3aa7a,11,3101,13275146.0,{}
460,00003c59-972f-772f-8b94-d7fc91e3aa7a,11,3101,12485338.0,{}
461,00003c59-972f-772f-8b94-d7fc91e3aa7a,11,3101,12286716.0,{}
462,00003c59-972f-772f-8b94-d7fc91e3aa7a,11,3101,12593489.0,{}
463,00003c59-972f-772f-8b94-d7fc91e3aa7a,11,3101,12596733.0,{}
464,00003c59-972f-772f-8b94-d7fc91e3aa7a,11,3101,12399265.0,{}
465,00003c59-972f-772f-8b94-d7fc91e3aa7a,11,3799,308.0,{}
466,00003c59-972f-772f-8b94-d7fc91e3aa7a,11,3799,349.0,{}
467,00003c59-972f-772f-8b94-d7fc91e3aa7a,11,3799,340.0,{}
468,00003c59-972f-772f-8b94-d7fc91e3aa7a,11,3799,314.0,{}
469,00003c59-972f-772f-8b94-d7fc91e3aa7a,11,3799,325.0,{}
470,00003c59-972f-772f-8b94-d7fc91e3aa7a,11,3799,355.0,{}
471,00003c59-972f-772f-8b94-d7fc91e3aa7a,11,3799,371.0,{}
472,00003c59-972f-772f-8b94-d7fc91e3aa7a,11,3799,359.0,{}
473,00003c59-972f-772f-8b94-d7fc91e3aa7a,11,3799,366.0,{}
474,00003c59-972f-772f-8b94-d7fc91e3aa7a,11,3799,369.0,{}
475,00003c59-972f-772f-8b94-d7fc91e3aa7a,11,3799,288.0,{}
476,00003c59-972f-772f-8b94-d7fc91e3aa7a,11,3799,288.0,{}
477,00003c59-972f-772f-8b94-d7fc91e3aa7a,11,3799,288.0,{}
478,00003c59-972f-772f-8b94-d7fc91e3aa7a,11,3799,259.0,{}
479,00003c59-972f-772f-8b94-d7fc91e3aa7a,11,3799,288.0,{}
480,00003c59-972f-772f-8b94-d7fc91e3aa7a,11,3799,404.0,{}
481,00003c59-972f-772f-8b94-d7fc91e3aa7a,11,3799,402.0,{}
482,00003c59-972f-772f-8b94-d7fc91e3aa7a,11,3799,416.0,{}
483,00003c59-972f-772f-8b94-d7fc91e3aa7a,11,3799,417.0,{}
484,00003c59-972f-772f-8b94-d7fc91e3aa7a,11,3799,406.0,{}
485,00003c59-972f-772f-8b94-d7fc91e3aa7a,12,2169,100.0,{}
486,00003c59-972f-772f-8b94-d7fc91e3aa7a,12,2215,14168470.0,{}
487,00003c59-972f-772f-8b94-d7fc91e3aa7a,12,2286,14168470.0,{}
488,00003c59-972f-772f-8b94-d7fc91e3aa7a,12,2513,99.8602954306287,{}
489,00003c59-972f-772f-8b94-d7fc91e3aa7a,12,3101,14157692.0,{}
490,00003c59-972f-772f-8b94-d7fc91e3aa7a,12,3101,13992006.0,{}
491,00003c59-972f-772f-8b94-d7fc91e3aa7a,12,3101,14115986.0,{}
492,00003c59-972f-772f-8b94-d7fc91e3aa7a,12,3101,14063625.0,{}
493,00003c59-972f-772f-8b94-d7fc91e3aa7a,12,3101,14063741.0,{}
494,00003c59-972f-772f-8b94-d7fc91e3aa7a,12,3101,14080452.0,{}
495,00003c59-972f-772f-8b94-d7fc91e3aa7a,12,3101,13972204.0,{}
496,00003c59-972f-772f-8b94-d7fc91e3aa7a,12,3101,14109466.0,{}
497,00003c59-972f-772f-8b94-d7fc91e3aa7a,12,3101,13864183.0,{}
498,00003c59-972f-772f-8b94-d7fc91e3aa7a,12,3101,13876901.0,{}
499,00003c59-972f-772f-8b94-d7fc91e3aa7a,12,3101,12552464.0,{}
500,00003c59-972f-772f-8b94-d7fc91e3aa7a,12,3101,12527357.0,{}
501,00003c59-972f-772f-8b94-d7fc91e3aa7a,12,3101,12651026.0,{}
502,00003c59-972f-772f-8b94-d7fc91e3aa7a,12,3101,12764515.0,{}
503,00003c59-972f-772f-8b94-d7fc91e3aa7a,12,3101,12664407.0,{}
504,00003c59-972f-772f-8b94-d7fc91e3aa7a,12,3101,12708623.0,{}
505,00003c59-972f-772f-8b94-d7fc91e3aa7a,12,3101,12943738.0,{}
506,00003c59-972f-772f-8b94-d7fc91e3aa7a,12,3101,12933585.0,{}
507,00003c59-972f-772f-8b94-d7fc91e3aa7a,12,3101,13004756.0,{}
508,00003c59-972f-772f-8b94-d7fc91e3aa7a,12,3101,12939145.0,{}
509,00003c59-972f-772f-8b94-d7fc91e3aa7a,12,3799,350.0,{}
510,00003c59-972f-772f-8b94-d7fc91e3aa7a,12,3799,352.0,{}
511,00003c59-972f-772f-8b94-d7fc91e3aa7a,12,3799,352.0,{}
512,00003c59-972f-772f-8b94-d7fc91e3aa7a,12,3799,340.0,{}
513,00003c59-972f-772f-8b94-d7fc91e3aa7a,12,3799,352.0,{}
514,00003c59-972f-772f-8b94-d7fc91e3aa7a,12,3799,364.0,{}
515,00003c59-972f-772f-8b94-d7fc91e3aa7a,12,3799,352.0,{}
516,00003c59-972f-772f-8b94-d7fc91e3aa7a,12,3799,352.0,{}
517,00003c59-972f-772f-8b94-d7fc91e3aa7a,12,3799,320.0,{}
518,00003c59-972f-772f-8b94-d7fc91e3aa7a,12,3799,322.0,{}
519,00003c59-972f-772f-8b94-d7fc91e3aa7a,12,3799,342.0,{}
520,00003c59-972f-772f-8b94-d7fc91e3aa7a,12,3799,342.0,{}
521,00003c59-972f-772f-8b94-d7fc91e3aa7a,12,3799,343.0,{}
522,00003c59-972f-772f-8b94-d7fc91e3aa7a,12,3799,350.0,{}
523,00003c59-972f-772f-8b94-d7fc91e3aa7a,12,3799,345.0,{}
524,00003c59-972f-772f-8b94-d7fc91e3aa7a,12,3799,342.0,{}
525,00003c59-972f-772f-8b94-d7fc91e3aa7a,12,3799,354.0,{}
526,00003c59-972f-772f-8b94-d7fc91e3aa7a,12,3799,350.0,{}
527,00003c59-972f-772f-8b94-d7fc91e3aa7a,12,3799,345.0,{}
528,00003c59-972f-772f-8b94-d7fc91e3aa7a,12,3799,343.0,{}
529,00003c59-972f-772f-8b94-d7fc91e3aa7a,13,2169,100.0,{}
530,00003c59-972f-772f-8b94-d7fc91e3aa7a,13,2215,14714699.0,{}
531,00003c59-972f-772f-8b94-d7fc91e3aa7a,13,2286,14714699.0,{}
532,00003c59-972f-772f-8b94-d7fc91e3aa7a,13,2513,98.6399857720501,{}
533,00003c59-972f-772f-8b94-d7fc91e3aa7a,13,3101,14521895.0,{}
534,00003c59-972f-772f-8b94-d7fc91e3aa7a,13,3101,14588778.0,{}
535,00003c59-972f-772f-8b94-d7fc91e3aa7a,13,3101,14570018.0,{}
536,00003c59-972f-772f-8b94-d7fc91e3aa7a,13,3101,14216199.0,{}
537,00003c59-972f-772f-8b94-d7fc91e3aa7a,13,3101,14555767.0,{}
538,00003c59-972f-772f-8b94-d7fc91e3aa7a,13,3101,14582809.0,{}
539,00003c59-972f-772f-8b94-d7fc91e3aa7a,13,3101,14482687.0,{}
540,00003c59-972f-772f-8b94-d7fc91e3aa7a,13,3101,14531470.0,{}
541,00003c59-972f-772f-8b94-d7fc91e3aa7a,13,3101,14703519.0,{}
542,00003c59-972f-772f-8b94-d7fc91e3aa7a,13,3101,14527581.0,{}
543,00003c59-972f-772f-8b94-d7fc91e3aa7a,13,3101,13389892.0,{}
544,00003c59-972f-772f-8b94-d7fc91e3aa7a,13,3101,13397028.0,{}
545,00003c59-972f-772f-8b94-d7fc91e3aa7a,13,3101,13407343.0,{}
546,00003c59-972f-772f-8b94-d7fc91e3aa7a,13,3101,13470125.0,{}
547,00003c59-972f-772f-8b94-d7fc91e3aa7a,13,3101,13434788.0,{}
548,00003c59-972f-772f-8b94-d7fc91e3aa7a,13,3101,13297641.0,{}
549,00003c59-972f-772f-8b94-d7fc91e3aa7a,13,3101,13074738.0,{}
550,00003c59-972f-772f-8b94-d7fc91e3aa7a,13,3101,13372871.0,{}
551,00003c59-972f-772f-8b94-d7fc91e3aa7a,13,3101,13144038.0,{}
552,00003c59-972f-772f-8b94-d7fc91e3aa7a,13,3101,13013783.0,{}
553,00003c59-972f-772f-8b94-d7fc91e3aa7a,13,3799,352.0,{}
554,00003c59-972f-772f-8b94-d7fc91e3aa7a,13,3799,348.0,{}
555,00003c59-972f-772f-8b94-d7fc91e3aa7a,13,3799,347.0,{}
556,00003c59-972f-772f-8b94-d7fc91e3aa7a,13,3799,323.0,{}
557,00003c59-972f-772f-8b94-d7fc91e3aa7a,13,3799,352.0,{}
558,00003c59-972f-772f-8b94-d7fc91e3aa7a,13,3799,345.0,{}
559,00003c59-972f-772f-8b94-d7fc91e3aa7a,13,3799,333.0,{}
560,00003c59-972f-772f-8b94-d7fc91e3aa7a,13,3799,352.0,{}
561,00003c59-972f-772f-8b94-d7fc91e3aa7a,13,3799,352.0,{}
562,00003c59-972f-772f-8b94-d7fc91e3aa7a,13,3799,352.0,{}
563,00003c59-972f-772f-8b94-d7fc91e3aa7a,13,3799,343.0,{}
564,00003c59-972f-772f-8b94-d7fc91e3aa7a,13,3799,337.0,{}
565,00003c59-972f-772f-8b94-d7fc91e3aa7a,13,3799,337.0,{}
566,00003c59-972f-772f-8b94-d7fc91e3aa7a,13,3799,344.0,{}
567,00003c59-972f-772f-8b94-d7fc91e3aa7a,13,3799,343.0,{}
568,00003c59-972f-772f-8b94-d7fc91e3aa7a,13,3799,355.0,{}
569,00003c59-972f-772f-8b94-d7fc91e3aa7a,13,3799,346.0,{}
570,00003c59-972f-772f-8b94-d7fc91e3aa7a,13,3799,361.0,{}
571,00003c59-972f-772f-8b94-d7fc91e3aa7a,13,3799,346.0,{}
572,00003c59-972f-772f-8b94-d7fc91e3aa7a,13,3799,344.0,{}
573,00003c59-972f-772f-8b94-d7fc91e3aa7a,14,2169,100.0,{}
574,00003c59-972f-772f-8b94-d7fc91e3aa7a,14,2215,13515977.0,{}
575,00003c59-972f-772f-8b94-d7fc91e3aa7a,14,2286,13515977.0,{}
576,00003c59-972f-772f-8b94-d7fc91e3aa7a,14,2513,97.2826455682782,{}
577,00003c59-972f-772f-8b94-d7fc91e3aa7a,14,3101,13153808.0,{}
578,00003c59-972f-772f-8b94-d7fc91e3aa7a,14,3101,13079058.0,{}
579,00003c59-972f-772f-8b94-d7fc91e3aa7a,14,3101,13193210.0,{}
580,00003c59-972f-772f-8b94-d7fc91e3aa7a,14,3101,13303345.0,{}
581,00003c59-972f-772f-8b94-d7fc91e3aa7a,14,3101,13504751.0,{}
582,00003c59-972f-772f-8b94-d7fc91e3aa7a,14,3101,13078752.0,{}
583,00003c59-972f-772f-8b94-d7fc91e3aa7a,14,3101,12890165.0,{}
584,00003c59-972f-772f-8b94-d7fc91e3aa7a,14,3101,12925974.0,{}
585,00003c59-972f-772f-8b94-d7fc91e3aa7a,14,3101,13177039.0,{}
586,00003c59-972f-772f-8b94-d7fc91e3aa7a,14,3101,13098303.0,{}
587,00003c59-972f-772f-8b94-d7fc91e3aa7a,14,3101,11906726.0,{}
588,00003c59-972f-772f-8b94-d7fc91e3aa7a,14,3101,12155018.0,{}
589,00003c59-972f-772f-8b94-d7fc91e3aa7a,14,3101,12178949.0,{}
590,00003c59-972f-772f-8b94-d7fc91e3aa7a,14,3101,12509510.0,{}
591,00003c59-972f-772f-8b94-d7fc91e3aa7a,14,3101,12182627.0,{}
592,00003c59-972f-772f-8b94-d7fc91e3aa7a,14,3101,12436174.0,{}
593,00003c59-972f-772f-8b94-d7fc91e3aa7a,14,3101,12418347.0,{}
594,00003c59-972f-772f-8b94-d7fc91e3aa7a,14,3101,12423121.0,{}
595,00003c59-972f-772f-8b94-d7fc91e3aa7a,14,3101,12378601.0,{}
596,00003c59-972f-772f-8b94-d7fc91e3aa7a,14,3101,12361764.0,{}
597,00003c59-972f-772f-8b94-d7fc91e3aa7a,14,3799,302.0,{}
598,00003c59-972f-772f-8b94-d7fc91e3aa7a,14,3799,296.0,{}
599,00003c59-972f-772f-8b94-d7fc91e3aa7a,14,3799,293.0,{}
600,00003c59-972f-772f-8b94-d7fc91e3aa7a,14,3799,320.0,{}
601,00003c59-972f-772f-8b94-d7fc91e3aa7a,14,3799,320.0,{}
602,00003c59-972f-772f-8b94-d7fc91e3aa7a,14,3799,389.0,{}
603,00003c59-972f-772f-8b94-d7fc91e3aa7a,14,3799,384.0,{}
604,00003c59-972f-772f-8b94-d7fc91e3aa7a,14,3799,384.0,{}
605,00003c59-972f-772f-8b94-d7fc91e3aa7a,14,3799,384.0,{}
606,00003c59-972f-772f-8b94-d7fc91e3aa7a,14,3799,384.0,{}
607,00003c59-972f-772f-8b94-d7fc91e3aa7a,14,3799,310.0,{}
608,00003c59-972f-772f-8b94-d7fc91e3aa7a,14,3799,312.0,{}
609,00003c59-972f-772f-8b94-d7fc91e3aa7a,14,3799,310.0,{}
610,00003c59-972f-772f-8b94-d7fc91e3aa7a,14,3799,324.0,{}
611,00003c59-972f-772f-8b94-d7fc91e3aa7a,14,3799,311.0,{}
612,00003c59-972f-772f-8b94-d7fc91e3aa7a,14,3799,378.0,{}
613,00003c59-972f-772f-8b94-d7fc91e3aa7a,14,3799,377.0,{}
614,00003c59-972f-772f-8b94-d7fc91e3aa7a,14,3799,384.0,{}
615,00003c59-972f-772f-8b94-d7fc91e3aa7a,14,3799,376.0,{}
616,00003c59-972f-772f-8b94-d7fc91e3aa7a,14,3799,374.0,{}
617,00003c59-972f-772f-8b94-d7fc91e3aa7a,15,2169,100.0,{}
618,00003c59-972f-772f-8b94-d7fc91e3aa7a,15,2215,13014230.0,{}
619,00003c59-972f-772f-8b94-d7fc91e3aa7a,15,2286,13014230.0,{}
620,00003c59-972f-772f-8b94-d7fc91e3aa7a,15,2513,99.72704493466,{}
621,00003c59-972f-772f-8b94-d7fc91e3aa7a,15,3101,12064897.0,{}
622,00003c59-972f-772f-8b94-d7fc91e3aa7a,15,3101,12065830.0,{}
623,00003c59-972f-772f-8b94-d7fc91e3aa7a,15,3101,12102048.0,{}
624,00003c59-972f-772f-8b94-d7fc91e3aa7a,15,3101,12149668.0,{}
625,00003c59-972f-772f-8b94-d7fc91e3aa7a,15,3101,12215192.0,{}
626,00003c59-972f-772f-8b94-d7fc91e3aa7a,15,3101,11723785.0,{}
627,00003c59-972f-772f-8b94-d7fc91e3aa7a,15,3101,11366820.0,{}
628,00003c59-972f-772f-8b94-d7fc91e3aa7a,15,3101,11487689.0,{}
629,00003c59-972f-772f-8b94-d7fc91e3aa7a,15,3101,11348838.0,{}
630,00003c59-972f-772f-8b94-d7fc91e3aa7a,15,3101,11169317.0,{}
631,00003c59-972f-772f-8b94-d7fc91e3aa7a,15,3101,12983200.0,{}
632,00003c59-972f-772f-8b94-d7fc91e3aa7a,15,3101,13003375.0,{}
633,00003c59-972f-772f-8b94-d7fc91e3aa7a,15,3101,12916835.0,{}
634,00003c59-972f-772f-8b94-d7fc91e3aa7a,15,3101,12851845.0,{}
635,00003c59-972f-772f-8b94-d7fc91e3aa7a,15,3101,12982950.0,{}
636,00003c59-972f-772f-8b94-d7fc91e3aa7a,15,3101,12462522.0,{}
637,00003c59-972f-772f-8b94-d7fc91e3aa7a,15,3101,12511665.0,{}
638,00003c59-972f-772f-8b94-d7fc91e3aa7a,15,3101,12526832.0,{}
639,00003c59-972f-772f-8b94-d7fc91e3aa7a,15,3101,12508073.0,{}
640,00003c59-972f-772f-8b94-d7fc91e3aa7a,15,3101,12658829.0,{}
641,00003c59-972f-772f-8b94-d7fc91e3aa7a,15,3799,349.0,{}
642,00003c59-972f-772f-8b94-d7fc91e3aa7a,15,3799,331.0,{}
643,00003c59-972f-772f-8b94-d7fc91e3aa7a,15,3799,339.0,{}
644,00003c59-972f-772f-8b94-d7fc91e3aa7a,15,3799,325.0,{}
645,00003c59-972f-772f-8b94-d7fc91e3aa7a,15,3799,332.0,{}
646,00003c59-972f-772f-8b94-d7fc91e3aa7a,15,3799,376.0,{}
647,00003c59-972f-772f-8b94-d7fc91e3aa7a,15,3799,350.0,{}
648,00003c59-972f-772f-8b94-d7fc91e3aa7a,15,3799,356.0,{}
649,00003c59-972f-772f-8b94-d7fc91e3aa7a,15,3799,349.0,{}
650,00003c59-972f-772f-8b94-d7fc91e3aa7a,15,3799,349.0,{}
651,00003c59-972f-772f-8b94-d7fc91e3aa7a,15,3799,312.0,{}
652,00003c59-972f-772f-8b94-d7fc91e3aa7a,15,3799,315.0,{}
653,00003c59-972f-772f-8b94-d7fc91e3aa7a,15,3799,314.0,{}
654,00003c59-972f-772f-8b94-d7fc91e3aa7a,15,3799,279.0,{}
655,00003c59-972f-772f-8b94-d7fc91e3aa7a,15,3799,315.0,{}
656,00003c59-972f-772f-8b94-d7fc91e3aa7a,15,3799,385.0,{}
657,00003c59-972f-772f-8b94-d7fc91e3aa7a,15,3799,384.0,{}
658,00003c59-972f-772f-8b94-d7fc91e3aa7a,15,3799,384.0,{}
659,00003c59-972f-772f-8b94-d7fc91e3aa7a,15,3799,384.0,{}
660,00003c59-972f-772f-8b94-d7fc91e3aa7a,15,3799,384.0,{}
661,00003c59-972f-772f-8b94-d7fc91e3aa7a,16,2169,100.0,{}
662,00003c59-972f-772f-8b94-d7fc91e3aa7a,16,2215,13250233.0,{}
663,00003c59-972f-772f-8b94-d7fc91e3aa7a,16,2286,13250233.0,{}
664,00003c59-972f-772f-8b94-d7fc91e3aa7a,16,2513,99.5782942081094,{}
665,00003c59-972f-772f-8b94-d7fc91e3aa7a,16,3101,13212280.0,{}
666,00003c59-972f-772f-8b94-d7fc91e3aa7a,16,3101,13225127.0,{}
667,00003c59-972f-772f-8b94-d7fc91e3aa7a,16,3101,13225032.0,{}
668,00003c59-972f-772f-8b94-d7fc91e3aa7a,16,3101,13239327.0,{}
669,00003c59-972f-772f-8b94-d7fc91e3aa7a,16,3101,13218837.0,{}
670,00003c59-972f-772f-8b94-d7fc91e3aa7a,16,3101,12968017.0,{}
671,00003c59-972f-772f-8b94-d7fc91e3aa7a,16,3101,13085696.0,{}
672,00003c59-972f-772f-8b94-d7fc91e3aa7a,16,3101,13100777.0,{}
673,00003c59-972f-772f-8b94-d7fc91e3aa7a,16,3101,13160696.0,{}
674,00003c59-972f-772f-8b94-d7fc91e3aa7a,16,3101,13134685.0,{}
675,00003c59-972f-772f-8b94-d7fc91e3aa7a,16,3101,12143806.0,{}
676,00003c59-972f-772f-8b94-d7fc91e3aa7a,16,3101,12058703.0,{}
677,00003c59-972f-772f-8b94-d7fc91e3aa7a,16,3101,12088853.0,{}
678,00003c59-972f-772f-8b94-d7fc91e3aa7a,16,3101,12137542.0,{}
679,00003c59-972f-772f-8b94-d7fc91e3aa7a,16,3101,12362631.0,{}
680,00003c59-972f-772f-8b94-d7fc91e3aa7a,16,3101,11716779.0,{}
681,00003c59-972f-772f-8b94-d7fc91e3aa7a,16,3101,11777078.0,{}
682,00003c59-972f-772f-8b94-d7fc91e3aa7a,16,3101,11775065.0,{}
683,00003c59-972f-772f-8b94-d7fc91e3aa7a,16,3101,11822009.0,{}
684,00003c59-972f-772f-8b94-d7fc91e3aa7a,16,3101,11781543.0,{}
685,00003c59-972f-772f-8b94-d7fc91e3aa7a,16,3799,384.0,{}
686,00003c59-972f-772f-8b94-d7fc91e3aa7a,16,3799,384.0,{}
687,00003c59-972f-772f-8b94-d7fc91e3aa7a,16,3799,384.0,{}
688,00003c59-972f-772f-8b94-d7fc91e3aa7a,16,3799,384.0,{}
689,00003c59-972f-772f-8b94-d7fc91e3aa7a,16,3799,384.0,{}
690,00003c59-972f-772f-8b94-d7fc91e3aa7a,16,3799,302.0,{}
691,00003c59-972f-772f-8b94-d7fc91e3aa7a,16,3799,308.0,{}
692,00003c59-972f-772f-8b94-d7fc91e3aa7a,16,3799,305.0,{}
693,00003c59-972f-772f-8b94-d7fc91e3aa7a,16,3799,320.0,{}
694,00003c59-972f-772f-8b94-d7fc91e3aa7a,16,3799,301.0,{}
695,00003c59-972f-772f-8b94-d7fc91e3aa7a,16,3799,358.0,{}
696,00003c59-972f-772f-8b94-d7fc91e3aa7a,16,3799,350.0,{}
697,00003c59-972f-772f-8b94-d7fc91e3aa7a,16,3799,344.0,{}
698,00003c59-972f-772f-8b94-d7fc91e3aa7a,16,3799,343.0,{}
699,00003c59-972f-772f-8b94-d7fc91e3aa7a,16,3799,351.0,{}
700,00003c59-972f-772f-8b94-d7fc91e3aa7a,16,3799,342.0,{}
701,00003c59-972f-772f-8b94-d7fc91e3aa7a,16,3799,342.0,{}
702,00003c59-972f-772f-8b94-d7fc91e3aa7a,16,3799,342.0,{}
703,00003c59-972f-772f-8b94-d7fc91e3aa7a,16,3799,342.0,{}
704,00003c59-972f-772f-8b94-d7fc91e3aa7a,16,3799,342.0,{}
705,00003c59-972f-772f-8b94-d7fc91e3aa7a,17,2169,100.0,{}
706,00003c59-972f-772f-8b94-d7fc91e3aa7a,17,2215,45081.0,{}
707,00003c59-972f-772f-8b94-d7fc91e3aa7a,17,2286,45081.0,{}
708,00003c59-972f-772f-8b94-d7fc91e3aa7a,17,2513,4.64940884186243,{}
709,00003c59-972f-772f-8b94-d7fc91e3aa7a,17,3101,6061.0,{}
710,00003c59-972f-772f-8b94-d7fc91e3aa7a,17,3101,6017.0,{}
711,00003c59-972f-772f-8b94-d7fc91e3aa7a,17,3101,5997.0,{}
712,00003c59-972f-772f-8b94-d7fc91e3aa7a,17,3101,6094.0,{}
713,00003c59-972f-772f-8b94-d7fc91e3aa7a,17,3101,6078.0,{}
714,00003c59-972f-772f-8b94-d7fc91e3aa7a,17,3101,6217.0,{}
715,00003c59-972f-772f-8b94-d7fc91e3aa7a,17,3101,6242.0,{}
716,00003c59-972f-772f-8b94-d7fc91e3aa7a,17,3101,6281.0,{}
717,00003c59-972f-772f-8b94-d7fc91e3aa7a,17,3101,6299.0,{}
718,00003c59-972f-772f-8b94-d7fc91e3aa7a,17,3101,6323.0,{}
719,00003c59-972f-772f-8b94-d7fc91e3aa7a,17,3101,6091.0,{}
720,00003c59-972f-772f-8b94-d7fc91e3aa7a,17,3101,6072.0,{}
721,00003c59-972f-772f-8b94-d7fc91e3aa7a,17,3101,6049.0,{}
722,00003c59-972f-772f-8b94-d7fc91e3aa7a,17,3101,6030.0,{}
723,00003c59-972f-772f-8b94-d7fc91e3aa7a,17,3101,6006.0,{}
724,00003c59-972f-772f-8b94-d7fc91e3aa7a,17,3101,6080.0,{}
725,00003c59-972f-772f-8b94-d7fc91e3aa7a,17,3101,6299.0,{}
726,00003c59-972f-772f-8b94-d7fc91e3aa7a,17,3101,6338.0,{}
727,00003c59-972f-772f-8b94-d7fc91e3aa7a,17,3101,6364.0,{}
728,00003c59-972f-772f-8b94-d7fc91e3aa7a,17,3101,6387.0,{}
729,00003c59-972f-772f-8b94-d7fc91e3aa7a,17,3799,8.0,{}
730,00003c59-972f-772f-8b94-d7fc91e3aa7a,17,3799,8.0,{}
731,00003c59-972f-772f-8b94-d7fc91e3aa7a,17,3799,8.0,{}
732,00003c59-972f-772f-8b94-d7fc91e3aa7a,17,3799,8.0,{}
733,00003c59-972f-772f-8b94-d7fc91e3aa7a,17,3799,8.0,{}
734,00003c59-972f-772f-8b94-d7fc91e3aa7a,17,3799,8.0,{}
735,00003c59-972f-772f-8b94-d7fc91e3aa7a,17,3799,8.0,{}
736,00003c59-972f-772f-8b94-d7fc91e3aa7a,17,3799,8.0,{}
737,00003c59-972f-772f-8b94-d7fc91e3aa7a,17,3799,8.0,{}
738,00003c59-972f-772f-8b94-d7fc91e3aa7a,17,3799,8.0,{}
739,00003c59-972f-772f-8b94-d7fc91e3aa7a,17,3799,8.0,{}
740,00003c59-972f-772f-8b94-d7fc91e3aa7a,17,3799,8.0,{}
741,00003c59-972f-772f-8b94-d7fc91e3aa7a,17,3799,8.0,{}
742,00003c59-972f-772f-8b94-d7fc91e3aa7a,17,3799,8.0,{}
743,00003c59-972f-772f-8b94-d7fc91e3aa7a,17,3799,8.0,{}
744,00003c59-972f-772f-8b94-d7fc91e3aa7a,17,3799,8.0,{}
745,00003c59-972f-772f-8b94-d7fc91e3aa7a,17,3799,8.0,{}
746,00003c59-972f-772f-8b94-d7fc91e3aa7a,17,3799,8.0,{}
747,00003c59-972f-772f-8b94-d7fc91e3aa7a,17,3799,8.0,{}
748,00003c59-972f-772f-8b94-d7fc91e3aa7a,17,3799,8.0,{}
749,00003c59-972f-772f-8b94-d7fc91e3aa7a,18,2169,100.0,{}
750,00003c59-972f-772f-8b94-d7fc91e3aa7a,18,2215,15050.0,{}
751,00003c59-972f-772f-8b94-d7fc91e3aa7a,18,2286,15050.0,{}
752,00003c59-972f-772f-8b94-d7fc91e3aa7a,18,2513,18.2790697674419,{}
753,00003c59-972f-772f-8b94-d7fc91e3aa7a,18,3101,4897.0,{}
754,00003c59-972f-772f-8b94-d7fc91e3aa7a,18,3101,5002.0,{}
755,00003c59-972f-772f-8b94-d7fc91e3aa7a,18,3101,4793.0,{}
756,00003c59-972f-772f-8b94-d7fc91e3aa7a,18,3101,4980.0,{}
757,00003c59-972f-772f-8b94-d7fc91e3aa7a,18,3101,5064.0,{}
758,00003c59-972f-772f-8b94-d7fc91e3aa7a,18,3101,5091.0,{}
759,00003c59-972f-772f-8b94-d7fc91e3aa7a,18,3101,5109.0,{}
760,00003c59-972f-772f-8b94-d7fc91e3aa7a,18,3101,5102.0,{}
761,00003c59-972f-772f-8b94-d7fc91e3aa7a,18,3101,5134.0,{}
762,00003c59-972f-772f-8b94-d7fc91e3aa7a,18,3101,5118.0,{}
763,00003c59-972f-772f-8b94-d7fc91e3aa7a,18,3101,5061.0,{}
764,00003c59-972f-772f-8b94-d7fc91e3aa7a,18,3101,5014.0,{}
765,00003c59-972f-772f-8b94-d7fc91e3aa7a,18,3101,5018.0,{}
766,00003c59-972f-772f-8b94-d7fc91e3aa7a,18,3101,5025.0,{}
767,00003c59-972f-772f-8b94-d7fc91e3aa7a,18,3101,5009.0,{}
768,00003c59-972f-772f-8b94-d7fc91e3aa7a,18,3101,4954.0,{}
769,00003c59-972f-772f-8b94-d7fc91e3aa7a,18,3101,5029.0,{}
770,00003c59-972f-772f-8b94-d7fc91e3aa7a,18,3101,5066.0,{}
771,00003c59-972f-772f-8b94-d7fc91e3aa7a,18,3101,5049.0,{}
772,00003c59-972f-772f-8b94-d7fc91e3aa7a,18,3101,5053.0,{}
773,00003c59-972f-772f-8b94-d7fc91e3aa7a,18,3799,8.0,{}
774,00003c59-972f-772f-8b94-d7fc91e3aa7a,18,3799,8.0,{}
775,00003c59-972f-772f-8b94-d7fc91e3aa7a,18,3799,8.0,{}
776,00003c59-972f-772f-8b94-d7fc91e3aa7a,18,3799,8.0,{}
777,00003c59-972f-772f-8b94-d7fc91e3aa7a,18,3799,8.0,{}
778,00003c59-972f-772f-8b94-d7fc91e3aa7a,18,3799,8.0,{}
779,00003c59-972f-772f-8b94-d7fc91e3aa7a,18,3799,8.0,{}
780,00003c59-972f-772f-8b94-d7fc91e3aa7a,18,3799,8.0,{}
781,00003c59-972f-772f-8b94-d7fc91e3aa7a,18,3799,8.0,{}
782,00003c59-972f-772f-8b94-d7fc91e3aa7a,18,3799,8.0,{}
783,00003c59-972f-772f-8b94-d7fc91e3aa7a,18,3799,8.0,{}
784,00003c59-972f-772f-8b94-d7fc91e3aa7a,18,3799,8.0,{}
785,00003c59-972f-772f-8b94-d7fc91e3aa7a,18,3799,8.0,{}
786,00003c59-972f-772f-8b94-d7fc91e3aa7a,18,3799,8.0,{}
787,00003c59-972f-772f-8b94-d7fc91e3aa7a,18,3799,8.0,{}
788,00003c59-972f-772f-8b94-d7fc91e3aa7a,18,3799,8.0,{}
789,00003c59-972f-772f-8b94-d7fc91e3aa7a,18,3799,8.0,{}
790,00003c59-972f-772f-8b94-d7fc91e3aa7a,18,3799,8.0,{}
791,00003c59-972f-772f-8b94-d7fc91e3aa7a,18,3799,8.0,{}
792,00003c59-972f-772f-8b94-d7fc91e3aa7a,18,3799,8.0,{}
793,00003c59-972f-772f-8b94-d7fc91e3aa7a,19,2169,100.0,{}
794,00003c59-972f-772f-8b94-d7fc91e3aa7a,19,2215,43165.0,{}
795,00003c59-972f-772f-8b94-d7fc91e3aa7a,19,2286,43165.0,{}
796,00003c59-972f-772f-8b94-d7fc91e3aa7a,19,2513,67.4412139464844,{}
797,00003c59-972f-772f-8b94-d7fc91e3aa7a,19,3101,31413.0,{}
798,00003c59-972f-772f-8b94-d7fc91e3aa7a,19,3101,31341.0,{}
799,00003c59-972f-772f-8b94-d7fc91e3aa7a,19,3101,29951.0,{}
800,00003c59-972f-772f-8b94-d7fc91e3aa7a,19,3101,31431.0,{}
801,00003c59-972f-772f-8b94-d7fc91e3aa7a,19,3101,31426.0,{}
802,00003c59-972f-772f-8b94-d7fc91e3aa7a,19,3101,30095.0,{}
803,00003c59-972f-772f-8b94-d7fc91e3aa7a,19,3101,30133.0,{}
804,00003c59-972f-772f-8b94-d7fc91e3aa7a,19,3101,30908.0,{}
805,00003c59-972f-772f-8b94-d7fc91e3aa7a,19,3101,30570.0,{}
806,00003c59-972f-772f-8b94-d7fc91e3aa7a,19,3101,30576.0,{}
807,00003c59-972f-772f-8b94-d7fc91e3aa7a,19,3101,30721.0,{}
808,00003c59-972f-772f-8b94-d7fc91e3aa7a,19,3101,29601.0,{}
809,00003c59-972f-772f-8b94-d7fc91e3aa7a,19,3101,30698.0,{}
810,00003c59-972f-772f-8b94-d7fc91e3aa7a,19,3101,31124.0,{}
811,00003c59-972f-772f-8b94-d7fc91e3aa7a,19,3101,30500.0,{}
812,00003c59-972f-772f-8b94-d7fc91e3aa7a,19,3101,30676.0,{}
813,00003c59-972f-772f-8b94-d7fc91e3aa7a,19,3101,30899.0,{}
814,00003c59-972f-772f-8b94-d7fc91e3aa7a,19,3101,31028.0,{}
815,00003c59-972f-772f-8b94-d7fc91e3aa7a,19,3101,30906.0,{}
816,00003c59-972f-772f-8b94-d7fc91e3aa7a,19,3101,31227.0,{}
817,00003c59-972f-772f-8b94-d7fc91e3aa7a,19,3799,856.0,{}
818,00003c59-972f-772f-8b94-d7fc91e3aa7a,19,3799,840.0,{}
819,00003c59-972f-772f-8b94-d7fc91e3aa7a,19,3799,832.0,{}
820,00003c59-972f-772f-8b94-d7fc91e3aa7a,19,3799,832.0,{}
821,00003c59-972f-772f-8b94-d7fc91e3aa7a,19,3799,800.0,{}
822,00003c59-972f-772f-8b94-d7fc91e3aa7a,19,3799,800.0,{}
823,00003c59-972f-772f-8b94-d7fc91e3aa7a,19,3799,816.0,{}
824,00003c59-972f-772f-8b94-d7fc91e3aa7a,19,3799,816.0,{}
825,00003c59-972f-772f-8b94-d7fc91e3aa7a,19,3799,808.0,{}
826,00003c59-972f-772f-8b94-d7fc91e3aa7a,19,3799,792.0,{}
827,00003c59-972f-772f-8b94-d7fc91e3aa7a,19,3799,864.0,{}
828,00003c59-972f-772f-8b94-d7fc91e3aa7a,19,3799,832.0,{}
829,00003c59-972f-772f-8b94-d7fc91e3aa7a,19,3799,832.0,{}
830,00003c59-972f-772f-8b94-d7fc91e3aa7a,19,3799,808.0,{}
831,00003c59-972f-772f-8b94-d7fc91e3aa7a,19,3799,784.0,{}
832,00003c59-972f-772f-8b94-d7fc91e3aa7a,19,3799,800.0,{}
833,00003c59-972f-772f-8b94-d7fc91e3aa7a,19,3799,832.0,{}
834,00003c59-972f-772f-8b94-d7fc91e3aa7a,19,3799,832.0,{}
835,00003c59-972f-772f-8b94-d7fc91e3aa7a,19,3799,816.0,{}
836,00003c59-972f-772f-8b94-d7fc91e3aa7a,19,3799,792.0,{}
837,00003c59-972f-772f-8b94-d7fc91e3aa7a,20,2169,100.0,{}
838,00003c59-972f-772f-8b94-d7fc91e3aa7a,20,2215,3957361.0,{}
839,00003c59-972f-772f-8b94-d7fc91e3aa7a,20,2286,3957361.0,{}
840,00003c59-972f-772f-8b94-d7fc91e3aa7a,20,2513,83.2237190390263,{}
841,00003c59-972f-772f-8b94-d7fc91e3aa7a,20,3101,3315636.0,{}
842,00003c59-972f-772f-8b94-d7fc91e3aa7a,20,3101,3458592.0,{}
843,00003c59-972f-772f-8b94-d7fc91e3aa7a,20,3101,3757294.0,{}
844,00003c59-972f-772f-8b94-d7fc91e3aa7a,20,3101,3912386.0,{}
845,00003c59-972f-772f-8b94-d7fc91e3aa7a,20,3101,3512794.0,{}
846,00003c59-972f-772f-8b94-d7fc91e3aa7a,20,3101,3691856.0,{}
847,00003c59-972f-772f-8b94-d7fc91e3aa7a,20,3101,3270781.0,{}
848,00003c59-972f-772f-8b94-d7fc91e3aa7a,20,3101,3703343.0,{}
849,00003c59-972f-772f-8b94-d7fc91e3aa7a,20,3101,3685842.0,{}
850,00003c59-972f-772f-8b94-d7fc91e3aa7a,20,3101,3273171.0,{}
851,00003c59-972f-772f-8b94-d7fc91e3aa7a,20,3101,3282853.0,{}
852,00003c59-972f-772f-8b94-d7fc91e3aa7a,20,3101,3096443.0,{}
853,00003c59-972f-772f-8b94-d7fc91e3aa7a,20,3101,3697656.0,{}
854,00003c59-972f-772f-8b94-d7fc91e3aa7a,20,3101,3312115.0,{}
855,00003c59-972f-772f-8b94-d7fc91e3aa7a,20,3101,3944948.0,{}
856,00003c59-972f-772f-8b94-d7fc91e3aa7a,20,3101,3372388.0,{}
857,00003c59-972f-772f-8b94-d7fc91e3aa7a,20,3101,3356552.0,{}
858,00003c59-972f-772f-8b94-d7fc91e3aa7a,20,3101,3560812.0,{}
859,00003c59-972f-772f-8b94-d7fc91e3aa7a,20,3101,3746132.0,{}
860,00003c59-972f-772f-8b94-d7fc91e3aa7a,20,3101,3341658.0,{}
861,00003c59-972f-772f-8b94-d7fc91e3aa7a,20,3799,71.0,{}
862,00003c59-972f-772f-8b94-d7fc91e3aa7a,20,3799,81.0,{}
863,00003c59-972f-772f-8b94-d7fc91e3aa7a,20,3799,95.0,{}
864,00003c59-972f-772f-8b94-d7fc91e3aa7a,20,3799,109.0,{}
865,00003c59-972f-772f-8b94-d7fc91e3aa7a,20,3799,85.0,{}
866,00003c59-972f-772f-8b94-d7fc91e3aa7a,20,3799,96.0,{}
867,00003c59-972f-772f-8b94-d7fc91e3aa7a,20,3799,66.0,{}
868,00003c59-972f-772f-8b94-d7fc91e3aa7a,20,3799,98.0,{}
869,00003c59-972f-772f-8b94-d7fc91e3aa7a,20,3799,97.0,{}
870,00003c59-972f-772f-8b94-d7fc91e3aa7a,20,3799,66.0,{}
871,00003c59-972f-772f-8b94-d7fc91e3aa7a,20,3799,67.0,{}
872,00003c59-972f-772f-8b94-d7fc91e3aa7a,20,3799,64.0,{}
873,00003c59-972f-772f-8b94-d7fc91e3aa7a,20,3799,96.0,{}
874,00003c59-972f-772f-8b94-d7fc91e3aa7a,20,3799,67.0,{}
875,00003c59-972f-772f-8b94-d7fc91e3aa7a,20,3799,126.0,{}
876,00003c59-972f-772f-8b94-d7fc91e3aa7a,20,3799,82.0,{}
877,00003c59-972f-772f-8b94-d7fc91e3aa7a,20,3799,79.0,{}
878,00003c59-972f-772f-8b94-d7fc91e3aa7a,20,3799,96.0,{}
879,00003c59-972f-772f-8b94-d7fc91e3aa7a,20,3799,109.0,{}
880,00003c59-972f-772f-8b94-d7fc91e3aa7a,20,3799,78.0,{}
881,00003c59-972f-772f-8b94-d7fc91e3aa7a,21,2169,100.0,{}
882,00003c59-972f-772f-8b94-d7fc91e3aa7a,21,2215,3001515.0,{}
883,00003c59-972f-772f-8b94-d7fc91e3aa7a,21,2286,3001515.0,{}
884,00003c59-972f-772f-8b94-d7fc91e3aa7a,21,2513,78.6809661121134,{}
885,00003c59-972f-772f-8b94-d7fc91e3aa7a,21,3101,2364220.0,{}
886,00003c59-972f-772f-8b94-d7fc91e3aa7a,21,3101,2969214.0,{}
887,00003c59-972f-772f-8b94-d7fc91e3aa7a,21,3101,2939478.0,{}
888,00003c59-972f-772f-8b94-d7fc91e3aa7a,21,3101,2986200.0,{}
889,00003c59-972f-772f-8b94-d7fc91e3aa7a,21,3101,2941545.0,{}
890,00003c59-972f-772f-8b94-d7fc91e3aa7a,21,3101,2355122.0,{}
891,00003c59-972f-772f-8b94-d7fc91e3aa7a,21,3101,2989870.0,{}
892,00003c59-972f-772f-8b94-d7fc91e3aa7a,21,3101,2357097.0,{}
893,00003c59-972f-772f-8b94-d7fc91e3aa7a,21,3101,2934039.0,{}
894,00003c59-972f-772f-8b94-d7fc91e3aa7a,21,3101,2354555.0,{}
895,00003c59-972f-772f-8b94-d7fc91e3aa7a,21,3101,2388160.0,{}
896,00003c59-972f-772f-8b94-d7fc91e3aa7a,21,3101,2388595.0,{}
897,00003c59-972f-772f-8b94-d7fc91e3aa7a,21,3101,2298787.0,{}
898,00003c59-972f-772f-8b94-d7fc91e3aa7a,21,3101,2357755.0,{}
899,00003c59-972f-772f-8b94-d7fc91e3aa7a,21,3101,2369601.0,{}
900,00003c59-972f-772f-8b94-d7fc91e3aa7a,21,3101,2247749.0,{}
901,00003c59-972f-772f-8b94-d7fc91e3aa7a,21,3101,2480811.0,{}
902,00003c59-972f-772f-8b94-d7fc91e3aa7a,21,3101,2477604.0,{}
903,00003c59-972f-772f-8b94-d7fc91e3aa7a,21,3101,2372802.0,{}
904,00003c59-972f-772f-8b94-d7fc91e3aa7a,21,3101,2409104.0,{}
905,00003c59-972f-772f-8b94-d7fc91e3aa7a,21,3799,64.0,{}
906,00003c59-972f-772f-8b94-d7fc91e3aa7a,21,3799,92.0,{}
907,00003c59-972f-772f-8b94-d7fc91e3aa7a,21,3799,96.0,{}
908,00003c59-972f-772f-8b94-d7fc91e3aa7a,21,3799,96.0,{}
909,00003c59-972f-772f-8b94-d7fc91e3aa7a,21,3799,128.0,{}
910,00003c59-972f-772f-8b94-d7fc91e3aa7a,21,3799,64.0,{}
911,00003c59-972f-772f-8b94-d7fc91e3aa7a,21,3799,96.0,{}
912,00003c59-972f-772f-8b94-d7fc91e3aa7a,21,3799,64.0,{}
913,00003c59-972f-772f-8b94-d7fc91e3aa7a,21,3799,100.0,{}
914,00003c59-972f-772f-8b94-d7fc91e3aa7a,21,3799,64.0,{}
915,00003c59-972f-772f-8b94-d7fc91e3aa7a,21,3799,83.0,{}
916,00003c59-972f-772f-8b94-d7fc91e3aa7a,21,3799,83.0,{}
917,00003c59-972f-772f-8b94-d7fc91e3aa7a,21,3799,83.0,{}
918,00003c59-972f-772f-8b94-d7fc91e3aa7a,21,3799,83.0,{}
919,00003c59-972f-772f-8b94-d7fc91e3aa7a,21,3799,83.0,{}
920,00003c59-972f-772f-8b94-d7fc91e3aa7a,21,3799,83.0,{}
921,00003c59-972f-772f-8b94-d7fc91e3aa7a,21,3799,105.0,{}
922,00003c59-972f-772f-8b94-d7fc91e3aa7a,21,3799,95.0,{}
923,00003c59-972f-772f-8b94-d7fc91e3aa7a,21,3799,83.0,{}
924,00003c59-972f-772f-8b94-d7fc91e3aa7a,21,3799,83.0,{}
925,00003c59-972f-772f-8b94-d7fc91e3aa7a,22,2169,100.0,{}
926,00003c59-972f-772f-8b94-d7fc91e3aa7a,22,2215,3207295.0,{}
927,00003c59-972f-772f-8b94-d7fc91e3aa7a,22,2286,3207295.0,{}
928,00003c59-972f-772f-8b94-d7fc91e3aa7a,22,2513,76.1284509220387,{}
929,00003c59-972f-772f-8b94-d7fc91e3aa7a,22,3101,2443600.0,{}
930,00003c59-972f-772f-8b94-d7fc91e3aa7a,22,3101,2442394.0,{}
931,00003c59-972f-772f-8b94-d7fc91e3aa7a,22,3101,2445909.0,{}
932,00003c59-972f-772f-8b94-d7fc91e3aa7a,22,3101,2281130.0,{}
933,00003c59-972f-772f-8b94-d7fc91e3aa7a,22,3101,2432872.0,{}
934,00003c59-972f-772f-8b94-d7fc91e3aa7a,22,3101,2857326.0,{}
935,00003c59-972f-772f-8b94-d7fc91e3aa7a,22,3101,2871503.0,{}
936,00003c59-972f-772f-8b94-d7fc91e3aa7a,22,3101,2880880.0,{}
937,00003c59-972f-772f-8b94-d7fc91e3aa7a,22,3101,3195902.0,{}
938,00003c59-972f-772f-8b94-d7fc91e3aa7a,22,3101,2247844.0,{}
939,00003c59-972f-772f-8b94-d7fc91e3aa7a,22,3101,2352961.0,{}
940,00003c59-972f-772f-8b94-d7fc91e3aa7a,22,3101,2414107.0,{}
941,00003c59-972f-772f-8b94-d7fc91e3aa7a,22,3101,2424926.0,{}
942,00003c59-972f-772f-8b94-d7fc91e3aa7a,22,3101,2367356.0,{}
943,00003c59-972f-772f-8b94-d7fc91e3aa7a,22,3101,2736797.0,{}
944,00003c59-972f-772f-8b94-d7fc91e3aa7a,22,3101,2503185.0,{}
945,00003c59-972f-772f-8b94-d7fc91e3aa7a,22,3101,2252365.0,{}
946,00003c59-972f-772f-8b94-d7fc91e3aa7a,22,3101,3156975.0,{}
947,00003c59-972f-772f-8b94-d7fc91e3aa7a,22,3101,2960454.0,{}
948,00003c59-972f-772f-8b94-d7fc91e3aa7a,22,3101,2874473.0,{}
949,00003c59-972f-772f-8b94-d7fc91e3aa7a,22,3799,64.0,{}
950,00003c59-972f-772f-8b94-d7fc91e3aa7a,22,3799,64.0,{}
951,00003c59-972f-772f-8b94-d7fc91e3aa7a,22,3799,64.0,{}
952,00003c59-972f-772f-8b94-d7fc91e3aa7a,22,3799,64.0,{}
953,00003c59-972f-772f-8b94-d7fc91e3aa7a,22,3799,64.0,{}
954,00003c59-972f-772f-8b94-d7fc91e3aa7a,22,3799,128.0,{}
955,00003c59-972f-772f-8b94-d7fc91e3aa7a,22,3799,128.0,{}
956,00003c59-972f-772f-8b94-d7fc91e3aa7a,22,3799,96.0,{}
957,00003c59-972f-772f-8b94-d7fc91e3aa7a,22,3799,128.0,{}
958,00003c59-972f-772f-8b94-d7fc91e3aa7a,22,3799,64.0,{}
959,00003c59-972f-772f-8b94-d7fc91e3aa7a,22,3799,64.0,{}
960,00003c59-972f-772f-8b94-d7fc91e3aa7a,22,3799,64.0,{}
961,00003c59-972f-772f-8b94-d7fc91e3aa7a,22,3799,65.0,{}
962,00003c59-972f-772f-8b94-d7fc91e3aa7a,22,3799,64.0,{}
963,00003c59-972f-772f-8b94-d7fc91e3aa7a,22,3799,87.0,{}
964,00003c59-972f-772f-8b94-d7fc91e3aa7a,22,3799,72.0,{}
965,00003c59-972f-772f-8b94-d7fc91e3aa7a,22,3799,64.0,{}
966,00003c59-972f-772f-8b94-d7fc91e3aa7a,22,3799,128.0,{}
967,00003c59-972f-772f-8b94-d7fc91e3aa7a,22,3799,128.0,{}
968,00003c59-972f-772f-8b94-d7fc91e3aa7a,22,3799,128.0,{}
969,00003c59-972f-772f-8b94-d7fc91e3aa7a,23,2169,100.0,{}
970,00003c59-972f-772f-8b94-d7fc91e3aa7a,23,2215,3230298.0,{}
971,00003c59-972f-772f-8b94-d7fc91e3aa7a,23,2286,3230298.0,{}
972,00003c59-972f-772f-8b94-d7fc91e3aa7a,23,2513,86.9959056409037,{}
973,00003c59-972f-772f-8b94-d7fc91e3aa7a,23,3101,2455619.0,{}
974,00003c59-972f-772f-8b94-d7fc91e3aa7a,23,3101,2385423.0,{}
975,00003c59-972f-772f-8b94-d7fc91e3aa7a,23,3101,2403654.0,{}
976,00003c59-972f-772f-8b94-d7fc91e3aa7a,23,3101,2267445.0,{}
977,00003c59-972f-772f-8b94-d7fc91e3aa7a,23,3101,2400865.0,{}
978,00003c59-972f-772f-8b94-d7fc91e3aa7a,23,3101,2927595.0,{}
979,00003c59-972f-772f-8b94-d7fc91e3aa7a,23,3101,2917668.0,{}
980,00003c59-972f-772f-8b94-d7fc91e3aa7a,23,3101,3218964.0,{}
981,00003c59-972f-772f-8b94-d7fc91e3aa7a,23,3101,2898308.0,{}
982,00003c59-972f-772f-8b94-d7fc91e3aa7a,23,3101,2894648.0,{}
983,00003c59-972f-772f-8b94-d7fc91e3aa7a,23,3101,2815691.0,{}
984,00003c59-972f-772f-8b94-d7fc91e3aa7a,23,3101,2970527.0,{}
985,00003c59-972f-772f-8b94-d7fc91e3aa7a,23,3101,2843686.0,{}
986,00003c59-972f-772f-8b94-d7fc91e3aa7a,23,3101,2884170.0,{}
987,00003c59-972f-772f-8b94-d7fc91e3aa7a,23,3101,2802810.0,{}
988,00003c59-972f-772f-8b94-d7fc91e3aa7a,23,3101,2547176.0,{}
989,00003c59-972f-772f-8b94-d7fc91e3aa7a,23,3101,2546029.0,{}
990,00003c59-972f-772f-8b94-d7fc91e3aa7a,23,3101,2545346.0,{}
991,00003c59-972f-772f-8b94-d7fc91e3aa7a,23,3101,2526692.0,{}
992,00003c59-972f-772f-8b94-d7fc91e3aa7a,23,3101,2530995.0,{}
993,00003c59-972f-772f-8b94-d7fc91e3aa7a,23,3799,64.0,{}
994,00003c59-972f-772f-8b94-d7fc91e3aa7a,23,3799,64.0,{}
995,00003c59-972f-772f-8b94-d7fc91e3aa7a,23,3799,64.0,{}
996,00003c59-972f-772f-8b94-d7fc91e3aa7a,23,3799,64.0,{}
997,00003c59-972f-772f-8b94-d7fc91e3aa7a,23,3799,64.0,{}
998,00003c59-972f-772f-8b94-d7fc91e3aa7a,23,3799,96.0,{}
999,00003c59-972f-772f-8b94-d7fc91e3aa7a,23,3799,96.0,{}
1000,00003c59-972f-772f-8b94-d7fc91e3aa7a,23,3799,128.0,{}
1001,00003c59-972f-772f-8b94-d7fc91e3aa7a,23,3799,96.0,{}
1002,00003c59-972f-772f-8b94-d7fc91e3aa7a,23,3799,128.0,{}
1003,00003c59-972f-772f-8b94-d7fc91e3aa7a,23,3799,119.0,{}
1004,00003c59-972f-772f-8b94-d7fc91e3aa7a,23,3799,128.0,{}
1005,00003c59-972f-772f-8b94-d7fc91e3aa7a,23,3799,110.0,{}
1006,00003c59-972f-772f-8b94-d7fc91e3aa7a,23,3799,96.0,{}
1007,00003c59-972f-772f-8b94-d7fc91e3aa7a,23,3799,91.0,{}
1008,00003c59-972f-772f-8b94-d7fc91e3aa7a,23,3799,64.0,{}
1009,00003c59-972f-772f-8b94-d7fc91e3aa7a,23,3799,64.0,{}
1010,00003c59-972f-772f-8b94-d7fc91e3aa7a,23,3799,64.0,{}
1011,00003c59-972f-772f-8b94-d7fc91e3aa7a,23,3799,64.0,{}
1012,00003c59-972f-772f-8b94-d7fc91e3aa7a,23,3799,64.0,{}
1013,00003c59-972f-772f-8b94-d7fc91e3aa7a,24,2169,100.0,{}
1014,00003c59-972f-772f-8b94-d7fc91e3aa7a,24,2215,2965367.0,{}
1015,00003c59-972f-772f-8b94-d7fc91e3aa7a,24,2286,2965367.0,{}
1016,00003c59-972f-772f-8b94-d7fc91e3aa7a,24,2513,88.0224943489288,{}
1017,00003c59-972f-772f-8b94-d7fc91e3aa7a,24,3101,2281165.0,{}
1018,00003c59-972f-772f-8b94-d7fc91e3aa7a,24,3101,2308282.0,{}
1019,00003c59-972f-772f-8b94-d7fc91e3aa7a,24,3101,2295128.0,{}
1020,00003c59-972f-772f-8b94-d7fc91e3aa7a,24,3101,2304035.0,{}
1021,00003c59-972f-772f-8b94-d7fc91e3aa7a,24,3101,2310108.0,{}
1022,00003c59-972f-772f-8b94-d7fc91e3aa7a,24,3101,2328122.0,{}
1023,00003c59-972f-772f-8b94-d7fc91e3aa7a,24,3101,2764447.0,{}
1024,00003c59-972f-772f-8b94-d7fc91e3aa7a,24,3101,2744318.0,{}
1025,00003c59-972f-772f-8b94-d7fc91e3aa7a,24,3101,2907762.0,{}
1026,00003c59-972f-772f-8b94-d7fc91e3aa7a,24,3101,2719616.0,{}
1027,00003c59-972f-772f-8b94-d7fc91e3aa7a,24,3101,2615142.0,{}
1028,00003c59-972f-772f-8b94-d7fc91e3aa7a,24,3101,2734728.0,{}
1029,00003c59-972f-772f-8b94-d7fc91e3aa7a,24,3101,2953442.0,{}
1030,00003c59-972f-772f-8b94-d7fc91e3aa7a,24,3101,2151873.0,{}
1031,00003c59-972f-772f-8b94-d7fc91e3aa7a,24,3101,2744852.0,{}
1032,00003c59-972f-772f-8b94-d7fc91e3aa7a,24,3101,2119620.0,{}
1033,00003c59-972f-772f-8b94-d7fc91e3aa7a,24,3101,2121914.0,{}
1034,00003c59-972f-772f-8b94-d7fc91e3aa7a,24,3101,2561612.0,{}
1035,00003c59-972f-772f-8b94-d7fc91e3aa7a,24,3101,2112146.0,{}
1036,00003c59-972f-772f-8b94-d7fc91e3aa7a,24,3101,2666355.0,{}
1037,00003c59-972f-772f-8b94-d7fc91e3aa7a,24,3799,64.0,{}
1038,00003c59-972f-772f-8b94-d7fc91e3aa7a,24,3799,64.0,{}
1039,00003c59-972f-772f-8b94-d7fc91e3aa7a,24,3799,64.0,{}
1040,00003c59-972f-772f-8b94-d7fc91e3aa7a,24,3799,64.0,{}
1041,00003c59-972f-772f-8b94-d7fc91e3aa7a,24,3799,64.0,{}
1042,00003c59-972f-772f-8b94-d7fc91e3aa7a,24,3799,80.0,{}
1043,00003c59-972f-772f-8b94-d7fc91e3aa7a,24,3799,109.0,{}
1044,00003c59-972f-772f-8b94-d7fc91e3aa7a,24,3799,99.0,{}
1045,00003c59-972f-772f-8b94-d7fc91e3aa7a,24,3799,128.0,{}
1046,00003c59-972f-772f-8b94-d7fc91e3aa7a,24,3799,128.0,{}
1047,00003c59-972f-772f-8b94-d7fc91e3aa7a,24,3799,106.0,{}
1048,00003c59-972f-772f-8b94-d7fc91e3aa7a,24,3799,96.0,{}
1049,00003c59-972f-772f-8b94-d7fc91e3aa7a,24,3799,122.0,{}
1050,00003c59-972f-772f-8b94-d7fc91e3aa7a,24,3799,65.0,{}
1051,00003c59-972f-772f-8b94-d7fc91e3aa7a,24,3799,102.0,{}
1052,00003c59-972f-772f-8b94-d7fc91e3aa7a,24,3799,64.0,{}
1053,00003c59-972f-772f-8b94-d7fc91e3aa7a,24,3799,64.0,{}
1054,00003c59-972f-772f-8b94-d7fc91e3aa7a,24,3799,88.0,{}
1055,00003c59-972f-772f-8b94-d7fc91e3aa7a,24,3799,64.0,{}
1056,00003c59-972f-772f-8b94-d7fc91e3aa7a,24,3799,93.0,{}
1057,00003c59-972f-772f-8b94-d7fc91e3aa7a,25,2169,100.0,{}
1058,00003c59-972f-772f-8b94-d7fc91e3aa7a,25,2215,2998439.0,{}
1059,00003c59-972f-772f-8b94-d7fc91e3aa7a,25,2286,2998439.0,{}
1060,00003c59-972f-772f-8b94-d7fc91e3aa7a,25,2513,96.3992597481556,{}
1061,00003c59-972f-772f-8b94-d7fc91e3aa7a,25,3101,2343717.0,{}
1062,00003c59-972f-772f-8b94-d7fc91e3aa7a,25,3101,2418148.0,{}
1063,00003c59-972f-772f-8b94-d7fc91e3aa7a,25,3101,2434117.0,{}
1064,00003c59-972f-772f-8b94-d7fc91e3aa7a,25,3101,2360069.0,{}
1065,00003c59-972f-772f-8b94-d7fc91e3aa7a,25,3101,2303873.0,{}
1066,00003c59-972f-772f-8b94-d7fc91e3aa7a,25,3101,2504949.0,{}
1067,00003c59-972f-772f-8b94-d7fc91e3aa7a,25,3101,2434650.0,{}
1068,00003c59-972f-772f-8b94-d7fc91e3aa7a,25,3101,2413580.0,{}
1069,00003c59-972f-772f-8b94-d7fc91e3aa7a,25,3101,2422834.0,{}
1070,00003c59-972f-772f-8b94-d7fc91e3aa7a,25,3101,2440574.0,{}
1071,00003c59-972f-772f-8b94-d7fc91e3aa7a,25,3101,2893955.0,{}
1072,00003c59-972f-772f-8b94-d7fc91e3aa7a,25,3101,2912819.0,{}
1073,00003c59-972f-772f-8b94-d7fc91e3aa7a,25,3101,2667323.0,{}
1074,00003c59-972f-772f-8b94-d7fc91e3aa7a,25,3101,2503486.0,{}
1075,00003c59-972f-772f-8b94-d7fc91e3aa7a,25,3101,2904261.0,{}
1076,00003c59-972f-772f-8b94-d7fc91e3aa7a,25,3101,2955554.0,{}
1077,00003c59-972f-772f-8b94-d7fc91e3aa7a,25,3101,2498248.0,{}
1078,00003c59-972f-772f-8b94-d7fc91e3aa7a,25,3101,2502344.0,{}
1079,00003c59-972f-772f-8b94-d7fc91e3aa7a,25,3101,2519792.0,{}
1080,00003c59-972f-772f-8b94-d7fc91e3aa7a,25,3101,2986539.0,{}
1081,00003c59-972f-772f-8b94-d7fc91e3aa7a,25,3799,83.0,{}
1082,00003c59-972f-772f-8b94-d7fc91e3aa7a,25,3799,91.0,{}
1083,00003c59-972f-772f-8b94-d7fc91e3aa7a,25,3799,89.0,{}
1084,00003c59-972f-772f-8b94-d7fc91e3aa7a,25,3799,83.0,{}
1085,00003c59-972f-772f-8b94-d7fc91e3aa7a,25,3799,83.0,{}
1086,00003c59-972f-772f-8b94-d7fc91e3aa7a,25,3799,103.0,{}
1087,00003c59-972f-772f-8b94-d7fc91e3aa7a,25,3799,83.0,{}
1088,00003c59-972f-772f-8b94-d7fc91e3aa7a,25,3799,83.0,{}
1089,00003c59-972f-772f-8b94-d7fc91e3aa7a,25,3799,83.0,{}
1090,00003c59-972f-772f-8b94-d7fc91e3aa7a,25,3799,83.0,{}
1091,00003c59-972f-772f-8b94-d7fc91e3aa7a,25,3799,128.0,{}
1092,00003c59-972f-772f-8b94-d7fc91e3aa7a,25,3799,96.0,{}
1093,00003c59-972f-772f-8b94-d7fc91e3aa7a,25,3799,77.0,{}
1094,00003c59-972f-772f-8b94-d7fc91e3aa7a,25,3799,67.0,{}
1095,00003c59-972f-772f-8b94-d7fc91e3aa7a,25,3799,97.0,{}
1096,00003c59-972f-772f-8b94-d7fc91e3aa7a,25,3799,95.0,{}
1097,00003c59-972f-772f-8b94-d7fc91e3aa7a,25,3799,68.0,{}
1098,00003c59-972f-772f-8b94-d7fc91e3aa7a,25,3799,70.0,{}
1099,00003c59-972f-772f-8b94-d7fc91e3aa7a,25,3799,69.0,{}
1100,00003c59-972f-772f-8b94-d7fc91e3aa7a,25,3799,97.0,{}
1101,00003c59-972f-772f-8b94-d7fc91e3aa7a,26,2169,100.0,{}
1102,00003c59-972f-772f-8b94-d7fc91e3aa7a,26,2215,3245493.0,{}
1103,00003c59-972f-772f-8b94-d7fc91e3aa7a,26,2286,3245493.0,{}
1104,00003c59-972f-772f-8b94-d7fc91e3aa7a,26,2513,79.6619496637337,{}
1105,00003c59-972f-772f-8b94-d7fc91e3aa7a,26,3101,2590186.0,{}
1106,00003c59-972f-772f-8b94-d7fc91e3aa7a,26,3101,3160001.0,{}
1107,00003c59-972f-772f-8b94-d7fc91e3aa7a,26,3101,2588942.0,{}
1108,00003c59-972f-772f-8b94-d7fc91e3aa7a,26,3101,3175544.0,{}
1109,00003c59-972f-772f-8b94-d7fc91e3aa7a,26,3101,3175333.0,{}
1110,00003c59-972f-772f-8b94-d7fc91e3aa7a,26,3101,2653181.0,{}
1111,00003c59-972f-772f-8b94-d7fc91e3aa7a,26,3101,3228307.0,{}
1112,00003c59-972f-772f-8b94-d7fc91e3aa7a,26,3101,2653475.0,{}
1113,00003c59-972f-772f-8b94-d7fc91e3aa7a,26,3101,3228331.0,{}
1114,00003c59-972f-772f-8b94-d7fc91e3aa7a,26,3101,3233184.0,{}
1115,00003c59-972f-772f-8b94-d7fc91e3aa7a,26,3101,2557702.0,{}
1116,00003c59-972f-772f-8b94-d7fc91e3aa7a,26,3101,2655341.0,{}
1117,00003c59-972f-772f-8b94-d7fc91e3aa7a,26,3101,2617834.0,{}
1118,00003c59-972f-772f-8b94-d7fc91e3aa7a,26,3101,2672415.0,{}
1119,00003c59-972f-772f-8b94-d7fc91e3aa7a,26,3101,2647919.0,{}
1120,00003c59-972f-772f-8b94-d7fc91e3aa7a,26,3101,2444454.0,{}
1121,00003c59-972f-772f-8b94-d7fc91e3aa7a,26,3101,2619079.0,{}
1122,00003c59-972f-772f-8b94-d7fc91e3aa7a,26,3101,2531082.0,{}
1123,00003c59-972f-772f-8b94-d7fc91e3aa7a,26,3101,2590034.0,{}
1124,00003c59-972f-772f-8b94-d7fc91e3aa7a,26,3101,2545046.0,{}
1125,00003c59-972f-772f-8b94-d7fc91e3aa7a,26,3799,64.0,{}
1126,00003c59-972f-772f-8b94-d7fc91e3aa7a,26,3799,96.0,{}
1127,00003c59-972f-772f-8b94-d7fc91e3aa7a,26,3799,64.0,{}
1128,00003c59-972f-772f-8b94-d7fc91e3aa7a,26,3799,96.0,{}
1129,00003c59-972f-772f-8b94-d7fc91e3aa7a,26,3799,96.0,{}
1130,00003c59-972f-772f-8b94-d7fc91e3aa7a,26,3799,64.0,{}
1131,00003c59-972f-772f-8b94-d7fc91e3aa7a,26,3799,96.0,{}
1132,00003c59-972f-772f-8b94-d7fc91e3aa7a,26,3799,64.0,{}
1133,00003c59-972f-772f-8b94-d7fc91e3aa7a,26,3799,96.0,{}
1134,00003c59-972f-772f-8b94-d7fc91e3aa7a,26,3799,128.0,{}
1135,00003c59-972f-772f-8b94-d7fc91e3aa7a,26,3799,83.0,{}
1136,00003c59-972f-772f-8b94-d7fc91e3aa7a,26,3799,90.0,{}
1137,00003c59-972f-772f-8b94-d7fc91e3aa7a,26,3799,84.0,{}
1138,00003c59-972f-772f-8b94-d7fc91e3aa7a,26,3799,90.0,{}
1139,00003c59-972f-772f-8b94-d7fc91e3aa7a,26,3799,92.0,{}
1140,00003c59-972f-772f-8b94-d7fc91e3aa7a,26,3799,83.0,{}
1141,00003c59-972f-772f-8b94-d7fc91e3aa7a,26,3799,93.0,{}
1142,00003c59-972f-772f-8b94-d7fc91e3aa7a,26,3799,83.0,{}
1143,00003c59-972f-772f-8b94-d7fc91e3aa7a,26,3799,83.0,{}
1144,00003c59-972f-772f-8b94-d7fc91e3aa7a,26,3799,83.0,{}
1145,00003c59-972f-772f-8b94-d7fc91e3aa7a,27,2169,100.0,{}
1146,00003c59-972f-772f-8b94-d7fc91e3aa7a,27,2215,3501653.0,{}
1147,00003c59-972f-772f-8b94-d7fc91e3aa7a,27,2286,3501653.0,{}
1148,00003c59-972f-772f-8b94-d7fc91e3aa7a,27,2513,74.7871076888544,{}
1149,00003c59-972f-772f-8b94-d7fc91e3aa7a,27,3101,2624522.0,{}
1150,00003c59-972f-772f-8b94-d7fc91e3aa7a,27,3101,2721000.0,{}
1151,00003c59-972f-772f-8b94-d7fc91e3aa7a,27,3101,2788761.0,{}
1152,00003c59-972f-772f-8b94-d7fc91e3aa7a,27,3101,3013267.0,{}
1153,00003c59-972f-772f-8b94-d7fc91e3aa7a,27,3101,2816430.0,{}
1154,00003c59-972f-772f-8b94-d7fc91e3aa7a,27,3101,3489814.0,{}
1155,00003c59-972f-772f-8b94-d7fc91e3aa7a,27,3101,2514798.0,{}
1156,00003c59-972f-772f-8b94-d7fc91e3aa7a,27,3101,3123197.0,{}
1157,00003c59-972f-772f-8b94-d7fc91e3aa7a,27,3101,3132081.0,{}
1158,00003c59-972f-772f-8b94-d7fc91e3aa7a,27,3101,3120230.0,{}
1159,00003c59-972f-772f-8b94-d7fc91e3aa7a,27,3101,2652490.0,{}
1160,00003c59-972f-772f-8b94-d7fc91e3aa7a,27,3101,2665618.0,{}
1161,00003c59-972f-772f-8b94-d7fc91e3aa7a,27,3101,2638908.0,{}
1162,00003c59-972f-772f-8b94-d7fc91e3aa7a,27,3101,2572253.0,{}
1163,00003c59-972f-772f-8b94-d7fc91e3aa7a,27,3101,2653538.0,{}
1164,00003c59-972f-772f-8b94-d7fc91e3aa7a,27,3101,2652841.0,{}
1165,00003c59-972f-772f-8b94-d7fc91e3aa7a,27,3101,2659665.0,{}
1166,00003c59-972f-772f-8b94-d7fc91e3aa7a,27,3101,2718554.0,{}
1167,00003c59-972f-772f-8b94-d7fc91e3aa7a,27,3101,2731635.0,{}
1168,00003c59-972f-772f-8b94-d7fc91e3aa7a,27,3101,2692974.0,{}
1169,00003c59-972f-772f-8b94-d7fc91e3aa7a,27,3799,64.0,{}
1170,00003c59-972f-772f-8b94-d7fc91e3aa7a,27,3799,73.0,{}
1171,00003c59-972f-772f-8b94-d7fc91e3aa7a,27,3799,76.0,{}
1172,00003c59-972f-772f-8b94-d7fc91e3aa7a,27,3799,95.0,{}
1173,00003c59-972f-772f-8b94-d7fc91e3aa7a,27,3799,77.0,{}
1174,00003c59-972f-772f-8b94-d7fc91e3aa7a,27,3799,127.0,{}
1175,00003c59-972f-772f-8b94-d7fc91e3aa7a,27,3799,64.0,{}
1176,00003c59-972f-772f-8b94-d7fc91e3aa7a,27,3799,96.0,{}
1177,00003c59-972f-772f-8b94-d7fc91e3aa7a,27,3799,96.0,{}
1178,00003c59-972f-772f-8b94-d7fc91e3aa7a,27,3799,96.0,{}
1179,00003c59-972f-772f-8b94-d7fc91e3aa7a,27,3799,87.0,{}
1180,00003c59-972f-772f-8b94-d7fc91e3aa7a,27,3799,87.0,{}
1181,00003c59-972f-772f-8b94-d7fc91e3aa7a,27,3799,83.0,{}
1182,00003c59-972f-772f-8b94-d7fc91e3aa7a,27,3799,83.0,{}
1183,00003c59-972f-772f-8b94-d7fc91e3aa7a,27,3799,85.0,{}
1184,00003c59-972f-772f-8b94-d7fc91e3aa7a,27,3799,83.0,{}
1185,00003c59-972f-772f-8b94-d7fc91e3aa7a,27,3799,83.0,{}
1186,00003c59-972f-772f-8b94-d7fc91e3aa7a,27,3799,90.0,{}
1187,00003c59-972f-772f-8b94-d7fc91e3aa7a,27,3799,92.0,{}
1188,00003c59-972f-772f-8b94-d7fc91e3aa7a,27,3799,91.0,{}
1189,00003c59-972f-772f-8b94-d7fc91e3aa7a,28,2169,100.0,{}
1190,00003c59-972f-772f-8b94-d7fc91e3aa7a,28,2215,3661260.0,{}
1191,00003c59-972f-772f-8b94-d7fc91e3aa7a,28,2286,3661260.0,{}
1192,00003c59-972f-772f-8b94-d7fc91e3aa7a,28,2513,77.6612149915603,{}
1193,00003c59-972f-772f-8b94-d7fc91e3aa7a,28,3101,2824986.0,{}
1194,00003c59-972f-772f-8b94-d7fc91e3aa7a,28,3101,2743144.0,{}
1195,00003c59-972f-772f-8b94-d7fc91e3aa7a,28,3101,2710611.0,{}
1196,00003c59-972f-772f-8b94-d7fc91e3aa7a,28,3101,2831055.0,{}
1197,00003c59-972f-772f-8b94-d7fc91e3aa7a,28,3101,2761045.0,{}
1198,00003c59-972f-772f-8b94-d7fc91e3aa7a,28,3101,3387564.0,{}
1199,00003c59-972f-772f-8b94-d7fc91e3aa7a,28,3101,3560425.0,{}
1200,00003c59-972f-772f-8b94-d7fc91e3aa7a,28,3101,2695762.0,{}
1201,00003c59-972f-772f-8b94-d7fc91e3aa7a,28,3101,3648966.0,{}
1202,00003c59-972f-772f-8b94-d7fc91e3aa7a,28,3101,3642462.0,{}
1203,00003c59-972f-772f-8b94-d7fc91e3aa7a,28,3101,2846269.0,{}
1204,00003c59-972f-772f-8b94-d7fc91e3aa7a,28,3101,2810973.0,{}
1205,00003c59-972f-772f-8b94-d7fc91e3aa7a,28,3101,2741373.0,{}
1206,00003c59-972f-772f-8b94-d7fc91e3aa7a,28,3101,2744104.0,{}
1207,00003c59-972f-772f-8b94-d7fc91e3aa7a,28,3101,2725921.0,{}
1208,00003c59-972f-772f-8b94-d7fc91e3aa7a,28,3101,2978097.0,{}
1209,00003c59-972f-772f-8b94-d7fc91e3aa7a,28,3101,2999327.0,{}
1210,00003c59-972f-772f-8b94-d7fc91e3aa7a,28,3101,3089415.0,{}
1211,00003c59-972f-772f-8b94-d7fc91e3aa7a,28,3101,3084932.0,{}
1212,00003c59-972f-772f-8b94-d7fc91e3aa7a,28,3101,2988770.0,{}
1213,00003c59-972f-772f-8b94-d7fc91e3aa7a,28,3799,64.0,{}
1214,00003c59-972f-772f-8b94-d7fc91e3aa7a,28,3799,64.0,{}
1215,00003c59-972f-772f-8b94-d7fc91e3aa7a,28,3799,64.0,{}
1216,00003c59-972f-772f-8b94-d7fc91e3aa7a,28,3799,64.0,{}
1217,00003c59-972f-772f-8b94-d7fc91e3aa7a,28,3799,64.0,{}
1218,00003c59-972f-772f-8b94-d7fc91e3aa7a,28,3799,106.0,{}
1219,00003c59-972f-772f-8b94-d7fc91e3aa7a,28,3799,118.0,{}
1220,00003c59-972f-772f-8b94-d7fc91e3aa7a,28,3799,64.0,{}
1221,00003c59-972f-772f-8b94-d7fc91e3aa7a,28,3799,128.0,{}
1222,00003c59-972f-772f-8b94-d7fc91e3aa7a,28,3799,128.0,{}
1223,00003c59-972f-772f-8b94-d7fc91e3aa7a,28,3799,64.0,{}
1224,00003c59-972f-772f-8b94-d7fc91e3aa7a,28,3799,64.0,{}
1225,00003c59-972f-772f-8b94-d7fc91e3aa7a,28,3799,64.0,{}
1226,00003c59-972f-772f-8b94-d7fc91e3aa7a,28,3799,64.0,{}
1227,00003c59-972f-772f-8b94-d7fc91e3aa7a,28,3799,64.0,{}
1228,00003c59-972f-772f-8b94-d7fc91e3aa7a,28,3799,102.0,{}
1229,00003c59-972f-772f-8b94-d7fc91e3aa7a,28,3799,106.0,{}
1230,00003c59-972f-772f-8b94-d7fc91e3aa7a,28,3799,111.0,{}
1231,00003c59-972f-772f-8b94-d7fc91e3aa7a,28,3799,123.0,{}
1232,00003c59-972f-772f-8b94-d7fc91e3aa7a,28,3799,102.0,{}
1233,00003c59-972f-772f-8b94-d7fc91e3aa7a,29,2169,100.0,{}
1234,00003c59-972f-772f-8b94-d7fc91e3aa7a,29,2215,3514646.0,{}
1235,00003c59-972f-772f-8b94-d7fc91e3aa7a,29,2286,3514646.0,{}
1236,00003c59-972f-772f-8b94-d7fc91e3aa7a,29,2513,90.4998113608028,{}
1237,00003c59-972f-772f-8b94-d7fc91e3aa7a,29,3101,3190694.0,{}
1238,00003c59-972f-772f-8b94-d7fc91e3aa7a,29,3101,3281321.0,{}
1239,00003c59-972f-772f-8b94-d7fc91e3aa7a,29,3101,2833155.0,{}
1240,00003c59-972f-772f-8b94-d7fc91e3aa7a,29,3101,2539066.0,{}
1241,00003c59-972f-772f-8b94-d7fc91e3aa7a,29,3101,3502987.0,{}
1242,00003c59-972f-772f-8b94-d7fc91e3aa7a,29,3101,2705996.0,{}
1243,00003c59-972f-772f-8b94-d7fc91e3aa7a,29,3101,3070928.0,{}
1244,00003c59-972f-772f-8b94-d7fc91e3aa7a,29,3101,2695616.0,{}
1245,00003c59-972f-772f-8b94-d7fc91e3aa7a,29,3101,2767442.0,{}
1246,00003c59-972f-772f-8b94-d7fc91e3aa7a,29,3101,3287328.0,{}
1247,00003c59-972f-772f-8b94-d7fc91e3aa7a,29,3101,2705504.0,{}
1248,00003c59-972f-772f-8b94-d7fc91e3aa7a,29,3101,2847129.0,{}
1249,00003c59-972f-772f-8b94-d7fc91e3aa7a,29,3101,2697697.0,{}
1250,00003c59-972f-772f-8b94-d7fc91e3aa7a,29,3101,2689211.0,{}
1251,00003c59-972f-772f-8b94-d7fc91e3aa7a,29,3101,2893372.0,{}
1252,00003c59-972f-772f-8b94-d7fc91e3aa7a,29,3101,3342824.0,{}
1253,00003c59-972f-772f-8b94-d7fc91e3aa7a,29,3101,3341832.0,{}
1254,00003c59-972f-772f-8b94-d7fc91e3aa7a,29,3101,2723252.0,{}
1255,00003c59-972f-772f-8b94-d7fc91e3aa7a,29,3101,3302556.0,{}
1256,00003c59-972f-772f-8b94-d7fc91e3aa7a,29,3101,3337044.0,{}
1257,00003c59-972f-772f-8b94-d7fc91e3aa7a,29,3799,96.0,{}
1258,00003c59-972f-772f-8b94-d7fc91e3aa7a,29,3799,112.0,{}
1259,00003c59-972f-772f-8b94-d7fc91e3aa7a,29,3799,80.0,{}
1260,00003c59-972f-772f-8b94-d7fc91e3aa7a,29,3799,64.0,{}
1261,00003c59-972f-772f-8b94-d7fc91e3aa7a,29,3799,128.0,{}
1262,00003c59-972f-772f-8b94-d7fc91e3aa7a,29,3799,64.0,{}
1263,00003c59-972f-772f-8b94-d7fc91e3aa7a,29,3799,88.0,{}
1264,00003c59-972f-772f-8b94-d7fc91e3aa7a,29,3799,64.0,{}
1265,00003c59-972f-772f-8b94-d7fc91e3aa7a,29,3799,72.0,{}
1266,00003c59-972f-772f-8b94-d7fc91e3aa7a,29,3799,96.0,{}
1267,00003c59-972f-772f-8b94-d7fc91e3aa7a,29,3799,64.0,{}
1268,00003c59-972f-772f-8b94-d7fc91e3aa7a,29,3799,79.0,{}
1269,00003c59-972f-772f-8b94-d7fc91e3aa7a,29,3799,64.0,{}
1270,00003c59-972f-772f-8b94-d7fc91e3aa7a,29,3799,66.0,{}
1271,00003c59-972f-772f-8b94-d7fc91e3aa7a,29,3799,81.0,{}
1272,00003c59-972f-772f-8b94-d7fc91e3aa7a,29,3799,128.0,{}
1273,00003c59-972f-772f-8b94-d7fc91e3aa7a,29,3799,128.0,{}
1274,00003c59-972f-772f-8b94-d7fc91e3aa7a,29,3799,64.0,{}
1275,00003c59-972f-772f-8b94-d7fc91e3aa7a,29,3799,96.0,{}
1276,00003c59-972f-772f-8b94-d7fc91e3aa7a,29,3799,94.0,{}
1277,00003c59-972f-772f-8b94-d7fc91e3aa7a,30,2169,100.0,{}
1278,00003c59-972f-772f-8b94-d7fc91e3aa7a,30,2215,3210691.0,{}
1279,00003c59-972f-772f-8b94-d7fc91e3aa7a,30,2286,3210691.0,{}
1280,00003c59-972f-772f-8b94-d7fc91e3aa7a,30,2513,79.6230157308816,{}
1281,00003c59-972f-772f-8b94-d7fc91e3aa7a,30,3101,2559934.0,{}
1282,00003c59-972f-772f-8b94-d7fc91e3aa7a,30,3101,3123425.0,{}
1283,00003c59-972f-772f-8b94-d7fc91e3aa7a,30,3101,3127299.0,{}
1284,00003c59-972f-772f-8b94-d7fc91e3aa7a,30,3101,3192464.0,{}
1285,00003c59-972f-772f-8b94-d7fc91e3aa7a,30,3101,3163143.0,{}
1286,00003c59-972f-772f-8b94-d7fc91e3aa7a,30,3101,3186799.0,{}
1287,00003c59-972f-772f-8b94-d7fc91e3aa7a,30,3101,2603630.0,{}
1288,00003c59-972f-772f-8b94-d7fc91e3aa7a,30,3101,2638518.0,{}
1289,00003c59-972f-772f-8b94-d7fc91e3aa7a,30,3101,2577715.0,{}
1290,00003c59-972f-772f-8b94-d7fc91e3aa7a,30,3101,3198763.0,{}
1291,00003c59-972f-772f-8b94-d7fc91e3aa7a,30,3101,2544229.0,{}
1292,00003c59-972f-772f-8b94-d7fc91e3aa7a,30,3101,2706285.0,{}
1293,00003c59-972f-772f-8b94-d7fc91e3aa7a,30,3101,2871400.0,{}
1294,00003c59-972f-772f-8b94-d7fc91e3aa7a,30,3101,2946021.0,{}
1295,00003c59-972f-772f-8b94-d7fc91e3aa7a,30,3101,2914637.0,{}
1296,00003c59-972f-772f-8b94-d7fc91e3aa7a,30,3101,2814399.0,{}
1297,00003c59-972f-772f-8b94-d7fc91e3aa7a,30,3101,2754107.0,{}
1298,00003c59-972f-772f-8b94-d7fc91e3aa7a,30,3101,2693083.0,{}
1299,00003c59-972f-772f-8b94-d7fc91e3aa7a,30,3101,2910412.0,{}
1300,00003c59-972f-772f-8b94-d7fc91e3aa7a,30,3101,2820915.0,{}
1301,00003c59-972f-772f-8b94-d7fc91e3aa7a,30,3799,64.0,{}
1302,00003c59-972f-772f-8b94-d7fc91e3aa7a,30,3799,97.0,{}
1303,00003c59-972f-772f-8b94-d7fc91e3aa7a,30,3799,92.0,{}
1304,00003c59-972f-772f-8b94-d7fc91e3aa7a,30,3799,128.0,{}
1305,00003c59-972f-772f-8b94-d7fc91e3aa7a,30,3799,97.0,{}
1306,00003c59-972f-772f-8b94-d7fc91e3aa7a,30,3799,99.0,{}
1307,00003c59-972f-772f-8b94-d7fc91e3aa7a,30,3799,64.0,{}
1308,00003c59-972f-772f-8b94-d7fc91e3aa7a,30,3799,64.0,{}
1309,00003c59-972f-772f-8b94-d7fc91e3aa7a,30,3799,64.0,{}
1310,00003c59-972f-772f-8b94-d7fc91e3aa7a,30,3799,95.0,{}
1311,00003c59-972f-772f-8b94-d7fc91e3aa7a,30,3799,64.0,{}
1312,00003c59-972f-772f-8b94-d7fc91e3aa7a,30,3799,65.0,{}
1313,00003c59-972f-772f-8b94-d7fc91e3aa7a,30,3799,85.0,{}
1314,00003c59-972f-772f-8b94-d7fc91e3aa7a,30,3799,90.0,{}
1315,00003c59-972f-772f-8b94-d7fc91e3aa7a,30,3799,97.0,{}
1316,00003c59-972f-772f-8b94-d7fc91e3aa7a,30,3799,90.0,{}
1317,00003c59-972f-772f-8b94-d7fc91e3aa7a,30,3799,86.0,{}
1318,00003c59-972f-772f-8b94-d7fc91e3aa7a,30,3799,77.0,{}
1319,00003c59-972f-772f-8b94-d7fc91e3aa7a,30,3799,106.0,{}
1320,00003c59-972f-772f-8b94-d7fc91e3aa7a,30,3799,104.0,{}
1321,00003c59-972f-772f-8b94-d7fc91e3aa7a,31,2169,100.0,{}
1322,00003c59-972f-772f-8b94-d7fc91e3aa7a,31,2215,3071287.0,{}
1323,00003c59-972f-772f-8b94-d7fc91e3aa7a,31,2286,3071287.0,{}
1324,00003c59-972f-772f-8b94-d7fc91e3aa7a,31,2513,83.7365573455037,{}
1325,00003c59-972f-772f-8b94-d7fc91e3aa7a,31,3101,2579240.0,{}
1326,00003c59-972f-772f-8b94-d7fc91e3aa7a,31,3101,2599622.0,{}
1327,00003c59-972f-772f-8b94-d7fc91e3aa7a,31,3101,2521124.0,{}
1328,00003c59-972f-772f-8b94-d7fc91e3aa7a,31,3101,2400241.0,{}
1329,00003c59-972f-772f-8b94-d7fc91e3aa7a,31,3101,2510828.0,{}
1330,00003c59-972f-772f-8b94-d7fc91e3aa7a,31,3101,2874566.0,{}
1331,00003c59-972f-772f-8b94-d7fc91e3aa7a,31,3101,3005650.0,{}
1332,00003c59-972f-772f-8b94-d7fc91e3aa7a,31,3101,3038408.0,{}
1333,00003c59-972f-772f-8b94-d7fc91e3aa7a,31,3101,3059986.0,{}
1334,00003c59-972f-772f-8b94-d7fc91e3aa7a,31,3101,3022941.0,{}
1335,00003c59-972f-772f-8b94-d7fc91e3aa7a,31,3101,2571375.0,{}
1336,00003c59-972f-772f-8b94-d7fc91e3aa7a,31,3101,2595668.0,{}
1337,00003c59-972f-772f-8b94-d7fc91e3aa7a,31,3101,2589858.0,{}
1338,00003c59-972f-772f-8b94-d7fc91e3aa7a,31,3101,2513921.0,{}
1339,00003c59-972f-772f-8b94-d7fc91e3aa7a,31,3101,2561832.0,{}
1340,00003c59-972f-772f-8b94-d7fc91e3aa7a,31,3101,2634606.0,{}
1341,00003c59-972f-772f-8b94-d7fc91e3aa7a,31,3101,2554332.0,{}
1342,00003c59-972f-772f-8b94-d7fc91e3aa7a,31,3101,2607847.0,{}
1343,00003c59-972f-772f-8b94-d7fc91e3aa7a,31,3101,2592762.0,{}
1344,00003c59-972f-772f-8b94-d7fc91e3aa7a,31,3101,2647642.0,{}
1345,00003c59-972f-772f-8b94-d7fc91e3aa7a,31,3799,64.0,{}
1346,00003c59-972f-772f-8b94-d7fc91e3aa7a,31,3799,64.0,{}
1347,00003c59-972f-772f-8b94-d7fc91e3aa7a,31,3799,64.0,{}
1348,00003c59-972f-772f-8b94-d7fc91e3aa7a,31,3799,64.0,{}
1349,00003c59-972f-772f-8b94-d7fc91e3aa7a,31,3799,64.0,{}
1350,00003c59-972f-772f-8b94-d7fc91e3aa7a,31,3799,93.0,{}
1351,00003c59-972f-772f-8b94-d7fc91e3aa7a,31,3799,128.0,{}
1352,00003c59-972f-772f-8b94-d7fc91e3aa7a,31,3799,100.0,{}
1353,00003c59-972f-772f-8b94-d7fc91e3aa7a,31,3799,127.0,{}
1354,00003c59-972f-772f-8b94-d7fc91e3aa7a,31,3799,96.0,{}
1355,00003c59-972f-772f-8b94-d7fc91e3aa7a,31,3799,86.0,{}
1356,00003c59-972f-772f-8b94-d7fc91e3aa7a,31,3799,83.0,{}
1357,00003c59-972f-772f-8b94-d7fc91e3aa7a,31,3799,84.0,{}
1358,00003c59-972f-772f-8b94-d7fc91e3aa7a,31,3799,73.0,{}
1359,00003c59-972f-772f-8b94-d7fc91e3aa7a,31,3799,87.0,{}
1360,00003c59-972f-772f-8b94-d7fc91e3aa7a,31,3799,92.0,{}
1361,00003c59-972f-772f-8b94-d7fc91e3aa7a,31,3799,84.0,{}
1362,00003c59-972f-772f-8b94-d7fc91e3aa7a,31,3799,88.0,{}
1363,00003c59-972f-772f-8b94-d7fc91e3aa7a,31,3799,93.0,{}
1364,00003c59-972f-772f-8b94-d7fc91e3aa7a,31,3799,94.0,{}
1365,00003c59-972f-772f-8b94-d7fc91e3aa7a,32,2169,100.0,{}
1366,00003c59-972f-772f-8b94-d7fc91e3aa7a,32,2215,3194998.0,{}
1367,00003c59-972f-772f-8b94-d7fc91e3aa7a,32,2286,3194998.0,{}
1368,00003c59-972f-772f-8b94-d7fc91e3aa7a,32,2513,92.2583050130235,{}
1369,00003c59-972f-772f-8b94-d7fc91e3aa7a,32,3101,2953515.0,{}
1370,00003c59-972f-772f-8b94-d7fc91e3aa7a,32,3101,2498587.0,{}
1371,00003c59-972f-772f-8b94-d7fc91e3aa7a,32,3101,2758794.0,{}
1372,00003c59-972f-772f-8b94-d7fc91e3aa7a,32,3101,2482080.0,{}
1373,00003c59-972f-772f-8b94-d7fc91e3aa7a,32,3101,2504162.0,{}
1374,00003c59-972f-772f-8b94-d7fc91e3aa7a,32,3101,3090184.0,{}
1375,00003c59-972f-772f-8b94-d7fc91e3aa7a,32,3101,3072940.0,{}
1376,00003c59-972f-772f-8b94-d7fc91e3aa7a,32,3101,3093584.0,{}
1377,00003c59-972f-772f-8b94-d7fc91e3aa7a,32,3101,3036432.0,{}
1378,00003c59-972f-772f-8b94-d7fc91e3aa7a,32,3101,3078998.0,{}
1379,00003c59-972f-772f-8b94-d7fc91e3aa7a,32,3101,2780581.0,{}
1380,00003c59-972f-772f-8b94-d7fc91e3aa7a,32,3101,2767713.0,{}
1381,00003c59-972f-772f-8b94-d7fc91e3aa7a,32,3101,2742765.0,{}
1382,00003c59-972f-772f-8b94-d7fc91e3aa7a,32,3101,2438753.0,{}
1383,00003c59-972f-772f-8b94-d7fc91e3aa7a,32,3101,2435240.0,{}
1384,00003c59-972f-772f-8b94-d7fc91e3aa7a,32,3101,2483968.0,{}
1385,00003c59-972f-772f-8b94-d7fc91e3aa7a,32,3101,2526104.0,{}
1386,00003c59-972f-772f-8b94-d7fc91e3aa7a,32,3101,2943209.0,{}
1387,00003c59-972f-772f-8b94-d7fc91e3aa7a,32,3101,3182791.0,{}
1388,00003c59-972f-772f-8b94-d7fc91e3aa7a,32,3101,2935212.0,{}
1389,00003c59-972f-772f-8b94-d7fc91e3aa7a,32,3799,90.0,{}
1390,00003c59-972f-772f-8b94-d7fc91e3aa7a,32,3799,64.0,{}
1391,00003c59-972f-772f-8b94-d7fc91e3aa7a,32,3799,79.0,{}
1392,00003c59-972f-772f-8b94-d7fc91e3aa7a,32,3799,64.0,{}
1393,00003c59-972f-772f-8b94-d7fc91e3aa7a,32,3799,64.0,{}
1394,00003c59-972f-772f-8b94-d7fc91e3aa7a,32,3799,96.0,{}
1395,00003c59-972f-772f-8b94-d7fc91e3aa7a,32,3799,119.0,{}
1396,00003c59-972f-772f-8b94-d7fc91e3aa7a,32,3799,96.0,{}
1397,00003c59-972f-772f-8b94-d7fc91e3aa7a,32,3799,96.0,{}
1398,00003c59-972f-772f-8b94-d7fc91e3aa7a,32,3799,96.0,{}
1399,00003c59-972f-772f-8b94-d7fc91e3aa7a,32,3799,90.0,{}
1400,00003c59-972f-772f-8b94-d7fc91e3aa7a,32,3799,86.0,{}
1401,00003c59-972f-772f-8b94-d7fc91e3aa7a,32,3799,85.0,{}
1402,00003c59-972f-772f-8b94-d7fc91e3aa7a,32,3799,64.0,{}
1403,00003c59-972f-772f-8b94-d7fc91e3aa7a,32,3799,64.0,{}
1404,00003c59-972f-772f-8b94-d7fc91e3aa7a,32,3799,69.0,{}
1405,00003c59-972f-772f-8b94-d7fc91e3aa7a,32,3799,76.0,{}
1406,00003c59-972f-772f-8b94-d7fc91e3aa7a,32,3799,107.0,{}
1407,00003c59-972f-772f-8b94-d7fc91e3aa7a,32,3799,125.0,{}
1408,00003c59-972f-772f-8b94-d7fc91e3aa7a,32,3799,98.0,{}
1409,00003c59-972f-772f-8b94-d7fc91e3aa7a,33,2169,100.0,{}
1410,00003c59-972f-772f-8b94-d7fc91e3aa7a,33,2215,45486.0,{}
1411,00003c59-972f-772f-8b94-d7fc91e3aa7a,33,2286,45486.0,{}
1412,00003c59-972f-772f-8b94-d7fc91e3aa7a,33,2513,4.54205689662753,{}
1413,00003c59-972f-772f-8b94-d7fc91e3aa7a,33,3101,6618.0,{}
1414,00003c59-972f-772f-8b94-d7fc91e3aa7a,33,3101,6575.0,{}
1415,00003c59-972f-772f-8b94-d7fc91e3aa7a,33,3101,6562.0,{}
1416,00003c59-972f-772f-8b94-d7fc91e3aa7a,33,3101,6650.0,{}
1417,00003c59-972f-772f-8b94-d7fc91e3aa7a,33,3101,6637.0,{}
1418,00003c59-972f-772f-8b94-d7fc91e3aa7a,33,3101,6866.0,{}
1419,00003c59-972f-772f-8b94-d7fc91e3aa7a,33,3101,6899.0,{}
1420,00003c59-972f-772f-8b94-d7fc91e3aa7a,33,3101,6900.0,{}
1421,00003c59-972f-772f-8b94-d7fc91e3aa7a,33,3101,6866.0,{}
1422,00003c59-972f-772f-8b94-d7fc91e3aa7a,33,3101,6897.0,{}
1423,00003c59-972f-772f-8b94-d7fc91e3aa7a,33,3101,6645.0,{}
1424,00003c59-972f-772f-8b94-d7fc91e3aa7a,33,3101,6629.0,{}
1425,00003c59-972f-772f-8b94-d7fc91e3aa7a,33,3101,6609.0,{}
1426,00003c59-972f-772f-8b94-d7fc91e3aa7a,33,3101,6589.0,{}
1427,00003c59-972f-772f-8b94-d7fc91e3aa7a,33,3101,6566.0,{}
1428,00003c59-972f-772f-8b94-d7fc91e3aa7a,33,3101,6664.0,{}
1429,00003c59-972f-772f-8b94-d7fc91e3aa7a,33,3101,6849.0,{}
1430,00003c59-972f-772f-8b94-d7fc91e3aa7a,33,3101,6876.0,{}
1431,00003c59-972f-772f-8b94-d7fc91e3aa7a,33,3101,6900.0,{}
1432,00003c59-972f-772f-8b94-d7fc91e3aa7a,33,3101,6918.0,{}
1433,00003c59-972f-772f-8b94-d7fc91e3aa7a,33,3799,8.0,{}
1434,00003c59-972f-772f-8b94-d7fc91e3aa7a,33,3799,8.0,{}
1435,00003c59-972f-772f-8b94-d7fc91e3aa7a,33,3799,8.0,{}
1436,00003c59-972f-772f-8b94-d7fc91e3aa7a,33,3799,8.0,{}
1437,00003c59-972f-772f-8b94-d7fc91e3aa7a,33,3799,8.0,{}
1438,00003c59-972f-772f-8b94-d7fc91e3aa7a,33,3799,8.0,{}
1439,00003c59-972f-772f-8b94-d7fc91e3aa7a,33,3799,8.0,{}
1440,00003c59-972f-772f-8b94-d7fc91e3aa7a,33,3799,8.0,{}
1441,00003c59-972f-772f-8b94-d7fc91e3aa7a,33,3799,8.0,{}
1442,00003c59-972f-772f-8b94-d7fc91e3aa7a,33,3799,8.0,{}
1443,00003c59-972f-772f-8b94-d7fc91e3aa7a,33,3799,8.0,{}
1444,00003c59-972f-772f-8b94-d7fc91e3aa7a,33,3799,8.0,{}
1445,00003c59-972f-772f-8b94-d7fc91e3aa7a,33,3799,8.0,{}
1446,00003c59-972f-772f-8b94-d7fc91e3aa7a,33,3799,8.0,{}
1447,00003c59-972f-772f-8b94-d7fc91e3aa7a,33,3799,8.0,{}
1448,00003c59-972f-772f-8b94-d7fc91e3aa7a,33,3799,8.0,{}
1449,00003c59-972f-772f-8b94-d7fc91e3aa7a,33,3799,8.0,{}
1450,00003c59-972f-772f-8b94-d7fc91e3aa7a,33,3799,8.0,{}
1451,00003c59-972f-772f-8b94-d7fc91e3aa7a,33,3799,8.0,{}
1452,00003c59-972f-772f-8b94-d7fc91e3aa7a,33,3799,8.0,{}
1453,00003c59-972f-772f-8b94-d7fc91e3aa7a,34,2169,100.0,{}
1454,00003c59-972f-772f-8b94-d7fc91e3aa7a,34,2215,13937.0,{}
1455,00003c59-972f-772f-8b94-d7fc91e3aa7a,34,2286,13937.0,{}
1456,00003c59-972f-772f-8b94-d7fc91e3aa7a,34,2513,14.3574657386812,{}
1457,00003c59-972f-772f-8b94-d7fc91e3aa7a,34,3101,3581.0,{}
1458,00003c59-972f-772f-8b94-d7fc91e3aa7a,34,3101,3609.0,{}
1459,00003c59-972f-772f-8b94-d7fc91e3aa7a,34,3101,3473.0,{}
1460,00003c59-972f-772f-8b94-d7fc91e3aa7a,34,3101,3667.0,{}
1461,00003c59-972f-772f-8b94-d7fc91e3aa7a,34,3101,3669.0,{}
1462,00003c59-972f-772f-8b94-d7fc91e3aa7a,34,3101,3658.0,{}
1463,00003c59-972f-772f-8b94-d7fc91e3aa7a,34,3101,3664.0,{}
1464,00003c59-972f-772f-8b94-d7fc91e3aa7a,34,3101,3667.0,{}
1465,00003c59-972f-772f-8b94-d7fc91e3aa7a,34,3101,3676.0,{}
1466,00003c59-972f-772f-8b94-d7fc91e3aa7a,34,3101,3675.0,{}
1467,00003c59-972f-772f-8b94-d7fc91e3aa7a,34,3101,3608.0,{}
1468,00003c59-972f-772f-8b94-d7fc91e3aa7a,34,3101,3603.0,{}
1469,00003c59-972f-772f-8b94-d7fc91e3aa7a,34,3101,3608.0,{}
1470,00003c59-972f-772f-8b94-d7fc91e3aa7a,34,3101,3607.0,{}
1471,00003c59-972f-772f-8b94-d7fc91e3aa7a,34,3101,3672.0,{}
1472,00003c59-972f-772f-8b94-d7fc91e3aa7a,34,3101,3568.0,{}
1473,00003c59-972f-772f-8b94-d7fc91e3aa7a,34,3101,3585.0,{}
1474,00003c59-972f-772f-8b94-d7fc91e3aa7a,34,3101,3588.0,{}
1475,00003c59-972f-772f-8b94-d7fc91e3aa7a,34,3101,3674.0,{}
1476,00003c59-972f-772f-8b94-d7fc91e3aa7a,34,3101,3598.0,{}
1477,00003c59-972f-772f-8b94-d7fc91e3aa7a,34,3799,8.0,{}
1478,00003c59-972f-772f-8b94-d7fc91e3aa7a,34,3799,8.0,{}
1479,00003c59-972f-772f-8b94-d7fc91e3aa7a,34,3799,8.0,{}
1480,00003c59-972f-772f-8b94-d7fc91e3aa7a,34,3799,8.0,{}
1481,00003c59-972f-772f-8b94-d7fc91e3aa7a,34,3799,8.0,{}
1482,00003c59-972f-772f-8b94-d7fc91e3aa7a,34,3799,8.0,{}
1483,00003c59-972f-772f-8b94-d7fc91e3aa7a,34,3799,8.0,{}
1484,00003c59-972f-772f-8b94-d7fc91e3aa7a,34,3799,8.0,{}
1485,00003c59-972f-772f-8b94-d7fc91e3aa7a,34,3799,8.0,{}
1486,00003c59-972f-772f-8b94-d7fc91e3aa7a,34,3799,8.0,{}
1487,00003c59-972f-772f-8b94-d7fc91e3aa7a,34,3799,8.0,{}
1488,00003c59-972f-772f-8b94-d7fc91e3aa7a,34,3799,8.0,{}
1489,00003c59-972f-772f-8b94-d7fc91e3aa7a,34,3799,8.0,{}
1490,00003c59-972f-772f-8b94-d7fc91e3aa7a,34,3799,8.0,{}
1491,00003c59-972f-772f-8b94-d7fc91e3aa7a,34,3799,8.0,{}
1492,00003c59-972f-772f-8b94-d7fc91e3aa7a,34,3799,8.0,{}
1493,00003c59-972f-772f-8b94-d7fc91e3aa7a,34,3799,8.0,{}
1494,00003c59-972f-772f-8b94-d7fc91e3aa7a,34,3799,8.0,{}
1495,00003c59-972f-772f-8b94-d7fc91e3aa7a,34,3799,8.0,{}
1496,00003c59-972f-772f-8b94-d7fc91e3aa7a,34,3799,8.0,{}
1497,00003c59-972f-772f-8b94-d7fc91e3aa7a,35,2169,100.0,{}
1498,00003c59-972f-772f-8b94-d7fc91e3aa7a,35,2215,19011.0,{}
1499,00003c59-972f-772f-8b94-d7fc91e3aa7a,35,2286,19011.0,{}
1500,00003c59-972f-772f-8b94-d7fc91e3aa7a,35,2513,24.3595812950397,{}
1501,00003c59-972f-772f-8b94-d7fc91e3aa7a,35,3101,6982.0,{}
1502,00003c59-972f-772f-8b94-d7fc91e3aa7a,35,3101,7012.0,{}
1503,00003c59-972f-772f-8b94-d7fc91e3aa7a,35,3101,7296.0,{}
1504,00003c59-972f-772f-8b94-d7fc91e3aa7a,35,3101,7365.0,{}
1505,00003c59-972f-772f-8b94-d7fc91e3aa7a,35,3101,7309.0,{}
1506,00003c59-972f-772f-8b94-d7fc91e3aa7a,35,3101,6958.0,{}
1507,00003c59-972f-772f-8b94-d7fc91e3aa7a,35,3101,7184.0,{}
1508,00003c59-972f-772f-8b94-d7fc91e3aa7a,35,3101,7205.0,{}
1509,00003c59-972f-772f-8b94-d7fc91e3aa7a,35,3101,7320.0,{}
1510,00003c59-972f-772f-8b94-d7fc91e3aa7a,35,3101,6554.0,{}
1511,00003c59-972f-772f-8b94-d7fc91e3aa7a,35,3101,6775.0,{}
1512,00003c59-972f-772f-8b94-d7fc91e3aa7a,35,3101,7040.0,{}
1513,00003c59-972f-772f-8b94-d7fc91e3aa7a,35,3101,7249.0,{}
1514,00003c59-972f-772f-8b94-d7fc91e3aa7a,35,3101,7290.0,{}
1515,00003c59-972f-772f-8b94-d7fc91e3aa7a,35,3101,7318.0,{}
1516,00003c59-972f-772f-8b94-d7fc91e3aa7a,35,3101,6932.0,{}
1517,00003c59-972f-772f-8b94-d7fc91e3aa7a,35,3101,7069.0,{}
1518,00003c59-972f-772f-8b94-d7fc91e3aa7a,35,3101,7338.0,{}
1519,00003c59-972f-772f-8b94-d7fc91e3aa7a,35,3101,7291.0,{}
1520,00003c59-972f-772f-8b94-d7fc91e3aa7a,35,3101,7304.0,{}
1521,00003c59-972f-772f-8b94-d7fc91e3aa7a,35,3799,200.0,{}
1522,00003c59-972f-772f-8b94-d7fc91e3aa7a,35,3799,200.0,{}
1523,00003c59-972f-772f-8b94-d7fc91e3aa7a,35,3799,216.0,{}
1524,00003c59-972f-772f-8b94-d7fc91e3aa7a,35,3799,216.0,{}
1525,00003c59-972f-772f-8b94-d7fc91e3aa7a,35,3799,200.0,{}
1526,00003c59-972f-772f-8b94-d7fc91e3aa7a,35,3799,200.0,{}
1527,00003c59-972f-772f-8b94-d7fc91e3aa7a,35,3799,200.0,{}
1528,00003c59-972f-772f-8b94-d7fc91e3aa7a,35,3799,216.0,{}
1529,00003c59-972f-772f-8b94-d7fc91e3aa7a,35,3799,208.0,{}
1530,00003c59-972f-772f-8b94-d7fc91e3aa7a,35,3799,192.0,{}
1531,00003c59-972f-772f-8b94-d7fc91e3aa7a,35,3799,192.0,{}
1532,00003c59-972f-772f-8b94-d7fc91e3aa7a,35,3799,200.0,{}
1533,00003c59-972f-772f-8b94-d7fc91e3aa7a,35,3799,216.0,{}
1534,00003c59-972f-772f-8b94-d7fc91e3aa7a,35,3799,208.0,{}
1535,00003c59-972f-772f-8b94-d7fc91e3aa7a,35,3799,208.0,{}
1536,00003c59-972f-772f-8b94-d7fc91e3aa7a,35,3799,200.0,{}
1537,00003c59-972f-772f-8b94-d7fc91e3aa7a,35,3799,200.0,{}
1538,00003c59-972f-772f-8b94-d7fc91e3aa7a,35,3799,216.0,{}
1539,00003c59-972f-772f-8b94-d7fc91e3aa7a,35,3799,200.0,{}
1540,00003c59-972f-772f-8b94-d7fc91e3aa7a,35,3799,208.0,{}
1541,00003c59-972f-772f-8b94-d7fc91e3aa7a,36,2169,100.0,{}
1542,00003c59-972f-772f-8b94-d7fc91e3aa7a,36,2215,7442192.0,{}
1543,00003c59-972f-772f-8b94-d7fc91e3aa7a,36,2286,7442192.0,{}
1544,00003c59-972f-772f-8b94-d7fc91e3aa7a,36,2513,91.8429005862789,{}
1545,00003c59-972f-772f-8b94-d7fc91e3aa7a,36,3101,6734065.0,{}
1546,00003c59-972f-772f-8b94-d7fc91e3aa7a,36,3101,7370797.0,{}
1547,00003c59-972f-772f-8b94-d7fc91e3aa7a,36,3101,7382276.0,{}
1548,00003c59-972f-772f-8b94-d7fc91e3aa7a,36,3101,6727855.0,{}
1549,00003c59-972f-772f-8b94-d7fc91e3aa7a,36,3101,6732039.0,{}
1550,00003c59-972f-772f-8b94-d7fc91e3aa7a,36,3101,7429836.0,{}
1551,00003c59-972f-772f-8b94-d7fc91e3aa7a,36,3101,7420901.0,{}
1552,00003c59-972f-772f-8b94-d7fc91e3aa7a,36,3101,6709333.0,{}
1553,00003c59-972f-772f-8b94-d7fc91e3aa7a,36,3101,6712460.0,{}
1554,00003c59-972f-772f-8b94-d7fc91e3aa7a,36,3101,7430098.0,{}
1555,00003c59-972f-772f-8b94-d7fc91e3aa7a,36,3101,6844029.0,{}
1556,00003c59-972f-772f-8b94-d7fc91e3aa7a,36,3101,6858912.0,{}
1557,00003c59-972f-772f-8b94-d7fc91e3aa7a,36,3101,6657219.0,{}
1558,00003c59-972f-772f-8b94-d7fc91e3aa7a,36,3101,6675582.0,{}
1559,00003c59-972f-772f-8b94-d7fc91e3aa7a,36,3101,6678910.0,{}
1560,00003c59-972f-772f-8b94-d7fc91e3aa7a,36,3101,6351647.0,{}
1561,00003c59-972f-772f-8b94-d7fc91e3aa7a,36,3101,6359037.0,{}
1562,00003c59-972f-772f-8b94-d7fc91e3aa7a,36,3101,6467893.0,{}
1563,00003c59-972f-772f-8b94-d7fc91e3aa7a,36,3101,6358288.0,{}
1564,00003c59-972f-772f-8b94-d7fc91e3aa7a,36,3101,6304209.0,{}
1565,00003c59-972f-772f-8b94-d7fc91e3aa7a,36,3799,64.0,{}
1566,00003c59-972f-772f-8b94-d7fc91e3aa7a,36,3799,96.0,{}
1567,00003c59-972f-772f-8b94-d7fc91e3aa7a,36,3799,96.0,{}
1568,00003c59-972f-772f-8b94-d7fc91e3aa7a,36,3799,64.0,{}
1569,00003c59-972f-772f-8b94-d7fc91e3aa7a,36,3799,64.0,{}
1570,00003c59-972f-772f-8b94-d7fc91e3aa7a,36,3799,128.0,{}
1571,00003c59-972f-772f-8b94-d7fc91e3aa7a,36,3799,128.0,{}
1572,00003c59-972f-772f-8b94-d7fc91e3aa7a,36,3799,64.0,{}
1573,00003c59-972f-772f-8b94-d7fc91e3aa7a,36,3799,64.0,{}
1574,00003c59-972f-772f-8b94-d7fc91e3aa7a,36,3799,96.0,{}
1575,00003c59-972f-772f-8b94-d7fc91e3aa7a,36,3799,79.0,{}
1576,00003c59-972f-772f-8b94-d7fc91e3aa7a,36,3799,79.0,{}
1577,00003c59-972f-772f-8b94-d7fc91e3aa7a,36,3799,64.0,{}
1578,00003c59-972f-772f-8b94-d7fc91e3aa7a,36,3799,64.0,{}
1579,00003c59-972f-772f-8b94-d7fc91e3aa7a,36,3799,64.0,{}
1580,00003c59-972f-772f-8b94-d7fc91e3aa7a,36,3799,102.0,{}
1581,00003c59-972f-772f-8b94-d7fc91e3aa7a,36,3799,101.0,{}
1582,00003c59-972f-772f-8b94-d7fc91e3aa7a,36,3799,108.0,{}
1583,00003c59-972f-772f-8b94-d7fc91e3aa7a,36,3799,104.0,{}
1584,00003c59-972f-772f-8b94-d7fc91e3aa7a,36,3799,99.0,{}
1585,00003c59-972f-772f-8b94-d7fc91e3aa7a,37,2169,100.0,{}
1586,00003c59-972f-772f-8b94-d7fc91e3aa7a,37,2215,6505701.0,{}
1587,00003c59-972f-772f-8b94-d7fc91e3aa7a,37,2286,6505701.0,{}
1588,00003c59-972f-772f-8b94-d7fc91e3aa7a,37,2513,88.9347665993257,{}
1589,00003c59-972f-772f-8b94-d7fc91e3aa7a,37,3101,5787224.0,{}
1590,00003c59-972f-772f-8b94-d7fc91e3aa7a,37,3101,5786522.0,{}
1591,00003c59-972f-772f-8b94-d7fc91e3aa7a,37,3101,5928331.0,{}
1592,00003c59-972f-772f-8b94-d7fc91e3aa7a,37,3101,5959290.0,{}
1593,00003c59-972f-772f-8b94-d7fc91e3aa7a,37,3101,5785446.0,{}
1594,00003c59-972f-772f-8b94-d7fc91e3aa7a,37,3101,5660184.0,{}
1595,00003c59-972f-772f-8b94-d7fc91e3aa7a,37,3101,5825321.0,{}
1596,00003c59-972f-772f-8b94-d7fc91e3aa7a,37,3101,5768753.0,{}
1597,00003c59-972f-772f-8b94-d7fc91e3aa7a,37,3101,5495037.0,{}
1598,00003c59-972f-772f-8b94-d7fc91e3aa7a,37,3101,5541177.0,{}
1599,00003c59-972f-772f-8b94-d7fc91e3aa7a,37,3101,5668899.0,{}
1600,00003c59-972f-772f-8b94-d7fc91e3aa7a,37,3101,6494690.0,{}
1601,00003c59-972f-772f-8b94-d7fc91e3aa7a,37,3101,6322790.0,{}
1602,00003c59-972f-772f-8b94-d7fc91e3aa7a,37,3101,5876388.0,{}
1603,00003c59-972f-772f-8b94-d7fc91e3aa7a,37,3101,6314271.0,{}
1604,00003c59-972f-772f-8b94-d7fc91e3aa7a,37,3101,5817544.0,{}
1605,00003c59-972f-772f-8b94-d7fc91e3aa7a,37,3101,6433740.0,{}
1606,00003c59-972f-772f-8b94-d7fc91e3aa7a,37,3101,6441305.0,{}
1607,00003c59-972f-772f-8b94-d7fc91e3aa7a,37,3101,5813682.0,{}
1608,00003c59-972f-772f-8b94-d7fc91e3aa7a,37,3101,6439836.0,{}
1609,00003c59-972f-772f-8b94-d7fc91e3aa7a,37,3799,64.0,{}
1610,00003c59-972f-772f-8b94-d7fc91e3aa7a,37,3799,64.0,{}
1611,00003c59-972f-772f-8b94-d7fc91e3aa7a,37,3799,78.0,{}
1612,00003c59-972f-772f-8b94-d7fc91e3aa7a,37,3799,91.0,{}
1613,00003c59-972f-772f-8b94-d7fc91e3aa7a,37,3799,64.0,{}
1614,00003c59-972f-772f-8b94-d7fc91e3aa7a,37,3799,102.0,{}
1615,00003c59-972f-772f-8b94-d7fc91e3aa7a,37,3799,108.0,{}
1616,00003c59-972f-772f-8b94-d7fc91e3aa7a,37,3799,105.0,{}
1617,00003c59-972f-772f-8b94-d7fc91e3aa7a,37,3799,94.0,{}
1618,00003c59-972f-772f-8b94-d7fc91e3aa7a,37,3799,94.0,{}
1619,00003c59-972f-772f-8b94-d7fc91e3aa7a,37,3799,64.0,{}
1620,00003c59-972f-772f-8b94-d7fc91e3aa7a,37,3799,119.0,{}
1621,00003c59-972f-772f-8b94-d7fc91e3aa7a,37,3799,96.0,{}
1622,00003c59-972f-772f-8b94-d7fc91e3aa7a,37,3799,73.0,{}
1623,00003c59-972f-772f-8b94-d7fc91e3aa7a,37,3799,96.0,{}
1624,00003c59-972f-772f-8b94-d7fc91e3aa7a,37,3799,64.0,{}
1625,00003c59-972f-772f-8b94-d7fc91e3aa7a,37,3799,96.0,{}
1626,00003c59-972f-772f-8b94-d7fc91e3aa7a,37,3799,96.0,{}
1627,00003c59-972f-772f-8b94-d7fc91e3aa7a,37,3799,64.0,{}
1628,00003c59-972f-772f-8b94-d7fc91e3aa7a,37,3799,96.0,{}
1629,00003c59-972f-772f-8b94-d7fc91e3aa7a,38,2169,100.0,{}
1630,00003c59-972f-772f-8b94-d7fc91e3aa7a,38,2215,5360292.0,{}
1631,00003c59-972f-772f-8b94-d7fc91e3aa7a,38,2286,5360292.0,{}
1632,00003c59-972f-772f-8b94-d7fc91e3aa7a,38,2513,98.0918203709798,{}
1633,00003c59-972f-772f-8b94-d7fc91e3aa7a,38,3101,5229010.0,{}
1634,00003c59-972f-772f-8b94-d7fc91e3aa7a,38,3101,5232057.0,{}
1635,00003c59-972f-772f-8b94-d7fc91e3aa7a,38,3101,5235363.0,{}
1636,00003c59-972f-772f-8b94-d7fc91e3aa7a,38,3101,5233183.0,{}
1637,00003c59-972f-772f-8b94-d7fc91e3aa7a,38,3101,5229942.0,{}
1638,00003c59-972f-772f-8b94-d7fc91e3aa7a,38,3101,5237976.0,{}
1639,00003c59-972f-772f-8b94-d7fc91e3aa7a,38,3101,5139509.0,{}
1640,00003c59-972f-772f-8b94-d7fc91e3aa7a,38,3101,5296692.0,{}
1641,00003c59-972f-772f-8b94-d7fc91e3aa7a,38,3101,5220468.0,{}
1642,00003c59-972f-772f-8b94-d7fc91e3aa7a,38,3101,5056726.0,{}
1643,00003c59-972f-772f-8b94-d7fc91e3aa7a,38,3101,5262440.0,{}
1644,00003c59-972f-772f-8b94-d7fc91e3aa7a,38,3101,5244320.0,{}
1645,00003c59-972f-772f-8b94-d7fc91e3aa7a,38,3101,5041474.0,{}
1646,00003c59-972f-772f-8b94-d7fc91e3aa7a,38,3101,5348565.0,{}
1647,00003c59-972f-772f-8b94-d7fc91e3aa7a,38,3101,5256648.0,{}
1648,00003c59-972f-772f-8b94-d7fc91e3aa7a,38,3101,4981365.0,{}
1649,00003c59-972f-772f-8b94-d7fc91e3aa7a,38,3101,4983121.0,{}
1650,00003c59-972f-772f-8b94-d7fc91e3aa7a,38,3101,4707314.0,{}
1651,00003c59-972f-772f-8b94-d7fc91e3aa7a,38,3101,4862300.0,{}
1652,00003c59-972f-772f-8b94-d7fc91e3aa7a,38,3101,4934590.0,{}
1653,00003c59-972f-772f-8b94-d7fc91e3aa7a,38,3799,64.0,{}
1654,00003c59-972f-772f-8b94-d7fc91e3aa7a,38,3799,64.0,{}
1655,00003c59-972f-772f-8b94-d7fc91e3aa7a,38,3799,64.0,{}
1656,00003c59-972f-772f-8b94-d7fc91e3aa7a,38,3799,64.0,{}
1657,00003c59-972f-772f-8b94-d7fc91e3aa7a,38,3799,64.0,{}
1658,00003c59-972f-772f-8b94-d7fc91e3aa7a,38,3799,111.0,{}
1659,00003c59-972f-772f-8b94-d7fc91e3aa7a,38,3799,104.0,{}
1660,00003c59-972f-772f-8b94-d7fc91e3aa7a,38,3799,128.0,{}
1661,00003c59-972f-772f-8b94-d7fc91e3aa7a,38,3799,108.0,{}
1662,00003c59-972f-772f-8b94-d7fc91e3aa7a,38,3799,93.0,{}
1663,00003c59-972f-772f-8b94-d7fc91e3aa7a,38,3799,117.0,{}
1664,00003c59-972f-772f-8b94-d7fc91e3aa7a,38,3799,95.0,{}
1665,00003c59-972f-772f-8b94-d7fc91e3aa7a,38,3799,110.0,{}
1666,00003c59-972f-772f-8b94-d7fc91e3aa7a,38,3799,127.0,{}
1667,00003c59-972f-772f-8b94-d7fc91e3aa7a,38,3799,95.0,{}
1668,00003c59-972f-772f-8b94-d7fc91e3aa7a,38,3799,64.0,{}
1669,00003c59-972f-772f-8b94-d7fc91e3aa7a,38,3799,64.0,{}
1670,00003c59-972f-772f-8b94-d7fc91e3aa7a,38,3799,64.0,{}
1671,00003c59-972f-772f-8b94-d7fc91e3aa7a,38,3799,64.0,{}
1672,00003c59-972f-772f-8b94-d7fc91e3aa7a,38,3799,64.0,{}
1673,00003c59-972f-772f-8b94-d7fc91e3aa7a,39,2169,100.0,{}
1674,00003c59-972f-772f-8b94-d7fc91e3aa7a,39,2215,5982259.0,{}
1675,00003c59-972f-772f-8b94-d7fc91e3aa7a,39,2286,5982259.0,{}
1676,00003c59-972f-772f-8b94-d7fc91e3aa7a,39,2513,88.881925707329,{}
1677,00003c59-972f-772f-8b94-d7fc91e3aa7a,39,3101,4694633.0,{}
1678,00003c59-972f-772f-8b94-d7fc91e3aa7a,39,3101,4668286.0,{}
1679,00003c59-972f-772f-8b94-d7fc91e3aa7a,39,3101,4671214.0,{}
1680,00003c59-972f-772f-8b94-d7fc91e3aa7a,39,3101,4682165.0,{}
1681,00003c59-972f-772f-8b94-d7fc91e3aa7a,39,3101,4683998.0,{}
1682,00003c59-972f-772f-8b94-d7fc91e3aa7a,39,3101,4613207.0,{}
1683,00003c59-972f-772f-8b94-d7fc91e3aa7a,39,3101,4843711.0,{}
1684,00003c59-972f-772f-8b94-d7fc91e3aa7a,39,3101,4616193.0,{}
1685,00003c59-972f-772f-8b94-d7fc91e3aa7a,39,3101,4881164.0,{}
1686,00003c59-972f-772f-8b94-d7fc91e3aa7a,39,3101,4716588.0,{}
1687,00003c59-972f-772f-8b94-d7fc91e3aa7a,39,3101,5318463.0,{}
1688,00003c59-972f-772f-8b94-d7fc91e3aa7a,39,3101,5314752.0,{}
1689,00003c59-972f-772f-8b94-d7fc91e3aa7a,39,3101,5957823.0,{}
1690,00003c59-972f-772f-8b94-d7fc91e3aa7a,39,3101,5970442.0,{}
1691,00003c59-972f-772f-8b94-d7fc91e3aa7a,39,3101,5318611.0,{}
1692,00003c59-972f-772f-8b94-d7fc91e3aa7a,39,3101,5808060.0,{}
1693,00003c59-972f-772f-8b94-d7fc91e3aa7a,39,3101,5811770.0,{}
1694,00003c59-972f-772f-8b94-d7fc91e3aa7a,39,3101,5831747.0,{}
1695,00003c59-972f-772f-8b94-d7fc91e3aa7a,39,3101,5832968.0,{}
1696,00003c59-972f-772f-8b94-d7fc91e3aa7a,39,3101,5811393.0,{}
1697,00003c59-972f-772f-8b94-d7fc91e3aa7a,39,3799,83.0,{}
1698,00003c59-972f-772f-8b94-d7fc91e3aa7a,39,3799,83.0,{}
1699,00003c59-972f-772f-8b94-d7fc91e3aa7a,39,3799,83.0,{}
1700,00003c59-972f-772f-8b94-d7fc91e3aa7a,39,3799,83.0,{}
1701,00003c59-972f-772f-8b94-d7fc91e3aa7a,39,3799,83.0,{}
1702,00003c59-972f-772f-8b94-d7fc91e3aa7a,39,3799,83.0,{}
1703,00003c59-972f-772f-8b94-d7fc91e3aa7a,39,3799,94.0,{}
1704,00003c59-972f-772f-8b94-d7fc91e3aa7a,39,3799,85.0,{}
1705,00003c59-972f-772f-8b94-d7fc91e3aa7a,39,3799,98.0,{}
1706,00003c59-972f-772f-8b94-d7fc91e3aa7a,39,3799,89.0,{}
1707,00003c59-972f-772f-8b94-d7fc91e3aa7a,39,3799,64.0,{}
1708,00003c59-972f-772f-8b94-d7fc91e3aa7a,39,3799,64.0,{}
1709,00003c59-972f-772f-8b94-d7fc91e3aa7a,39,3799,96.0,{}
1710,00003c59-972f-772f-8b94-d7fc91e3aa7a,39,3799,96.0,{}
1711,00003c59-972f-772f-8b94-d7fc91e3aa7a,39,3799,64.0,{}
1712,00003c59-972f-772f-8b94-d7fc91e3aa7a,39,3799,96.0,{}
1713,00003c59-972f-772f-8b94-d7fc91e3aa7a,39,3799,96.0,{}
1714,00003c59-972f-772f-8b94-d7fc91e3aa7a,39,3799,96.0,{}
1715,00003c59-972f-772f-8b94-d7fc91e3aa7a,39,3799,96.0,{}
1716,00003c59-972f-772f-8b94-d7fc91e3aa7a,39,3799,96.0,{}
1717,00003c59-972f-772f-8b94-d7fc91e3aa7a,40,2169,100.0,{}
1718,00003c59-972f-772f-8b94-d7fc91e3aa7a,40,2215,6240417.0,{}
1719,00003c59-972f-772f-8b94-d7fc91e3aa7a,40,2286,6240417.0,{}
1720,00003c59-972f-772f-8b94-d7fc91e3aa7a,40,2513,95.8483543647804,{}
1721,00003c59-972f-772f-8b94-d7fc91e3aa7a,40,3101,5990444.0,{}
1722,00003c59-972f-772f-8b94-d7fc91e3aa7a,40,3101,5289326.0,{}
1723,00003c59-972f-772f-8b94-d7fc91e3aa7a,40,3101,6128712.0,{}
1724,00003c59-972f-772f-8b94-d7fc91e3aa7a,40,3101,6228687.0,{}
1725,00003c59-972f-772f-8b94-d7fc91e3aa7a,40,3101,6025780.0,{}
1726,00003c59-972f-772f-8b94-d7fc91e3aa7a,40,3101,5858688.0,{}
1727,00003c59-972f-772f-8b94-d7fc91e3aa7a,40,3101,5820991.0,{}
1728,00003c59-972f-772f-8b94-d7fc91e3aa7a,40,3101,5494736.0,{}
1729,00003c59-972f-772f-8b94-d7fc91e3aa7a,40,3101,5495651.0,{}
1730,00003c59-972f-772f-8b94-d7fc91e3aa7a,40,3101,5805872.0,{}
1731,00003c59-972f-772f-8b94-d7fc91e3aa7a,40,3101,5327248.0,{}
1732,00003c59-972f-772f-8b94-d7fc91e3aa7a,40,3101,4983664.0,{}
1733,00003c59-972f-772f-8b94-d7fc91e3aa7a,40,3101,4811199.0,{}
1734,00003c59-972f-772f-8b94-d7fc91e3aa7a,40,3101,4952119.0,{}
1735,00003c59-972f-772f-8b94-d7fc91e3aa7a,40,3101,4787925.0,{}
1736,00003c59-972f-772f-8b94-d7fc91e3aa7a,40,3101,4956897.0,{}
1737,00003c59-972f-772f-8b94-d7fc91e3aa7a,40,3101,4990912.0,{}
1738,00003c59-972f-772f-8b94-d7fc91e3aa7a,40,3101,4976268.0,{}
1739,00003c59-972f-772f-8b94-d7fc91e3aa7a,40,3101,4900492.0,{}
1740,00003c59-972f-772f-8b94-d7fc91e3aa7a,40,3101,4985468.0,{}
1741,00003c59-972f-772f-8b94-d7fc91e3aa7a,40,3799,93.0,{}
1742,00003c59-972f-772f-8b94-d7fc91e3aa7a,40,3799,64.0,{}
1743,00003c59-972f-772f-8b94-d7fc91e3aa7a,40,3799,110.0,{}
1744,00003c59-972f-772f-8b94-d7fc91e3aa7a,40,3799,120.0,{}
1745,00003c59-972f-772f-8b94-d7fc91e3aa7a,40,3799,95.0,{}
1746,00003c59-972f-772f-8b94-d7fc91e3aa7a,40,3799,86.0,{}
1747,00003c59-972f-772f-8b94-d7fc91e3aa7a,40,3799,85.0,{}
1748,00003c59-972f-772f-8b94-d7fc91e3aa7a,40,3799,64.0,{}
1749,00003c59-972f-772f-8b94-d7fc91e3aa7a,40,3799,64.0,{}
1750,00003c59-972f-772f-8b94-d7fc91e3aa7a,40,3799,83.0,{}
1751,00003c59-972f-772f-8b94-d7fc91e3aa7a,40,3799,114.0,{}
1752,00003c59-972f-772f-8b94-d7fc91e3aa7a,40,3799,84.0,{}
1753,00003c59-972f-772f-8b94-d7fc91e3aa7a,40,3799,83.0,{}
1754,00003c59-972f-772f-8b94-d7fc91e3aa7a,40,3799,85.0,{}
1755,00003c59-972f-772f-8b94-d7fc91e3aa7a,40,3799,83.0,{}
1756,00003c59-972f-772f-8b94-d7fc91e3aa7a,40,3799,83.0,{}
1757,00003c59-972f-772f-8b94-d7fc91e3aa7a,40,3799,83.0,{}
1758,00003c59-972f-772f-8b94-d7fc91e3aa7a,40,3799,83.0,{}
1759,00003c59-972f-772f-8b94-d7fc91e3aa7a,40,3799,83.0,{}
1760,00003c59-972f-772f-8b94-d7fc91e3aa7a,40,3799,83.0,{}
1761,00003c59-972f-772f-8b94-d7fc91e3aa7a,41,2169,100.0,{}
1762,00003c59-972f-772f-8b94-d7fc91e3aa7a,41,2215,5851135.0,{}
1763,00003c59-972f-772f-8b94-d7fc91e3aa7a,41,2286,5851135.0,{}
1764,00003c59-972f-772f-8b94-d7fc91e3aa7a,41,2513,98.6079282053824,{}
1765,00003c59-972f-772f-8b94-d7fc91e3aa7a,41,3101,5777491.0,{}
1766,00003c59-972f-772f-8b94-d7fc91e3aa7a,41,3101,5771045.0,{}
1767,00003c59-972f-772f-8b94-d7fc91e3aa7a,41,3101,5839338.0,{}
1768,00003c59-972f-772f-8b94-d7fc91e3aa7a,41,3101,5767379.0,{}
1769,00003c59-972f-772f-8b94-d7fc91e3aa7a,41,3101,5791086.0,{}
1770,00003c59-972f-772f-8b94-d7fc91e3aa7a,41,3101,5475872.0,{}
1771,00003c59-972f-772f-8b94-d7fc91e3aa7a,41,3101,5476789.0,{}
1772,00003c59-972f-772f-8b94-d7fc91e3aa7a,41,3101,5473115.0,{}
1773,00003c59-972f-772f-8b94-d7fc91e3aa7a,41,3101,5479083.0,{}
1774,00003c59-972f-772f-8b94-d7fc91e3aa7a,41,3101,5474052.0,{}
1775,00003c59-972f-772f-8b94-d7fc91e3aa7a,41,3101,4960763.0,{}
1776,00003c59-972f-772f-8b94-d7fc91e3aa7a,41,3101,4956280.0,{}
1777,00003c59-972f-772f-8b94-d7fc91e3aa7a,41,3101,4936688.0,{}
1778,00003c59-972f-772f-8b94-d7fc91e3aa7a,41,3101,4935718.0,{}
1779,00003c59-972f-772f-8b94-d7fc91e3aa7a,41,3101,4920967.0,{}
1780,00003c59-972f-772f-8b94-d7fc91e3aa7a,41,3101,5530371.0,{}
1781,00003c59-972f-772f-8b94-d7fc91e3aa7a,41,3101,5550346.0,{}
1782,00003c59-972f-772f-8b94-d7fc91e3aa7a,41,3101,5511992.0,{}
1783,00003c59-972f-772f-8b94-d7fc91e3aa7a,41,3101,5547970.0,{}
1784,00003c59-972f-772f-8b94-d7fc91e3aa7a,41,3101,5599632.0,{}
1785,00003c59-972f-772f-8b94-d7fc91e3aa7a,41,3799,94.0,{}
1786,00003c59-972f-772f-8b94-d7fc91e3aa7a,41,3799,120.0,{}
1787,00003c59-972f-772f-8b94-d7fc91e3aa7a,41,3799,123.0,{}
1788,00003c59-972f-772f-8b94-d7fc91e3aa7a,41,3799,95.0,{}
1789,00003c59-972f-772f-8b94-d7fc91e3aa7a,41,3799,112.0,{}
1790,00003c59-972f-772f-8b94-d7fc91e3aa7a,41,3799,64.0,{}
1791,00003c59-972f-772f-8b94-d7fc91e3aa7a,41,3799,64.0,{}
1792,00003c59-972f-772f-8b94-d7fc91e3aa7a,41,3799,64.0,{}
1793,00003c59-972f-772f-8b94-d7fc91e3aa7a,41,3799,64.0,{}
1794,00003c59-972f-772f-8b94-d7fc91e3aa7a,41,3799,64.0,{}
1795,00003c59-972f-772f-8b94-d7fc91e3aa7a,41,3799,64.0,{}
1796,00003c59-972f-772f-8b94-d7fc91e3aa7a,41,3799,64.0,{}
1797,00003c59-972f-772f-8b94-d7fc91e3aa7a,41,3799,64.0,{}
1798,00003c59-972f-772f-8b94-d7fc91e3aa7a,41,3799,64.0,{}
1799,00003c59-972f-772f-8b94-d7fc91e3aa7a,41,3799,64.0,{}
1800,00003c59-972f-772f-8b94-d7fc91e3aa7a,41,3799,106.0,{}
1801,00003c59-972f-772f-8b94-d7fc91e3aa7a,41,3799,117.0,{}
1802,00003c59-972f-772f-8b94-d7fc91e3aa7a,41,3799,106.0,{}
1803,00003c59-972f-772f-8b94-d7fc91e3aa7a,41,3799,106.0,{}
1804,00003c59-972f-772f-8b94-d7fc91e3aa7a,41,3799,109.0,{}
1805,00003c59-972f-772f-8b94-d7fc91e3aa7a,42,2169,100.0,{}
1806,00003c59-972f-772f-8b94-d7fc91e3aa7a,42,2215,5819577.0,{}
1807,00003c59-972f-772f-8b94-d7fc91e3aa7a,42,2286,5819577.0,{}
1808,00003c59-972f-772f-8b94-d7fc91e3aa7a,42,2513,96.500828152974,{}
1809,00003c59-972f-772f-8b94-d7fc91e3aa7a,42,3101,5623791.0,{}
1810,00003c59-972f-772f-8b94-d7fc91e3aa7a,42,3101,5322228.0,{}
1811,00003c59-972f-772f-8b94-d7fc91e3aa7a,42,3101,5463176.0,{}
1812,00003c59-972f-772f-8b94-d7fc91e3aa7a,42,3101,5544285.0,{}
1813,00003c59-972f-772f-8b94-d7fc91e3aa7a,42,3101,5349821.0,{}
1814,00003c59-972f-772f-8b94-d7fc91e3aa7a,42,3101,5550247.0,{}
1815,00003c59-972f-772f-8b94-d7fc91e3aa7a,42,3101,5551463.0,{}
1816,00003c59-972f-772f-8b94-d7fc91e3aa7a,42,3101,5543998.0,{}
1817,00003c59-972f-772f-8b94-d7fc91e3aa7a,42,3101,5552579.0,{}
1818,00003c59-972f-772f-8b94-d7fc91e3aa7a,42,3101,5546846.0,{}
1819,00003c59-972f-772f-8b94-d7fc91e3aa7a,42,3101,5168416.0,{}
1820,00003c59-972f-772f-8b94-d7fc91e3aa7a,42,3101,5283967.0,{}
1821,00003c59-972f-772f-8b94-d7fc91e3aa7a,42,3101,5142354.0,{}
1822,00003c59-972f-772f-8b94-d7fc91e3aa7a,42,3101,5150359.0,{}
1823,00003c59-972f-772f-8b94-d7fc91e3aa7a,42,3101,5286537.0,{}
1824,00003c59-972f-772f-8b94-d7fc91e3aa7a,42,3101,5700123.0,{}
1825,00003c59-972f-772f-8b94-d7fc91e3aa7a,42,3101,5784122.0,{}
1826,00003c59-972f-772f-8b94-d7fc91e3aa7a,42,3101,5793017.0,{}
1827,00003c59-972f-772f-8b94-d7fc91e3aa7a,42,3101,5808120.0,{}
1828,00003c59-972f-772f-8b94-d7fc91e3aa7a,42,3101,5776655.0,{}
1829,00003c59-972f-772f-8b94-d7fc91e3aa7a,42,3799,115.0,{}
1830,00003c59-972f-772f-8b94-d7fc91e3aa7a,42,3799,102.0,{}
1831,00003c59-972f-772f-8b94-d7fc91e3aa7a,42,3799,111.0,{}
1832,00003c59-972f-772f-8b94-d7fc91e3aa7a,42,3799,114.0,{}
1833,00003c59-972f-772f-8b94-d7fc91e3aa7a,42,3799,102.0,{}
1834,00003c59-972f-772f-8b94-d7fc91e3aa7a,42,3799,64.0,{}
1835,00003c59-972f-772f-8b94-d7fc91e3aa7a,42,3799,64.0,{}
1836,00003c59-972f-772f-8b94-d7fc91e3aa7a,42,3799,64.0,{}
1837,00003c59-972f-772f-8b94-d7fc91e3aa7a,42,3799,64.0,{}
1838,00003c59-972f-772f-8b94-d7fc91e3aa7a,42,3799,64.0,{}
1839,00003c59-972f-772f-8b94-d7fc91e3aa7a,42,3799,64.0,{}
1840,00003c59-972f-772f-8b94-d7fc91e3aa7a,42,3799,64.0,{}
1841,00003c59-972f-772f-8b94-d7fc91e3aa7a,42,3799,64.0,{}
1842,00003c59-972f-772f-8b94-d7fc91e3aa7a,42,3799,64.0,{}
1843,00003c59-972f-772f-8b94-d7fc91e3aa7a,42,3799,64.0,{}
1844,00003c59-972f-772f-8b94-d7fc91e3aa7a,42,3799,96.0,{}
1845,00003c59-972f-772f-8b94-d7fc91e3aa7a,42,3799,96.0,{}
1846,00003c59-972f-772f-8b94-d7fc91e3aa7a,42,3799,109.0,{}
1847,00003c59-972f-772f-8b94-d7fc91e3aa7a,42,3799,118.0,{}
1848,00003c59-972f-772f-8b94-d7fc91e3aa7a,42,3799,125.0,{}
1849,00003c59-972f-772f-8b94-d7fc91e3aa7a,43,2169,100.0,{}
1850,00003c59-972f-772f-8b94-d7fc91e3aa7a,43,2215,5197227.0,{}
1851,00003c59-972f-772f-8b94-d7fc91e3aa7a,43,2286,5197227.0,{}
1852,00003c59-972f-772f-8b94-d7fc91e3aa7a,43,2513,93.563586889701,{}
1853,00003c59-972f-772f-8b94-d7fc91e3aa7a,43,3101,4607031.0,{}
1854,00003c59-972f-772f-8b94-d7fc91e3aa7a,43,3101,4352456.0,{}
1855,00003c59-972f-772f-8b94-d7fc91e3aa7a,43,3101,4564717.0,{}
1856,00003c59-972f-772f-8b94-d7fc91e3aa7a,43,3101,4385991.0,{}
1857,00003c59-972f-772f-8b94-d7fc91e3aa7a,43,3101,4550825.0,{}
1858,00003c59-972f-772f-8b94-d7fc91e3aa7a,43,3101,5151329.0,{}
1859,00003c59-972f-772f-8b94-d7fc91e3aa7a,43,3101,5149404.0,{}
1860,00003c59-972f-772f-8b94-d7fc91e3aa7a,43,3101,5149698.0,{}
1861,00003c59-972f-772f-8b94-d7fc91e3aa7a,43,3101,4852223.0,{}
1862,00003c59-972f-772f-8b94-d7fc91e3aa7a,43,3101,5148111.0,{}
1863,00003c59-972f-772f-8b94-d7fc91e3aa7a,43,3101,4866128.0,{}
1864,00003c59-972f-772f-8b94-d7fc91e3aa7a,43,3101,5160178.0,{}
1865,00003c59-972f-772f-8b94-d7fc91e3aa7a,43,3101,5184864.0,{}
1866,00003c59-972f-772f-8b94-d7fc91e3aa7a,43,3101,5103856.0,{}
1867,00003c59-972f-772f-8b94-d7fc91e3aa7a,43,3101,5147262.0,{}
1868,00003c59-972f-772f-8b94-d7fc91e3aa7a,43,3101,5010839.0,{}
1869,00003c59-972f-772f-8b94-d7fc91e3aa7a,43,3101,5015010.0,{}
1870,00003c59-972f-772f-8b94-d7fc91e3aa7a,43,3101,5016677.0,{}
1871,00003c59-972f-772f-8b94-d7fc91e3aa7a,43,3101,4831793.0,{}
1872,00003c59-972f-772f-8b94-d7fc91e3aa7a,43,3101,5017272.0,{}
1873,00003c59-972f-772f-8b94-d7fc91e3aa7a,43,3799,122.0,{}
1874,00003c59-972f-772f-8b94-d7fc91e3aa7a,43,3799,102.0,{}
1875,00003c59-972f-772f-8b94-d7fc91e3aa7a,43,3799,109.0,{}
1876,00003c59-972f-772f-8b94-d7fc91e3aa7a,43,3799,102.0,{}
1877,00003c59-972f-772f-8b94-d7fc91e3aa7a,43,3799,109.0,{}
1878,00003c59-972f-772f-8b94-d7fc91e3aa7a,43,3799,64.0,{}
1879,00003c59-972f-772f-8b94-d7fc91e3aa7a,43,3799,64.0,{}
1880,00003c59-972f-772f-8b94-d7fc91e3aa7a,43,3799,64.0,{}
1881,00003c59-972f-772f-8b94-d7fc91e3aa7a,43,3799,64.0,{}
1882,00003c59-972f-772f-8b94-d7fc91e3aa7a,43,3799,64.0,{}
1883,00003c59-972f-772f-8b94-d7fc91e3aa7a,43,3799,85.0,{}
1884,00003c59-972f-772f-8b94-d7fc91e3aa7a,43,3799,118.0,{}
1885,00003c59-972f-772f-8b94-d7fc91e3aa7a,43,3799,115.0,{}
1886,00003c59-972f-772f-8b94-d7fc91e3aa7a,43,3799,126.0,{}
1887,00003c59-972f-772f-8b94-d7fc91e3aa7a,43,3799,100.0,{}
1888,00003c59-972f-772f-8b94-d7fc91e3aa7a,43,3799,64.0,{}
1889,00003c59-972f-772f-8b94-d7fc91e3aa7a,43,3799,64.0,{}
1890,00003c59-972f-772f-8b94-d7fc91e3aa7a,43,3799,64.0,{}
1891,00003c59-972f-772f-8b94-d7fc91e3aa7a,43,3799,64.0,{}
1892,00003c59-972f-772f-8b94-d7fc91e3aa7a,43,3799,64.0,{}
1893,00003c59-972f-772f-8b94-d7fc91e3aa7a,44,2169,100.0,{}
1894,00003c59-972f-772f-8b94-d7fc91e3aa7a,44,2215,5301198.0,{}
1895,00003c59-972f-772f-8b94-d7fc91e3aa7a,44,2286,5301198.0,{}
1896,00003c59-972f-772f-8b94-d7fc91e3aa7a,44,2513,96.2720879318222,{}
1897,00003c59-972f-772f-8b94-d7fc91e3aa7a,44,3101,5108859.0,{}
1898,00003c59-972f-772f-8b94-d7fc91e3aa7a,44,3101,4706239.0,{}
1899,00003c59-972f-772f-8b94-d7fc91e3aa7a,44,3101,5011840.0,{}
1900,00003c59-972f-772f-8b94-d7fc91e3aa7a,44,3101,5289521.0,{}
1901,00003c59-972f-772f-8b94-d7fc91e3aa7a,44,3101,4862113.0,{}
1902,00003c59-972f-772f-8b94-d7fc91e3aa7a,44,3101,5246210.0,{}
1903,00003c59-972f-772f-8b94-d7fc91e3aa7a,44,3101,5248914.0,{}
1904,00003c59-972f-772f-8b94-d7fc91e3aa7a,44,3101,5248215.0,{}
1905,00003c59-972f-772f-8b94-d7fc91e3aa7a,44,3101,5246068.0,{}
1906,00003c59-972f-772f-8b94-d7fc91e3aa7a,44,3101,5244248.0,{}
1907,00003c59-972f-772f-8b94-d7fc91e3aa7a,44,3101,4550710.0,{}
1908,00003c59-972f-772f-8b94-d7fc91e3aa7a,44,3101,4550033.0,{}
1909,00003c59-972f-772f-8b94-d7fc91e3aa7a,44,3101,4520378.0,{}
1910,00003c59-972f-772f-8b94-d7fc91e3aa7a,44,3101,4421174.0,{}
1911,00003c59-972f-772f-8b94-d7fc91e3aa7a,44,3101,4522280.0,{}
1912,00003c59-972f-772f-8b94-d7fc91e3aa7a,44,3101,5193028.0,{}
1913,00003c59-972f-772f-8b94-d7fc91e3aa7a,44,3101,5145542.0,{}
1914,00003c59-972f-772f-8b94-d7fc91e3aa7a,44,3101,4716373.0,{}
1915,00003c59-972f-772f-8b94-d7fc91e3aa7a,44,3101,5265880.0,{}
1916,00003c59-972f-772f-8b94-d7fc91e3aa7a,44,3101,4846703.0,{}
1917,00003c59-972f-772f-8b94-d7fc91e3aa7a,44,3799,128.0,{}
1918,00003c59-972f-772f-8b94-d7fc91e3aa7a,44,3799,88.0,{}
1919,00003c59-972f-772f-8b94-d7fc91e3aa7a,44,3799,111.0,{}
1920,00003c59-972f-772f-8b94-d7fc91e3aa7a,44,3799,128.0,{}
1921,00003c59-972f-772f-8b94-d7fc91e3aa7a,44,3799,89.0,{}
1922,00003c59-972f-772f-8b94-d7fc91e3aa7a,44,3799,64.0,{}
1923,00003c59-972f-772f-8b94-d7fc91e3aa7a,44,3799,64.0,{}
1924,00003c59-972f-772f-8b94-d7fc91e3aa7a,44,3799,64.0,{}
1925,00003c59-972f-772f-8b94-d7fc91e3aa7a,44,3799,64.0,{}
1926,00003c59-972f-772f-8b94-d7fc91e3aa7a,44,3799,64.0,{}
1927,00003c59-972f-772f-8b94-d7fc91e3aa7a,44,3799,64.0,{}
1928,00003c59-972f-772f-8b94-d7fc91e3aa7a,44,3799,64.0,{}
1929,00003c59-972f-772f-8b94-d7fc91e3aa7a,44,3799,64.0,{}
1930,00003c59-972f-772f-8b94-d7fc91e3aa7a,44,3799,64.0,{}
1931,00003c59-972f-772f-8b94-d7fc91e3aa7a,44,3799,64.0,{}
1932,00003c59-972f-772f-8b94-d7fc91e3aa7a,44,3799,128.0,{}
1933,00003c59-972f-772f-8b94-d7fc91e3aa7a,44,3799,108.0,{}
1934,00003c59-972f-772f-8b94-d7fc91e3aa7a,44,3799,85.0,{}
1935,00003c59-972f-772f-8b94-d7fc91e3aa7a,44,3799,128.0,{}
1936,00003c59-972f-772f-8b94-d7fc91e3aa7a,44,3799,95.0,{}
1937,00003c59-972f-772f-8b94-d7fc91e3aa7a,45,2169,100.0,{}
1938,00003c59-972f-772f-8b94-d7fc91e3aa7a,45,2215,5716891.0,{}
1939,00003c59-972f-772f-8b94-d7fc91e3aa7a,45,2286,5716891.0,{}
1940,00003c59-972f-772f-8b94-d7fc91e3aa7a,45,2513,99.5678245395968,{}
1941,00003c59-972f-772f-8b94-d7fc91e3aa7a,45,3101,5495725.0,{}
1942,00003c59-972f-772f-8b94-d7fc91e3aa7a,45,3101,5485348.0,{}
1943,00003c59-972f-772f-8b94-d7fc91e3aa7a,45,3101,5463817.0,{}
1944,00003c59-972f-772f-8b94-d7fc91e3aa7a,45,3101,5475937.0,{}
1945,00003c59-972f-772f-8b94-d7fc91e3aa7a,45,3101,5438293.0,{}
1946,00003c59-972f-772f-8b94-d7fc91e3aa7a,45,3101,5484580.0,{}
1947,00003c59-972f-772f-8b94-d7fc91e3aa7a,45,3101,5474558.0,{}
1948,00003c59-972f-772f-8b94-d7fc91e3aa7a,45,3101,5483660.0,{}
1949,00003c59-972f-772f-8b94-d7fc91e3aa7a,45,3101,5489921.0,{}
1950,00003c59-972f-772f-8b94-d7fc91e3aa7a,45,3101,5484461.0,{}
1951,00003c59-972f-772f-8b94-d7fc91e3aa7a,45,3101,5705129.0,{}
1952,00003c59-972f-772f-8b94-d7fc91e3aa7a,45,3101,5651697.0,{}
1953,00003c59-972f-772f-8b94-d7fc91e3aa7a,45,3101,5649188.0,{}
1954,00003c59-972f-772f-8b94-d7fc91e3aa7a,45,3101,5647979.0,{}
1955,00003c59-972f-772f-8b94-d7fc91e3aa7a,45,3101,5638405.0,{}
1956,00003c59-972f-772f-8b94-d7fc91e3aa7a,45,3101,5124019.0,{}
1957,00003c59-972f-772f-8b94-d7fc91e3aa7a,45,3101,5078485.0,{}
1958,00003c59-972f-772f-8b94-d7fc91e3aa7a,45,3101,5110397.0,{}
1959,00003c59-972f-772f-8b94-d7fc91e3aa7a,45,3101,5218811.0,{}
1960,00003c59-972f-772f-8b94-d7fc91e3aa7a,45,3101,5075462.0,{}
1961,00003c59-972f-772f-8b94-d7fc91e3aa7a,45,3799,102.0,{}
1962,00003c59-972f-772f-8b94-d7fc91e3aa7a,45,3799,96.0,{}
1963,00003c59-972f-772f-8b94-d7fc91e3aa7a,45,3799,98.0,{}
1964,00003c59-972f-772f-8b94-d7fc91e3aa7a,45,3799,122.0,{}
1965,00003c59-972f-772f-8b94-d7fc91e3aa7a,45,3799,126.0,{}
1966,00003c59-972f-772f-8b94-d7fc91e3aa7a,45,3799,64.0,{}
1967,00003c59-972f-772f-8b94-d7fc91e3aa7a,45,3799,64.0,{}
1968,00003c59-972f-772f-8b94-d7fc91e3aa7a,45,3799,64.0,{}
1969,00003c59-972f-772f-8b94-d7fc91e3aa7a,45,3799,64.0,{}
1970,00003c59-972f-772f-8b94-d7fc91e3aa7a,45,3799,64.0,{}
1971,00003c59-972f-772f-8b94-d7fc91e3aa7a,45,3799,125.0,{}
1972,00003c59-972f-772f-8b94-d7fc91e3aa7a,45,3799,110.0,{}
1973,00003c59-972f-772f-8b94-d7fc91e3aa7a,45,3799,103.0,{}
1974,00003c59-972f-772f-8b94-d7fc91e3aa7a,45,3799,111.0,{}
1975,00003c59-972f-772f-8b94-d7fc91e3aa7a,45,3799,95.0,{}
1976,00003c59-972f-772f-8b94-d7fc91e3aa7a,45,3799,64.0,{}
1977,00003c59-972f-772f-8b94-d7fc91e3aa7a,45,3799,64.0,{}
1978,00003c59-972f-772f-8b94-d7fc91e3aa7a,45,3799,64.0,{}
1979,00003c59-972f-772f-8b94-d7fc91e3aa7a,45,3799,64.0,{}
1980,00003c59-972f-772f-8b94-d7fc91e3aa7a,45,3799,64.0,{}
1981,00003c59-972f-772f-8b94-d7fc91e3aa7a,46,2169,100.0,{}
1982,00003c59-972f-772f-8b94-d7fc91e3aa7a,46,2215,5516270.0,{}
1983,00003c59-972f-772f-8b94-d7fc91e3aa7a,46,2286,5516270.0,{}
1984,00003c59-972f-772f-8b94-d7fc91e3aa7a,46,2513,99.5251501467477,{}
1985,00003c59-972f-772f-8b94-d7fc91e3aa7a,46,3101,5504812.0,{}
1986,00003c59-972f-772f-8b94-d7fc91e3aa7a,46,3101,4893430.0,{}
1987,00003c59-972f-772f-8b94-d7fc91e3aa7a,46,3101,5327307.0,{}
1988,00003c59-972f-772f-8b94-d7fc91e3aa7a,46,3101,5425554.0,{}
1989,00003c59-972f-772f-8b94-d7fc91e3aa7a,46,3101,5387482.0,{}
1990,00003c59-972f-772f-8b94-d7fc91e3aa7a,46,3101,5237046.0,{}
1991,00003c59-972f-772f-8b94-d7fc91e3aa7a,46,3101,5226109.0,{}
1992,00003c59-972f-772f-8b94-d7fc91e3aa7a,46,3101,5232074.0,{}
1993,00003c59-972f-772f-8b94-d7fc91e3aa7a,46,3101,5227767.0,{}
1994,00003c59-972f-772f-8b94-d7fc91e3aa7a,46,3101,5236269.0,{}
1995,00003c59-972f-772f-8b94-d7fc91e3aa7a,46,3101,5378200.0,{}
1996,00003c59-972f-772f-8b94-d7fc91e3aa7a,46,3101,5084631.0,{}
1997,00003c59-972f-772f-8b94-d7fc91e3aa7a,46,3101,4998994.0,{}
1998,00003c59-972f-772f-8b94-d7fc91e3aa7a,46,3101,5439215.0,{}
1999,00003c59-972f-772f-8b94-d7fc91e3aa7a,46,3101,5060701.0,{}
2000,00003c59-972f-772f-8b94-d7fc91e3aa7a,46,3101,4903445.0,{}
2001,00003c59-972f-772f-8b94-d7fc91e3aa7a,46,3101,5001981.0,{}
2002,00003c59-972f-772f-8b94-d7fc91e3aa7a,46,3101,4903480.0,{}
2003,00003c59-972f-772f-8b94-d7fc91e3aa7a,46,3101,4927432.0,{}
2004,00003c59-972f-772f-8b94-d7fc91e3aa7a,46,3101,5046552.0,{}
2005,00003c59-972f-772f-8b94-d7fc91e3aa7a,46,3799,123.0,{}
2006,00003c59-972f-772f-8b94-d7fc91e3aa7a,46,3799,90.0,{}
2007,00003c59-972f-772f-8b94-d7fc91e3aa7a,46,3799,100.0,{}
2008,00003c59-972f-772f-8b94-d7fc91e3aa7a,46,3799,117.0,{}
2009,00003c59-972f-772f-8b94-d7fc91e3aa7a,46,3799,114.0,{}
2010,00003c59-972f-772f-8b94-d7fc91e3aa7a,46,3799,64.0,{}
2011,00003c59-972f-772f-8b94-d7fc91e3aa7a,46,3799,64.0,{}
2012,00003c59-972f-772f-8b94-d7fc91e3aa7a,46,3799,64.0,{}
2013,00003c59-972f-772f-8b94-d7fc91e3aa7a,46,3799,64.0,{}
2014,00003c59-972f-772f-8b94-d7fc91e3aa7a,46,3799,64.0,{}
2015,00003c59-972f-772f-8b94-d7fc91e3aa7a,46,3799,122.0,{}
2016,00003c59-972f-772f-8b94-d7fc91e3aa7a,46,3799,97.0,{}
2017,00003c59-972f-772f-8b94-d7fc91e3aa7a,46,3799,99.0,{}
2018,00003c59-972f-772f-8b94-d7fc91e3aa7a,46,3799,128.0,{}
2019,00003c59-972f-772f-8b94-d7fc91e3aa7a,46,3799,98.0,{}
2020,00003c59-972f-772f-8b94-d7fc91e3aa7a,46,3799,64.0,{}
2021,00003c59-972f-772f-8b94-d7fc91e3aa7a,46,3799,64.0,{}
2022,00003c59-972f-772f-8b94-d7fc91e3aa7a,46,3799,64.0,{}
2023,00003c59-972f-772f-8b94-d7fc91e3aa7a,46,3799,64.0,{}
2024,00003c59-972f-772f-8b94-d7fc91e3aa7a,46,3799,64.0,{}
2025,00003c59-972f-772f-8b94-d7fc91e3aa7a,47,2169,100.0,{}
2026,00003c59-972f-772f-8b94-d7fc91e3aa7a,47,2215,5777234.0,{}
2027,00003c59-972f-772f-8b94-d7fc91e3aa7a,47,2286,5777234.0,{}
2028,00003c59-972f-772f-8b94-d7fc91e3aa7a,47,2513,96.0410985603145,{}
2029,00003c59-972f-772f-8b94-d7fc91e3aa7a,47,3101,5549520.0,{}
2030,00003c59-972f-772f-8b94-d7fc91e3aa7a,47,3101,5473127.0,{}
2031,00003c59-972f-772f-8b94-d7fc91e3aa7a,47,3101,5597053.0,{}
2032,00003c59-972f-772f-8b94-d7fc91e3aa7a,47,3101,5547506.0,{}
2033,00003c59-972f-772f-8b94-d7fc91e3aa7a,47,3101,5534020.0,{}
2034,00003c59-972f-772f-8b94-d7fc91e3aa7a,47,3101,5648633.0,{}
2035,00003c59-972f-772f-8b94-d7fc91e3aa7a,47,3101,5650158.0,{}
2036,00003c59-972f-772f-8b94-d7fc91e3aa7a,47,3101,5649283.0,{}
2037,00003c59-972f-772f-8b94-d7fc91e3aa7a,47,3101,5648468.0,{}
2038,00003c59-972f-772f-8b94-d7fc91e3aa7a,47,3101,5648375.0,{}
2039,00003c59-972f-772f-8b94-d7fc91e3aa7a,47,3101,5550103.0,{}
2040,00003c59-972f-772f-8b94-d7fc91e3aa7a,47,3101,5566536.0,{}
2041,00003c59-972f-772f-8b94-d7fc91e3aa7a,47,3101,5565847.0,{}
2042,00003c59-972f-772f-8b94-d7fc91e3aa7a,47,3101,5560836.0,{}
2043,00003c59-972f-772f-8b94-d7fc91e3aa7a,47,3101,5529145.0,{}
2044,00003c59-972f-772f-8b94-d7fc91e3aa7a,47,3101,5729596.0,{}
2045,00003c59-972f-772f-8b94-d7fc91e3aa7a,47,3101,4332746.0,{}
2046,00003c59-972f-772f-8b94-d7fc91e3aa7a,47,3101,5765408.0,{}
2047,00003c59-972f-772f-8b94-d7fc91e3aa7a,47,3101,5661845.0,{}
2048,00003c59-972f-772f-8b94-d7fc91e3aa7a,47,3101,5743184.0,{}
2049,00003c59-972f-772f-8b94-d7fc91e3aa7a,47,3799,107.0,{}
2050,00003c59-972f-772f-8b94-d7fc91e3aa7a,47,3799,106.0,{}
2051,00003c59-972f-772f-8b94-d7fc91e3aa7a,47,3799,118.0,{}
2052,00003c59-972f-772f-8b94-d7fc91e3aa7a,47,3799,107.0,{}
2053,00003c59-972f-772f-8b94-d7fc91e3aa7a,47,3799,106.0,{}
2054,00003c59-972f-772f-8b94-d7fc91e3aa7a,47,3799,64.0,{}
2055,00003c59-972f-772f-8b94-d7fc91e3aa7a,47,3799,64.0,{}
2056,00003c59-972f-772f-8b94-d7fc91e3aa7a,47,3799,64.0,{}
2057,00003c59-972f-772f-8b94-d7fc91e3aa7a,47,3799,64.0,{}
2058,00003c59-972f-772f-8b94-d7fc91e3aa7a,47,3799,64.0,{}
2059,00003c59-972f-772f-8b94-d7fc91e3aa7a,47,3799,64.0,{}
2060,00003c59-972f-772f-8b94-d7fc91e3aa7a,47,3799,64.0,{}
2061,00003c59-972f-772f-8b94-d7fc91e3aa7a,47,3799,64.0,{}
2062,00003c59-972f-772f-8b94-d7fc91e3aa7a,47,3799,64.0,{}
2063,00003c59-972f-772f-8b94-d7fc91e3aa7a,47,3799,64.0,{}
2064,00003c59-972f-772f-8b94-d7fc91e3aa7a,47,3799,123.0,{}
2065,00003c59-972f-772f-8b94-d7fc91e3aa7a,47,3799,64.0,{}
2066,00003c59-972f-772f-8b94-d7fc91e3aa7a,47,3799,125.0,{}
2067,00003c59-972f-772f-8b94-d7fc91e3aa7a,47,3799,108.0,{}
2068,00003c59-972f-772f-8b94-d7fc91e3aa7a,47,3799,124.0,{}
2069,00003c59-972f-772f-8b94-d7fc91e3aa7a,48,2169,100.0,{}
2070,00003c59-972f-772f-8b94-d7fc91e3aa7a,48,2215,5103446.0,{}
2071,00003c59-972f-772f-8b94-d7fc91e3aa7a,48,2286,5103446.0,{}
2072,00003c59-972f-772f-8b94-d7fc91e3aa7a,48,2513,97.1199656075522,{}
2073,00003c59-972f-772f-8b94-d7fc91e3aa7a,48,3101,4734702.0,{}
2074,00003c59-972f-772f-8b94-d7fc91e3aa7a,48,3101,4749219.0,{}
2075,00003c59-972f-772f-8b94-d7fc91e3aa7a,48,3101,4652775.0,{}
2076,00003c59-972f-772f-8b94-d7fc91e3aa7a,48,3101,4479922.0,{}
2077,00003c59-972f-772f-8b94-d7fc91e3aa7a,48,3101,4566479.0,{}
2078,00003c59-972f-772f-8b94-d7fc91e3aa7a,48,3101,5092027.0,{}
2079,00003c59-972f-772f-8b94-d7fc91e3aa7a,48,3101,5085771.0,{}
2080,00003c59-972f-772f-8b94-d7fc91e3aa7a,48,3101,5088948.0,{}
2081,00003c59-972f-772f-8b94-d7fc91e3aa7a,48,3101,5088686.0,{}
2082,00003c59-972f-772f-8b94-d7fc91e3aa7a,48,3101,5081050.0,{}
2083,00003c59-972f-772f-8b94-d7fc91e3aa7a,48,3101,4963400.0,{}
2084,00003c59-972f-772f-8b94-d7fc91e3aa7a,48,3101,5017034.0,{}
2085,00003c59-972f-772f-8b94-d7fc91e3aa7a,48,3101,4956166.0,{}
2086,00003c59-972f-772f-8b94-d7fc91e3aa7a,48,3101,5038692.0,{}
2087,00003c59-972f-772f-8b94-d7fc91e3aa7a,48,3101,5029384.0,{}
2088,00003c59-972f-772f-8b94-d7fc91e3aa7a,48,3101,4692831.0,{}
2089,00003c59-972f-772f-8b94-d7fc91e3aa7a,48,3101,4712944.0,{}
2090,00003c59-972f-772f-8b94-d7fc91e3aa7a,48,3101,4823316.0,{}
2091,00003c59-972f-772f-8b94-d7fc91e3aa7a,48,3101,4830455.0,{}
2092,00003c59-972f-772f-8b94-d7fc91e3aa7a,48,3101,4833354.0,{}
2093,00003c59-972f-772f-8b94-d7fc91e3aa7a,48,3799,115.0,{}
2094,00003c59-972f-772f-8b94-d7fc91e3aa7a,48,3799,116.0,{}
2095,00003c59-972f-772f-8b94-d7fc91e3aa7a,48,3799,105.0,{}
2096,00003c59-972f-772f-8b94-d7fc91e3aa7a,48,3799,104.0,{}
2097,00003c59-972f-772f-8b94-d7fc91e3aa7a,48,3799,104.0,{}
2098,00003c59-972f-772f-8b94-d7fc91e3aa7a,48,3799,64.0,{}
2099,00003c59-972f-772f-8b94-d7fc91e3aa7a,48,3799,64.0,{}
2100,00003c59-972f-772f-8b94-d7fc91e3aa7a,48,3799,64.0,{}
2101,00003c59-972f-772f-8b94-d7fc91e3aa7a,48,3799,64.0,{}
2102,00003c59-972f-772f-8b94-d7fc91e3aa7a,48,3799,64.0,{}
2103,00003c59-972f-772f-8b94-d7fc91e3aa7a,48,3799,125.0,{}
2104,00003c59-972f-772f-8b94-d7fc91e3aa7a,48,3799,100.0,{}
2105,00003c59-972f-772f-8b94-d7fc91e3aa7a,48,3799,96.0,{}
2106,00003c59-972f-772f-8b94-d7fc91e3aa7a,48,3799,121.0,{}
2107,00003c59-972f-772f-8b94-d7fc91e3aa7a,48,3799,102.0,{}
2108,00003c59-972f-772f-8b94-d7fc91e3aa7a,48,3799,64.0,{}
2109,00003c59-972f-772f-8b94-d7fc91e3aa7a,48,3799,64.0,{}
2110,00003c59-972f-772f-8b94-d7fc91e3aa7a,48,3799,64.0,{}
2111,00003c59-972f-772f-8b94-d7fc91e3aa7a,48,3799,64.0,{}
2112,00003c59-972f-772f-8b94-d7fc91e3aa7a,48,3799,64.0,{}

=== TABLE: top_kernels ===name,total_calls,total_duration,average,percentage
gemm_gate_up_mq4g256_lloyd_wmma,39,105020.139,2692.824,99.8924060717762
__amd_rocclr_fillBufferAligned,6,92.717,15.452,0.0881899824352439
convert_f32_to_f16,3,20.4,6.8,0.0194039457885714

