=== TABLE: busy ===agent_id,type,GpuTime,WallTime,Busy
1,GPU,106094750,2604732538,0.0407315332580991

=== TABLE: rocpd_info_kernel_symbol ===id,guid,nid,pid,code_object_id,kernel_name,display_name,kernel_object,kernarg_segment_size,kernarg_segment_alignment,group_segment_size,private_segment_size,sgpr_count,arch_vgpr_count,accum_vgpr_count,extdata
1,00003c59-a9c1-79c1-bb2d-49dc347960f4,1655282045,1258330,1,__amd_rocclr_streamOpsWait.kd,__amd_rocclr_streamOpsWait,126058599047872,40,16,0,0,128,8,0,"{""size"":88,""kernel_id"":1,""code_object_id"":1,""kernel_name"":""__amd_rocclr_streamOpsWait.kd"",""kernel_object"":126058599047872,""kernarg_segment_size"":40,""kernarg_segment_alignment"":16,""group_segment_size"":0,""private_segment_size"":0,""sgpr_count"":128,""arch_vgpr_count"":8,""accum_vgpr_count"":0,""kernel_code_entry_byte_offset"":16192,""kernel_address"":{""handle"":126058599064064},""formatted_kernel_name"":""__amd_rocclr_streamOpsWait"",""demangled_kernel_name"":""__amd_rocclr_streamOpsWait.kd"",""truncated_kernel_name"":""__amd_rocclr_streamOpsWait.kd""}"
2,00003c59-a9c1-79c1-bb2d-49dc347960f4,1655282045,1258330,1,__amd_rocclr_streamOpsDecrement.kd,__amd_rocclr_streamOpsDecrement,126058599047808,24,16,0,0,128,8,0,"{""size"":88,""kernel_id"":2,""code_object_id"":1,""kernel_name"":""__amd_rocclr_streamOpsDecrement.kd"",""kernel_object"":126058599047808,""kernarg_segment_size"":24,""kernarg_segment_alignment"":16,""group_segment_size"":0,""private_segment_size"":0,""sgpr_count"":128,""arch_vgpr_count"":8,""accum_vgpr_count"":0,""kernel_code_entry_byte_offset"":16000,""kernel_address"":{""handle"":126058599063808},""formatted_kernel_name"":""__amd_rocclr_streamOpsDecrement"",""demangled_kernel_name"":""__amd_rocclr_streamOpsDecrement.kd"",""truncated_kernel_name"":""__amd_rocclr_streamOpsDecrement.kd""}"
3,00003c59-a9c1-79c1-bb2d-49dc347960f4,1655282045,1258330,1,__amd_rocclr_streamOpsIncrement.kd,__amd_rocclr_streamOpsIncrement,126058599047744,24,16,0,0,128,8,0,"{""size"":88,""kernel_id"":3,""code_object_id"":1,""kernel_name"":""__amd_rocclr_streamOpsIncrement.kd"",""kernel_object"":126058599047744,""kernarg_segment_size"":24,""kernarg_segment_alignment"":16,""group_segment_size"":0,""private_segment_size"":0,""sgpr_count"":128,""arch_vgpr_count"":8,""accum_vgpr_count"":0,""kernel_code_entry_byte_offset"":15808,""kernel_address"":{""handle"":126058599063552},""formatted_kernel_name"":""__amd_rocclr_streamOpsIncrement"",""demangled_kernel_name"":""__amd_rocclr_streamOpsIncrement.kd"",""truncated_kernel_name"":""__amd_rocclr_streamOpsIncrement.kd""}"
4,00003c59-a9c1-79c1-bb2d-49dc347960f4,1655282045,1258330,1,__amd_rocclr_copyBuffer.kd,__amd_rocclr_copyBuffer,126058599047040,48,16,0,0,128,16,0,"{""size"":88,""kernel_id"":4,""code_object_id"":1,""kernel_name"":""__amd_rocclr_copyBuffer.kd"",""kernel_object"":126058599047040,""kernarg_segment_size"":48,""kernarg_segment_alignment"":16,""group_segment_size"":0,""private_segment_size"":0,""sgpr_count"":128,""arch_vgpr_count"":16,""accum_vgpr_count"":0,""kernel_code_entry_byte_offset"":7552,""kernel_address"":{""handle"":126058599054592},""formatted_kernel_name"":""__amd_rocclr_copyBuffer"",""demangled_kernel_name"":""__amd_rocclr_copyBuffer.kd"",""truncated_kernel_name"":""__amd_rocclr_copyBuffer.kd""}"
5,00003c59-a9c1-79c1-bb2d-49dc347960f4,1655282045,1258330,1,__amd_rocclr_initHeap.kd,__amd_rocclr_initHeap,126058599047936,24,16,0,0,128,16,0,"{""size"":88,""kernel_id"":5,""code_object_id"":1,""kernel_name"":""__amd_rocclr_initHeap.kd"",""kernel_object"":126058599047936,""kernarg_segment_size"":24,""kernarg_segment_alignment"":16,""group_segment_size"":0,""private_segment_size"":0,""sgpr_count"":128,""arch_vgpr_count"":16,""accum_vgpr_count"":0,""kernel_code_entry_byte_offset"":16896,""kernel_address"":{""handle"":126058599064832},""formatted_kernel_name"":""__amd_rocclr_initHeap"",""demangled_kernel_name"":""__amd_rocclr_initHeap.kd"",""truncated_kernel_name"":""__amd_rocclr_initHeap.kd""}"
6,00003c59-a9c1-79c1-bb2d-49dc347960f4,1655282045,1258330,1,__amd_rocclr_copyBufferAligned.kd,__amd_rocclr_copyBufferAligned,126058599047104,304,16,0,0,128,8,0,"{""size"":88,""kernel_id"":6,""code_object_id"":1,""kernel_name"":""__amd_rocclr_copyBufferAligned.kd"",""kernel_object"":126058599047104,""kernarg_segment_size"":304,""kernarg_segment_alignment"":16,""group_segment_size"":0,""private_segment_size"":0,""sgpr_count"":128,""arch_vgpr_count"":8,""accum_vgpr_count"":0,""kernel_code_entry_byte_offset"":8256,""kernel_address"":{""handle"":126058599055360},""formatted_kernel_name"":""__amd_rocclr_copyBufferAligned"",""demangled_kernel_name"":""__amd_rocclr_copyBufferAligned.kd"",""truncated_kernel_name"":""__amd_rocclr_copyBufferAligned.kd""}"
7,00003c59-a9c1-79c1-bb2d-49dc347960f4,1655282045,1258330,1,__amd_rocclr_copyBufferRectAligned.kd,__amd_rocclr_copyBufferRectAligned,126058599047232,384,16,0,0,128,16,0,"{""size"":88,""kernel_id"":7,""code_object_id"":1,""kernel_name"":""__amd_rocclr_copyBufferRectAligned.kd"",""kernel_object"":126058599047232,""kernarg_segment_size"":384,""kernarg_segment_alignment"":16,""group_segment_size"":0,""private_segment_size"":0,""sgpr_count"":128,""arch_vgpr_count"":16,""accum_vgpr_count"":0,""kernel_code_entry_byte_offset"":9152,""kernel_address"":{""handle"":126058599056384},""formatted_kernel_name"":""__amd_rocclr_copyBufferRectAligned"",""demangled_kernel_name"":""__amd_rocclr_copyBufferRectAligned.kd"",""truncated_kernel_name"":""__amd_rocclr_copyBufferRectAligned.kd""}"
8,00003c59-a9c1-79c1-bb2d-49dc347960f4,1655282045,1258330,1,__amd_rocclr_batchMemOp.kd,__amd_rocclr_batchMemOp,126058599047296,272,16,0,0,128,8,0,"{""size"":88,""kernel_id"":8,""code_object_id"":1,""kernel_name"":""__amd_rocclr_batchMemOp.kd"",""kernel_object"":126058599047296,""kernarg_segment_size"":272,""kernarg_segment_alignment"":16,""group_segment_size"":0,""private_segment_size"":0,""sgpr_count"":128,""arch_vgpr_count"":8,""accum_vgpr_count"":0,""kernel_code_entry_byte_offset"":9856,""kernel_address"":{""handle"":126058599057152},""formatted_kernel_name"":""__amd_rocclr_batchMemOp"",""demangled_kernel_name"":""__amd_rocclr_batchMemOp.kd"",""truncated_kernel_name"":""__amd_rocclr_batchMemOp.kd""}"
9,00003c59-a9c1-79c1-bb2d-49dc347960f4,1655282045,1258330,1,__amd_rocclr_fillImage.kd,__amd_rocclr_fillImage,126058599047360,360,16,0,0,128,16,0,"{""size"":88,""kernel_id"":9,""code_object_id"":1,""kernel_name"":""__amd_rocclr_fillImage.kd"",""kernel_object"":126058599047360,""kernarg_segment_size"":360,""kernarg_segment_alignment"":16,""group_segment_size"":0,""private_segment_size"":0,""sgpr_count"":128,""arch_vgpr_count"":16,""accum_vgpr_count"":0,""kernel_code_entry_byte_offset"":11584,""kernel_address"":{""handle"":126058599058944},""formatted_kernel_name"":""__amd_rocclr_fillImage"",""demangled_kernel_name"":""__amd_rocclr_fillImage.kd"",""truncated_kernel_name"":""__amd_rocclr_fillImage.kd""}"
10,00003c59-a9c1-79c1-bb2d-49dc347960f4,1655282045,1258330,1,__amd_rocclr_copyBufferRect.kd,__amd_rocclr_copyBufferRect,126058599047168,384,16,0,0,128,16,0,"{""size"":88,""kernel_id"":10,""code_object_id"":1,""kernel_name"":""__amd_rocclr_copyBufferRect.kd"",""kernel_object"":126058599047168,""kernarg_segment_size"":384,""kernarg_segment_alignment"":16,""group_segment_size"":0,""private_segment_size"":0,""sgpr_count"":128,""arch_vgpr_count"":16,""accum_vgpr_count"":0,""kernel_code_entry_byte_offset"":8704,""kernel_address"":{""handle"":126058599055872},""formatted_kernel_name"":""__amd_rocclr_copyBufferRect"",""demangled_kernel_name"":""__amd_rocclr_copyBufferRect.kd"",""truncated_kernel_name"":""__amd_rocclr_copyBufferRect.kd""}"
11,00003c59-a9c1-79c1-bb2d-49dc347960f4,1655282045,1258330,1,__amd_rocclr_copyImage.kd,__amd_rocclr_copyImage,126058599047424,320,16,0,0,128,8,0,"{""size"":88,""kernel_id"":11,""code_object_id"":1,""kernel_name"":""__amd_rocclr_copyImage.kd"",""kernel_object"":126058599047424,""kernarg_segment_size"":320,""kernarg_segment_alignment"":16,""group_segment_size"":0,""private_segment_size"":0,""sgpr_count"":128,""arch_vgpr_count"":8,""accum_vgpr_count"":0,""kernel_code_entry_byte_offset"":12288,""kernel_address"":{""handle"":126058599059712},""formatted_kernel_name"":""__amd_rocclr_copyImage"",""demangled_kernel_name"":""__amd_rocclr_copyImage.kd"",""truncated_kernel_name"":""__amd_rocclr_copyImage.kd""}"
12,00003c59-a9c1-79c1-bb2d-49dc347960f4,1655282045,1258330,1,__amd_rocclr_copyImage1DA.kd,__amd_rocclr_copyImage1DA,126058599047488,320,16,0,0,128,8,0,"{""size"":88,""kernel_id"":12,""code_object_id"":1,""kernel_name"":""__amd_rocclr_copyImage1DA.kd"",""kernel_object"":126058599047488,""kernarg_segment_size"":320,""kernarg_segment_alignment"":16,""group_segment_size"":0,""private_segment_size"":0,""sgpr_count"":128,""arch_vgpr_count"":8,""accum_vgpr_count"":0,""kernel_code_entry_byte_offset"":12736,""kernel_address"":{""handle"":126058599060224},""formatted_kernel_name"":""__amd_rocclr_copyImage1DA"",""demangled_kernel_name"":""__amd_rocclr_copyImage1DA.kd"",""truncated_kernel_name"":""__amd_rocclr_copyImage1DA.kd""}"
13,00003c59-a9c1-79c1-bb2d-49dc347960f4,1655282045,1258330,1,__amd_rocclr_streamOpsWrite.kd,__amd_rocclr_streamOpsWrite,126058599047680,24,16,0,0,128,8,0,"{""size"":88,""kernel_id"":13,""code_object_id"":1,""kernel_name"":""__amd_rocclr_streamOpsWrite.kd"",""kernel_object"":126058599047680,""kernarg_segment_size"":24,""kernarg_segment_alignment"":16,""group_segment_size"":0,""private_segment_size"":0,""sgpr_count"":128,""arch_vgpr_count"":8,""accum_vgpr_count"":0,""kernel_code_entry_byte_offset"":15616,""kernel_address"":{""handle"":126058599063296},""formatted_kernel_name"":""__amd_rocclr_streamOpsWrite"",""demangled_kernel_name"":""__amd_rocclr_streamOpsWrite.kd"",""truncated_kernel_name"":""__amd_rocclr_streamOpsWrite.kd""}"
14,00003c59-a9c1-79c1-bb2d-49dc347960f4,1655282045,1258330,1,__amd_rocclr_fillBufferAligned.kd,__amd_rocclr_fillBufferAligned,126058599046912,40,16,0,0,128,16,0,"{""size"":88,""kernel_id"":14,""code_object_id"":1,""kernel_name"":""__amd_rocclr_fillBufferAligned.kd"",""kernel_object"":126058599046912,""kernarg_segment_size"":40,""kernarg_segment_alignment"":16,""group_segment_size"":0,""private_segment_size"":0,""sgpr_count"":128,""arch_vgpr_count"":16,""accum_vgpr_count"":0,""kernel_code_entry_byte_offset"":5376,""kernel_address"":{""handle"":126058599052288},""formatted_kernel_name"":""__amd_rocclr_fillBufferAligned"",""demangled_kernel_name"":""__amd_rocclr_fillBufferAligned.kd"",""truncated_kernel_name"":""__amd_rocclr_fillBufferAligned.kd""}"
15,00003c59-a9c1-79c1-bb2d-49dc347960f4,1655282045,1258330,1,__amd_rocclr_copyBufferToImage.kd,__amd_rocclr_copyBufferToImage,126058599047552,416,16,0,0,128,16,0,"{""size"":88,""kernel_id"":15,""code_object_id"":1,""kernel_name"":""__amd_rocclr_copyBufferToImage.kd"",""kernel_object"":126058599047552,""kernarg_segment_size"":416,""kernarg_segment_alignment"":16,""group_segment_size"":0,""private_segment_size"":0,""sgpr_count"":128,""arch_vgpr_count"":16,""accum_vgpr_count"":0,""kernel_code_entry_byte_offset"":13184,""kernel_address"":{""handle"":126058599060736},""formatted_kernel_name"":""__amd_rocclr_copyBufferToImage"",""demangled_kernel_name"":""__amd_rocclr_copyBufferToImage.kd"",""truncated_kernel_name"":""__amd_rocclr_copyBufferToImage.kd""}"
16,00003c59-a9c1-79c1-bb2d-49dc347960f4,1655282045,1258330,1,__amd_rocclr_fillBufferAligned2D.kd,__amd_rocclr_fillBufferAligned2D,126058599046976,336,16,0,0,128,8,0,"{""size"":88,""kernel_id"":16,""code_object_id"":1,""kernel_name"":""__amd_rocclr_fillBufferAligned2D.kd"",""kernel_object"":126058599046976,""kernarg_segment_size"":336,""kernarg_segment_alignment"":16,""group_segment_size"":0,""private_segment_size"":0,""sgpr_count"":128,""arch_vgpr_count"":8,""accum_vgpr_count"":0,""kernel_code_entry_byte_offset"":6848,""kernel_address"":{""handle"":126058599053824},""formatted_kernel_name"":""__amd_rocclr_fillBufferAligned2D"",""demangled_kernel_name"":""__amd_rocclr_fillBufferAligned2D.kd"",""truncated_kernel_name"":""__amd_rocclr_fillBufferAligned2D.kd""}"
17,00003c59-a9c1-79c1-bb2d-49dc347960f4,1655282045,1258330,1,__amd_rocclr_copyImageToBuffer.kd,__amd_rocclr_copyImageToBuffer,126058599047616,416,16,0,0,128,16,0,"{""size"":88,""kernel_id"":17,""code_object_id"":1,""kernel_name"":""__amd_rocclr_copyImageToBuffer.kd"",""kernel_object"":126058599047616,""kernarg_segment_size"":416,""kernarg_segment_alignment"":16,""group_segment_size"":0,""private_segment_size"":0,""sgpr_count"":128,""arch_vgpr_count"":16,""accum_vgpr_count"":0,""kernel_code_entry_byte_offset"":14400,""kernel_address"":{""handle"":126058599062016},""formatted_kernel_name"":""__amd_rocclr_copyImageToBuffer"",""demangled_kernel_name"":""__amd_rocclr_copyImageToBuffer.kd"",""truncated_kernel_name"":""__amd_rocclr_copyImageToBuffer.kd""}"
18,00003c59-a9c1-79c1-bb2d-49dc347960f4,1655282045,1258330,2,gemm_gate_up_mq4g256_lloyd_wmma.kd,gemm_gate_up_mq4g256_lloyd_wmma,126058598893504,56,16,512,0,128,96,0,"{""size"":88,""kernel_id"":18,""code_object_id"":2,""kernel_name"":""gemm_gate_up_mq4g256_lloyd_wmma.kd"",""kernel_object"":126058598893504,""kernarg_segment_size"":56,""kernarg_segment_alignment"":16,""group_segment_size"":512,""private_segment_size"":0,""sgpr_count"":128,""arch_vgpr_count"":96,""accum_vgpr_count"":0,""kernel_code_entry_byte_offset"":4160,""kernel_address"":{""handle"":126058598897664},""formatted_kernel_name"":""gemm_gate_up_mq4g256_lloyd_wmma"",""demangled_kernel_name"":""gemm_gate_up_mq4g256_lloyd_wmma.kd"",""truncated_kernel_name"":""gemm_gate_up_mq4g256_lloyd_wmma.kd""}"
19,00003c59-a9c1-79c1-bb2d-49dc347960f4,1655282045,1258330,3,gemm_hfq4g256_residual_fp16.kd,gemm_hfq4g256_residual_fp16,126058598812160,36,16,0,0,128,104,0,"{""size"":88,""kernel_id"":19,""code_object_id"":3,""kernel_name"":""gemm_hfq4g256_residual_fp16.kd"",""kernel_object"":126058598812160,""kernarg_segment_size"":36,""kernarg_segment_alignment"":16,""group_segment_size"":0,""private_segment_size"":0,""sgpr_count"":128,""arch_vgpr_count"":104,""accum_vgpr_count"":0,""kernel_code_entry_byte_offset"":4608,""kernel_address"":{""handle"":126058598816768},""formatted_kernel_name"":""gemm_hfq4g256_residual_fp16"",""demangled_kernel_name"":""gemm_hfq4g256_residual_fp16.kd"",""truncated_kernel_name"":""gemm_hfq4g256_residual_fp16.kd""}"
20,00003c59-a9c1-79c1-bb2d-49dc347960f4,1655282045,1258330,3,convert_f32_to_f16.kd,convert_f32_to_f16,126058598812096,20,16,0,0,128,8,0,"{""size"":88,""kernel_id"":20,""code_object_id"":3,""kernel_name"":""convert_f32_to_f16.kd"",""kernel_object"":126058598812096,""kernarg_segment_size"":20,""kernarg_segment_alignment"":16,""group_segment_size"":0,""private_segment_size"":0,""sgpr_count"":128,""arch_vgpr_count"":8,""accum_vgpr_count"":0,""kernel_code_entry_byte_offset"":4416,""kernel_address"":{""handle"":126058598816512},""formatted_kernel_name"":""convert_f32_to_f16"",""demangled_kernel_name"":""convert_f32_to_f16.kd"",""truncated_kernel_name"":""convert_f32_to_f16.kd""}"
21,00003c59-a9c1-79c1-bb2d-49dc347960f4,1655282045,1258330,4,gemm_gate_up_mq4g256_lloyd_wmma.kd,gemm_gate_up_mq4g256_lloyd_wmma,126058587146176,56,16,512,0,128,96,0,"{""size"":88,""kernel_id"":21,""code_object_id"":4,""kernel_name"":""gemm_gate_up_mq4g256_lloyd_wmma.kd"",""kernel_object"":126058587146176,""kernarg_segment_size"":56,""kernarg_segment_alignment"":16,""group_segment_size"":512,""private_segment_size"":0,""sgpr_count"":128,""arch_vgpr_count"":96,""accum_vgpr_count"":0,""kernel_code_entry_byte_offset"":4160,""kernel_address"":{""handle"":126058587150336},""formatted_kernel_name"":""gemm_gate_up_mq4g256_lloyd_wmma"",""demangled_kernel_name"":""gemm_gate_up_mq4g256_lloyd_wmma.kd"",""truncated_kernel_name"":""gemm_gate_up_mq4g256_lloyd_wmma.kd""}"
22,00003c59-a9c1-79c1-bb2d-49dc347960f4,1655282045,1258330,5,gemm_hfq4g256_residual_fp16.kd,gemm_hfq4g256_residual_fp16,126058587064832,36,16,0,0,128,104,0,"{""size"":88,""kernel_id"":22,""code_object_id"":5,""kernel_name"":""gemm_hfq4g256_residual_fp16.kd"",""kernel_object"":126058587064832,""kernarg_segment_size"":36,""kernarg_segment_alignment"":16,""group_segment_size"":0,""private_segment_size"":0,""sgpr_count"":128,""arch_vgpr_count"":104,""accum_vgpr_count"":0,""kernel_code_entry_byte_offset"":4608,""kernel_address"":{""handle"":126058587069440},""formatted_kernel_name"":""gemm_hfq4g256_residual_fp16"",""demangled_kernel_name"":""gemm_hfq4g256_residual_fp16.kd"",""truncated_kernel_name"":""gemm_hfq4g256_residual_fp16.kd""}"
23,00003c59-a9c1-79c1-bb2d-49dc347960f4,1655282045,1258330,5,convert_f32_to_f16.kd,convert_f32_to_f16,126058587064768,20,16,0,0,128,8,0,"{""size"":88,""kernel_id"":23,""code_object_id"":5,""kernel_name"":""convert_f32_to_f16.kd"",""kernel_object"":126058587064768,""kernarg_segment_size"":20,""kernarg_segment_alignment"":16,""group_segment_size"":0,""private_segment_size"":0,""sgpr_count"":128,""arch_vgpr_count"":8,""accum_vgpr_count"":0,""kernel_code_entry_byte_offset"":4416,""kernel_address"":{""handle"":126058587069184},""formatted_kernel_name"":""convert_f32_to_f16"",""demangled_kernel_name"":""convert_f32_to_f16.kd"",""truncated_kernel_name"":""convert_f32_to_f16.kd""}"
24,00003c59-a9c1-79c1-bb2d-49dc347960f4,1655282045,1258330,6,gemm_gate_up_mq4g256_lloyd_wmma.kd,gemm_gate_up_mq4g256_lloyd_wmma,126058586982336,56,16,512,0,128,96,0,"{""size"":88,""kernel_id"":24,""code_object_id"":6,""kernel_name"":""gemm_gate_up_mq4g256_lloyd_wmma.kd"",""kernel_object"":126058586982336,""kernarg_segment_size"":56,""kernarg_segment_alignment"":16,""group_segment_size"":512,""private_segment_size"":0,""sgpr_count"":128,""arch_vgpr_count"":96,""accum_vgpr_count"":0,""kernel_code_entry_byte_offset"":4160,""kernel_address"":{""handle"":126058586986496},""formatted_kernel_name"":""gemm_gate_up_mq4g256_lloyd_wmma"",""demangled_kernel_name"":""gemm_gate_up_mq4g256_lloyd_wmma.kd"",""truncated_kernel_name"":""gemm_gate_up_mq4g256_lloyd_wmma.kd""}"
25,00003c59-a9c1-79c1-bb2d-49dc347960f4,1655282045,1258330,7,gemm_hfq4g256_residual_fp16.kd,gemm_hfq4g256_residual_fp16,126058586900992,36,16,0,0,128,104,0,"{""size"":88,""kernel_id"":25,""code_object_id"":7,""kernel_name"":""gemm_hfq4g256_residual_fp16.kd"",""kernel_object"":126058586900992,""kernarg_segment_size"":36,""kernarg_segment_alignment"":16,""group_segment_size"":0,""private_segment_size"":0,""sgpr_count"":128,""arch_vgpr_count"":104,""accum_vgpr_count"":0,""kernel_code_entry_byte_offset"":4608,""kernel_address"":{""handle"":126058586905600},""formatted_kernel_name"":""gemm_hfq4g256_residual_fp16"",""demangled_kernel_name"":""gemm_hfq4g256_residual_fp16.kd"",""truncated_kernel_name"":""gemm_hfq4g256_residual_fp16.kd""}"
26,00003c59-a9c1-79c1-bb2d-49dc347960f4,1655282045,1258330,7,convert_f32_to_f16.kd,convert_f32_to_f16,126058586900928,20,16,0,0,128,8,0,"{""size"":88,""kernel_id"":26,""code_object_id"":7,""kernel_name"":""convert_f32_to_f16.kd"",""kernel_object"":126058586900928,""kernarg_segment_size"":20,""kernarg_segment_alignment"":16,""group_segment_size"":0,""private_segment_size"":0,""sgpr_count"":128,""arch_vgpr_count"":8,""accum_vgpr_count"":0,""kernel_code_entry_byte_offset"":4416,""kernel_address"":{""handle"":126058586905344},""formatted_kernel_name"":""convert_f32_to_f16"",""demangled_kernel_name"":""convert_f32_to_f16.kd"",""truncated_kernel_name"":""convert_f32_to_f16.kd""}"

=== TABLE: rocpd_info_pmc ===id,guid,nid,pid,agent_id,target_arch,event_code,instance_id,name,symbol,description,long_description,component,units,value_type,block,expression,is_constant,is_derived,extdata
2636,00003c59-a9c1-79c1-bb2d-49dc347960f4,1655282045,1258330,1,GPU,,,SFetchInsts,SFetchInsts,"The average number of scalar fetch instructions from the video memory executed per work-item (affected by flow control).","",rocm,"",ABS,"","reduce(SQ_INSTS_SMEM,sum)/reduce(SQ_WAVES,sum)",0,1,"{""size"":312,""id"":{""handle"":5943},""type"":2,""cpu_cores_count"":0,""simd_count"":80,""mem_banks_count"":1,""caches_count"":86,""io_links_count"":1,""cpu_core_id_base"":0,""simd_id_base"":2147487744,""max_waves_per_simd"":16,""lds_size_in_kb"":64,""gds_size_in_kb"":0,""num_gws"":64,""wave_front_size"":32,""num_xcc"":1,""cu_count"":40,""array_count"":4,""num_shader_banks"":2,""simd_arrays_per_engine"":2,""cu_per_simd_array"":10,""simd_per_cu"":2,""max_slots_scratch_cu"":32,""gfx_target_version"":110501,""vendor_id"":4098,""device_id"":5510,""location_id"":50432,""domain"":0,""drm_render_minor"":128,""num_sdma_engines"":1,""num_sdma_xgmi_engines"":0,""num_sdma_queues_per_engine"":6,""num_cp_queues"":8,""max_engine_clk_ccompute"":5187,""max_engine_clk_fcompute"":2900,""sdma_fw_version"":{""uCodeSDMA"":14,""uCodeRes"":0},""fw_version"":{""uCode"":32,""Major"":0,""Minor"":0,""Stepping"":0},""capability"":{""HotPluggable"":0,""HSAMMUPresent"":0,""SharedWithGraphics"":0,""QueueSizePowerOfTwo"":0,""QueueSize32bit"":0,""QueueIdleEvent"":0,""VALimit"":0,""WatchPointsSupported"":1,""WatchPointsTotalBits"":2,""DoorbellType"":2,""AQLQueueDoubleMap"":0,""DebugTrapSupported"":1,""WaveLaunchTrapOverrideSupported"":1,""WaveLaunchModeSupported"":1,""PreciseMemoryOperationsSupported"":0,""DEPRECATED_SRAM_EDCSupport"":0,""Mem_EDCSupport"":0,""RASEventNotify"":0,""ASICRevision"":0,""SRAM_EDCSupport"":0,""SVMAPISupported"":1,""CoherentHostAccess"":0,""DebugSupportedFirmware"":1},""cu_per_engine"":20,""max_waves_per_cu"":32,""family_id"":150,""workgroup_max_size"":1024,""grid_max_size"":4294967295,""local_mem_size"":0,""hive_id"":0,""gpu_id"":35128,""workgroup_max_dim"":{""x"":1024,""y"":1024,""z"":1024},""grid_max_dim"":{""x"":2147483647,""y"":65535,""z"":65535},""name"":""gfx1151"",""vendor_name"":""AMD"",""product_name"":""Radeon 8060S Graphics"",""model_name"":""ip discovery"",""node_id"":1,""logical_node_id"":1,""logical_node_type_id"":0,""runtime_visibility"":{""hsa"":1,""hip"":1,""rccl"":1,""rocdecode"":1},""uuid"":{""bytes"":{""value0"":0,""value1"":0,""value2"":0,""value3"":0,""value4"":0,""value5"":0,""value6"":0,""value7"":0,""value8"":0,""value9"":0,""value10"":0,""value11"":0,""value12"":0,""value13"":0,""value14"":0,""value15"":0}},""mem_banks"":[{""heap_type"":1,""flags"":{""HotPluggable"":0,""NonVolatile"":0},""width"":256,""mem_clk_max"":1000,""size_in_bytes"":137438953472}],""caches"":[{""processor_id_low"":2147487744,""size"":32,""level"":1,""cache_line_size"":128,""cache_lines_per_tag"":0,""association"":0,""latency"":0,""type"":{""Data"":1,""Instruction"":0,""CPU"":0,""HSACU"":1}},{""processor_id_low"":2147487745,""size"":32,""level"":1,""cache_line_size"":128,""cache_lines_per_tag"":0,""association"":0,""latency"":0,""type"":{""Data"":1,""Instruction"":0,""CPU"":0,""HSACU"":1}},{""processor_id_low"":2147487746,""size"":32,""level"":1,""cache_line_size"":128,""cache_lines_per_tag"":0,""association"":0,""latency"":0,""type"":{""Data"":1,""Instruction"":0,""CPU"":0,""HSACU"":1}},{""processor_id_low"":2147487747,""size"":32,""level"":1,""cache_line_size"":128,""cache_lines_per_tag"":0,""association"":0,""latency"":0,""type"":{""Data"":1,""Instruction"":0,""CPU"":0,""HSACU"":1}},{""processor_id_low"":2147487748,""size"":32,""level"":1,""cache_line_size"":128,""cache_lines_per_tag"":0,""association"":0,""latency"":0,""type"":{""Data"":1,""Instruction"":0,""CPU"":0,""HSACU"":1}},{""processor_id_low"":2147487749,""size"":32,""level"":1,""cache_line_size"":128,""cache_lines_per_tag"":0,""association"":0,""latency"":0,""type"":{""Data"":1,""Instruction"":0,""CPU"":0,""HSACU"":1}},{""processor_id_low"":2147487750,""size"":32,""level"":1,""cache_line_size"":128,""cache_lines_per_tag"":0,""association"":0,""latency"":0,""type"":{""Data"":1,""Instruction"":0,""CPU"":0,""HSACU"":1}},{""processor_id_low"":2147487751,""size"":32,""level"":1,""cache_line_size"":128,""cache_lines_per_tag"":0,""association"":0,""latency"":0,""type"":{""Data"":1,""Instruction"":0,""CPU"":0,""HSACU"":1}},{""processor_id_low"":2147487752,""size"":32,""level"":1,""cache_line_size"":128,""cache_lines_per_tag"":0,""association"":0,""latency"":0,""type"":{""Data"":1,""Instruction"":0,""CPU"":0,""HSACU"":1}},{""processor_id_low"":2147487753,""size"":32,""level"":1,""cache_line_size"":128,""cache_lines_per_tag"":0,""association"":0,""latency"":0,""type"":{""Data"":1,""Instruction"":0,""CPU"":0,""HSACU"":1}},{""processor_id_low"":2147487754,""size"":32,""level"":1,""cache_line_size"":128,""cache_lines_per_tag"":0,""association"":0,""latency"":0,""type"":{""Data"":1,""Instruction"":0,""CPU"":0,""HSACU"":1}},{""processor_id_low"":2147487755,""size"":32,""level"":1,""cache_line_size"":128,""cache_lines_per_tag"":0,""association"":0,""latency"":0,""type"":{""Data"":1,""Instruction"":0,""CPU"":0,""HSACU"":1}},{""processor_id_low"":2147487756,""size"":32,""level"":1,""cache_line_size"":128,""cache_lines_per_tag"":0,""association"":0,""latency"":0,""type"":{""Data"":1,""Instruction"":0,""CPU"":0,""HSACU"":1}},{""processor_id_low"":2147487757,""size"":32,""level"":1,""cache_line_size"":128,""cache_lines_per_tag"":0,""association"":0,""latency"":0,""type"":{""Data"":1,""Instruction"":0,""CPU"":0,""HSACU"":1}},{""processor_id_low"":2147487758,""size"":32,""level"":1,""cache_line_size"":128,""cache_lines_per_tag"":0,""association"":0,""latency"":0,""type"":{""Data"":1,""Instruction"":0,""CPU"":0,""HSACU"":1}},{""processor_id_low"":2147487759,""size"":32,""level"":1,""cache_line_size"":128,""cache_lines_per_tag"":0,""association"":0,""latency"":0,""type"":{""Data"":1,""Instruction"":0,""CPU"":0,""HSACU"":1}},{""processor_id_low"":2147487760,""size"":32,""level"":1,""cache_line_size"":128,""cache_lines_per_tag"":0,""association"":0,""latency"":0,""type"":{""Data"":1,""Instruction"":0,""CPU"":0,""HSACU"":1}},{""processor_id_low"":2147487761,""size"":32,""level"":1,""cache_line_size"":128,""cache_lines_per_tag"":0,""association"":0,""latency"":0,""type"":{""Data"":1,""Instruction"":0,""CPU"":0,""HSACU"":1}},{""processor_id_low"":2147487762,""size"":32,""level"":1,""cache_line_size"":128,""cache_lines_per_tag"":0,""association"":0,""latency"":0,""type"":{""Data"":1,""Instruction"":0,""CPU"":0,""HSACU"":1}},{""processor_id_low"":2147487763,""size"":32,""level"":1,""cache_line_size"":128,""cache_lines_per_tag"":0,""association"":0,""latency"":0,""type"":{""Data"":1,""Instruction"":0,""CPU"":0,""HSACU"":1}},{""processor_id_low"":2147487764,""size"":32,""level"":1,""cache_line_size"":128,""cache_lines_per_tag"":0,""association"":0,""latency"":0,""type"":{""Data"":1,""Instruction"":0,""CPU"":0,""HSACU"":1}},{""processor_id_low"":2147487765,""size"":32,""level"":1,""cache_line_size"":128,""cache_lines_per_tag"":0,""association"":0,""latency"":0,""type"":{""Data"":1,""Instruction"":0,""CPU"":0,""HSACU"":1}},{""processor_id_low"":2147487766,""size"":32,""level"":1,""cache_line_size"":128,""cache_lines_per_tag"":0,""association"":0,""latency"":0,""type"":{""Data"":1,""Instruction"":0,""CPU"":0,""HSACU"":1}},{""processor_id_low"":2147487767,""size"":32,""level"":1,""cache_line_size"":128,""cache_lines_per_tag"":0,""association"":0,""latency"":0,""type"":{""Data"":1,""Instruction"":0,""CPU"":0,""HSACU"":1}},{""processor_id_low"":2147487768,""size"":32,""level"":1,""cache_line_size"":128,""cache_lines_per_tag"":0,""association"":0,""latency"":0,""type"":{""Data"":1,""Instruction"":0,""CPU"":0,""HSACU"":1}},{""processor_id_low"":2147487769,""size"":32,""level"":1,""cache_line_size"":128,""cache_lines_per_tag"":0,""association"":0,""latency"":0,""type"":{""Data"":1,""Instruction"":0,""CPU"":0,""HSACU"":1}},{""processor_id_low"":2147487770,""size"":32,""level"":1,""cache_line_size"":128,""cache_lines_per_tag"":0,""association"":0,""latency"":0,""type"":{""Data"":1,""Instruction"":0,""CPU"":0,""HSACU"":1}},{""processor_id_low"":2147487771,""size"":32,""level"":1,""cache_line_size"":128,""cache_lines_per_tag"":0,""association"":0,""latency"":0,""type"":{""Data"":1,""Instruction"":0,""CPU"":0,""HSACU"":1}},{""processor_id_low"":2147487772,""size"":32,""level"":1,""cache_line_size"":128,""cache_lines_per_tag"":0,""association"":0,""latency"":0,""type"":{""Data"":1,""Instruction"":0,""CPU"":0,""HSACU"":1}},{""processor_id_low"":2147487773,""size"":32,""level"":1,""cache_line_size"":128,""cache_lines_per_tag"":0,""association"":0,""latency"":0,""type"":{""Data"":1,""Instruction"":0,""CPU"":0,""HSACU"":1}},{""processor_id_low"":2147487774,""size"":32,""level"":1,""cache_line_size"":128,""cache_lines_per_tag"":0,""association"":0,""latency"":0,""type"":{""Data"":1,""Instruction"":0,""CPU"":0,""HSACU"":1}},{""processor_id_low"":2147487775,""size"":32,""level"":1,""cache_line_size"":128,""cache_lines_per_tag"":0,""association"":0,""latency"":0,""type"":{""Data"":1,""Instruction"":0,""CPU"":0,""HSACU"":1}},{""processor_id_low"":2147487776,""size"":32,""level"":1,""cache_line_size"":128,""cache_lines_per_tag"":0,""association"":0,""latency"":0,""type"":{""Data"":1,""Instruction"":0,""CPU"":0,""HSACU"":1}},{""processor_id_low"":2147487777,""size"":32,""level"":1,""cache_line_size"":128,""cache_lines_per_tag"":0,""association"":0,""latency"":0,""type"":{""Data"":1,""Instruction"":0,""CPU"":0,""HSACU"":1}},{""processor_id_low"":2147487778,""size"":32,""level"":1,""cache_line_size"":128,""cache_lines_per_tag"":0,""association"":0,""latency"":0,""type"":{""Data"":1,""Instruction"":0,""CPU"":0,""HSACU"":1}},{""processor_id_low"":2147487779,""size"":32,""level"":1,""cache_line_size"":128,""cache_lines_per_tag"":0,""association"":0,""latency"":0,""type"":{""Data"":1,""Instruction"":0,""CPU"":0,""HSACU"":1}},{""processor_id_low"":2147487780,""size"":32,""level"":1,""cache_line_size"":128,""cache_lines_per_tag"":0,""association"":0,""latency"":0,""type"":{""Data"":1,""Instruction"":0,""CPU"":0,""HSACU"":1}},{""processor_id_low"":2147487781,""size"":32,""level"":1,""cache_line_size"":128,""cache_lines_per_tag"":0,""association"":0,""latency"":0,""type"":{""Data"":1,""Instruction"":0,""CPU"":0,""HSACU"":1}},{""processor_id_low"":2147487782,""size"":32,""level"":1,""cache_line_size"":128,""cache_lines_per_tag"":0,""association"":0,""latency"":0,""type"":{""Data"":1,""Instruction"":0,""CPU"":0,""HSACU"":1}},{""processor_id_low"":2147487783,""size"":32,""level"":1,""cache_line_size"":128,""cache_lines_per_tag"":0,""association"":0,""latency"":0,""type"":{""Data"":1,""Instruction"":0,""CPU"":0,""HSACU"":1}},{""processor_id_low"":2147487744,""size"":32,""level"":1,""cache_line_size"":128,""cache_lines_per_tag"":0,""association"":0,""latency"":0,""type"":{""Data"":0,""Instruction"":1,""CPU"":0,""HSACU"":1}},{""processor_id_low"":2147487746,""size"":32,""level"":1,""cache_line_size"":128,""cache_lines_per_tag"":0,""association"":0,""latency"":0,""type"":{""Data"":0,""Instruction"":1,""CPU"":0,""HSACU"":1}},{""processor_id_low"":2147487748,""size"":32,""level"":1,""cache_line_size"":128,""cache_lines_per_tag"":0,""association"":0,""latency"":0,""type"":{""Data"":0,""Instruction"":1,""CPU"":0,""HSACU"":1}},{""processor_id_low"":2147487750,""size"":32,""level"":1,""cache_line_size"":128,""cache_lines_per_tag"":0,""association"":0,""latency"":0,""type"":{""Data"":0,""Instruction"":1,""CPU"":0,""HSACU"":1}},{""processor_id_low"":2147487752,""size"":32,""level"":1,""cache_line_size"":128,""cache_lines_per_tag"":0,""association"":0,""latency"":0,""type"":{""Data"":0,""Instruction"":1,""CPU"":0,""HSACU"":1}},{""processor_id_low"":2147487754,""size"":32,""level"":1,""cache_line_size"":128,""cache_lines_per_tag"":0,""association"":0,""latency"":0,""type"":{""Data"":0,""Instruction"":1,""CPU"":0,""HSACU"":1}},{""processor_id_low"":2147487756,""size"":32,""level"":1,""cache_line_size"":128,""cache_lines_per_tag"":0,""association"":0,""latency"":0,""type"":{""Data"":0,""Instruction"":1,""CPU"":0,""HSACU"":1}},{""processor_id_low"":2147487758,""size"":32,""level"":1,""cache_line_size"":128,""cache_lines_per_tag"":0,""association"":0,""latency"":0,""type"":{""Data"":0,""Instruction"":1,""CPU"":0,""HSACU"":1}},{""processor_id_low"":2147487760,""size"":32,""level"":1,""cache_line_size"":128,""cache_lines_per_tag"":0,""association"":0,""latency"":0,""type"":{""Data"":0,""Instruction"":1,""CPU"":0,""HSACU"":1}},{""processor_id_low"":2147487762,""size"":32,""level"":1,""cache_line_size"":128,""cache_lines_per_tag"":0,""association"":0,""latency"":0,""type"":{""Data"":0,""Instruction"":1,""CPU"":0,""HSACU"":1}},{""processor_id_low"":2147487764,""size"":32,""level"":1,""cache_line_size"":128,""cache_lines_per_tag"":0,""association"":0,""latency"":0,""type"":{""Data"":0,""Instruction"":1,""CPU"":0,""HSACU"":1}},{""processor_id_low"":2147487766,""size"":32,""level"":1,""cache_line_size"":128,""cache_lines_per_tag"":0,""association"":0,""latency"":0,""type"":{""Data"":0,""Instruction"":1,""CPU"":0,""HSACU"":1}},{""processor_id_low"":2147487768,""size"":32,""level"":1,""cache_line_size"":128,""cache_lines_per_tag"":0,""association"":0,""latency"":0,""type"":{""Data"":0,""Instruction"":1,""CPU"":0,""HSACU"":1}},{""processor_id_low"":2147487770,""size"":32,""level"":1,""cache_line_size"":128,""cache_lines_per_tag"":0,""association"":0,""latency"":0,""type"":{""Data"":0,""Instruction"":1,""CPU"":0,""HSACU"":1}},{""processor_id_low"":2147487772,""size"":32,""level"":1,""cache_line_size"":128,""cache_lines_per_tag"":0,""association"":0,""latency"":0,""type"":{""Data"":0,""Instruction"":1,""CPU"":0,""HSACU"":1}},{""processor_id_low"":2147487774,""size"":32,""level"":1,""cache_line_size"":128,""cache_lines_per_tag"":0,""association"":0,""latency"":0,""type"":{""Data"":0,""Instruction"":1,""CPU"":0,""HSACU"":1}},{""processor_id_low"":2147487776,""size"":32,""level"":1,""cache_line_size"":128,""cache_lines_per_tag"":0,""association"":0,""latency"":0,""type"":{""Data"":0,""Instruction"":1,""CPU"":0,""HSACU"":1}},{""processor_id_low"":2147487778,""size"":32,""level"":1,""cache_line_size"":128,""cache_lines_per_tag"":0,""association"":0,""latency"":0,""type"":{""Data"":0,""Instruction"":1,""CPU"":0,""HSACU"":1}},{""processor_id_low"":2147487780,""size"":32,""level"":1,""cache_line_size"":128,""cache_lines_per_tag"":0,""association"":0,""latency"":0,""type"":{""Data"":0,""Instruction"":1,""CPU"":0,""HSACU"":1}},{""processor_id_low"":2147487782,""size"":32,""level"":1,""cache_line_size"":128,""cache_lines_per_tag"":0,""association"":0,""latency"":0,""type"":{""Data"":0,""Instruction"":1,""CPU"":0,""HSACU"":1}},{""processor_id_low"":2147487744,""size"":16,""level"":1,""cache_line_size"":64,""cache_lines_per_tag"":0,""association"":0,""latency"":0,""type"":{""Data"":1,""Instruction"":0,""CPU"":0,""HSACU"":1}},{""processor_id_low"":2147487746,""size"":16,""level"":1,""cache_line_size"":64,""cache_lines_per_tag"":0,""association"":0,""latency"":0,""type"":{""Data"":1,""Instruction"":0,""CPU"":0,""HSACU"":1}},{""processor_id_low"":2147487748,""size"":16,""level"":1,""cache_line_size"":64,""cache_lines_per_tag"":0,""association"":0,""latency"":0,""type"":{""Data"":1,""Instruction"":0,""CPU"":0,""HSACU"":1}},{""processor_id_low"":2147487750,""size"":16,""level"":1,""cache_line_size"":64,""cache_lines_per_tag"":0,""association"":0,""latency"":0,""type"":{""Data"":1,""Instruction"":0,""CPU"":0,""HSACU"":1}},{""processor_id_low"":2147487752,""size"":16,""level"":1,""cache_line_size"":64,""cache_lines_per_tag"":0,""association"":0,""latency"":0,""type"":{""Data"":1,""Instruction"":0,""CPU"":0,""HSACU"":1}},{""processor_id_low"":2147487754,""size"":16,""level"":1,""cache_line_size"":64,""cache_lines_per_tag"":0,""association"":0,""latency"":0,""type"":{""Data"":1,""Instruction"":0,""CPU"":0,""HSACU"":1}},{""processor_id_low"":2147487756,""size"":16,""level"":1,""cache_line_size"":64,""cache_lines_per_tag"":0,""association"":0,""latency"":0,""type"":{""Data"":1,""Instruction"":0,""CPU"":0,""HSACU"":1}},{""processor_id_low"":2147487758,""size"":16,""level"":1,""cache_line_size"":64,""cache_lines_per_tag"":0,""association"":0,""latency"":0,""type"":{""Data"":1,""Instruction"":0,""CPU"":0,""HSACU"":1}},{""processor_id_low"":2147487760,""size"":16,""level"":1,""cache_line_size"":64,""cache_lines_per_tag"":0,""association"":0,""latency"":0,""type"":{""Data"":1,""Instruction"":0,""CPU"":0,""HSACU"":1}},{""processor_id_low"":2147487762,""size"":16,""level"":1,""cache_line_size"":64,""cache_lines_per_tag"":0,""association"":0,""latency"":0,""type"":{""Data"":1,""Instruction"":0,""CPU"":0,""HSACU"":1}},{""processor_id_low"":2147487764,""size"":16,""level"":1,""cache_line_size"":64,""cache_lines_per_tag"":0,""association"":0,""latency"":0,""type"":{""Data"":1,""Instruction"":0,""CPU"":0,""HSACU"":1}},{""processor_id_low"":2147487766,""size"":16,""level"":1,""cache_line_size"":64,""cache_lines_per_tag"":0,""association"":0,""latency"":0,""type"":{""Data"":1,""Instruction"":0,""CPU"":0,""HSACU"":1}},{""processor_id_low"":2147487768,""size"":16,""level"":1,""cache_line_size"":64,""cache_lines_per_tag"":0,""association"":0,""latency"":0,""type"":{""Data"":1,""Instruction"":0,""CPU"":0,""HSACU"":1}},{""processor_id_low"":2147487770,""size"":16,""level"":1,""cache_line_size"":64,""cache_lines_per_tag"":0,""association"":0,""latency"":0,""type"":{""Data"":1,""Instruction"":0,""CPU"":0,""HSACU"":1}},{""processor_id_low"":2147487772,""size"":16,""level"":1,""cache_line_size"":64,""cache_lines_per_tag"":0,""association"":0,""latency"":0,""type"":{""Data"":1,""Instruction"":0,""CPU"":0,""HSACU"":1}},{""processor_id_low"":2147487774,""size"":16,""level"":1,""cache_line_size"":64,""cache_lines_per_tag"":0,""association"":0,""latency"":0,""type"":{""Data"":1,""Instruction"":0,""CPU"":0,""HSACU"":1}},{""processor_id_low"":2147487776,""size"":16,""level"":1,""cache_line_size"":64,""cache_lines_per_tag"":0,""association"":0,""latency"":0,""type"":{""Data"":1,""Instruction"":0,""CPU"":0,""HSACU"":1}},{""processor_id_low"":2147487778,""size"":16,""level"":1,""cache_line_size"":64,""cache_lines_per_tag"":0,""association"":0,""latency"":0,""type"":{""Data"":1,""Instruction"":0,""CPU"":0,""HSACU"":1}},{""processor_id_low"":2147487780,""size"":16,""level"":1,""cache_line_size"":64,""cache_lines_per_tag"":0,""association"":0,""latency"":0,""type"":{""Data"":1,""Instruction"":0,""CPU"":0,""HSACU"":1}},{""processor_id_low"":2147487782,""size"":16,""level"":1,""cache_line_size"":64,""cache_lines_per_tag"":0,""association"":0,""latency"":0,""type"":{""Data"":1,""Instruction"":0,""CPU"":0,""HSACU"":1}},{""processor_id_low"":2147487744,""size"":256,""level"":1,""cache_line_size"":128,""cache_lines_per_tag"":0,""association"":0,""latency"":0,""type"":{""Data"":1,""Instruction"":0,""CPU"":0,""HSACU"":1}},{""processor_id_low"":2147487754,""size"":256,""level"":1,""cache_line_size"":128,""cache_lines_per_tag"":0,""association"":0,""latency"":0,""type"":{""Data"":1,""Instruction"":0,""CPU"":0,""HSACU"":1}},{""processor_id_low"":2147487764,""size"":256,""level"":1,""cache_line_size"":128,""cache_lines_per_tag"":0,""association"":0,""latency"":0,""type"":{""Data"":1,""Instruction"":0,""CPU"":0,""HSACU"":1}},{""processor_id_low"":2147487774,""size"":256,""level"":1,""cache_line_size"":128,""cache_lines_per_tag"":0,""association"":0,""latency"":0,""type"":{""Data"":1,""Instruction"":0,""CPU"":0,""HSACU"":1}},{""processor_id_low"":2147487744,""size"":2048,""level"":2,""cache_line_size"":128,""cache_lines_per_tag"":0,""association"":0,""latency"":0,""type"":{""Data"":1,""Instruction"":0,""CPU"":0,""HSACU"":1}},{""processor_id_low"":2147487744,""size"":32768,""level"":3,""cache_line_size"":64,""cache_lines_per_tag"":0,""association"":0,""latency"":0,""type"":{""Data"":1,""Instruction"":0,""CPU"":0,""HSACU"":1}}],""io_links"":[{""type"":2,""version_major"":0,""version_minor"":0,""node_from"":1,""node_to"":0,""weight"":20,""min_latency"":0,""max_latency"":0,""min_bandwidth"":0,""max_bandwidth"":32000,""recommended_transfer_size"":0,""flags"":{""Override"":1,""NonCoherent"":0,""NoAtomics32bit"":0,""NoAtomics64bit"":0,""NoPeerToPeerDMA"":0}}],""gpu_index"":0}"
3217,00003c59-a9c1-79c1-bb2d-49dc347960f4,1655282045,1258330,1,GPU,,,SQ_INSTS_LDS,SQ_INSTS_LDS,"Total number of LDS instructions issued (including FLAT). This value is returned per-SE (aggregate of values in SIMDs in the SE). See AMD ISAs for more information on LDS instructions.","",rocm,"",ABS,SQ,"",0,0,"{""size"":312,""id"":{""handle"":5943},""type"":2,""cpu_cores_count"":0,""simd_count"":80,""mem_banks_count"":1,""caches_count"":86,""io_links_count"":1,""cpu_core_id_base"":0,""simd_id_base"":2147487744,""max_waves_per_simd"":16,""lds_size_in_kb"":64,""gds_size_in_kb"":0,""num_gws"":64,""wave_front_size"":32,""num_xcc"":1,""cu_count"":40,""array_count"":4,""num_shader_banks"":2,""simd_arrays_per_engine"":2,""cu_per_simd_array"":10,""simd_per_cu"":2,""max_slots_scratch_cu"":32,""gfx_target_version"":110501,""vendor_id"":4098,""device_id"":5510,""location_id"":50432,""domain"":0,""drm_render_minor"":128,""num_sdma_engines"":1,""num_sdma_xgmi_engines"":0,""num_sdma_queues_per_engine"":6,""num_cp_queues"":8,""max_engine_clk_ccompute"":5187,""max_engine_clk_fcompute"":2900,""sdma_fw_version"":{""uCodeSDMA"":14,""uCodeRes"":0},""fw_version"":{""uCode"":32,""Major"":0,""Minor"":0,""Stepping"":0},""capability"":{""HotPluggable"":0,""HSAMMUPresent"":0,""SharedWithGraphics"":0,""QueueSizePowerOfTwo"":0,""QueueSize32bit"":0,""QueueIdleEvent"":0,""VALimit"":0,""WatchPointsSupported"":1,""WatchPointsTotalBits"":2,""DoorbellType"":2,""AQLQueueDoubleMap"":0,""DebugTrapSupported"":1,""WaveLaunchTrapOverrideSupported"":1,""WaveLaunchModeSupported"":1,""PreciseMemoryOperationsSupported"":0,""DEPRECATED_SRAM_EDCSupport"":0,""Mem_EDCSupport"":0,""RASEventNotify"":0,""ASICRevision"":0,""SRAM_EDCSupport"":0,""SVMAPISupported"":1,""CoherentHostAccess"":0,""DebugSupportedFirmware"":1},""cu_per_engine"":20,""max_waves_per_cu"":32,""family_id"":150,""workgroup_max_size"":1024,""grid_max_size"":4294967295,""local_mem_size"":0,""hive_id"":0,""gpu_id"":35128,""workgroup_max_dim"":{""x"":1024,""y"":1024,""z"":1024},""grid_max_dim"":{""x"":2147483647,""y"":65535,""z"":65535},""name"":""gfx1151"",""vendor_name"":""AMD"",""product_name"":""Radeon 8060S Graphics"",""model_name"":""ip discovery"",""node_id"":1,""logical_node_id"":1,""logical_node_type_id"":0,""runtime_visibility"":{""hsa"":1,""hip"":1,""rccl"":1,""rocdecode"":1},""uuid"":{""bytes"":{""value0"":0,""value1"":0,""value2"":0,""value3"":0,""value4"":0,""value5"":0,""value6"":0,""value7"":0,""value8"":0,""value9"":0,""value10"":0,""value11"":0,""value12"":0,""value13"":0,""value14"":0,""value15"":0}},""mem_banks"":[{""heap_type"":1,""flags"":{""HotPluggable"":0,""NonVolatile"":0},""width"":256,""mem_clk_max"":1000,""size_in_bytes"":137438953472}],""caches"":[{""processor_id_low"":2147487744,""size"":32,""level"":1,""cache_line_size"":128,""cache_lines_per_tag"":0,""association"":0,""latency"":0,""type"":{""Data"":1,""Instruction"":0,""CPU"":0,""HSACU"":1}},{""processor_id_low"":2147487745,""size"":32,""level"":1,""cache_line_size"":128,""cache_lines_per_tag"":0,""association"":0,""latency"":0,""type"":{""Data"":1,""Instruction"":0,""CPU"":0,""HSACU"":1}},{""processor_id_low"":2147487746,""size"":32,""level"":1,""cache_line_size"":128,""cache_lines_per_tag"":0,""association"":0,""latency"":0,""type"":{""Data"":1,""Instruction"":0,""CPU"":0,""HSACU"":1}},{""processor_id_low"":2147487747,""size"":32,""level"":1,""cache_line_size"":128,""cache_lines_per_tag"":0,""association"":0,""latency"":0,""type"":{""Data"":1,""Instruction"":0,""CPU"":0,""HSACU"":1}},{""processor_id_low"":2147487748,""size"":32,""level"":1,""cache_line_size"":128,""cache_lines_per_tag"":0,""association"":0,""latency"":0,""type"":{""Data"":1,""Instruction"":0,""CPU"":0,""HSACU"":1}},{""processor_id_low"":2147487749,""size"":32,""level"":1,""cache_line_size"":128,""cache_lines_per_tag"":0,""association"":0,""latency"":0,""type"":{""Data"":1,""Instruction"":0,""CPU"":0,""HSACU"":1}},{""processor_id_low"":2147487750,""size"":32,""level"":1,""cache_line_size"":128,""cache_lines_per_tag"":0,""association"":0,""latency"":0,""type"":{""Data"":1,""Instruction"":0,""CPU"":0,""HSACU"":1}},{""processor_id_low"":2147487751,""size"":32,""level"":1,""cache_line_size"":128,""cache_lines_per_tag"":0,""association"":0,""latency"":0,""type"":{""Data"":1,""Instruction"":0,""CPU"":0,""HSACU"":1}},{""processor_id_low"":2147487752,""size"":32,""level"":1,""cache_line_size"":128,""cache_lines_per_tag"":0,""association"":0,""latency"":0,""type"":{""Data"":1,""Instruction"":0,""CPU"":0,""HSACU"":1}},{""processor_id_low"":2147487753,""size"":32,""level"":1,""cache_line_size"":128,""cache_lines_per_tag"":0,""association"":0,""latency"":0,""type"":{""Data"":1,""Instruction"":0,""CPU"":0,""HSACU"":1}},{""processor_id_low"":2147487754,""size"":32,""level"":1,""cache_line_size"":128,""cache_lines_per_tag"":0,""association"":0,""latency"":0,""type"":{""Data"":1,""Instruction"":0,""CPU"":0,""HSACU"":1}},{""processor_id_low"":2147487755,""size"":32,""level"":1,""cache_line_size"":128,""cache_lines_per_tag"":0,""association"":0,""latency"":0,""type"":{""Data"":1,""Instruction"":0,""CPU"":0,""HSACU"":1}},{""processor_id_low"":2147487756,""size"":32,""level"":1,""cache_line_size"":128,""cache_lines_per_tag"":0,""association"":0,""latency"":0,""type"":{""Data"":1,""Instruction"":0,""CPU"":0,""HSACU"":1}},{""processor_id_low"":2147487757,""size"":32,""level"":1,""cache_line_size"":128,""cache_lines_per_tag"":0,""association"":0,""latency"":0,""type"":{""Data"":1,""Instruction"":0,""CPU"":0,""HSACU"":1}},{""processor_id_low"":2147487758,""size"":32,""level"":1,""cache_line_size"":128,""cache_lines_per_tag"":0,""association"":0,""latency"":0,""type"":{""Data"":1,""Instruction"":0,""CPU"":0,""HSACU"":1}},{""processor_id_low"":2147487759,""size"":32,""level"":1,""cache_line_size"":128,""cache_lines_per_tag"":0,""association"":0,""latency"":0,""type"":{""Data"":1,""Instruction"":0,""CPU"":0,""HSACU"":1}},{""processor_id_low"":2147487760,""size"":32,""level"":1,""cache_line_size"":128,""cache_lines_per_tag"":0,""association"":0,""latency"":0,""type"":{""Data"":1,""Instruction"":0,""CPU"":0,""HSACU"":1}},{""processor_id_low"":2147487761,""size"":32,""level"":1,""cache_line_size"":128,""cache_lines_per_tag"":0,""association"":0,""latency"":0,""type"":{""Data"":1,""Instruction"":0,""CPU"":0,""HSACU"":1}},{""processor_id_low"":2147487762,""size"":32,""level"":1,""cache_line_size"":128,""cache_lines_per_tag"":0,""association"":0,""latency"":0,""type"":{""Data"":1,""Instruction"":0,""CPU"":0,""HSACU"":1}},{""processor_id_low"":2147487763,""size"":32,""level"":1,""cache_line_size"":128,""cache_lines_per_tag"":0,""association"":0,""latency"":0,""type"":{""Data"":1,""Instruction"":0,""CPU"":0,""HSACU"":1}},{""processor_id_low"":2147487764,""size"":32,""level"":1,""cache_line_size"":128,""cache_lines_per_tag"":0,""association"":0,""latency"":0,""type"":{""Data"":1,""Instruction"":0,""CPU"":0,""HSACU"":1}},{""processor_id_low"":2147487765,""size"":32,""level"":1,""cache_line_size"":128,""cache_lines_per_tag"":0,""association"":0,""latency"":0,""type"":{""Data"":1,""Instruction"":0,""CPU"":0,""HSACU"":1}},{""processor_id_low"":2147487766,""size"":32,""level"":1,""cache_line_size"":128,""cache_lines_per_tag"":0,""association"":0,""latency"":0,""type"":{""Data"":1,""Instruction"":0,""CPU"":0,""HSACU"":1}},{""processor_id_low"":2147487767,""size"":32,""level"":1,""cache_line_size"":128,""cache_lines_per_tag"":0,""association"":0,""latency"":0,""type"":{""Data"":1,""Instruction"":0,""CPU"":0,""HSACU"":1}},{""processor_id_low"":2147487768,""size"":32,""level"":1,""cache_line_size"":128,""cache_lines_per_tag"":0,""association"":0,""latency"":0,""type"":{""Data"":1,""Instruction"":0,""CPU"":0,""HSACU"":1}},{""processor_id_low"":2147487769,""size"":32,""level"":1,""cache_line_size"":128,""cache_lines_per_tag"":0,""association"":0,""latency"":0,""type"":{""Data"":1,""Instruction"":0,""CPU"":0,""HSACU"":1}},{""processor_id_low"":2147487770,""size"":32,""level"":1,""cache_line_size"":128,""cache_lines_per_tag"":0,""association"":0,""latency"":0,""type"":{""Data"":1,""Instruction"":0,""CPU"":0,""HSACU"":1}},{""processor_id_low"":2147487771,""size"":32,""level"":1,""cache_line_size"":128,""cache_lines_per_tag"":0,""association"":0,""latency"":0,""type"":{""Data"":1,""Instruction"":0,""CPU"":0,""HSACU"":1}},{""processor_id_low"":2147487772,""size"":32,""level"":1,""cache_line_size"":128,""cache_lines_per_tag"":0,""association"":0,""latency"":0,""type"":{""Data"":1,""Instruction"":0,""CPU"":0,""HSACU"":1}},{""processor_id_low"":2147487773,""size"":32,""level"":1,""cache_line_size"":128,""cache_lines_per_tag"":0,""association"":0,""latency"":0,""type"":{""Data"":1,""Instruction"":0,""CPU"":0,""HSACU"":1}},{""processor_id_low"":2147487774,""size"":32,""level"":1,""cache_line_size"":128,""cache_lines_per_tag"":0,""association"":0,""latency"":0,""type"":{""Data"":1,""Instruction"":0,""CPU"":0,""HSACU"":1}},{""processor_id_low"":2147487775,""size"":32,""level"":1,""cache_line_size"":128,""cache_lines_per_tag"":0,""association"":0,""latency"":0,""type"":{""Data"":1,""Instruction"":0,""CPU"":0,""HSACU"":1}},{""processor_id_low"":2147487776,""size"":32,""level"":1,""cache_line_size"":128,""cache_lines_per_tag"":0,""association"":0,""latency"":0,""type"":{""Data"":1,""Instruction"":0,""CPU"":0,""HSACU"":1}},{""processor_id_low"":2147487777,""size"":32,""level"":1,""cache_line_size"":128,""cache_lines_per_tag"":0,""association"":0,""latency"":0,""type"":{""Data"":1,""Instruction"":0,""CPU"":0,""HSACU"":1}},{""processor_id_low"":2147487778,""size"":32,""level"":1,""cache_line_size"":128,""cache_lines_per_tag"":0,""association"":0,""latency"":0,""type"":{""Data"":1,""Instruction"":0,""CPU"":0,""HSACU"":1}},{""processor_id_low"":2147487779,""size"":32,""level"":1,""cache_line_size"":128,""cache_lines_per_tag"":0,""association"":0,""latency"":0,""type"":{""Data"":1,""Instruction"":0,""CPU"":0,""HSACU"":1}},{""processor_id_low"":2147487780,""size"":32,""level"":1,""cache_line_size"":128,""cache_lines_per_tag"":0,""association"":0,""latency"":0,""type"":{""Data"":1,""Instruction"":0,""CPU"":0,""HSACU"":1}},{""processor_id_low"":2147487781,""size"":32,""level"":1,""cache_line_size"":128,""cache_lines_per_tag"":0,""association"":0,""latency"":0,""type"":{""Data"":1,""Instruction"":0,""CPU"":0,""HSACU"":1}},{""processor_id_low"":2147487782,""size"":32,""level"":1,""cache_line_size"":128,""cache_lines_per_tag"":0,""association"":0,""latency"":0,""type"":{""Data"":1,""Instruction"":0,""CPU"":0,""HSACU"":1}},{""processor_id_low"":2147487783,""size"":32,""level"":1,""cache_line_size"":128,""cache_lines_per_tag"":0,""association"":0,""latency"":0,""type"":{""Data"":1,""Instruction"":0,""CPU"":0,""HSACU"":1}},{""processor_id_low"":2147487744,""size"":32,""level"":1,""cache_line_size"":128,""cache_lines_per_tag"":0,""association"":0,""latency"":0,""type"":{""Data"":0,""Instruction"":1,""CPU"":0,""HSACU"":1}},{""processor_id_low"":2147487746,""size"":32,""level"":1,""cache_line_size"":128,""cache_lines_per_tag"":0,""association"":0,""latency"":0,""type"":{""Data"":0,""Instruction"":1,""CPU"":0,""HSACU"":1}},{""processor_id_low"":2147487748,""size"":32,""level"":1,""cache_line_size"":128,""cache_lines_per_tag"":0,""association"":0,""latency"":0,""type"":{""Data"":0,""Instruction"":1,""CPU"":0,""HSACU"":1}},{""processor_id_low"":2147487750,""size"":32,""level"":1,""cache_line_size"":128,""cache_lines_per_tag"":0,""association"":0,""latency"":0,""type"":{""Data"":0,""Instruction"":1,""CPU"":0,""HSACU"":1}},{""processor_id_low"":2147487752,""size"":32,""level"":1,""cache_line_size"":128,""cache_lines_per_tag"":0,""association"":0,""latency"":0,""type"":{""Data"":0,""Instruction"":1,""CPU"":0,""HSACU"":1}},{""processor_id_low"":2147487754,""size"":32,""level"":1,""cache_line_size"":128,""cache_lines_per_tag"":0,""association"":0,""latency"":0,""type"":{""Data"":0,""Instruction"":1,""CPU"":0,""HSACU"":1}},{""processor_id_low"":2147487756,""size"":32,""level"":1,""cache_line_size"":128,""cache_lines_per_tag"":0,""association"":0,""latency"":0,""type"":{""Data"":0,""Instruction"":1,""CPU"":0,""HSACU"":1}},{""processor_id_low"":2147487758,""size"":32,""level"":1,""cache_line_size"":128,""cache_lines_per_tag"":0,""association"":0,""latency"":0,""type"":{""Data"":0,""Instruction"":1,""CPU"":0,""HSACU"":1}},{""processor_id_low"":2147487760,""size"":32,""level"":1,""cache_line_size"":128,""cache_lines_per_tag"":0,""association"":0,""latency"":0,""type"":{""Data"":0,""Instruction"":1,""CPU"":0,""HSACU"":1}},{""processor_id_low"":2147487762,""size"":32,""level"":1,""cache_line_size"":128,""cache_lines_per_tag"":0,""association"":0,""latency"":0,""type"":{""Data"":0,""Instruction"":1,""CPU"":0,""HSACU"":1}},{""processor_id_low"":2147487764,""size"":32,""level"":1,""cache_line_size"":128,""cache_lines_per_tag"":0,""association"":0,""latency"":0,""type"":{""Data"":0,""Instruction"":1,""CPU"":0,""HSACU"":1}},{""processor_id_low"":2147487766,""size"":32,""level"":1,""cache_line_size"":128,""cache_lines_per_tag"":0,""association"":0,""latency"":0,""type"":{""Data"":0,""Instruction"":1,""CPU"":0,""HSACU"":1}},{""processor_id_low"":2147487768,""size"":32,""level"":1,""cache_line_size"":128,""cache_lines_per_tag"":0,""association"":0,""latency"":0,""type"":{""Data"":0,""Instruction"":1,""CPU"":0,""HSACU"":1}},{""processor_id_low"":2147487770,""size"":32,""level"":1,""cache_line_size"":128,""cache_lines_per_tag"":0,""association"":0,""latency"":0,""type"":{""Data"":0,""Instruction"":1,""CPU"":0,""HSACU"":1}},{""processor_id_low"":2147487772,""size"":32,""level"":1,""cache_line_size"":128,""cache_lines_per_tag"":0,""association"":0,""latency"":0,""type"":{""Data"":0,""Instruction"":1,""CPU"":0,""HSACU"":1}},{""processor_id_low"":2147487774,""size"":32,""level"":1,""cache_line_size"":128,""cache_lines_per_tag"":0,""association"":0,""latency"":0,""type"":{""Data"":0,""Instruction"":1,""CPU"":0,""HSACU"":1}},{""processor_id_low"":2147487776,""size"":32,""level"":1,""cache_line_size"":128,""cache_lines_per_tag"":0,""association"":0,""latency"":0,""type"":{""Data"":0,""Instruction"":1,""CPU"":0,""HSACU"":1}},{""processor_id_low"":2147487778,""size"":32,""level"":1,""cache_line_size"":128,""cache_lines_per_tag"":0,""association"":0,""latency"":0,""type"":{""Data"":0,""Instruction"":1,""CPU"":0,""HSACU"":1}},{""processor_id_low"":2147487780,""size"":32,""level"":1,""cache_line_size"":128,""cache_lines_per_tag"":0,""association"":0,""latency"":0,""type"":{""Data"":0,""Instruction"":1,""CPU"":0,""HSACU"":1}},{""processor_id_low"":2147487782,""size"":32,""level"":1,""cache_line_size"":128,""cache_lines_per_tag"":0,""association"":0,""latency"":0,""type"":{""Data"":0,""Instruction"":1,""CPU"":0,""HSACU"":1}},{""processor_id_low"":2147487744,""size"":16,""level"":1,""cache_line_size"":64,""cache_lines_per_tag"":0,""association"":0,""latency"":0,""type"":{""Data"":1,""Instruction"":0,""CPU"":0,""HSACU"":1}},{""processor_id_low"":2147487746,""size"":16,""level"":1,""cache_line_size"":64,""cache_lines_per_tag"":0,""association"":0,""latency"":0,""type"":{""Data"":1,""Instruction"":0,""CPU"":0,""HSACU"":1}},{""processor_id_low"":2147487748,""size"":16,""level"":1,""cache_line_size"":64,""cache_lines_per_tag"":0,""association"":0,""latency"":0,""type"":{""Data"":1,""Instruction"":0,""CPU"":0,""HSACU"":1}},{""processor_id_low"":2147487750,""size"":16,""level"":1,""cache_line_size"":64,""cache_lines_per_tag"":0,""association"":0,""latency"":0,""type"":{""Data"":1,""Instruction"":0,""CPU"":0,""HSACU"":1}},{""processor_id_low"":2147487752,""size"":16,""level"":1,""cache_line_size"":64,""cache_lines_per_tag"":0,""association"":0,""latency"":0,""type"":{""Data"":1,""Instruction"":0,""CPU"":0,""HSACU"":1}},{""processor_id_low"":2147487754,""size"":16,""level"":1,""cache_line_size"":64,""cache_lines_per_tag"":0,""association"":0,""latency"":0,""type"":{""Data"":1,""Instruction"":0,""CPU"":0,""HSACU"":1}},{""processor_id_low"":2147487756,""size"":16,""level"":1,""cache_line_size"":64,""cache_lines_per_tag"":0,""association"":0,""latency"":0,""type"":{""Data"":1,""Instruction"":0,""CPU"":0,""HSACU"":1}},{""processor_id_low"":2147487758,""size"":16,""level"":1,""cache_line_size"":64,""cache_lines_per_tag"":0,""association"":0,""latency"":0,""type"":{""Data"":1,""Instruction"":0,""CPU"":0,""HSACU"":1}},{""processor_id_low"":2147487760,""size"":16,""level"":1,""cache_line_size"":64,""cache_lines_per_tag"":0,""association"":0,""latency"":0,""type"":{""Data"":1,""Instruction"":0,""CPU"":0,""HSACU"":1}},{""processor_id_low"":2147487762,""size"":16,""level"":1,""cache_line_size"":64,""cache_lines_per_tag"":0,""association"":0,""latency"":0,""type"":{""Data"":1,""Instruction"":0,""CPU"":0,""HSACU"":1}},{""processor_id_low"":2147487764,""size"":16,""level"":1,""cache_line_size"":64,""cache_lines_per_tag"":0,""association"":0,""latency"":0,""type"":{""Data"":1,""Instruction"":0,""CPU"":0,""HSACU"":1}},{""processor_id_low"":2147487766,""size"":16,""level"":1,""cache_line_size"":64,""cache_lines_per_tag"":0,""association"":0,""latency"":0,""type"":{""Data"":1,""Instruction"":0,""CPU"":0,""HSACU"":1}},{""processor_id_low"":2147487768,""size"":16,""level"":1,""cache_line_size"":64,""cache_lines_per_tag"":0,""association"":0,""latency"":0,""type"":{""Data"":1,""Instruction"":0,""CPU"":0,""HSACU"":1}},{""processor_id_low"":2147487770,""size"":16,""level"":1,""cache_line_size"":64,""cache_lines_per_tag"":0,""association"":0,""latency"":0,""type"":{""Data"":1,""Instruction"":0,""CPU"":0,""HSACU"":1}},{""processor_id_low"":2147487772,""size"":16,""level"":1,""cache_line_size"":64,""cache_lines_per_tag"":0,""association"":0,""latency"":0,""type"":{""Data"":1,""Instruction"":0,""CPU"":0,""HSACU"":1}},{""processor_id_low"":2147487774,""size"":16,""level"":1,""cache_line_size"":64,""cache_lines_per_tag"":0,""association"":0,""latency"":0,""type"":{""Data"":1,""Instruction"":0,""CPU"":0,""HSACU"":1}},{""processor_id_low"":2147487776,""size"":16,""level"":1,""cache_line_size"":64,""cache_lines_per_tag"":0,""association"":0,""latency"":0,""type"":{""Data"":1,""Instruction"":0,""CPU"":0,""HSACU"":1}},{""processor_id_low"":2147487778,""size"":16,""level"":1,""cache_line_size"":64,""cache_lines_per_tag"":0,""association"":0,""latency"":0,""type"":{""Data"":1,""Instruction"":0,""CPU"":0,""HSACU"":1}},{""processor_id_low"":2147487780,""size"":16,""level"":1,""cache_line_size"":64,""cache_lines_per_tag"":0,""association"":0,""latency"":0,""type"":{""Data"":1,""Instruction"":0,""CPU"":0,""HSACU"":1}},{""processor_id_low"":2147487782,""size"":16,""level"":1,""cache_line_size"":64,""cache_lines_per_tag"":0,""association"":0,""latency"":0,""type"":{""Data"":1,""Instruction"":0,""CPU"":0,""HSACU"":1}},{""processor_id_low"":2147487744,""size"":256,""level"":1,""cache_line_size"":128,""cache_lines_per_tag"":0,""association"":0,""latency"":0,""type"":{""Data"":1,""Instruction"":0,""CPU"":0,""HSACU"":1}},{""processor_id_low"":2147487754,""size"":256,""level"":1,""cache_line_size"":128,""cache_lines_per_tag"":0,""association"":0,""latency"":0,""type"":{""Data"":1,""Instruction"":0,""CPU"":0,""HSACU"":1}},{""processor_id_low"":2147487764,""size"":256,""level"":1,""cache_line_size"":128,""cache_lines_per_tag"":0,""association"":0,""latency"":0,""type"":{""Data"":1,""Instruction"":0,""CPU"":0,""HSACU"":1}},{""processor_id_low"":2147487774,""size"":256,""level"":1,""cache_line_size"":128,""cache_lines_per_tag"":0,""association"":0,""latency"":0,""type"":{""Data"":1,""Instruction"":0,""CPU"":0,""HSACU"":1}},{""processor_id_low"":2147487744,""size"":2048,""level"":2,""cache_line_size"":128,""cache_lines_per_tag"":0,""association"":0,""latency"":0,""type"":{""Data"":1,""Instruction"":0,""CPU"":0,""HSACU"":1}},{""processor_id_low"":2147487744,""size"":32768,""level"":3,""cache_line_size"":64,""cache_lines_per_tag"":0,""association"":0,""latency"":0,""type"":{""Data"":1,""Instruction"":0,""CPU"":0,""HSACU"":1}}],""io_links"":[{""type"":2,""version_major"":0,""version_minor"":0,""node_from"":1,""node_to"":0,""weight"":20,""min_latency"":0,""max_latency"":0,""min_bandwidth"":0,""max_bandwidth"":32000,""recommended_transfer_size"":0,""flags"":{""Override"":1,""NonCoherent"":0,""NoAtomics32bit"":0,""NoAtomics64bit"":0,""NoPeerToPeerDMA"":0}}],""gpu_index"":0}"
3248,00003c59-a9c1-79c1-bb2d-49dc347960f4,1655282045,1258330,1,GPU,,,SQ_INSTS_SALU,SQ_INSTS_SALU,"Total Number of SALU (Scalar ALU) instructions issued. This value is returned per-SE (aggregate of values in SIMDs in the SE). See AMD ISAs for more information on SALU instructions.","",rocm,"",ABS,SQ,"",0,0,"{""size"":312,""id"":{""handle"":5943},""type"":2,""cpu_cores_count"":0,""simd_count"":80,""mem_banks_count"":1,""caches_count"":86,""io_links_count"":1,""cpu_core_id_base"":0,""simd_id_base"":2147487744,""max_waves_per_simd"":16,""lds_size_in_kb"":64,""gds_size_in_kb"":0,""num_gws"":64,""wave_front_size"":32,""num_xcc"":1,""cu_count"":40,""array_count"":4,""num_shader_banks"":2,""simd_arrays_per_engine"":2,""cu_per_simd_array"":10,""simd_per_cu"":2,""max_slots_scratch_cu"":32,""gfx_target_version"":110501,""vendor_id"":4098,""device_id"":5510,""location_id"":50432,""domain"":0,""drm_render_minor"":128,""num_sdma_engines"":1,""num_sdma_xgmi_engines"":0,""num_sdma_queues_per_engine"":6,""num_cp_queues"":8,""max_engine_clk_ccompute"":5187,""max_engine_clk_fcompute"":2900,""sdma_fw_version"":{""uCodeSDMA"":14,""uCodeRes"":0},""fw_version"":{""uCode"":32,""Major"":0,""Minor"":0,""Stepping"":0},""capability"":{""HotPluggable"":0,""HSAMMUPresent"":0,""SharedWithGraphics"":0,""QueueSizePowerOfTwo"":0,""QueueSize32bit"":0,""QueueIdleEvent"":0,""VALimit"":0,""WatchPointsSupported"":1,""WatchPointsTotalBits"":2,""DoorbellType"":2,""AQLQueueDoubleMap"":0,""DebugTrapSupported"":1,""WaveLaunchTrapOverrideSupported"":1,""WaveLaunchModeSupported"":1,""PreciseMemoryOperationsSupported"":0,""DEPRECATED_SRAM_EDCSupport"":0,""Mem_EDCSupport"":0,""RASEventNotify"":0,""ASICRevision"":0,""SRAM_EDCSupport"":0,""SVMAPISupported"":1,""CoherentHostAccess"":0,""DebugSupportedFirmware"":1},""cu_per_engine"":20,""max_waves_per_cu"":32,""family_id"":150,""workgroup_max_size"":1024,""grid_max_size"":4294967295,""local_mem_size"":0,""hive_id"":0,""gpu_id"":35128,""workgroup_max_dim"":{""x"":1024,""y"":1024,""z"":1024},""grid_max_dim"":{""x"":2147483647,""y"":65535,""z"":65535},""name"":""gfx1151"",""vendor_name"":""AMD"",""product_name"":""Radeon 8060S Graphics"",""model_name"":""ip discovery"",""node_id"":1,""logical_node_id"":1,""logical_node_type_id"":0,""runtime_visibility"":{""hsa"":1,""hip"":1,""rccl"":1,""rocdecode"":1},""uuid"":{""bytes"":{""value0"":0,""value1"":0,""value2"":0,""value3"":0,""value4"":0,""value5"":0,""value6"":0,""value7"":0,""value8"":0,""value9"":0,""value10"":0,""value11"":0,""value12"":0,""value13"":0,""value14"":0,""value15"":0}},""mem_banks"":[{""heap_type"":1,""flags"":{""HotPluggable"":0,""NonVolatile"":0},""width"":256,""mem_clk_max"":1000,""size_in_bytes"":137438953472}],""caches"":[{""processor_id_low"":2147487744,""size"":32,""level"":1,""cache_line_size"":128,""cache_lines_per_tag"":0,""association"":0,""latency"":0,""type"":{""Data"":1,""Instruction"":0,""CPU"":0,""HSACU"":1}},{""processor_id_low"":2147487745,""size"":32,""level"":1,""cache_line_size"":128,""cache_lines_per_tag"":0,""association"":0,""latency"":0,""type"":{""Data"":1,""Instruction"":0,""CPU"":0,""HSACU"":1}},{""processor_id_low"":2147487746,""size"":32,""level"":1,""cache_line_size"":128,""cache_lines_per_tag"":0,""association"":0,""latency"":0,""type"":{""Data"":1,""Instruction"":0,""CPU"":0,""HSACU"":1}},{""processor_id_low"":2147487747,""size"":32,""level"":1,""cache_line_size"":128,""cache_lines_per_tag"":0,""association"":0,""latency"":0,""type"":{""Data"":1,""Instruction"":0,""CPU"":0,""HSACU"":1}},{""processor_id_low"":2147487748,""size"":32,""level"":1,""cache_line_size"":128,""cache_lines_per_tag"":0,""association"":0,""latency"":0,""type"":{""Data"":1,""Instruction"":0,""CPU"":0,""HSACU"":1}},{""processor_id_low"":2147487749,""size"":32,""level"":1,""cache_line_size"":128,""cache_lines_per_tag"":0,""association"":0,""latency"":0,""type"":{""Data"":1,""Instruction"":0,""CPU"":0,""HSACU"":1}},{""processor_id_low"":2147487750,""size"":32,""level"":1,""cache_line_size"":128,""cache_lines_per_tag"":0,""association"":0,""latency"":0,""type"":{""Data"":1,""Instruction"":0,""CPU"":0,""HSACU"":1}},{""processor_id_low"":2147487751,""size"":32,""level"":1,""cache_line_size"":128,""cache_lines_per_tag"":0,""association"":0,""latency"":0,""type"":{""Data"":1,""Instruction"":0,""CPU"":0,""HSACU"":1}},{""processor_id_low"":2147487752,""size"":32,""level"":1,""cache_line_size"":128,""cache_lines_per_tag"":0,""association"":0,""latency"":0,""type"":{""Data"":1,""Instruction"":0,""CPU"":0,""HSACU"":1}},{""processor_id_low"":2147487753,""size"":32,""level"":1,""cache_line_size"":128,""cache_lines_per_tag"":0,""association"":0,""latency"":0,""type"":{""Data"":1,""Instruction"":0,""CPU"":0,""HSACU"":1}},{""processor_id_low"":2147487754,""size"":32,""level"":1,""cache_line_size"":128,""cache_lines_per_tag"":0,""association"":0,""latency"":0,""type"":{""Data"":1,""Instruction"":0,""CPU"":0,""HSACU"":1}},{""processor_id_low"":2147487755,""size"":32,""level"":1,""cache_line_size"":128,""cache_lines_per_tag"":0,""association"":0,""latency"":0,""type"":{""Data"":1,""Instruction"":0,""CPU"":0,""HSACU"":1}},{""processor_id_low"":2147487756,""size"":32,""level"":1,""cache_line_size"":128,""cache_lines_per_tag"":0,""association"":0,""latency"":0,""type"":{""Data"":1,""Instruction"":0,""CPU"":0,""HSACU"":1}},{""processor_id_low"":2147487757,""size"":32,""level"":1,""cache_line_size"":128,""cache_lines_per_tag"":0,""association"":0,""latency"":0,""type"":{""Data"":1,""Instruction"":0,""CPU"":0,""HSACU"":1}},{""processor_id_low"":2147487758,""size"":32,""level"":1,""cache_line_size"":128,""cache_lines_per_tag"":0,""association"":0,""latency"":0,""type"":{""Data"":1,""Instruction"":0,""CPU"":0,""HSACU"":1}},{""processor_id_low"":2147487759,""size"":32,""level"":1,""cache_line_size"":128,""cache_lines_per_tag"":0,""association"":0,""latency"":0,""type"":{""Data"":1,""Instruction"":0,""CPU"":0,""HSACU"":1}},{""processor_id_low"":2147487760,""size"":32,""level"":1,""cache_line_size"":128,""cache_lines_per_tag"":0,""association"":0,""latency"":0,""type"":{""Data"":1,""Instruction"":0,""CPU"":0,""HSACU"":1}},{""processor_id_low"":2147487761,""size"":32,""level"":1,""cache_line_size"":128,""cache_lines_per_tag"":0,""association"":0,""latency"":0,""type"":{""Data"":1,""Instruction"":0,""CPU"":0,""HSACU"":1}},{""processor_id_low"":2147487762,""size"":32,""level"":1,""cache_line_size"":128,""cache_lines_per_tag"":0,""association"":0,""latency"":0,""type"":{""Data"":1,""Instruction"":0,""CPU"":0,""HSACU"":1}},{""processor_id_low"":2147487763,""size"":32,""level"":1,""cache_line_size"":128,""cache_lines_per_tag"":0,""association"":0,""latency"":0,""type"":{""Data"":1,""Instruction"":0,""CPU"":0,""HSACU"":1}},{""processor_id_low"":2147487764,""size"":32,""level"":1,""cache_line_size"":128,""cache_lines_per_tag"":0,""association"":0,""latency"":0,""type"":{""Data"":1,""Instruction"":0,""CPU"":0,""HSACU"":1}},{""processor_id_low"":2147487765,""size"":32,""level"":1,""cache_line_size"":128,""cache_lines_per_tag"":0,""association"":0,""latency"":0,""type"":{""Data"":1,""Instruction"":0,""CPU"":0,""HSACU"":1}},{""processor_id_low"":2147487766,""size"":32,""level"":1,""cache_line_size"":128,""cache_lines_per_tag"":0,""association"":0,""latency"":0,""type"":{""Data"":1,""Instruction"":0,""CPU"":0,""HSACU"":1}},{""processor_id_low"":2147487767,""size"":32,""level"":1,""cache_line_size"":128,""cache_lines_per_tag"":0,""association"":0,""latency"":0,""type"":{""Data"":1,""Instruction"":0,""CPU"":0,""HSACU"":1}},{""processor_id_low"":2147487768,""size"":32,""level"":1,""cache_line_size"":128,""cache_lines_per_tag"":0,""association"":0,""latency"":0,""type"":{""Data"":1,""Instruction"":0,""CPU"":0,""HSACU"":1}},{""processor_id_low"":2147487769,""size"":32,""level"":1,""cache_line_size"":128,""cache_lines_per_tag"":0,""association"":0,""latency"":0,""type"":{""Data"":1,""Instruction"":0,""CPU"":0,""HSACU"":1}},{""processor_id_low"":2147487770,""size"":32,""level"":1,""cache_line_size"":128,""cache_lines_per_tag"":0,""association"":0,""latency"":0,""type"":{""Data"":1,""Instruction"":0,""CPU"":0,""HSACU"":1}},{""processor_id_low"":2147487771,""size"":32,""level"":1,""cache_line_size"":128,""cache_lines_per_tag"":0,""association"":0,""latency"":0,""type"":{""Data"":1,""Instruction"":0,""CPU"":0,""HSACU"":1}},{""processor_id_low"":2147487772,""size"":32,""level"":1,""cache_line_size"":128,""cache_lines_per_tag"":0,""association"":0,""latency"":0,""type"":{""Data"":1,""Instruction"":0,""CPU"":0,""HSACU"":1}},{""processor_id_low"":2147487773,""size"":32,""level"":1,""cache_line_size"":128,""cache_lines_per_tag"":0,""association"":0,""latency"":0,""type"":{""Data"":1,""Instruction"":0,""CPU"":0,""HSACU"":1}},{""processor_id_low"":2147487774,""size"":32,""level"":1,""cache_line_size"":128,""cache_lines_per_tag"":0,""association"":0,""latency"":0,""type"":{""Data"":1,""Instruction"":0,""CPU"":0,""HSACU"":1}},{""processor_id_low"":2147487775,""size"":32,""level"":1,""cache_line_size"":128,""cache_lines_per_tag"":0,""association"":0,""latency"":0,""type"":{""Data"":1,""Instruction"":0,""CPU"":0,""HSACU"":1}},{""processor_id_low"":2147487776,""size"":32,""level"":1,""cache_line_size"":128,""cache_lines_per_tag"":0,""association"":0,""latency"":0,""type"":{""Data"":1,""Instruction"":0,""CPU"":0,""HSACU"":1}},{""processor_id_low"":2147487777,""size"":32,""level"":1,""cache_line_size"":128,""cache_lines_per_tag"":0,""association"":0,""latency"":0,""type"":{""Data"":1,""Instruction"":0,""CPU"":0,""HSACU"":1}},{""processor_id_low"":2147487778,""size"":32,""level"":1,""cache_line_size"":128,""cache_lines_per_tag"":0,""association"":0,""latency"":0,""type"":{""Data"":1,""Instruction"":0,""CPU"":0,""HSACU"":1}},{""processor_id_low"":2147487779,""size"":32,""level"":1,""cache_line_size"":128,""cache_lines_per_tag"":0,""association"":0,""latency"":0,""type"":{""Data"":1,""Instruction"":0,""CPU"":0,""HSACU"":1}},{""processor_id_low"":2147487780,""size"":32,""level"":1,""cache_line_size"":128,""cache_lines_per_tag"":0,""association"":0,""latency"":0,""type"":{""Data"":1,""Instruction"":0,""CPU"":0,""HSACU"":1}},{""processor_id_low"":2147487781,""size"":32,""level"":1,""cache_line_size"":128,""cache_lines_per_tag"":0,""association"":0,""latency"":0,""type"":{""Data"":1,""Instruction"":0,""CPU"":0,""HSACU"":1}},{""processor_id_low"":2147487782,""size"":32,""level"":1,""cache_line_size"":128,""cache_lines_per_tag"":0,""association"":0,""latency"":0,""type"":{""Data"":1,""Instruction"":0,""CPU"":0,""HSACU"":1}},{""processor_id_low"":2147487783,""size"":32,""level"":1,""cache_line_size"":128,""cache_lines_per_tag"":0,""association"":0,""latency"":0,""type"":{""Data"":1,""Instruction"":0,""CPU"":0,""HSACU"":1}},{""processor_id_low"":2147487744,""size"":32,""level"":1,""cache_line_size"":128,""cache_lines_per_tag"":0,""association"":0,""latency"":0,""type"":{""Data"":0,""Instruction"":1,""CPU"":0,""HSACU"":1}},{""processor_id_low"":2147487746,""size"":32,""level"":1,""cache_line_size"":128,""cache_lines_per_tag"":0,""association"":0,""latency"":0,""type"":{""Data"":0,""Instruction"":1,""CPU"":0,""HSACU"":1}},{""processor_id_low"":2147487748,""size"":32,""level"":1,""cache_line_size"":128,""cache_lines_per_tag"":0,""association"":0,""latency"":0,""type"":{""Data"":0,""Instruction"":1,""CPU"":0,""HSACU"":1}},{""processor_id_low"":2147487750,""size"":32,""level"":1,""cache_line_size"":128,""cache_lines_per_tag"":0,""association"":0,""latency"":0,""type"":{""Data"":0,""Instruction"":1,""CPU"":0,""HSACU"":1}},{""processor_id_low"":2147487752,""size"":32,""level"":1,""cache_line_size"":128,""cache_lines_per_tag"":0,""association"":0,""latency"":0,""type"":{""Data"":0,""Instruction"":1,""CPU"":0,""HSACU"":1}},{""processor_id_low"":2147487754,""size"":32,""level"":1,""cache_line_size"":128,""cache_lines_per_tag"":0,""association"":0,""latency"":0,""type"":{""Data"":0,""Instruction"":1,""CPU"":0,""HSACU"":1}},{""processor_id_low"":2147487756,""size"":32,""level"":1,""cache_line_size"":128,""cache_lines_per_tag"":0,""association"":0,""latency"":0,""type"":{""Data"":0,""Instruction"":1,""CPU"":0,""HSACU"":1}},{""processor_id_low"":2147487758,""size"":32,""level"":1,""cache_line_size"":128,""cache_lines_per_tag"":0,""association"":0,""latency"":0,""type"":{""Data"":0,""Instruction"":1,""CPU"":0,""HSACU"":1}},{""processor_id_low"":2147487760,""size"":32,""level"":1,""cache_line_size"":128,""cache_lines_per_tag"":0,""association"":0,""latency"":0,""type"":{""Data"":0,""Instruction"":1,""CPU"":0,""HSACU"":1}},{""processor_id_low"":2147487762,""size"":32,""level"":1,""cache_line_size"":128,""cache_lines_per_tag"":0,""association"":0,""latency"":0,""type"":{""Data"":0,""Instruction"":1,""CPU"":0,""HSACU"":1}},{""processor_id_low"":2147487764,""size"":32,""level"":1,""cache_line_size"":128,""cache_lines_per_tag"":0,""association"":0,""latency"":0,""type"":{""Data"":0,""Instruction"":1,""CPU"":0,""HSACU"":1}},{""processor_id_low"":2147487766,""size"":32,""level"":1,""cache_line_size"":128,""cache_lines_per_tag"":0,""association"":0,""latency"":0,""type"":{""Data"":0,""Instruction"":1,""CPU"":0,""HSACU"":1}},{""processor_id_low"":2147487768,""size"":32,""level"":1,""cache_line_size"":128,""cache_lines_per_tag"":0,""association"":0,""latency"":0,""type"":{""Data"":0,""Instruction"":1,""CPU"":0,""HSACU"":1}},{""processor_id_low"":2147487770,""size"":32,""level"":1,""cache_line_size"":128,""cache_lines_per_tag"":0,""association"":0,""latency"":0,""type"":{""Data"":0,""Instruction"":1,""CPU"":0,""HSACU"":1}},{""processor_id_low"":2147487772,""size"":32,""level"":1,""cache_line_size"":128,""cache_lines_per_tag"":0,""association"":0,""latency"":0,""type"":{""Data"":0,""Instruction"":1,""CPU"":0,""HSACU"":1}},{""processor_id_low"":2147487774,""size"":32,""level"":1,""cache_line_size"":128,""cache_lines_per_tag"":0,""association"":0,""latency"":0,""type"":{""Data"":0,""Instruction"":1,""CPU"":0,""HSACU"":1}},{""processor_id_low"":2147487776,""size"":32,""level"":1,""cache_line_size"":128,""cache_lines_per_tag"":0,""association"":0,""latency"":0,""type"":{""Data"":0,""Instruction"":1,""CPU"":0,""HSACU"":1}},{""processor_id_low"":2147487778,""size"":32,""level"":1,""cache_line_size"":128,""cache_lines_per_tag"":0,""association"":0,""latency"":0,""type"":{""Data"":0,""Instruction"":1,""CPU"":0,""HSACU"":1}},{""processor_id_low"":2147487780,""size"":32,""level"":1,""cache_line_size"":128,""cache_lines_per_tag"":0,""association"":0,""latency"":0,""type"":{""Data"":0,""Instruction"":1,""CPU"":0,""HSACU"":1}},{""processor_id_low"":2147487782,""size"":32,""level"":1,""cache_line_size"":128,""cache_lines_per_tag"":0,""association"":0,""latency"":0,""type"":{""Data"":0,""Instruction"":1,""CPU"":0,""HSACU"":1}},{""processor_id_low"":2147487744,""size"":16,""level"":1,""cache_line_size"":64,""cache_lines_per_tag"":0,""association"":0,""latency"":0,""type"":{""Data"":1,""Instruction"":0,""CPU"":0,""HSACU"":1}},{""processor_id_low"":2147487746,""size"":16,""level"":1,""cache_line_size"":64,""cache_lines_per_tag"":0,""association"":0,""latency"":0,""type"":{""Data"":1,""Instruction"":0,""CPU"":0,""HSACU"":1}},{""processor_id_low"":2147487748,""size"":16,""level"":1,""cache_line_size"":64,""cache_lines_per_tag"":0,""association"":0,""latency"":0,""type"":{""Data"":1,""Instruction"":0,""CPU"":0,""HSACU"":1}},{""processor_id_low"":2147487750,""size"":16,""level"":1,""cache_line_size"":64,""cache_lines_per_tag"":0,""association"":0,""latency"":0,""type"":{""Data"":1,""Instruction"":0,""CPU"":0,""HSACU"":1}},{""processor_id_low"":2147487752,""size"":16,""level"":1,""cache_line_size"":64,""cache_lines_per_tag"":0,""association"":0,""latency"":0,""type"":{""Data"":1,""Instruction"":0,""CPU"":0,""HSACU"":1}},{""processor_id_low"":2147487754,""size"":16,""level"":1,""cache_line_size"":64,""cache_lines_per_tag"":0,""association"":0,""latency"":0,""type"":{""Data"":1,""Instruction"":0,""CPU"":0,""HSACU"":1}},{""processor_id_low"":2147487756,""size"":16,""level"":1,""cache_line_size"":64,""cache_lines_per_tag"":0,""association"":0,""latency"":0,""type"":{""Data"":1,""Instruction"":0,""CPU"":0,""HSACU"":1}},{""processor_id_low"":2147487758,""size"":16,""level"":1,""cache_line_size"":64,""cache_lines_per_tag"":0,""association"":0,""latency"":0,""type"":{""Data"":1,""Instruction"":0,""CPU"":0,""HSACU"":1}},{""processor_id_low"":2147487760,""size"":16,""level"":1,""cache_line_size"":64,""cache_lines_per_tag"":0,""association"":0,""latency"":0,""type"":{""Data"":1,""Instruction"":0,""CPU"":0,""HSACU"":1}},{""processor_id_low"":2147487762,""size"":16,""level"":1,""cache_line_size"":64,""cache_lines_per_tag"":0,""association"":0,""latency"":0,""type"":{""Data"":1,""Instruction"":0,""CPU"":0,""HSACU"":1}},{""processor_id_low"":2147487764,""size"":16,""level"":1,""cache_line_size"":64,""cache_lines_per_tag"":0,""association"":0,""latency"":0,""type"":{""Data"":1,""Instruction"":0,""CPU"":0,""HSACU"":1}},{""processor_id_low"":2147487766,""size"":16,""level"":1,""cache_line_size"":64,""cache_lines_per_tag"":0,""association"":0,""latency"":0,""type"":{""Data"":1,""Instruction"":0,""CPU"":0,""HSACU"":1}},{""processor_id_low"":2147487768,""size"":16,""level"":1,""cache_line_size"":64,""cache_lines_per_tag"":0,""association"":0,""latency"":0,""type"":{""Data"":1,""Instruction"":0,""CPU"":0,""HSACU"":1}},{""processor_id_low"":2147487770,""size"":16,""level"":1,""cache_line_size"":64,""cache_lines_per_tag"":0,""association"":0,""latency"":0,""type"":{""Data"":1,""Instruction"":0,""CPU"":0,""HSACU"":1}},{""processor_id_low"":2147487772,""size"":16,""level"":1,""cache_line_size"":64,""cache_lines_per_tag"":0,""association"":0,""latency"":0,""type"":{""Data"":1,""Instruction"":0,""CPU"":0,""HSACU"":1}},{""processor_id_low"":2147487774,""size"":16,""level"":1,""cache_line_size"":64,""cache_lines_per_tag"":0,""association"":0,""latency"":0,""type"":{""Data"":1,""Instruction"":0,""CPU"":0,""HSACU"":1}},{""processor_id_low"":2147487776,""size"":16,""level"":1,""cache_line_size"":64,""cache_lines_per_tag"":0,""association"":0,""latency"":0,""type"":{""Data"":1,""Instruction"":0,""CPU"":0,""HSACU"":1}},{""processor_id_low"":2147487778,""size"":16,""level"":1,""cache_line_size"":64,""cache_lines_per_tag"":0,""association"":0,""latency"":0,""type"":{""Data"":1,""Instruction"":0,""CPU"":0,""HSACU"":1}},{""processor_id_low"":2147487780,""size"":16,""level"":1,""cache_line_size"":64,""cache_lines_per_tag"":0,""association"":0,""latency"":0,""type"":{""Data"":1,""Instruction"":0,""CPU"":0,""HSACU"":1}},{""processor_id_low"":2147487782,""size"":16,""level"":1,""cache_line_size"":64,""cache_lines_per_tag"":0,""association"":0,""latency"":0,""type"":{""Data"":1,""Instruction"":0,""CPU"":0,""HSACU"":1}},{""processor_id_low"":2147487744,""size"":256,""level"":1,""cache_line_size"":128,""cache_lines_per_tag"":0,""association"":0,""latency"":0,""type"":{""Data"":1,""Instruction"":0,""CPU"":0,""HSACU"":1}},{""processor_id_low"":2147487754,""size"":256,""level"":1,""cache_line_size"":128,""cache_lines_per_tag"":0,""association"":0,""latency"":0,""type"":{""Data"":1,""Instruction"":0,""CPU"":0,""HSACU"":1}},{""processor_id_low"":2147487764,""size"":256,""level"":1,""cache_line_size"":128,""cache_lines_per_tag"":0,""association"":0,""latency"":0,""type"":{""Data"":1,""Instruction"":0,""CPU"":0,""HSACU"":1}},{""processor_id_low"":2147487774,""size"":256,""level"":1,""cache_line_size"":128,""cache_lines_per_tag"":0,""association"":0,""latency"":0,""type"":{""Data"":1,""Instruction"":0,""CPU"":0,""HSACU"":1}},{""processor_id_low"":2147487744,""size"":2048,""level"":2,""cache_line_size"":128,""cache_lines_per_tag"":0,""association"":0,""latency"":0,""type"":{""Data"":1,""Instruction"":0,""CPU"":0,""HSACU"":1}},{""processor_id_low"":2147487744,""size"":32768,""level"":3,""cache_line_size"":64,""cache_lines_per_tag"":0,""association"":0,""latency"":0,""type"":{""Data"":1,""Instruction"":0,""CPU"":0,""HSACU"":1}}],""io_links"":[{""type"":2,""version_major"":0,""version_minor"":0,""node_from"":1,""node_to"":0,""weight"":20,""min_latency"":0,""max_latency"":0,""min_bandwidth"":0,""max_bandwidth"":32000,""recommended_transfer_size"":0,""flags"":{""Override"":1,""NonCoherent"":0,""NoAtomics32bit"":0,""NoAtomics64bit"":0,""NoPeerToPeerDMA"":0}}],""gpu_index"":0}"
3280,00003c59-a9c1-79c1-bb2d-49dc347960f4,1655282045,1258330,1,GPU,,,SQ_INSTS_SMEM,SQ_INSTS_SMEM,"Total number of SMEM (Scalar Memory Read) instructions issued. This value is returned per-SE (aggregate of values in SIMDs in the SE). See AMD ISAs for more information on SMEM instructions.","",rocm,"",ABS,SQ,"",0,0,"{""size"":312,""id"":{""handle"":5943},""type"":2,""cpu_cores_count"":0,""simd_count"":80,""mem_banks_count"":1,""caches_count"":86,""io_links_count"":1,""cpu_core_id_base"":0,""simd_id_base"":2147487744,""max_waves_per_simd"":16,""lds_size_in_kb"":64,""gds_size_in_kb"":0,""num_gws"":64,""wave_front_size"":32,""num_xcc"":1,""cu_count"":40,""array_count"":4,""num_shader_banks"":2,""simd_arrays_per_engine"":2,""cu_per_simd_array"":10,""simd_per_cu"":2,""max_slots_scratch_cu"":32,""gfx_target_version"":110501,""vendor_id"":4098,""device_id"":5510,""location_id"":50432,""domain"":0,""drm_render_minor"":128,""num_sdma_engines"":1,""num_sdma_xgmi_engines"":0,""num_sdma_queues_per_engine"":6,""num_cp_queues"":8,""max_engine_clk_ccompute"":5187,""max_engine_clk_fcompute"":2900,""sdma_fw_version"":{""uCodeSDMA"":14,""uCodeRes"":0},""fw_version"":{""uCode"":32,""Major"":0,""Minor"":0,""Stepping"":0},""capability"":{""HotPluggable"":0,""HSAMMUPresent"":0,""SharedWithGraphics"":0,""QueueSizePowerOfTwo"":0,""QueueSize32bit"":0,""QueueIdleEvent"":0,""VALimit"":0,""WatchPointsSupported"":1,""WatchPointsTotalBits"":2,""DoorbellType"":2,""AQLQueueDoubleMap"":0,""DebugTrapSupported"":1,""WaveLaunchTrapOverrideSupported"":1,""WaveLaunchModeSupported"":1,""PreciseMemoryOperationsSupported"":0,""DEPRECATED_SRAM_EDCSupport"":0,""Mem_EDCSupport"":0,""RASEventNotify"":0,""ASICRevision"":0,""SRAM_EDCSupport"":0,""SVMAPISupported"":1,""CoherentHostAccess"":0,""DebugSupportedFirmware"":1},""cu_per_engine"":20,""max_waves_per_cu"":32,""family_id"":150,""workgroup_max_size"":1024,""grid_max_size"":4294967295,""local_mem_size"":0,""hive_id"":0,""gpu_id"":35128,""workgroup_max_dim"":{""x"":1024,""y"":1024,""z"":1024},""grid_max_dim"":{""x"":2147483647,""y"":65535,""z"":65535},""name"":""gfx1151"",""vendor_name"":""AMD"",""product_name"":""Radeon 8060S Graphics"",""model_name"":""ip discovery"",""node_id"":1,""logical_node_id"":1,""logical_node_type_id"":0,""runtime_visibility"":{""hsa"":1,""hip"":1,""rccl"":1,""rocdecode"":1},""uuid"":{""bytes"":{""value0"":0,""value1"":0,""value2"":0,""value3"":0,""value4"":0,""value5"":0,""value6"":0,""value7"":0,""value8"":0,""value9"":0,""value10"":0,""value11"":0,""value12"":0,""value13"":0,""value14"":0,""value15"":0}},""mem_banks"":[{""heap_type"":1,""flags"":{""HotPluggable"":0,""NonVolatile"":0},""width"":256,""mem_clk_max"":1000,""size_in_bytes"":137438953472}],""caches"":[{""processor_id_low"":2147487744,""size"":32,""level"":1,""cache_line_size"":128,""cache_lines_per_tag"":0,""association"":0,""latency"":0,""type"":{""Data"":1,""Instruction"":0,""CPU"":0,""HSACU"":1}},{""processor_id_low"":2147487745,""size"":32,""level"":1,""cache_line_size"":128,""cache_lines_per_tag"":0,""association"":0,""latency"":0,""type"":{""Data"":1,""Instruction"":0,""CPU"":0,""HSACU"":1}},{""processor_id_low"":2147487746,""size"":32,""level"":1,""cache_line_size"":128,""cache_lines_per_tag"":0,""association"":0,""latency"":0,""type"":{""Data"":1,""Instruction"":0,""CPU"":0,""HSACU"":1}},{""processor_id_low"":2147487747,""size"":32,""level"":1,""cache_line_size"":128,""cache_lines_per_tag"":0,""association"":0,""latency"":0,""type"":{""Data"":1,""Instruction"":0,""CPU"":0,""HSACU"":1}},{""processor_id_low"":2147487748,""size"":32,""level"":1,""cache_line_size"":128,""cache_lines_per_tag"":0,""association"":0,""latency"":0,""type"":{""Data"":1,""Instruction"":0,""CPU"":0,""HSACU"":1}},{""processor_id_low"":2147487749,""size"":32,""level"":1,""cache_line_size"":128,""cache_lines_per_tag"":0,""association"":0,""latency"":0,""type"":{""Data"":1,""Instruction"":0,""CPU"":0,""HSACU"":1}},{""processor_id_low"":2147487750,""size"":32,""level"":1,""cache_line_size"":128,""cache_lines_per_tag"":0,""association"":0,""latency"":0,""type"":{""Data"":1,""Instruction"":0,""CPU"":0,""HSACU"":1}},{""processor_id_low"":2147487751,""size"":32,""level"":1,""cache_line_size"":128,""cache_lines_per_tag"":0,""association"":0,""latency"":0,""type"":{""Data"":1,""Instruction"":0,""CPU"":0,""HSACU"":1}},{""processor_id_low"":2147487752,""size"":32,""level"":1,""cache_line_size"":128,""cache_lines_per_tag"":0,""association"":0,""latency"":0,""type"":{""Data"":1,""Instruction"":0,""CPU"":0,""HSACU"":1}},{""processor_id_low"":2147487753,""size"":32,""level"":1,""cache_line_size"":128,""cache_lines_per_tag"":0,""association"":0,""latency"":0,""type"":{""Data"":1,""Instruction"":0,""CPU"":0,""HSACU"":1}},{""processor_id_low"":2147487754,""size"":32,""level"":1,""cache_line_size"":128,""cache_lines_per_tag"":0,""association"":0,""latency"":0,""type"":{""Data"":1,""Instruction"":0,""CPU"":0,""HSACU"":1}},{""processor_id_low"":2147487755,""size"":32,""level"":1,""cache_line_size"":128,""cache_lines_per_tag"":0,""association"":0,""latency"":0,""type"":{""Data"":1,""Instruction"":0,""CPU"":0,""HSACU"":1}},{""processor_id_low"":2147487756,""size"":32,""level"":1,""cache_line_size"":128,""cache_lines_per_tag"":0,""association"":0,""latency"":0,""type"":{""Data"":1,""Instruction"":0,""CPU"":0,""HSACU"":1}},{""processor_id_low"":2147487757,""size"":32,""level"":1,""cache_line_size"":128,""cache_lines_per_tag"":0,""association"":0,""latency"":0,""type"":{""Data"":1,""Instruction"":0,""CPU"":0,""HSACU"":1}},{""processor_id_low"":2147487758,""size"":32,""level"":1,""cache_line_size"":128,""cache_lines_per_tag"":0,""association"":0,""latency"":0,""type"":{""Data"":1,""Instruction"":0,""CPU"":0,""HSACU"":1}},{""processor_id_low"":2147487759,""size"":32,""level"":1,""cache_line_size"":128,""cache_lines_per_tag"":0,""association"":0,""latency"":0,""type"":{""Data"":1,""Instruction"":0,""CPU"":0,""HSACU"":1}},{""processor_id_low"":2147487760,""size"":32,""level"":1,""cache_line_size"":128,""cache_lines_per_tag"":0,""association"":0,""latency"":0,""type"":{""Data"":1,""Instruction"":0,""CPU"":0,""HSACU"":1}},{""processor_id_low"":2147487761,""size"":32,""level"":1,""cache_line_size"":128,""cache_lines_per_tag"":0,""association"":0,""latency"":0,""type"":{""Data"":1,""Instruction"":0,""CPU"":0,""HSACU"":1}},{""processor_id_low"":2147487762,""size"":32,""level"":1,""cache_line_size"":128,""cache_lines_per_tag"":0,""association"":0,""latency"":0,""type"":{""Data"":1,""Instruction"":0,""CPU"":0,""HSACU"":1}},{""processor_id_low"":2147487763,""size"":32,""level"":1,""cache_line_size"":128,""cache_lines_per_tag"":0,""association"":0,""latency"":0,""type"":{""Data"":1,""Instruction"":0,""CPU"":0,""HSACU"":1}},{""processor_id_low"":2147487764,""size"":32,""level"":1,""cache_line_size"":128,""cache_lines_per_tag"":0,""association"":0,""latency"":0,""type"":{""Data"":1,""Instruction"":0,""CPU"":0,""HSACU"":1}},{""processor_id_low"":2147487765,""size"":32,""level"":1,""cache_line_size"":128,""cache_lines_per_tag"":0,""association"":0,""latency"":0,""type"":{""Data"":1,""Instruction"":0,""CPU"":0,""HSACU"":1}},{""processor_id_low"":2147487766,""size"":32,""level"":1,""cache_line_size"":128,""cache_lines_per_tag"":0,""association"":0,""latency"":0,""type"":{""Data"":1,""Instruction"":0,""CPU"":0,""HSACU"":1}},{""processor_id_low"":2147487767,""size"":32,""level"":1,""cache_line_size"":128,""cache_lines_per_tag"":0,""association"":0,""latency"":0,""type"":{""Data"":1,""Instruction"":0,""CPU"":0,""HSACU"":1}},{""processor_id_low"":2147487768,""size"":32,""level"":1,""cache_line_size"":128,""cache_lines_per_tag"":0,""association"":0,""latency"":0,""type"":{""Data"":1,""Instruction"":0,""CPU"":0,""HSACU"":1}},{""processor_id_low"":2147487769,""size"":32,""level"":1,""cache_line_size"":128,""cache_lines_per_tag"":0,""association"":0,""latency"":0,""type"":{""Data"":1,""Instruction"":0,""CPU"":0,""HSACU"":1}},{""processor_id_low"":2147487770,""size"":32,""level"":1,""cache_line_size"":128,""cache_lines_per_tag"":0,""association"":0,""latency"":0,""type"":{""Data"":1,""Instruction"":0,""CPU"":0,""HSACU"":1}},{""processor_id_low"":2147487771,""size"":32,""level"":1,""cache_line_size"":128,""cache_lines_per_tag"":0,""association"":0,""latency"":0,""type"":{""Data"":1,""Instruction"":0,""CPU"":0,""HSACU"":1}},{""processor_id_low"":2147487772,""size"":32,""level"":1,""cache_line_size"":128,""cache_lines_per_tag"":0,""association"":0,""latency"":0,""type"":{""Data"":1,""Instruction"":0,""CPU"":0,""HSACU"":1}},{""processor_id_low"":2147487773,""size"":32,""level"":1,""cache_line_size"":128,""cache_lines_per_tag"":0,""association"":0,""latency"":0,""type"":{""Data"":1,""Instruction"":0,""CPU"":0,""HSACU"":1}},{""processor_id_low"":2147487774,""size"":32,""level"":1,""cache_line_size"":128,""cache_lines_per_tag"":0,""association"":0,""latency"":0,""type"":{""Data"":1,""Instruction"":0,""CPU"":0,""HSACU"":1}},{""processor_id_low"":2147487775,""size"":32,""level"":1,""cache_line_size"":128,""cache_lines_per_tag"":0,""association"":0,""latency"":0,""type"":{""Data"":1,""Instruction"":0,""CPU"":0,""HSACU"":1}},{""processor_id_low"":2147487776,""size"":32,""level"":1,""cache_line_size"":128,""cache_lines_per_tag"":0,""association"":0,""latency"":0,""type"":{""Data"":1,""Instruction"":0,""CPU"":0,""HSACU"":1}},{""processor_id_low"":2147487777,""size"":32,""level"":1,""cache_line_size"":128,""cache_lines_per_tag"":0,""association"":0,""latency"":0,""type"":{""Data"":1,""Instruction"":0,""CPU"":0,""HSACU"":1}},{""processor_id_low"":2147487778,""size"":32,""level"":1,""cache_line_size"":128,""cache_lines_per_tag"":0,""association"":0,""latency"":0,""type"":{""Data"":1,""Instruction"":0,""CPU"":0,""HSACU"":1}},{""processor_id_low"":2147487779,""size"":32,""level"":1,""cache_line_size"":128,""cache_lines_per_tag"":0,""association"":0,""latency"":0,""type"":{""Data"":1,""Instruction"":0,""CPU"":0,""HSACU"":1}},{""processor_id_low"":2147487780,""size"":32,""level"":1,""cache_line_size"":128,""cache_lines_per_tag"":0,""association"":0,""latency"":0,""type"":{""Data"":1,""Instruction"":0,""CPU"":0,""HSACU"":1}},{""processor_id_low"":2147487781,""size"":32,""level"":1,""cache_line_size"":128,""cache_lines_per_tag"":0,""association"":0,""latency"":0,""type"":{""Data"":1,""Instruction"":0,""CPU"":0,""HSACU"":1}},{""processor_id_low"":2147487782,""size"":32,""level"":1,""cache_line_size"":128,""cache_lines_per_tag"":0,""association"":0,""latency"":0,""type"":{""Data"":1,""Instruction"":0,""CPU"":0,""HSACU"":1}},{""processor_id_low"":2147487783,""size"":32,""level"":1,""cache_line_size"":128,""cache_lines_per_tag"":0,""association"":0,""latency"":0,""type"":{""Data"":1,""Instruction"":0,""CPU"":0,""HSACU"":1}},{""processor_id_low"":2147487744,""size"":32,""level"":1,""cache_line_size"":128,""cache_lines_per_tag"":0,""association"":0,""latency"":0,""type"":{""Data"":0,""Instruction"":1,""CPU"":0,""HSACU"":1}},{""processor_id_low"":2147487746,""size"":32,""level"":1,""cache_line_size"":128,""cache_lines_per_tag"":0,""association"":0,""latency"":0,""type"":{""Data"":0,""Instruction"":1,""CPU"":0,""HSACU"":1}},{""processor_id_low"":2147487748,""size"":32,""level"":1,""cache_line_size"":128,""cache_lines_per_tag"":0,""association"":0,""latency"":0,""type"":{""Data"":0,""Instruction"":1,""CPU"":0,""HSACU"":1}},{""processor_id_low"":2147487750,""size"":32,""level"":1,""cache_line_size"":128,""cache_lines_per_tag"":0,""association"":0,""latency"":0,""type"":{""Data"":0,""Instruction"":1,""CPU"":0,""HSACU"":1}},{""processor_id_low"":2147487752,""size"":32,""level"":1,""cache_line_size"":128,""cache_lines_per_tag"":0,""association"":0,""latency"":0,""type"":{""Data"":0,""Instruction"":1,""CPU"":0,""HSACU"":1}},{""processor_id_low"":2147487754,""size"":32,""level"":1,""cache_line_size"":128,""cache_lines_per_tag"":0,""association"":0,""latency"":0,""type"":{""Data"":0,""Instruction"":1,""CPU"":0,""HSACU"":1}},{""processor_id_low"":2147487756,""size"":32,""level"":1,""cache_line_size"":128,""cache_lines_per_tag"":0,""association"":0,""latency"":0,""type"":{""Data"":0,""Instruction"":1,""CPU"":0,""HSACU"":1}},{""processor_id_low"":2147487758,""size"":32,""level"":1,""cache_line_size"":128,""cache_lines_per_tag"":0,""association"":0,""latency"":0,""type"":{""Data"":0,""Instruction"":1,""CPU"":0,""HSACU"":1}},{""processor_id_low"":2147487760,""size"":32,""level"":1,""cache_line_size"":128,""cache_lines_per_tag"":0,""association"":0,""latency"":0,""type"":{""Data"":0,""Instruction"":1,""CPU"":0,""HSACU"":1}},{""processor_id_low"":2147487762,""size"":32,""level"":1,""cache_line_size"":128,""cache_lines_per_tag"":0,""association"":0,""latency"":0,""type"":{""Data"":0,""Instruction"":1,""CPU"":0,""HSACU"":1}},{""processor_id_low"":2147487764,""size"":32,""level"":1,""cache_line_size"":128,""cache_lines_per_tag"":0,""association"":0,""latency"":0,""type"":{""Data"":0,""Instruction"":1,""CPU"":0,""HSACU"":1}},{""processor_id_low"":2147487766,""size"":32,""level"":1,""cache_line_size"":128,""cache_lines_per_tag"":0,""association"":0,""latency"":0,""type"":{""Data"":0,""Instruction"":1,""CPU"":0,""HSACU"":1}},{""processor_id_low"":2147487768,""size"":32,""level"":1,""cache_line_size"":128,""cache_lines_per_tag"":0,""association"":0,""latency"":0,""type"":{""Data"":0,""Instruction"":1,""CPU"":0,""HSACU"":1}},{""processor_id_low"":2147487770,""size"":32,""level"":1,""cache_line_size"":128,""cache_lines_per_tag"":0,""association"":0,""latency"":0,""type"":{""Data"":0,""Instruction"":1,""CPU"":0,""HSACU"":1}},{""processor_id_low"":2147487772,""size"":32,""level"":1,""cache_line_size"":128,""cache_lines_per_tag"":0,""association"":0,""latency"":0,""type"":{""Data"":0,""Instruction"":1,""CPU"":0,""HSACU"":1}},{""processor_id_low"":2147487774,""size"":32,""level"":1,""cache_line_size"":128,""cache_lines_per_tag"":0,""association"":0,""latency"":0,""type"":{""Data"":0,""Instruction"":1,""CPU"":0,""HSACU"":1}},{""processor_id_low"":2147487776,""size"":32,""level"":1,""cache_line_size"":128,""cache_lines_per_tag"":0,""association"":0,""latency"":0,""type"":{""Data"":0,""Instruction"":1,""CPU"":0,""HSACU"":1}},{""processor_id_low"":2147487778,""size"":32,""level"":1,""cache_line_size"":128,""cache_lines_per_tag"":0,""association"":0,""latency"":0,""type"":{""Data"":0,""Instruction"":1,""CPU"":0,""HSACU"":1}},{""processor_id_low"":2147487780,""size"":32,""level"":1,""cache_line_size"":128,""cache_lines_per_tag"":0,""association"":0,""latency"":0,""type"":{""Data"":0,""Instruction"":1,""CPU"":0,""HSACU"":1}},{""processor_id_low"":2147487782,""size"":32,""level"":1,""cache_line_size"":128,""cache_lines_per_tag"":0,""association"":0,""latency"":0,""type"":{""Data"":0,""Instruction"":1,""CPU"":0,""HSACU"":1}},{""processor_id_low"":2147487744,""size"":16,""level"":1,""cache_line_size"":64,""cache_lines_per_tag"":0,""association"":0,""latency"":0,""type"":{""Data"":1,""Instruction"":0,""CPU"":0,""HSACU"":1}},{""processor_id_low"":2147487746,""size"":16,""level"":1,""cache_line_size"":64,""cache_lines_per_tag"":0,""association"":0,""latency"":0,""type"":{""Data"":1,""Instruction"":0,""CPU"":0,""HSACU"":1}},{""processor_id_low"":2147487748,""size"":16,""level"":1,""cache_line_size"":64,""cache_lines_per_tag"":0,""association"":0,""latency"":0,""type"":{""Data"":1,""Instruction"":0,""CPU"":0,""HSACU"":1}},{""processor_id_low"":2147487750,""size"":16,""level"":1,""cache_line_size"":64,""cache_lines_per_tag"":0,""association"":0,""latency"":0,""type"":{""Data"":1,""Instruction"":0,""CPU"":0,""HSACU"":1}},{""processor_id_low"":2147487752,""size"":16,""level"":1,""cache_line_size"":64,""cache_lines_per_tag"":0,""association"":0,""latency"":0,""type"":{""Data"":1,""Instruction"":0,""CPU"":0,""HSACU"":1}},{""processor_id_low"":2147487754,""size"":16,""level"":1,""cache_line_size"":64,""cache_lines_per_tag"":0,""association"":0,""latency"":0,""type"":{""Data"":1,""Instruction"":0,""CPU"":0,""HSACU"":1}},{""processor_id_low"":2147487756,""size"":16,""level"":1,""cache_line_size"":64,""cache_lines_per_tag"":0,""association"":0,""latency"":0,""type"":{""Data"":1,""Instruction"":0,""CPU"":0,""HSACU"":1}},{""processor_id_low"":2147487758,""size"":16,""level"":1,""cache_line_size"":64,""cache_lines_per_tag"":0,""association"":0,""latency"":0,""type"":{""Data"":1,""Instruction"":0,""CPU"":0,""HSACU"":1}},{""processor_id_low"":2147487760,""size"":16,""level"":1,""cache_line_size"":64,""cache_lines_per_tag"":0,""association"":0,""latency"":0,""type"":{""Data"":1,""Instruction"":0,""CPU"":0,""HSACU"":1}},{""processor_id_low"":2147487762,""size"":16,""level"":1,""cache_line_size"":64,""cache_lines_per_tag"":0,""association"":0,""latency"":0,""type"":{""Data"":1,""Instruction"":0,""CPU"":0,""HSACU"":1}},{""processor_id_low"":2147487764,""size"":16,""level"":1,""cache_line_size"":64,""cache_lines_per_tag"":0,""association"":0,""latency"":0,""type"":{""Data"":1,""Instruction"":0,""CPU"":0,""HSACU"":1}},{""processor_id_low"":2147487766,""size"":16,""level"":1,""cache_line_size"":64,""cache_lines_per_tag"":0,""association"":0,""latency"":0,""type"":{""Data"":1,""Instruction"":0,""CPU"":0,""HSACU"":1}},{""processor_id_low"":2147487768,""size"":16,""level"":1,""cache_line_size"":64,""cache_lines_per_tag"":0,""association"":0,""latency"":0,""type"":{""Data"":1,""Instruction"":0,""CPU"":0,""HSACU"":1}},{""processor_id_low"":2147487770,""size"":16,""level"":1,""cache_line_size"":64,""cache_lines_per_tag"":0,""association"":0,""latency"":0,""type"":{""Data"":1,""Instruction"":0,""CPU"":0,""HSACU"":1}},{""processor_id_low"":2147487772,""size"":16,""level"":1,""cache_line_size"":64,""cache_lines_per_tag"":0,""association"":0,""latency"":0,""type"":{""Data"":1,""Instruction"":0,""CPU"":0,""HSACU"":1}},{""processor_id_low"":2147487774,""size"":16,""level"":1,""cache_line_size"":64,""cache_lines_per_tag"":0,""association"":0,""latency"":0,""type"":{""Data"":1,""Instruction"":0,""CPU"":0,""HSACU"":1}},{""processor_id_low"":2147487776,""size"":16,""level"":1,""cache_line_size"":64,""cache_lines_per_tag"":0,""association"":0,""latency"":0,""type"":{""Data"":1,""Instruction"":0,""CPU"":0,""HSACU"":1}},{""processor_id_low"":2147487778,""size"":16,""level"":1,""cache_line_size"":64,""cache_lines_per_tag"":0,""association"":0,""latency"":0,""type"":{""Data"":1,""Instruction"":0,""CPU"":0,""HSACU"":1}},{""processor_id_low"":2147487780,""size"":16,""level"":1,""cache_line_size"":64,""cache_lines_per_tag"":0,""association"":0,""latency"":0,""type"":{""Data"":1,""Instruction"":0,""CPU"":0,""HSACU"":1}},{""processor_id_low"":2147487782,""size"":16,""level"":1,""cache_line_size"":64,""cache_lines_per_tag"":0,""association"":0,""latency"":0,""type"":{""Data"":1,""Instruction"":0,""CPU"":0,""HSACU"":1}},{""processor_id_low"":2147487744,""size"":256,""level"":1,""cache_line_size"":128,""cache_lines_per_tag"":0,""association"":0,""latency"":0,""type"":{""Data"":1,""Instruction"":0,""CPU"":0,""HSACU"":1}},{""processor_id_low"":2147487754,""size"":256,""level"":1,""cache_line_size"":128,""cache_lines_per_tag"":0,""association"":0,""latency"":0,""type"":{""Data"":1,""Instruction"":0,""CPU"":0,""HSACU"":1}},{""processor_id_low"":2147487764,""size"":256,""level"":1,""cache_line_size"":128,""cache_lines_per_tag"":0,""association"":0,""latency"":0,""type"":{""Data"":1,""Instruction"":0,""CPU"":0,""HSACU"":1}},{""processor_id_low"":2147487774,""size"":256,""level"":1,""cache_line_size"":128,""cache_lines_per_tag"":0,""association"":0,""latency"":0,""type"":{""Data"":1,""Instruction"":0,""CPU"":0,""HSACU"":1}},{""processor_id_low"":2147487744,""size"":2048,""level"":2,""cache_line_size"":128,""cache_lines_per_tag"":0,""association"":0,""latency"":0,""type"":{""Data"":1,""Instruction"":0,""CPU"":0,""HSACU"":1}},{""processor_id_low"":2147487744,""size"":32768,""level"":3,""cache_line_size"":64,""cache_lines_per_tag"":0,""association"":0,""latency"":0,""type"":{""Data"":1,""Instruction"":0,""CPU"":0,""HSACU"":1}}],""io_links"":[{""type"":2,""version_major"":0,""version_minor"":0,""node_from"":1,""node_to"":0,""weight"":20,""min_latency"":0,""max_latency"":0,""min_bandwidth"":0,""max_bandwidth"":32000,""recommended_transfer_size"":0,""flags"":{""Override"":1,""NonCoherent"":0,""NoAtomics32bit"":0,""NoAtomics64bit"":0,""NoPeerToPeerDMA"":0}}],""gpu_index"":0}"
3298,00003c59-a9c1-79c1-bb2d-49dc347960f4,1655282045,1258330,1,GPU,,,SQ_INSTS_TEX_LOAD,SQ_INSTS_TEX_LOAD,"The number of buffer load, image load, sample, or atomic (with return) texture instructions issued. The value is returned per-SE (aggregate of values in SIMDs in the SE). See AMD ISAs for more information on TEX_LOAD instructions.","",rocm,"",ABS,SQ,"",0,0,"{""size"":312,""id"":{""handle"":5943},""type"":2,""cpu_cores_count"":0,""simd_count"":80,""mem_banks_count"":1,""caches_count"":86,""io_links_count"":1,""cpu_core_id_base"":0,""simd_id_base"":2147487744,""max_waves_per_simd"":16,""lds_size_in_kb"":64,""gds_size_in_kb"":0,""num_gws"":64,""wave_front_size"":32,""num_xcc"":1,""cu_count"":40,""array_count"":4,""num_shader_banks"":2,""simd_arrays_per_engine"":2,""cu_per_simd_array"":10,""simd_per_cu"":2,""max_slots_scratch_cu"":32,""gfx_target_version"":110501,""vendor_id"":4098,""device_id"":5510,""location_id"":50432,""domain"":0,""drm_render_minor"":128,""num_sdma_engines"":1,""num_sdma_xgmi_engines"":0,""num_sdma_queues_per_engine"":6,""num_cp_queues"":8,""max_engine_clk_ccompute"":5187,""max_engine_clk_fcompute"":2900,""sdma_fw_version"":{""uCodeSDMA"":14,""uCodeRes"":0},""fw_version"":{""uCode"":32,""Major"":0,""Minor"":0,""Stepping"":0},""capability"":{""HotPluggable"":0,""HSAMMUPresent"":0,""SharedWithGraphics"":0,""QueueSizePowerOfTwo"":0,""QueueSize32bit"":0,""QueueIdleEvent"":0,""VALimit"":0,""WatchPointsSupported"":1,""WatchPointsTotalBits"":2,""DoorbellType"":2,""AQLQueueDoubleMap"":0,""DebugTrapSupported"":1,""WaveLaunchTrapOverrideSupported"":1,""WaveLaunchModeSupported"":1,""PreciseMemoryOperationsSupported"":0,""DEPRECATED_SRAM_EDCSupport"":0,""Mem_EDCSupport"":0,""RASEventNotify"":0,""ASICRevision"":0,""SRAM_EDCSupport"":0,""SVMAPISupported"":1,""CoherentHostAccess"":0,""DebugSupportedFirmware"":1},""cu_per_engine"":20,""max_waves_per_cu"":32,""family_id"":150,""workgroup_max_size"":1024,""grid_max_size"":4294967295,""local_mem_size"":0,""hive_id"":0,""gpu_id"":35128,""workgroup_max_dim"":{""x"":1024,""y"":1024,""z"":1024},""grid_max_dim"":{""x"":2147483647,""y"":65535,""z"":65535},""name"":""gfx1151"",""vendor_name"":""AMD"",""product_name"":""Radeon 8060S Graphics"",""model_name"":""ip discovery"",""node_id"":1,""logical_node_id"":1,""logical_node_type_id"":0,""runtime_visibility"":{""hsa"":1,""hip"":1,""rccl"":1,""rocdecode"":1},""uuid"":{""bytes"":{""value0"":0,""value1"":0,""value2"":0,""value3"":0,""value4"":0,""value5"":0,""value6"":0,""value7"":0,""value8"":0,""value9"":0,""value10"":0,""value11"":0,""value12"":0,""value13"":0,""value14"":0,""value15"":0}},""mem_banks"":[{""heap_type"":1,""flags"":{""HotPluggable"":0,""NonVolatile"":0},""width"":256,""mem_clk_max"":1000,""size_in_bytes"":137438953472}],""caches"":[{""processor_id_low"":2147487744,""size"":32,""level"":1,""cache_line_size"":128,""cache_lines_per_tag"":0,""association"":0,""latency"":0,""type"":{""Data"":1,""Instruction"":0,""CPU"":0,""HSACU"":1}},{""processor_id_low"":2147487745,""size"":32,""level"":1,""cache_line_size"":128,""cache_lines_per_tag"":0,""association"":0,""latency"":0,""type"":{""Data"":1,""Instruction"":0,""CPU"":0,""HSACU"":1}},{""processor_id_low"":2147487746,""size"":32,""level"":1,""cache_line_size"":128,""cache_lines_per_tag"":0,""association"":0,""latency"":0,""type"":{""Data"":1,""Instruction"":0,""CPU"":0,""HSACU"":1}},{""processor_id_low"":2147487747,""size"":32,""level"":1,""cache_line_size"":128,""cache_lines_per_tag"":0,""association"":0,""latency"":0,""type"":{""Data"":1,""Instruction"":0,""CPU"":0,""HSACU"":1}},{""processor_id_low"":2147487748,""size"":32,""level"":1,""cache_line_size"":128,""cache_lines_per_tag"":0,""association"":0,""latency"":0,""type"":{""Data"":1,""Instruction"":0,""CPU"":0,""HSACU"":1}},{""processor_id_low"":2147487749,""size"":32,""level"":1,""cache_line_size"":128,""cache_lines_per_tag"":0,""association"":0,""latency"":0,""type"":{""Data"":1,""Instruction"":0,""CPU"":0,""HSACU"":1}},{""processor_id_low"":2147487750,""size"":32,""level"":1,""cache_line_size"":128,""cache_lines_per_tag"":0,""association"":0,""latency"":0,""type"":{""Data"":1,""Instruction"":0,""CPU"":0,""HSACU"":1}},{""processor_id_low"":2147487751,""size"":32,""level"":1,""cache_line_size"":128,""cache_lines_per_tag"":0,""association"":0,""latency"":0,""type"":{""Data"":1,""Instruction"":0,""CPU"":0,""HSACU"":1}},{""processor_id_low"":2147487752,""size"":32,""level"":1,""cache_line_size"":128,""cache_lines_per_tag"":0,""association"":0,""latency"":0,""type"":{""Data"":1,""Instruction"":0,""CPU"":0,""HSACU"":1}},{""processor_id_low"":2147487753,""size"":32,""level"":1,""cache_line_size"":128,""cache_lines_per_tag"":0,""association"":0,""latency"":0,""type"":{""Data"":1,""Instruction"":0,""CPU"":0,""HSACU"":1}},{""processor_id_low"":2147487754,""size"":32,""level"":1,""cache_line_size"":128,""cache_lines_per_tag"":0,""association"":0,""latency"":0,""type"":{""Data"":1,""Instruction"":0,""CPU"":0,""HSACU"":1}},{""processor_id_low"":2147487755,""size"":32,""level"":1,""cache_line_size"":128,""cache_lines_per_tag"":0,""association"":0,""latency"":0,""type"":{""Data"":1,""Instruction"":0,""CPU"":0,""HSACU"":1}},{""processor_id_low"":2147487756,""size"":32,""level"":1,""cache_line_size"":128,""cache_lines_per_tag"":0,""association"":0,""latency"":0,""type"":{""Data"":1,""Instruction"":0,""CPU"":0,""HSACU"":1}},{""processor_id_low"":2147487757,""size"":32,""level"":1,""cache_line_size"":128,""cache_lines_per_tag"":0,""association"":0,""latency"":0,""type"":{""Data"":1,""Instruction"":0,""CPU"":0,""HSACU"":1}},{""processor_id_low"":2147487758,""size"":32,""level"":1,""cache_line_size"":128,""cache_lines_per_tag"":0,""association"":0,""latency"":0,""type"":{""Data"":1,""Instruction"":0,""CPU"":0,""HSACU"":1}},{""processor_id_low"":2147487759,""size"":32,""level"":1,""cache_line_size"":128,""cache_lines_per_tag"":0,""association"":0,""latency"":0,""type"":{""Data"":1,""Instruction"":0,""CPU"":0,""HSACU"":1}},{""processor_id_low"":2147487760,""size"":32,""level"":1,""cache_line_size"":128,""cache_lines_per_tag"":0,""association"":0,""latency"":0,""type"":{""Data"":1,""Instruction"":0,""CPU"":0,""HSACU"":1}},{""processor_id_low"":2147487761,""size"":32,""level"":1,""cache_line_size"":128,""cache_lines_per_tag"":0,""association"":0,""latency"":0,""type"":{""Data"":1,""Instruction"":0,""CPU"":0,""HSACU"":1}},{""processor_id_low"":2147487762,""size"":32,""level"":1,""cache_line_size"":128,""cache_lines_per_tag"":0,""association"":0,""latency"":0,""type"":{""Data"":1,""Instruction"":0,""CPU"":0,""HSACU"":1}},{""processor_id_low"":2147487763,""size"":32,""level"":1,""cache_line_size"":128,""cache_lines_per_tag"":0,""association"":0,""latency"":0,""type"":{""Data"":1,""Instruction"":0,""CPU"":0,""HSACU"":1}},{""processor_id_low"":2147487764,""size"":32,""level"":1,""cache_line_size"":128,""cache_lines_per_tag"":0,""association"":0,""latency"":0,""type"":{""Data"":1,""Instruction"":0,""CPU"":0,""HSACU"":1}},{""processor_id_low"":2147487765,""size"":32,""level"":1,""cache_line_size"":128,""cache_lines_per_tag"":0,""association"":0,""latency"":0,""type"":{""Data"":1,""Instruction"":0,""CPU"":0,""HSACU"":1}},{""processor_id_low"":2147487766,""size"":32,""level"":1,""cache_line_size"":128,""cache_lines_per_tag"":0,""association"":0,""latency"":0,""type"":{""Data"":1,""Instruction"":0,""CPU"":0,""HSACU"":1}},{""processor_id_low"":2147487767,""size"":32,""level"":1,""cache_line_size"":128,""cache_lines_per_tag"":0,""association"":0,""latency"":0,""type"":{""Data"":1,""Instruction"":0,""CPU"":0,""HSACU"":1}},{""processor_id_low"":2147487768,""size"":32,""level"":1,""cache_line_size"":128,""cache_lines_per_tag"":0,""association"":0,""latency"":0,""type"":{""Data"":1,""Instruction"":0,""CPU"":0,""HSACU"":1}},{""processor_id_low"":2147487769,""size"":32,""level"":1,""cache_line_size"":128,""cache_lines_per_tag"":0,""association"":0,""latency"":0,""type"":{""Data"":1,""Instruction"":0,""CPU"":0,""HSACU"":1}},{""processor_id_low"":2147487770,""size"":32,""level"":1,""cache_line_size"":128,""cache_lines_per_tag"":0,""association"":0,""latency"":0,""type"":{""Data"":1,""Instruction"":0,""CPU"":0,""HSACU"":1}},{""processor_id_low"":2147487771,""size"":32,""level"":1,""cache_line_size"":128,""cache_lines_per_tag"":0,""association"":0,""latency"":0,""type"":{""Data"":1,""Instruction"":0,""CPU"":0,""HSACU"":1}},{""processor_id_low"":2147487772,""size"":32,""level"":1,""cache_line_size"":128,""cache_lines_per_tag"":0,""association"":0,""latency"":0,""type"":{""Data"":1,""Instruction"":0,""CPU"":0,""HSACU"":1}},{""processor_id_low"":2147487773,""size"":32,""level"":1,""cache_line_size"":128,""cache_lines_per_tag"":0,""association"":0,""latency"":0,""type"":{""Data"":1,""Instruction"":0,""CPU"":0,""HSACU"":1}},{""processor_id_low"":2147487774,""size"":32,""level"":1,""cache_line_size"":128,""cache_lines_per_tag"":0,""association"":0,""latency"":0,""type"":{""Data"":1,""Instruction"":0,""CPU"":0,""HSACU"":1}},{""processor_id_low"":2147487775,""size"":32,""level"":1,""cache_line_size"":128,""cache_lines_per_tag"":0,""association"":0,""latency"":0,""type"":{""Data"":1,""Instruction"":0,""CPU"":0,""HSACU"":1}},{""processor_id_low"":2147487776,""size"":32,""level"":1,""cache_line_size"":128,""cache_lines_per_tag"":0,""association"":0,""latency"":0,""type"":{""Data"":1,""Instruction"":0,""CPU"":0,""HSACU"":1}},{""processor_id_low"":2147487777,""size"":32,""level"":1,""cache_line_size"":128,""cache_lines_per_tag"":0,""association"":0,""latency"":0,""type"":{""Data"":1,""Instruction"":0,""CPU"":0,""HSACU"":1}},{""processor_id_low"":2147487778,""size"":32,""level"":1,""cache_line_size"":128,""cache_lines_per_tag"":0,""association"":0,""latency"":0,""type"":{""Data"":1,""Instruction"":0,""CPU"":0,""HSACU"":1}},{""processor_id_low"":2147487779,""size"":32,""level"":1,""cache_line_size"":128,""cache_lines_per_tag"":0,""association"":0,""latency"":0,""type"":{""Data"":1,""Instruction"":0,""CPU"":0,""HSACU"":1}},{""processor_id_low"":2147487780,""size"":32,""level"":1,""cache_line_size"":128,""cache_lines_per_tag"":0,""association"":0,""latency"":0,""type"":{""Data"":1,""Instruction"":0,""CPU"":0,""HSACU"":1}},{""processor_id_low"":2147487781,""size"":32,""level"":1,""cache_line_size"":128,""cache_lines_per_tag"":0,""association"":0,""latency"":0,""type"":{""Data"":1,""Instruction"":0,""CPU"":0,""HSACU"":1}},{""processor_id_low"":2147487782,""size"":32,""level"":1,""cache_line_size"":128,""cache_lines_per_tag"":0,""association"":0,""latency"":0,""type"":{""Data"":1,""Instruction"":0,""CPU"":0,""HSACU"":1}},{""processor_id_low"":2147487783,""size"":32,""level"":1,""cache_line_size"":128,""cache_lines_per_tag"":0,""association"":0,""latency"":0,""type"":{""Data"":1,""Instruction"":0,""CPU"":0,""HSACU"":1}},{""processor_id_low"":2147487744,""size"":32,""level"":1,""cache_line_size"":128,""cache_lines_per_tag"":0,""association"":0,""latency"":0,""type"":{""Data"":0,""Instruction"":1,""CPU"":0,""HSACU"":1}},{""processor_id_low"":2147487746,""size"":32,""level"":1,""cache_line_size"":128,""cache_lines_per_tag"":0,""association"":0,""latency"":0,""type"":{""Data"":0,""Instruction"":1,""CPU"":0,""HSACU"":1}},{""processor_id_low"":2147487748,""size"":32,""level"":1,""cache_line_size"":128,""cache_lines_per_tag"":0,""association"":0,""latency"":0,""type"":{""Data"":0,""Instruction"":1,""CPU"":0,""HSACU"":1}},{""processor_id_low"":2147487750,""size"":32,""level"":1,""cache_line_size"":128,""cache_lines_per_tag"":0,""association"":0,""latency"":0,""type"":{""Data"":0,""Instruction"":1,""CPU"":0,""HSACU"":1}},{""processor_id_low"":2147487752,""size"":32,""level"":1,""cache_line_size"":128,""cache_lines_per_tag"":0,""association"":0,""latency"":0,""type"":{""Data"":0,""Instruction"":1,""CPU"":0,""HSACU"":1}},{""processor_id_low"":2147487754,""size"":32,""level"":1,""cache_line_size"":128,""cache_lines_per_tag"":0,""association"":0,""latency"":0,""type"":{""Data"":0,""Instruction"":1,""CPU"":0,""HSACU"":1}},{""processor_id_low"":2147487756,""size"":32,""level"":1,""cache_line_size"":128,""cache_lines_per_tag"":0,""association"":0,""latency"":0,""type"":{""Data"":0,""Instruction"":1,""CPU"":0,""HSACU"":1}},{""processor_id_low"":2147487758,""size"":32,""level"":1,""cache_line_size"":128,""cache_lines_per_tag"":0,""association"":0,""latency"":0,""type"":{""Data"":0,""Instruction"":1,""CPU"":0,""HSACU"":1}},{""processor_id_low"":2147487760,""size"":32,""level"":1,""cache_line_size"":128,""cache_lines_per_tag"":0,""association"":0,""latency"":0,""type"":{""Data"":0,""Instruction"":1,""CPU"":0,""HSACU"":1}},{""processor_id_low"":2147487762,""size"":32,""level"":1,""cache_line_size"":128,""cache_lines_per_tag"":0,""association"":0,""latency"":0,""type"":{""Data"":0,""Instruction"":1,""CPU"":0,""HSACU"":1}},{""processor_id_low"":2147487764,""size"":32,""level"":1,""cache_line_size"":128,""cache_lines_per_tag"":0,""association"":0,""latency"":0,""type"":{""Data"":0,""Instruction"":1,""CPU"":0,""HSACU"":1}},{""processor_id_low"":2147487766,""size"":32,""level"":1,""cache_line_size"":128,""cache_lines_per_tag"":0,""association"":0,""latency"":0,""type"":{""Data"":0,""Instruction"":1,""CPU"":0,""HSACU"":1}},{""processor_id_low"":2147487768,""size"":32,""level"":1,""cache_line_size"":128,""cache_lines_per_tag"":0,""association"":0,""latency"":0,""type"":{""Data"":0,""Instruction"":1,""CPU"":0,""HSACU"":1}},{""processor_id_low"":2147487770,""size"":32,""level"":1,""cache_line_size"":128,""cache_lines_per_tag"":0,""association"":0,""latency"":0,""type"":{""Data"":0,""Instruction"":1,""CPU"":0,""HSACU"":1}},{""processor_id_low"":2147487772,""size"":32,""level"":1,""cache_line_size"":128,""cache_lines_per_tag"":0,""association"":0,""latency"":0,""type"":{""Data"":0,""Instruction"":1,""CPU"":0,""HSACU"":1}},{""processor_id_low"":2147487774,""size"":32,""level"":1,""cache_line_size"":128,""cache_lines_per_tag"":0,""association"":0,""latency"":0,""type"":{""Data"":0,""Instruction"":1,""CPU"":0,""HSACU"":1}},{""processor_id_low"":2147487776,""size"":32,""level"":1,""cache_line_size"":128,""cache_lines_per_tag"":0,""association"":0,""latency"":0,""type"":{""Data"":0,""Instruction"":1,""CPU"":0,""HSACU"":1}},{""processor_id_low"":2147487778,""size"":32,""level"":1,""cache_line_size"":128,""cache_lines_per_tag"":0,""association"":0,""latency"":0,""type"":{""Data"":0,""Instruction"":1,""CPU"":0,""HSACU"":1}},{""processor_id_low"":2147487780,""size"":32,""level"":1,""cache_line_size"":128,""cache_lines_per_tag"":0,""association"":0,""latency"":0,""type"":{""Data"":0,""Instruction"":1,""CPU"":0,""HSACU"":1}},{""processor_id_low"":2147487782,""size"":32,""level"":1,""cache_line_size"":128,""cache_lines_per_tag"":0,""association"":0,""latency"":0,""type"":{""Data"":0,""Instruction"":1,""CPU"":0,""HSACU"":1}},{""processor_id_low"":2147487744,""size"":16,""level"":1,""cache_line_size"":64,""cache_lines_per_tag"":0,""association"":0,""latency"":0,""type"":{""Data"":1,""Instruction"":0,""CPU"":0,""HSACU"":1}},{""processor_id_low"":2147487746,""size"":16,""level"":1,""cache_line_size"":64,""cache_lines_per_tag"":0,""association"":0,""latency"":0,""type"":{""Data"":1,""Instruction"":0,""CPU"":0,""HSACU"":1}},{""processor_id_low"":2147487748,""size"":16,""level"":1,""cache_line_size"":64,""cache_lines_per_tag"":0,""association"":0,""latency"":0,""type"":{""Data"":1,""Instruction"":0,""CPU"":0,""HSACU"":1}},{""processor_id_low"":2147487750,""size"":16,""level"":1,""cache_line_size"":64,""cache_lines_per_tag"":0,""association"":0,""latency"":0,""type"":{""Data"":1,""Instruction"":0,""CPU"":0,""HSACU"":1}},{""processor_id_low"":2147487752,""size"":16,""level"":1,""cache_line_size"":64,""cache_lines_per_tag"":0,""association"":0,""latency"":0,""type"":{""Data"":1,""Instruction"":0,""CPU"":0,""HSACU"":1}},{""processor_id_low"":2147487754,""size"":16,""level"":1,""cache_line_size"":64,""cache_lines_per_tag"":0,""association"":0,""latency"":0,""type"":{""Data"":1,""Instruction"":0,""CPU"":0,""HSACU"":1}},{""processor_id_low"":2147487756,""size"":16,""level"":1,""cache_line_size"":64,""cache_lines_per_tag"":0,""association"":0,""latency"":0,""type"":{""Data"":1,""Instruction"":0,""CPU"":0,""HSACU"":1}},{""processor_id_low"":2147487758,""size"":16,""level"":1,""cache_line_size"":64,""cache_lines_per_tag"":0,""association"":0,""latency"":0,""type"":{""Data"":1,""Instruction"":0,""CPU"":0,""HSACU"":1}},{""processor_id_low"":2147487760,""size"":16,""level"":1,""cache_line_size"":64,""cache_lines_per_tag"":0,""association"":0,""latency"":0,""type"":{""Data"":1,""Instruction"":0,""CPU"":0,""HSACU"":1}},{""processor_id_low"":2147487762,""size"":16,""level"":1,""cache_line_size"":64,""cache_lines_per_tag"":0,""association"":0,""latency"":0,""type"":{""Data"":1,""Instruction"":0,""CPU"":0,""HSACU"":1}},{""processor_id_low"":2147487764,""size"":16,""level"":1,""cache_line_size"":64,""cache_lines_per_tag"":0,""association"":0,""latency"":0,""type"":{""Data"":1,""Instruction"":0,""CPU"":0,""HSACU"":1}},{""processor_id_low"":2147487766,""size"":16,""level"":1,""cache_line_size"":64,""cache_lines_per_tag"":0,""association"":0,""latency"":0,""type"":{""Data"":1,""Instruction"":0,""CPU"":0,""HSACU"":1}},{""processor_id_low"":2147487768,""size"":16,""level"":1,""cache_line_size"":64,""cache_lines_per_tag"":0,""association"":0,""latency"":0,""type"":{""Data"":1,""Instruction"":0,""CPU"":0,""HSACU"":1}},{""processor_id_low"":2147487770,""size"":16,""level"":1,""cache_line_size"":64,""cache_lines_per_tag"":0,""association"":0,""latency"":0,""type"":{""Data"":1,""Instruction"":0,""CPU"":0,""HSACU"":1}},{""processor_id_low"":2147487772,""size"":16,""level"":1,""cache_line_size"":64,""cache_lines_per_tag"":0,""association"":0,""latency"":0,""type"":{""Data"":1,""Instruction"":0,""CPU"":0,""HSACU"":1}},{""processor_id_low"":2147487774,""size"":16,""level"":1,""cache_line_size"":64,""cache_lines_per_tag"":0,""association"":0,""latency"":0,""type"":{""Data"":1,""Instruction"":0,""CPU"":0,""HSACU"":1}},{""processor_id_low"":2147487776,""size"":16,""level"":1,""cache_line_size"":64,""cache_lines_per_tag"":0,""association"":0,""latency"":0,""type"":{""Data"":1,""Instruction"":0,""CPU"":0,""HSACU"":1}},{""processor_id_low"":2147487778,""size"":16,""level"":1,""cache_line_size"":64,""cache_lines_per_tag"":0,""association"":0,""latency"":0,""type"":{""Data"":1,""Instruction"":0,""CPU"":0,""HSACU"":1}},{""processor_id_low"":2147487780,""size"":16,""level"":1,""cache_line_size"":64,""cache_lines_per_tag"":0,""association"":0,""latency"":0,""type"":{""Data"":1,""Instruction"":0,""CPU"":0,""HSACU"":1}},{""processor_id_low"":2147487782,""size"":16,""level"":1,""cache_line_size"":64,""cache_lines_per_tag"":0,""association"":0,""latency"":0,""type"":{""Data"":1,""Instruction"":0,""CPU"":0,""HSACU"":1}},{""processor_id_low"":2147487744,""size"":256,""level"":1,""cache_line_size"":128,""cache_lines_per_tag"":0,""association"":0,""latency"":0,""type"":{""Data"":1,""Instruction"":0,""CPU"":0,""HSACU"":1}},{""processor_id_low"":2147487754,""size"":256,""level"":1,""cache_line_size"":128,""cache_lines_per_tag"":0,""association"":0,""latency"":0,""type"":{""Data"":1,""Instruction"":0,""CPU"":0,""HSACU"":1}},{""processor_id_low"":2147487764,""size"":256,""level"":1,""cache_line_size"":128,""cache_lines_per_tag"":0,""association"":0,""latency"":0,""type"":{""Data"":1,""Instruction"":0,""CPU"":0,""HSACU"":1}},{""processor_id_low"":2147487774,""size"":256,""level"":1,""cache_line_size"":128,""cache_lines_per_tag"":0,""association"":0,""latency"":0,""type"":{""Data"":1,""Instruction"":0,""CPU"":0,""HSACU"":1}},{""processor_id_low"":2147487744,""size"":2048,""level"":2,""cache_line_size"":128,""cache_lines_per_tag"":0,""association"":0,""latency"":0,""type"":{""Data"":1,""Instruction"":0,""CPU"":0,""HSACU"":1}},{""processor_id_low"":2147487744,""size"":32768,""level"":3,""cache_line_size"":64,""cache_lines_per_tag"":0,""association"":0,""latency"":0,""type"":{""Data"":1,""Instruction"":0,""CPU"":0,""HSACU"":1}}],""io_links"":[{""type"":2,""version_major"":0,""version_minor"":0,""node_from"":1,""node_to"":0,""weight"":20,""min_latency"":0,""max_latency"":0,""min_bandwidth"":0,""max_bandwidth"":32000,""recommended_transfer_size"":0,""flags"":{""Override"":1,""NonCoherent"":0,""NoAtomics32bit"":0,""NoAtomics64bit"":0,""NoPeerToPeerDMA"":0}}],""gpu_index"":0}"
3334,00003c59-a9c1-79c1-bb2d-49dc347960f4,1655282045,1258330,1,GPU,,,SQ_INSTS_VALU,SQ_INSTS_VALU,"The number of VALU (Vector ALU) instructions issued. The value is returned per-SE (aggregate of values in SIMDs in the SE). See AMD ISAs for more information on VALU instructions.","",rocm,"",ABS,SQ,"",0,0,"{""size"":312,""id"":{""handle"":5943},""type"":2,""cpu_cores_count"":0,""simd_count"":80,""mem_banks_count"":1,""caches_count"":86,""io_links_count"":1,""cpu_core_id_base"":0,""simd_id_base"":2147487744,""max_waves_per_simd"":16,""lds_size_in_kb"":64,""gds_size_in_kb"":0,""num_gws"":64,""wave_front_size"":32,""num_xcc"":1,""cu_count"":40,""array_count"":4,""num_shader_banks"":2,""simd_arrays_per_engine"":2,""cu_per_simd_array"":10,""simd_per_cu"":2,""max_slots_scratch_cu"":32,""gfx_target_version"":110501,""vendor_id"":4098,""device_id"":5510,""location_id"":50432,""domain"":0,""drm_render_minor"":128,""num_sdma_engines"":1,""num_sdma_xgmi_engines"":0,""num_sdma_queues_per_engine"":6,""num_cp_queues"":8,""max_engine_clk_ccompute"":5187,""max_engine_clk_fcompute"":2900,""sdma_fw_version"":{""uCodeSDMA"":14,""uCodeRes"":0},""fw_version"":{""uCode"":32,""Major"":0,""Minor"":0,""Stepping"":0},""capability"":{""HotPluggable"":0,""HSAMMUPresent"":0,""SharedWithGraphics"":0,""QueueSizePowerOfTwo"":0,""QueueSize32bit"":0,""QueueIdleEvent"":0,""VALimit"":0,""WatchPointsSupported"":1,""WatchPointsTotalBits"":2,""DoorbellType"":2,""AQLQueueDoubleMap"":0,""DebugTrapSupported"":1,""WaveLaunchTrapOverrideSupported"":1,""WaveLaunchModeSupported"":1,""PreciseMemoryOperationsSupported"":0,""DEPRECATED_SRAM_EDCSupport"":0,""Mem_EDCSupport"":0,""RASEventNotify"":0,""ASICRevision"":0,""SRAM_EDCSupport"":0,""SVMAPISupported"":1,""CoherentHostAccess"":0,""DebugSupportedFirmware"":1},""cu_per_engine"":20,""max_waves_per_cu"":32,""family_id"":150,""workgroup_max_size"":1024,""grid_max_size"":4294967295,""local_mem_size"":0,""hive_id"":0,""gpu_id"":35128,""workgroup_max_dim"":{""x"":1024,""y"":1024,""z"":1024},""grid_max_dim"":{""x"":2147483647,""y"":65535,""z"":65535},""name"":""gfx1151"",""vendor_name"":""AMD"",""product_name"":""Radeon 8060S Graphics"",""model_name"":""ip discovery"",""node_id"":1,""logical_node_id"":1,""logical_node_type_id"":0,""runtime_visibility"":{""hsa"":1,""hip"":1,""rccl"":1,""rocdecode"":1},""uuid"":{""bytes"":{""value0"":0,""value1"":0,""value2"":0,""value3"":0,""value4"":0,""value5"":0,""value6"":0,""value7"":0,""value8"":0,""value9"":0,""value10"":0,""value11"":0,""value12"":0,""value13"":0,""value14"":0,""value15"":0}},""mem_banks"":[{""heap_type"":1,""flags"":{""HotPluggable"":0,""NonVolatile"":0},""width"":256,""mem_clk_max"":1000,""size_in_bytes"":137438953472}],""caches"":[{""processor_id_low"":2147487744,""size"":32,""level"":1,""cache_line_size"":128,""cache_lines_per_tag"":0,""association"":0,""latency"":0,""type"":{""Data"":1,""Instruction"":0,""CPU"":0,""HSACU"":1}},{""processor_id_low"":2147487745,""size"":32,""level"":1,""cache_line_size"":128,""cache_lines_per_tag"":0,""association"":0,""latency"":0,""type"":{""Data"":1,""Instruction"":0,""CPU"":0,""HSACU"":1}},{""processor_id_low"":2147487746,""size"":32,""level"":1,""cache_line_size"":128,""cache_lines_per_tag"":0,""association"":0,""latency"":0,""type"":{""Data"":1,""Instruction"":0,""CPU"":0,""HSACU"":1}},{""processor_id_low"":2147487747,""size"":32,""level"":1,""cache_line_size"":128,""cache_lines_per_tag"":0,""association"":0,""latency"":0,""type"":{""Data"":1,""Instruction"":0,""CPU"":0,""HSACU"":1}},{""processor_id_low"":2147487748,""size"":32,""level"":1,""cache_line_size"":128,""cache_lines_per_tag"":0,""association"":0,""latency"":0,""type"":{""Data"":1,""Instruction"":0,""CPU"":0,""HSACU"":1}},{""processor_id_low"":2147487749,""size"":32,""level"":1,""cache_line_size"":128,""cache_lines_per_tag"":0,""association"":0,""latency"":0,""type"":{""Data"":1,""Instruction"":0,""CPU"":0,""HSACU"":1}},{""processor_id_low"":2147487750,""size"":32,""level"":1,""cache_line_size"":128,""cache_lines_per_tag"":0,""association"":0,""latency"":0,""type"":{""Data"":1,""Instruction"":0,""CPU"":0,""HSACU"":1}},{""processor_id_low"":2147487751,""size"":32,""level"":1,""cache_line_size"":128,""cache_lines_per_tag"":0,""association"":0,""latency"":0,""type"":{""Data"":1,""Instruction"":0,""CPU"":0,""HSACU"":1}},{""processor_id_low"":2147487752,""size"":32,""level"":1,""cache_line_size"":128,""cache_lines_per_tag"":0,""association"":0,""latency"":0,""type"":{""Data"":1,""Instruction"":0,""CPU"":0,""HSACU"":1}},{""processor_id_low"":2147487753,""size"":32,""level"":1,""cache_line_size"":128,""cache_lines_per_tag"":0,""association"":0,""latency"":0,""type"":{""Data"":1,""Instruction"":0,""CPU"":0,""HSACU"":1}},{""processor_id_low"":2147487754,""size"":32,""level"":1,""cache_line_size"":128,""cache_lines_per_tag"":0,""association"":0,""latency"":0,""type"":{""Data"":1,""Instruction"":0,""CPU"":0,""HSACU"":1}},{""processor_id_low"":2147487755,""size"":32,""level"":1,""cache_line_size"":128,""cache_lines_per_tag"":0,""association"":0,""latency"":0,""type"":{""Data"":1,""Instruction"":0,""CPU"":0,""HSACU"":1}},{""processor_id_low"":2147487756,""size"":32,""level"":1,""cache_line_size"":128,""cache_lines_per_tag"":0,""association"":0,""latency"":0,""type"":{""Data"":1,""Instruction"":0,""CPU"":0,""HSACU"":1}},{""processor_id_low"":2147487757,""size"":32,""level"":1,""cache_line_size"":128,""cache_lines_per_tag"":0,""association"":0,""latency"":0,""type"":{""Data"":1,""Instruction"":0,""CPU"":0,""HSACU"":1}},{""processor_id_low"":2147487758,""size"":32,""level"":1,""cache_line_size"":128,""cache_lines_per_tag"":0,""association"":0,""latency"":0,""type"":{""Data"":1,""Instruction"":0,""CPU"":0,""HSACU"":1}},{""processor_id_low"":2147487759,""size"":32,""level"":1,""cache_line_size"":128,""cache_lines_per_tag"":0,""association"":0,""latency"":0,""type"":{""Data"":1,""Instruction"":0,""CPU"":0,""HSACU"":1}},{""processor_id_low"":2147487760,""size"":32,""level"":1,""cache_line_size"":128,""cache_lines_per_tag"":0,""association"":0,""latency"":0,""type"":{""Data"":1,""Instruction"":0,""CPU"":0,""HSACU"":1}},{""processor_id_low"":2147487761,""size"":32,""level"":1,""cache_line_size"":128,""cache_lines_per_tag"":0,""association"":0,""latency"":0,""type"":{""Data"":1,""Instruction"":0,""CPU"":0,""HSACU"":1}},{""processor_id_low"":2147487762,""size"":32,""level"":1,""cache_line_size"":128,""cache_lines_per_tag"":0,""association"":0,""latency"":0,""type"":{""Data"":1,""Instruction"":0,""CPU"":0,""HSACU"":1}},{""processor_id_low"":2147487763,""size"":32,""level"":1,""cache_line_size"":128,""cache_lines_per_tag"":0,""association"":0,""latency"":0,""type"":{""Data"":1,""Instruction"":0,""CPU"":0,""HSACU"":1}},{""processor_id_low"":2147487764,""size"":32,""level"":1,""cache_line_size"":128,""cache_lines_per_tag"":0,""association"":0,""latency"":0,""type"":{""Data"":1,""Instruction"":0,""CPU"":0,""HSACU"":1}},{""processor_id_low"":2147487765,""size"":32,""level"":1,""cache_line_size"":128,""cache_lines_per_tag"":0,""association"":0,""latency"":0,""type"":{""Data"":1,""Instruction"":0,""CPU"":0,""HSACU"":1}},{""processor_id_low"":2147487766,""size"":32,""level"":1,""cache_line_size"":128,""cache_lines_per_tag"":0,""association"":0,""latency"":0,""type"":{""Data"":1,""Instruction"":0,""CPU"":0,""HSACU"":1}},{""processor_id_low"":2147487767,""size"":32,""level"":1,""cache_line_size"":128,""cache_lines_per_tag"":0,""association"":0,""latency"":0,""type"":{""Data"":1,""Instruction"":0,""CPU"":0,""HSACU"":1}},{""processor_id_low"":2147487768,""size"":32,""level"":1,""cache_line_size"":128,""cache_lines_per_tag"":0,""association"":0,""latency"":0,""type"":{""Data"":1,""Instruction"":0,""CPU"":0,""HSACU"":1}},{""processor_id_low"":2147487769,""size"":32,""level"":1,""cache_line_size"":128,""cache_lines_per_tag"":0,""association"":0,""latency"":0,""type"":{""Data"":1,""Instruction"":0,""CPU"":0,""HSACU"":1}},{""processor_id_low"":2147487770,""size"":32,""level"":1,""cache_line_size"":128,""cache_lines_per_tag"":0,""association"":0,""latency"":0,""type"":{""Data"":1,""Instruction"":0,""CPU"":0,""HSACU"":1}},{""processor_id_low"":2147487771,""size"":32,""level"":1,""cache_line_size"":128,""cache_lines_per_tag"":0,""association"":0,""latency"":0,""type"":{""Data"":1,""Instruction"":0,""CPU"":0,""HSACU"":1}},{""processor_id_low"":2147487772,""size"":32,""level"":1,""cache_line_size"":128,""cache_lines_per_tag"":0,""association"":0,""latency"":0,""type"":{""Data"":1,""Instruction"":0,""CPU"":0,""HSACU"":1}},{""processor_id_low"":2147487773,""size"":32,""level"":1,""cache_line_size"":128,""cache_lines_per_tag"":0,""association"":0,""latency"":0,""type"":{""Data"":1,""Instruction"":0,""CPU"":0,""HSACU"":1}},{""processor_id_low"":2147487774,""size"":32,""level"":1,""cache_line_size"":128,""cache_lines_per_tag"":0,""association"":0,""latency"":0,""type"":{""Data"":1,""Instruction"":0,""CPU"":0,""HSACU"":1}},{""processor_id_low"":2147487775,""size"":32,""level"":1,""cache_line_size"":128,""cache_lines_per_tag"":0,""association"":0,""latency"":0,""type"":{""Data"":1,""Instruction"":0,""CPU"":0,""HSACU"":1}},{""processor_id_low"":2147487776,""size"":32,""level"":1,""cache_line_size"":128,""cache_lines_per_tag"":0,""association"":0,""latency"":0,""type"":{""Data"":1,""Instruction"":0,""CPU"":0,""HSACU"":1}},{""processor_id_low"":2147487777,""size"":32,""level"":1,""cache_line_size"":128,""cache_lines_per_tag"":0,""association"":0,""latency"":0,""type"":{""Data"":1,""Instruction"":0,""CPU"":0,""HSACU"":1}},{""processor_id_low"":2147487778,""size"":32,""level"":1,""cache_line_size"":128,""cache_lines_per_tag"":0,""association"":0,""latency"":0,""type"":{""Data"":1,""Instruction"":0,""CPU"":0,""HSACU"":1}},{""processor_id_low"":2147487779,""size"":32,""level"":1,""cache_line_size"":128,""cache_lines_per_tag"":0,""association"":0,""latency"":0,""type"":{""Data"":1,""Instruction"":0,""CPU"":0,""HSACU"":1}},{""processor_id_low"":2147487780,""size"":32,""level"":1,""cache_line_size"":128,""cache_lines_per_tag"":0,""association"":0,""latency"":0,""type"":{""Data"":1,""Instruction"":0,""CPU"":0,""HSACU"":1}},{""processor_id_low"":2147487781,""size"":32,""level"":1,""cache_line_size"":128,""cache_lines_per_tag"":0,""association"":0,""latency"":0,""type"":{""Data"":1,""Instruction"":0,""CPU"":0,""HSACU"":1}},{""processor_id_low"":2147487782,""size"":32,""level"":1,""cache_line_size"":128,""cache_lines_per_tag"":0,""association"":0,""latency"":0,""type"":{""Data"":1,""Instruction"":0,""CPU"":0,""HSACU"":1}},{""processor_id_low"":2147487783,""size"":32,""level"":1,""cache_line_size"":128,""cache_lines_per_tag"":0,""association"":0,""latency"":0,""type"":{""Data"":1,""Instruction"":0,""CPU"":0,""HSACU"":1}},{""processor_id_low"":2147487744,""size"":32,""level"":1,""cache_line_size"":128,""cache_lines_per_tag"":0,""association"":0,""latency"":0,""type"":{""Data"":0,""Instruction"":1,""CPU"":0,""HSACU"":1}},{""processor_id_low"":2147487746,""size"":32,""level"":1,""cache_line_size"":128,""cache_lines_per_tag"":0,""association"":0,""latency"":0,""type"":{""Data"":0,""Instruction"":1,""CPU"":0,""HSACU"":1}},{""processor_id_low"":2147487748,""size"":32,""level"":1,""cache_line_size"":128,""cache_lines_per_tag"":0,""association"":0,""latency"":0,""type"":{""Data"":0,""Instruction"":1,""CPU"":0,""HSACU"":1}},{""processor_id_low"":2147487750,""size"":32,""level"":1,""cache_line_size"":128,""cache_lines_per_tag"":0,""association"":0,""latency"":0,""type"":{""Data"":0,""Instruction"":1,""CPU"":0,""HSACU"":1}},{""processor_id_low"":2147487752,""size"":32,""level"":1,""cache_line_size"":128,""cache_lines_per_tag"":0,""association"":0,""latency"":0,""type"":{""Data"":0,""Instruction"":1,""CPU"":0,""HSACU"":1}},{""processor_id_low"":2147487754,""size"":32,""level"":1,""cache_line_size"":128,""cache_lines_per_tag"":0,""association"":0,""latency"":0,""type"":{""Data"":0,""Instruction"":1,""CPU"":0,""HSACU"":1}},{""processor_id_low"":2147487756,""size"":32,""level"":1,""cache_line_size"":128,""cache_lines_per_tag"":0,""association"":0,""latency"":0,""type"":{""Data"":0,""Instruction"":1,""CPU"":0,""HSACU"":1}},{""processor_id_low"":2147487758,""size"":32,""level"":1,""cache_line_size"":128,""cache_lines_per_tag"":0,""association"":0,""latency"":0,""type"":{""Data"":0,""Instruction"":1,""CPU"":0,""HSACU"":1}},{""processor_id_low"":2147487760,""size"":32,""level"":1,""cache_line_size"":128,""cache_lines_per_tag"":0,""association"":0,""latency"":0,""type"":{""Data"":0,""Instruction"":1,""CPU"":0,""HSACU"":1}},{""processor_id_low"":2147487762,""size"":32,""level"":1,""cache_line_size"":128,""cache_lines_per_tag"":0,""association"":0,""latency"":0,""type"":{""Data"":0,""Instruction"":1,""CPU"":0,""HSACU"":1}},{""processor_id_low"":2147487764,""size"":32,""level"":1,""cache_line_size"":128,""cache_lines_per_tag"":0,""association"":0,""latency"":0,""type"":{""Data"":0,""Instruction"":1,""CPU"":0,""HSACU"":1}},{""processor_id_low"":2147487766,""size"":32,""level"":1,""cache_line_size"":128,""cache_lines_per_tag"":0,""association"":0,""latency"":0,""type"":{""Data"":0,""Instruction"":1,""CPU"":0,""HSACU"":1}},{""processor_id_low"":2147487768,""size"":32,""level"":1,""cache_line_size"":128,""cache_lines_per_tag"":0,""association"":0,""latency"":0,""type"":{""Data"":0,""Instruction"":1,""CPU"":0,""HSACU"":1}},{""processor_id_low"":2147487770,""size"":32,""level"":1,""cache_line_size"":128,""cache_lines_per_tag"":0,""association"":0,""latency"":0,""type"":{""Data"":0,""Instruction"":1,""CPU"":0,""HSACU"":1}},{""processor_id_low"":2147487772,""size"":32,""level"":1,""cache_line_size"":128,""cache_lines_per_tag"":0,""association"":0,""latency"":0,""type"":{""Data"":0,""Instruction"":1,""CPU"":0,""HSACU"":1}},{""processor_id_low"":2147487774,""size"":32,""level"":1,""cache_line_size"":128,""cache_lines_per_tag"":0,""association"":0,""latency"":0,""type"":{""Data"":0,""Instruction"":1,""CPU"":0,""HSACU"":1}},{""processor_id_low"":2147487776,""size"":32,""level"":1,""cache_line_size"":128,""cache_lines_per_tag"":0,""association"":0,""latency"":0,""type"":{""Data"":0,""Instruction"":1,""CPU"":0,""HSACU"":1}},{""processor_id_low"":2147487778,""size"":32,""level"":1,""cache_line_size"":128,""cache_lines_per_tag"":0,""association"":0,""latency"":0,""type"":{""Data"":0,""Instruction"":1,""CPU"":0,""HSACU"":1}},{""processor_id_low"":2147487780,""size"":32,""level"":1,""cache_line_size"":128,""cache_lines_per_tag"":0,""association"":0,""latency"":0,""type"":{""Data"":0,""Instruction"":1,""CPU"":0,""HSACU"":1}},{""processor_id_low"":2147487782,""size"":32,""level"":1,""cache_line_size"":128,""cache_lines_per_tag"":0,""association"":0,""latency"":0,""type"":{""Data"":0,""Instruction"":1,""CPU"":0,""HSACU"":1}},{""processor_id_low"":2147487744,""size"":16,""level"":1,""cache_line_size"":64,""cache_lines_per_tag"":0,""association"":0,""latency"":0,""type"":{""Data"":1,""Instruction"":0,""CPU"":0,""HSACU"":1}},{""processor_id_low"":2147487746,""size"":16,""level"":1,""cache_line_size"":64,""cache_lines_per_tag"":0,""association"":0,""latency"":0,""type"":{""Data"":1,""Instruction"":0,""CPU"":0,""HSACU"":1}},{""processor_id_low"":2147487748,""size"":16,""level"":1,""cache_line_size"":64,""cache_lines_per_tag"":0,""association"":0,""latency"":0,""type"":{""Data"":1,""Instruction"":0,""CPU"":0,""HSACU"":1}},{""processor_id_low"":2147487750,""size"":16,""level"":1,""cache_line_size"":64,""cache_lines_per_tag"":0,""association"":0,""latency"":0,""type"":{""Data"":1,""Instruction"":0,""CPU"":0,""HSACU"":1}},{""processor_id_low"":2147487752,""size"":16,""level"":1,""cache_line_size"":64,""cache_lines_per_tag"":0,""association"":0,""latency"":0,""type"":{""Data"":1,""Instruction"":0,""CPU"":0,""HSACU"":1}},{""processor_id_low"":2147487754,""size"":16,""level"":1,""cache_line_size"":64,""cache_lines_per_tag"":0,""association"":0,""latency"":0,""type"":{""Data"":1,""Instruction"":0,""CPU"":0,""HSACU"":1}},{""processor_id_low"":2147487756,""size"":16,""level"":1,""cache_line_size"":64,""cache_lines_per_tag"":0,""association"":0,""latency"":0,""type"":{""Data"":1,""Instruction"":0,""CPU"":0,""HSACU"":1}},{""processor_id_low"":2147487758,""size"":16,""level"":1,""cache_line_size"":64,""cache_lines_per_tag"":0,""association"":0,""latency"":0,""type"":{""Data"":1,""Instruction"":0,""CPU"":0,""HSACU"":1}},{""processor_id_low"":2147487760,""size"":16,""level"":1,""cache_line_size"":64,""cache_lines_per_tag"":0,""association"":0,""latency"":0,""type"":{""Data"":1,""Instruction"":0,""CPU"":0,""HSACU"":1}},{""processor_id_low"":2147487762,""size"":16,""level"":1,""cache_line_size"":64,""cache_lines_per_tag"":0,""association"":0,""latency"":0,""type"":{""Data"":1,""Instruction"":0,""CPU"":0,""HSACU"":1}},{""processor_id_low"":2147487764,""size"":16,""level"":1,""cache_line_size"":64,""cache_lines_per_tag"":0,""association"":0,""latency"":0,""type"":{""Data"":1,""Instruction"":0,""CPU"":0,""HSACU"":1}},{""processor_id_low"":2147487766,""size"":16,""level"":1,""cache_line_size"":64,""cache_lines_per_tag"":0,""association"":0,""latency"":0,""type"":{""Data"":1,""Instruction"":0,""CPU"":0,""HSACU"":1}},{""processor_id_low"":2147487768,""size"":16,""level"":1,""cache_line_size"":64,""cache_lines_per_tag"":0,""association"":0,""latency"":0,""type"":{""Data"":1,""Instruction"":0,""CPU"":0,""HSACU"":1}},{""processor_id_low"":2147487770,""size"":16,""level"":1,""cache_line_size"":64,""cache_lines_per_tag"":0,""association"":0,""latency"":0,""type"":{""Data"":1,""Instruction"":0,""CPU"":0,""HSACU"":1}},{""processor_id_low"":2147487772,""size"":16,""level"":1,""cache_line_size"":64,""cache_lines_per_tag"":0,""association"":0,""latency"":0,""type"":{""Data"":1,""Instruction"":0,""CPU"":0,""HSACU"":1}},{""processor_id_low"":2147487774,""size"":16,""level"":1,""cache_line_size"":64,""cache_lines_per_tag"":0,""association"":0,""latency"":0,""type"":{""Data"":1,""Instruction"":0,""CPU"":0,""HSACU"":1}},{""processor_id_low"":2147487776,""size"":16,""level"":1,""cache_line_size"":64,""cache_lines_per_tag"":0,""association"":0,""latency"":0,""type"":{""Data"":1,""Instruction"":0,""CPU"":0,""HSACU"":1}},{""processor_id_low"":2147487778,""size"":16,""level"":1,""cache_line_size"":64,""cache_lines_per_tag"":0,""association"":0,""latency"":0,""type"":{""Data"":1,""Instruction"":0,""CPU"":0,""HSACU"":1}},{""processor_id_low"":2147487780,""size"":16,""level"":1,""cache_line_size"":64,""cache_lines_per_tag"":0,""association"":0,""latency"":0,""type"":{""Data"":1,""Instruction"":0,""CPU"":0,""HSACU"":1}},{""processor_id_low"":2147487782,""size"":16,""level"":1,""cache_line_size"":64,""cache_lines_per_tag"":0,""association"":0,""latency"":0,""type"":{""Data"":1,""Instruction"":0,""CPU"":0,""HSACU"":1}},{""processor_id_low"":2147487744,""size"":256,""level"":1,""cache_line_size"":128,""cache_lines_per_tag"":0,""association"":0,""latency"":0,""type"":{""Data"":1,""Instruction"":0,""CPU"":0,""HSACU"":1}},{""processor_id_low"":2147487754,""size"":256,""level"":1,""cache_line_size"":128,""cache_lines_per_tag"":0,""association"":0,""latency"":0,""type"":{""Data"":1,""Instruction"":0,""CPU"":0,""HSACU"":1}},{""processor_id_low"":2147487764,""size"":256,""level"":1,""cache_line_size"":128,""cache_lines_per_tag"":0,""association"":0,""latency"":0,""type"":{""Data"":1,""Instruction"":0,""CPU"":0,""HSACU"":1}},{""processor_id_low"":2147487774,""size"":256,""level"":1,""cache_line_size"":128,""cache_lines_per_tag"":0,""association"":0,""latency"":0,""type"":{""Data"":1,""Instruction"":0,""CPU"":0,""HSACU"":1}},{""processor_id_low"":2147487744,""size"":2048,""level"":2,""cache_line_size"":128,""cache_lines_per_tag"":0,""association"":0,""latency"":0,""type"":{""Data"":1,""Instruction"":0,""CPU"":0,""HSACU"":1}},{""processor_id_low"":2147487744,""size"":32768,""level"":3,""cache_line_size"":64,""cache_lines_per_tag"":0,""association"":0,""latency"":0,""type"":{""Data"":1,""Instruction"":0,""CPU"":0,""HSACU"":1}}],""io_links"":[{""type"":2,""version_major"":0,""version_minor"":0,""node_from"":1,""node_to"":0,""weight"":20,""min_latency"":0,""max_latency"":0,""min_bandwidth"":0,""max_bandwidth"":32000,""recommended_transfer_size"":0,""flags"":{""Override"":1,""NonCoherent"":0,""NoAtomics32bit"":0,""NoAtomics64bit"":0,""NoPeerToPeerDMA"":0}}],""gpu_index"":0}"
5642,00003c59-a9c1-79c1-bb2d-49dc347960f4,1655282045,1258330,1,GPU,,,VALUInsts,VALUInsts,"The average number of vector ALU instructions executed per work-item (affected by flow control).","",rocm,"",ABS,"","reduce(SQ_INSTS_VALU,sum)/reduce(SQ_WAVES,sum)",0,1,"{""size"":312,""id"":{""handle"":5943},""type"":2,""cpu_cores_count"":0,""simd_count"":80,""mem_banks_count"":1,""caches_count"":86,""io_links_count"":1,""cpu_core_id_base"":0,""simd_id_base"":2147487744,""max_waves_per_simd"":16,""lds_size_in_kb"":64,""gds_size_in_kb"":0,""num_gws"":64,""wave_front_size"":32,""num_xcc"":1,""cu_count"":40,""array_count"":4,""num_shader_banks"":2,""simd_arrays_per_engine"":2,""cu_per_simd_array"":10,""simd_per_cu"":2,""max_slots_scratch_cu"":32,""gfx_target_version"":110501,""vendor_id"":4098,""device_id"":5510,""location_id"":50432,""domain"":0,""drm_render_minor"":128,""num_sdma_engines"":1,""num_sdma_xgmi_engines"":0,""num_sdma_queues_per_engine"":6,""num_cp_queues"":8,""max_engine_clk_ccompute"":5187,""max_engine_clk_fcompute"":2900,""sdma_fw_version"":{""uCodeSDMA"":14,""uCodeRes"":0},""fw_version"":{""uCode"":32,""Major"":0,""Minor"":0,""Stepping"":0},""capability"":{""HotPluggable"":0,""HSAMMUPresent"":0,""SharedWithGraphics"":0,""QueueSizePowerOfTwo"":0,""QueueSize32bit"":0,""QueueIdleEvent"":0,""VALimit"":0,""WatchPointsSupported"":1,""WatchPointsTotalBits"":2,""DoorbellType"":2,""AQLQueueDoubleMap"":0,""DebugTrapSupported"":1,""WaveLaunchTrapOverrideSupported"":1,""WaveLaunchModeSupported"":1,""PreciseMemoryOperationsSupported"":0,""DEPRECATED_SRAM_EDCSupport"":0,""Mem_EDCSupport"":0,""RASEventNotify"":0,""ASICRevision"":0,""SRAM_EDCSupport"":0,""SVMAPISupported"":1,""CoherentHostAccess"":0,""DebugSupportedFirmware"":1},""cu_per_engine"":20,""max_waves_per_cu"":32,""family_id"":150,""workgroup_max_size"":1024,""grid_max_size"":4294967295,""local_mem_size"":0,""hive_id"":0,""gpu_id"":35128,""workgroup_max_dim"":{""x"":1024,""y"":1024,""z"":1024},""grid_max_dim"":{""x"":2147483647,""y"":65535,""z"":65535},""name"":""gfx1151"",""vendor_name"":""AMD"",""product_name"":""Radeon 8060S Graphics"",""model_name"":""ip discovery"",""node_id"":1,""logical_node_id"":1,""logical_node_type_id"":0,""runtime_visibility"":{""hsa"":1,""hip"":1,""rccl"":1,""rocdecode"":1},""uuid"":{""bytes"":{""value0"":0,""value1"":0,""value2"":0,""value3"":0,""value4"":0,""value5"":0,""value6"":0,""value7"":0,""value8"":0,""value9"":0,""value10"":0,""value11"":0,""value12"":0,""value13"":0,""value14"":0,""value15"":0}},""mem_banks"":[{""heap_type"":1,""flags"":{""HotPluggable"":0,""NonVolatile"":0},""width"":256,""mem_clk_max"":1000,""size_in_bytes"":137438953472}],""caches"":[{""processor_id_low"":2147487744,""size"":32,""level"":1,""cache_line_size"":128,""cache_lines_per_tag"":0,""association"":0,""latency"":0,""type"":{""Data"":1,""Instruction"":0,""CPU"":0,""HSACU"":1}},{""processor_id_low"":2147487745,""size"":32,""level"":1,""cache_line_size"":128,""cache_lines_per_tag"":0,""association"":0,""latency"":0,""type"":{""Data"":1,""Instruction"":0,""CPU"":0,""HSACU"":1}},{""processor_id_low"":2147487746,""size"":32,""level"":1,""cache_line_size"":128,""cache_lines_per_tag"":0,""association"":0,""latency"":0,""type"":{""Data"":1,""Instruction"":0,""CPU"":0,""HSACU"":1}},{""processor_id_low"":2147487747,""size"":32,""level"":1,""cache_line_size"":128,""cache_lines_per_tag"":0,""association"":0,""latency"":0,""type"":{""Data"":1,""Instruction"":0,""CPU"":0,""HSACU"":1}},{""processor_id_low"":2147487748,""size"":32,""level"":1,""cache_line_size"":128,""cache_lines_per_tag"":0,""association"":0,""latency"":0,""type"":{""Data"":1,""Instruction"":0,""CPU"":0,""HSACU"":1}},{""processor_id_low"":2147487749,""size"":32,""level"":1,""cache_line_size"":128,""cache_lines_per_tag"":0,""association"":0,""latency"":0,""type"":{""Data"":1,""Instruction"":0,""CPU"":0,""HSACU"":1}},{""processor_id_low"":2147487750,""size"":32,""level"":1,""cache_line_size"":128,""cache_lines_per_tag"":0,""association"":0,""latency"":0,""type"":{""Data"":1,""Instruction"":0,""CPU"":0,""HSACU"":1}},{""processor_id_low"":2147487751,""size"":32,""level"":1,""cache_line_size"":128,""cache_lines_per_tag"":0,""association"":0,""latency"":0,""type"":{""Data"":1,""Instruction"":0,""CPU"":0,""HSACU"":1}},{""processor_id_low"":2147487752,""size"":32,""level"":1,""cache_line_size"":128,""cache_lines_per_tag"":0,""association"":0,""latency"":0,""type"":{""Data"":1,""Instruction"":0,""CPU"":0,""HSACU"":1}},{""processor_id_low"":2147487753,""size"":32,""level"":1,""cache_line_size"":128,""cache_lines_per_tag"":0,""association"":0,""latency"":0,""type"":{""Data"":1,""Instruction"":0,""CPU"":0,""HSACU"":1}},{""processor_id_low"":2147487754,""size"":32,""level"":1,""cache_line_size"":128,""cache_lines_per_tag"":0,""association"":0,""latency"":0,""type"":{""Data"":1,""Instruction"":0,""CPU"":0,""HSACU"":1}},{""processor_id_low"":2147487755,""size"":32,""level"":1,""cache_line_size"":128,""cache_lines_per_tag"":0,""association"":0,""latency"":0,""type"":{""Data"":1,""Instruction"":0,""CPU"":0,""HSACU"":1}},{""processor_id_low"":2147487756,""size"":32,""level"":1,""cache_line_size"":128,""cache_lines_per_tag"":0,""association"":0,""latency"":0,""type"":{""Data"":1,""Instruction"":0,""CPU"":0,""HSACU"":1}},{""processor_id_low"":2147487757,""size"":32,""level"":1,""cache_line_size"":128,""cache_lines_per_tag"":0,""association"":0,""latency"":0,""type"":{""Data"":1,""Instruction"":0,""CPU"":0,""HSACU"":1}},{""processor_id_low"":2147487758,""size"":32,""level"":1,""cache_line_size"":128,""cache_lines_per_tag"":0,""association"":0,""latency"":0,""type"":{""Data"":1,""Instruction"":0,""CPU"":0,""HSACU"":1}},{""processor_id_low"":2147487759,""size"":32,""level"":1,""cache_line_size"":128,""cache_lines_per_tag"":0,""association"":0,""latency"":0,""type"":{""Data"":1,""Instruction"":0,""CPU"":0,""HSACU"":1}},{""processor_id_low"":2147487760,""size"":32,""level"":1,""cache_line_size"":128,""cache_lines_per_tag"":0,""association"":0,""latency"":0,""type"":{""Data"":1,""Instruction"":0,""CPU"":0,""HSACU"":1}},{""processor_id_low"":2147487761,""size"":32,""level"":1,""cache_line_size"":128,""cache_lines_per_tag"":0,""association"":0,""latency"":0,""type"":{""Data"":1,""Instruction"":0,""CPU"":0,""HSACU"":1}},{""processor_id_low"":2147487762,""size"":32,""level"":1,""cache_line_size"":128,""cache_lines_per_tag"":0,""association"":0,""latency"":0,""type"":{""Data"":1,""Instruction"":0,""CPU"":0,""HSACU"":1}},{""processor_id_low"":2147487763,""size"":32,""level"":1,""cache_line_size"":128,""cache_lines_per_tag"":0,""association"":0,""latency"":0,""type"":{""Data"":1,""Instruction"":0,""CPU"":0,""HSACU"":1}},{""processor_id_low"":2147487764,""size"":32,""level"":1,""cache_line_size"":128,""cache_lines_per_tag"":0,""association"":0,""latency"":0,""type"":{""Data"":1,""Instruction"":0,""CPU"":0,""HSACU"":1}},{""processor_id_low"":2147487765,""size"":32,""level"":1,""cache_line_size"":128,""cache_lines_per_tag"":0,""association"":0,""latency"":0,""type"":{""Data"":1,""Instruction"":0,""CPU"":0,""HSACU"":1}},{""processor_id_low"":2147487766,""size"":32,""level"":1,""cache_line_size"":128,""cache_lines_per_tag"":0,""association"":0,""latency"":0,""type"":{""Data"":1,""Instruction"":0,""CPU"":0,""HSACU"":1}},{""processor_id_low"":2147487767,""size"":32,""level"":1,""cache_line_size"":128,""cache_lines_per_tag"":0,""association"":0,""latency"":0,""type"":{""Data"":1,""Instruction"":0,""CPU"":0,""HSACU"":1}},{""processor_id_low"":2147487768,""size"":32,""level"":1,""cache_line_size"":128,""cache_lines_per_tag"":0,""association"":0,""latency"":0,""type"":{""Data"":1,""Instruction"":0,""CPU"":0,""HSACU"":1}},{""processor_id_low"":2147487769,""size"":32,""level"":1,""cache_line_size"":128,""cache_lines_per_tag"":0,""association"":0,""latency"":0,""type"":{""Data"":1,""Instruction"":0,""CPU"":0,""HSACU"":1}},{""processor_id_low"":2147487770,""size"":32,""level"":1,""cache_line_size"":128,""cache_lines_per_tag"":0,""association"":0,""latency"":0,""type"":{""Data"":1,""Instruction"":0,""CPU"":0,""HSACU"":1}},{""processor_id_low"":2147487771,""size"":32,""level"":1,""cache_line_size"":128,""cache_lines_per_tag"":0,""association"":0,""latency"":0,""type"":{""Data"":1,""Instruction"":0,""CPU"":0,""HSACU"":1}},{""processor_id_low"":2147487772,""size"":32,""level"":1,""cache_line_size"":128,""cache_lines_per_tag"":0,""association"":0,""latency"":0,""type"":{""Data"":1,""Instruction"":0,""CPU"":0,""HSACU"":1}},{""processor_id_low"":2147487773,""size"":32,""level"":1,""cache_line_size"":128,""cache_lines_per_tag"":0,""association"":0,""latency"":0,""type"":{""Data"":1,""Instruction"":0,""CPU"":0,""HSACU"":1}},{""processor_id_low"":2147487774,""size"":32,""level"":1,""cache_line_size"":128,""cache_lines_per_tag"":0,""association"":0,""latency"":0,""type"":{""Data"":1,""Instruction"":0,""CPU"":0,""HSACU"":1}},{""processor_id_low"":2147487775,""size"":32,""level"":1,""cache_line_size"":128,""cache_lines_per_tag"":0,""association"":0,""latency"":0,""type"":{""Data"":1,""Instruction"":0,""CPU"":0,""HSACU"":1}},{""processor_id_low"":2147487776,""size"":32,""level"":1,""cache_line_size"":128,""cache_lines_per_tag"":0,""association"":0,""latency"":0,""type"":{""Data"":1,""Instruction"":0,""CPU"":0,""HSACU"":1}},{""processor_id_low"":2147487777,""size"":32,""level"":1,""cache_line_size"":128,""cache_lines_per_tag"":0,""association"":0,""latency"":0,""type"":{""Data"":1,""Instruction"":0,""CPU"":0,""HSACU"":1}},{""processor_id_low"":2147487778,""size"":32,""level"":1,""cache_line_size"":128,""cache_lines_per_tag"":0,""association"":0,""latency"":0,""type"":{""Data"":1,""Instruction"":0,""CPU"":0,""HSACU"":1}},{""processor_id_low"":2147487779,""size"":32,""level"":1,""cache_line_size"":128,""cache_lines_per_tag"":0,""association"":0,""latency"":0,""type"":{""Data"":1,""Instruction"":0,""CPU"":0,""HSACU"":1}},{""processor_id_low"":2147487780,""size"":32,""level"":1,""cache_line_size"":128,""cache_lines_per_tag"":0,""association"":0,""latency"":0,""type"":{""Data"":1,""Instruction"":0,""CPU"":0,""HSACU"":1}},{""processor_id_low"":2147487781,""size"":32,""level"":1,""cache_line_size"":128,""cache_lines_per_tag"":0,""association"":0,""latency"":0,""type"":{""Data"":1,""Instruction"":0,""CPU"":0,""HSACU"":1}},{""processor_id_low"":2147487782,""size"":32,""level"":1,""cache_line_size"":128,""cache_lines_per_tag"":0,""association"":0,""latency"":0,""type"":{""Data"":1,""Instruction"":0,""CPU"":0,""HSACU"":1}},{""processor_id_low"":2147487783,""size"":32,""level"":1,""cache_line_size"":128,""cache_lines_per_tag"":0,""association"":0,""latency"":0,""type"":{""Data"":1,""Instruction"":0,""CPU"":0,""HSACU"":1}},{""processor_id_low"":2147487744,""size"":32,""level"":1,""cache_line_size"":128,""cache_lines_per_tag"":0,""association"":0,""latency"":0,""type"":{""Data"":0,""Instruction"":1,""CPU"":0,""HSACU"":1}},{""processor_id_low"":2147487746,""size"":32,""level"":1,""cache_line_size"":128,""cache_lines_per_tag"":0,""association"":0,""latency"":0,""type"":{""Data"":0,""Instruction"":1,""CPU"":0,""HSACU"":1}},{""processor_id_low"":2147487748,""size"":32,""level"":1,""cache_line_size"":128,""cache_lines_per_tag"":0,""association"":0,""latency"":0,""type"":{""Data"":0,""Instruction"":1,""CPU"":0,""HSACU"":1}},{""processor_id_low"":2147487750,""size"":32,""level"":1,""cache_line_size"":128,""cache_lines_per_tag"":0,""association"":0,""latency"":0,""type"":{""Data"":0,""Instruction"":1,""CPU"":0,""HSACU"":1}},{""processor_id_low"":2147487752,""size"":32,""level"":1,""cache_line_size"":128,""cache_lines_per_tag"":0,""association"":0,""latency"":0,""type"":{""Data"":0,""Instruction"":1,""CPU"":0,""HSACU"":1}},{""processor_id_low"":2147487754,""size"":32,""level"":1,""cache_line_size"":128,""cache_lines_per_tag"":0,""association"":0,""latency"":0,""type"":{""Data"":0,""Instruction"":1,""CPU"":0,""HSACU"":1}},{""processor_id_low"":2147487756,""size"":32,""level"":1,""cache_line_size"":128,""cache_lines_per_tag"":0,""association"":0,""latency"":0,""type"":{""Data"":0,""Instruction"":1,""CPU"":0,""HSACU"":1}},{""processor_id_low"":2147487758,""size"":32,""level"":1,""cache_line_size"":128,""cache_lines_per_tag"":0,""association"":0,""latency"":0,""type"":{""Data"":0,""Instruction"":1,""CPU"":0,""HSACU"":1}},{""processor_id_low"":2147487760,""size"":32,""level"":1,""cache_line_size"":128,""cache_lines_per_tag"":0,""association"":0,""latency"":0,""type"":{""Data"":0,""Instruction"":1,""CPU"":0,""HSACU"":1}},{""processor_id_low"":2147487762,""size"":32,""level"":1,""cache_line_size"":128,""cache_lines_per_tag"":0,""association"":0,""latency"":0,""type"":{""Data"":0,""Instruction"":1,""CPU"":0,""HSACU"":1}},{""processor_id_low"":2147487764,""size"":32,""level"":1,""cache_line_size"":128,""cache_lines_per_tag"":0,""association"":0,""latency"":0,""type"":{""Data"":0,""Instruction"":1,""CPU"":0,""HSACU"":1}},{""processor_id_low"":2147487766,""size"":32,""level"":1,""cache_line_size"":128,""cache_lines_per_tag"":0,""association"":0,""latency"":0,""type"":{""Data"":0,""Instruction"":1,""CPU"":0,""HSACU"":1}},{""processor_id_low"":2147487768,""size"":32,""level"":1,""cache_line_size"":128,""cache_lines_per_tag"":0,""association"":0,""latency"":0,""type"":{""Data"":0,""Instruction"":1,""CPU"":0,""HSACU"":1}},{""processor_id_low"":2147487770,""size"":32,""level"":1,""cache_line_size"":128,""cache_lines_per_tag"":0,""association"":0,""latency"":0,""type"":{""Data"":0,""Instruction"":1,""CPU"":0,""HSACU"":1}},{""processor_id_low"":2147487772,""size"":32,""level"":1,""cache_line_size"":128,""cache_lines_per_tag"":0,""association"":0,""latency"":0,""type"":{""Data"":0,""Instruction"":1,""CPU"":0,""HSACU"":1}},{""processor_id_low"":2147487774,""size"":32,""level"":1,""cache_line_size"":128,""cache_lines_per_tag"":0,""association"":0,""latency"":0,""type"":{""Data"":0,""Instruction"":1,""CPU"":0,""HSACU"":1}},{""processor_id_low"":2147487776,""size"":32,""level"":1,""cache_line_size"":128,""cache_lines_per_tag"":0,""association"":0,""latency"":0,""type"":{""Data"":0,""Instruction"":1,""CPU"":0,""HSACU"":1}},{""processor_id_low"":2147487778,""size"":32,""level"":1,""cache_line_size"":128,""cache_lines_per_tag"":0,""association"":0,""latency"":0,""type"":{""Data"":0,""Instruction"":1,""CPU"":0,""HSACU"":1}},{""processor_id_low"":2147487780,""size"":32,""level"":1,""cache_line_size"":128,""cache_lines_per_tag"":0,""association"":0,""latency"":0,""type"":{""Data"":0,""Instruction"":1,""CPU"":0,""HSACU"":1}},{""processor_id_low"":2147487782,""size"":32,""level"":1,""cache_line_size"":128,""cache_lines_per_tag"":0,""association"":0,""latency"":0,""type"":{""Data"":0,""Instruction"":1,""CPU"":0,""HSACU"":1}},{""processor_id_low"":2147487744,""size"":16,""level"":1,""cache_line_size"":64,""cache_lines_per_tag"":0,""association"":0,""latency"":0,""type"":{""Data"":1,""Instruction"":0,""CPU"":0,""HSACU"":1}},{""processor_id_low"":2147487746,""size"":16,""level"":1,""cache_line_size"":64,""cache_lines_per_tag"":0,""association"":0,""latency"":0,""type"":{""Data"":1,""Instruction"":0,""CPU"":0,""HSACU"":1}},{""processor_id_low"":2147487748,""size"":16,""level"":1,""cache_line_size"":64,""cache_lines_per_tag"":0,""association"":0,""latency"":0,""type"":{""Data"":1,""Instruction"":0,""CPU"":0,""HSACU"":1}},{""processor_id_low"":2147487750,""size"":16,""level"":1,""cache_line_size"":64,""cache_lines_per_tag"":0,""association"":0,""latency"":0,""type"":{""Data"":1,""Instruction"":0,""CPU"":0,""HSACU"":1}},{""processor_id_low"":2147487752,""size"":16,""level"":1,""cache_line_size"":64,""cache_lines_per_tag"":0,""association"":0,""latency"":0,""type"":{""Data"":1,""Instruction"":0,""CPU"":0,""HSACU"":1}},{""processor_id_low"":2147487754,""size"":16,""level"":1,""cache_line_size"":64,""cache_lines_per_tag"":0,""association"":0,""latency"":0,""type"":{""Data"":1,""Instruction"":0,""CPU"":0,""HSACU"":1}},{""processor_id_low"":2147487756,""size"":16,""level"":1,""cache_line_size"":64,""cache_lines_per_tag"":0,""association"":0,""latency"":0,""type"":{""Data"":1,""Instruction"":0,""CPU"":0,""HSACU"":1}},{""processor_id_low"":2147487758,""size"":16,""level"":1,""cache_line_size"":64,""cache_lines_per_tag"":0,""association"":0,""latency"":0,""type"":{""Data"":1,""Instruction"":0,""CPU"":0,""HSACU"":1}},{""processor_id_low"":2147487760,""size"":16,""level"":1,""cache_line_size"":64,""cache_lines_per_tag"":0,""association"":0,""latency"":0,""type"":{""Data"":1,""Instruction"":0,""CPU"":0,""HSACU"":1}},{""processor_id_low"":2147487762,""size"":16,""level"":1,""cache_line_size"":64,""cache_lines_per_tag"":0,""association"":0,""latency"":0,""type"":{""Data"":1,""Instruction"":0,""CPU"":0,""HSACU"":1}},{""processor_id_low"":2147487764,""size"":16,""level"":1,""cache_line_size"":64,""cache_lines_per_tag"":0,""association"":0,""latency"":0,""type"":{""Data"":1,""Instruction"":0,""CPU"":0,""HSACU"":1}},{""processor_id_low"":2147487766,""size"":16,""level"":1,""cache_line_size"":64,""cache_lines_per_tag"":0,""association"":0,""latency"":0,""type"":{""Data"":1,""Instruction"":0,""CPU"":0,""HSACU"":1}},{""processor_id_low"":2147487768,""size"":16,""level"":1,""cache_line_size"":64,""cache_lines_per_tag"":0,""association"":0,""latency"":0,""type"":{""Data"":1,""Instruction"":0,""CPU"":0,""HSACU"":1}},{""processor_id_low"":2147487770,""size"":16,""level"":1,""cache_line_size"":64,""cache_lines_per_tag"":0,""association"":0,""latency"":0,""type"":{""Data"":1,""Instruction"":0,""CPU"":0,""HSACU"":1}},{""processor_id_low"":2147487772,""size"":16,""level"":1,""cache_line_size"":64,""cache_lines_per_tag"":0,""association"":0,""latency"":0,""type"":{""Data"":1,""Instruction"":0,""CPU"":0,""HSACU"":1}},{""processor_id_low"":2147487774,""size"":16,""level"":1,""cache_line_size"":64,""cache_lines_per_tag"":0,""association"":0,""latency"":0,""type"":{""Data"":1,""Instruction"":0,""CPU"":0,""HSACU"":1}},{""processor_id_low"":2147487776,""size"":16,""level"":1,""cache_line_size"":64,""cache_lines_per_tag"":0,""association"":0,""latency"":0,""type"":{""Data"":1,""Instruction"":0,""CPU"":0,""HSACU"":1}},{""processor_id_low"":2147487778,""size"":16,""level"":1,""cache_line_size"":64,""cache_lines_per_tag"":0,""association"":0,""latency"":0,""type"":{""Data"":1,""Instruction"":0,""CPU"":0,""HSACU"":1}},{""processor_id_low"":2147487780,""size"":16,""level"":1,""cache_line_size"":64,""cache_lines_per_tag"":0,""association"":0,""latency"":0,""type"":{""Data"":1,""Instruction"":0,""CPU"":0,""HSACU"":1}},{""processor_id_low"":2147487782,""size"":16,""level"":1,""cache_line_size"":64,""cache_lines_per_tag"":0,""association"":0,""latency"":0,""type"":{""Data"":1,""Instruction"":0,""CPU"":0,""HSACU"":1}},{""processor_id_low"":2147487744,""size"":256,""level"":1,""cache_line_size"":128,""cache_lines_per_tag"":0,""association"":0,""latency"":0,""type"":{""Data"":1,""Instruction"":0,""CPU"":0,""HSACU"":1}},{""processor_id_low"":2147487754,""size"":256,""level"":1,""cache_line_size"":128,""cache_lines_per_tag"":0,""association"":0,""latency"":0,""type"":{""Data"":1,""Instruction"":0,""CPU"":0,""HSACU"":1}},{""processor_id_low"":2147487764,""size"":256,""level"":1,""cache_line_size"":128,""cache_lines_per_tag"":0,""association"":0,""latency"":0,""type"":{""Data"":1,""Instruction"":0,""CPU"":0,""HSACU"":1}},{""processor_id_low"":2147487774,""size"":256,""level"":1,""cache_line_size"":128,""cache_lines_per_tag"":0,""association"":0,""latency"":0,""type"":{""Data"":1,""Instruction"":0,""CPU"":0,""HSACU"":1}},{""processor_id_low"":2147487744,""size"":2048,""level"":2,""cache_line_size"":128,""cache_lines_per_tag"":0,""association"":0,""latency"":0,""type"":{""Data"":1,""Instruction"":0,""CPU"":0,""HSACU"":1}},{""processor_id_low"":2147487744,""size"":32768,""level"":3,""cache_line_size"":64,""cache_lines_per_tag"":0,""association"":0,""latency"":0,""type"":{""Data"":1,""Instruction"":0,""CPU"":0,""HSACU"":1}}],""io_links"":[{""type"":2,""version_major"":0,""version_minor"":0,""node_from"":1,""node_to"":0,""weight"":20,""min_latency"":0,""max_latency"":0,""min_bandwidth"":0,""max_bandwidth"":32000,""recommended_transfer_size"":0,""flags"":{""Override"":1,""NonCoherent"":0,""NoAtomics32bit"":0,""NoAtomics64bit"":0,""NoPeerToPeerDMA"":0}}],""gpu_index"":0}"
8070450532247928832,00003c59-a9c1-79c1-bb2d-49dc347960f4,1655282045,1258330,,,,,KFD_EVENT_PAGE_MIGRATE,KFD_EVENT_PAGE_MIGRATE,"KFD page migration events","",rocm,"",ABS,KFD,,0,0,{}
8070450532247928833,00003c59-a9c1-79c1-bb2d-49dc347960f4,1655282045,1258330,,,,,KFD_EVENT_PAGE_FAULT,KFD_EVENT_PAGE_FAULT,"KFD page fault events","",rocm,"",ABS,KFD,,0,0,{}
8070450532247928834,00003c59-a9c1-79c1-bb2d-49dc347960f4,1655282045,1258330,,,,,KFD_EVENT_QUEUE,KFD_EVENT_QUEUE,"KFD queue eviction/restore events","",rocm,"",ABS,KFD,,0,0,{}
8070450532247928835,00003c59-a9c1-79c1-bb2d-49dc347960f4,1655282045,1258330,,,,,KFD_EVENT_UNMAP_FROM_GPU,KFD_EVENT_UNMAP_FROM_GPU,"KFD unmap from GPU events","",rocm,"",ABS,KFD,,0,0,{}
8070450532247928836,00003c59-a9c1-79c1-bb2d-49dc347960f4,1655282045,1258330,,,,,KFD_EVENT_DROPPED_EVENTS,KFD_EVENT_DROPPED_EVENTS,"KFD dropped_events events","",rocm,"",ABS,KFD,,0,0,{}
8070450532247928837,00003c59-a9c1-79c1-bb2d-49dc347960f4,1655282045,1258330,,,,,KFD_PAGE_MIGRATE,KFD_PAGE_MIGRATE,"KFD page migration paired records","",rocm,"",ABS,KFD,,0,0,{}
8070450532247928838,00003c59-a9c1-79c1-bb2d-49dc347960f4,1655282045,1258330,,,,,KFD_PAGE_FAULT,KFD_PAGE_FAULT,"KFD page fault paired records","",rocm,"",ABS,KFD,,0,0,{}
8070450532247928839,00003c59-a9c1-79c1-bb2d-49dc347960f4,1655282045,1258330,,,,,KFD_QUEUE,KFD_QUEUE,"KFD queue eviction/restore paired records","",rocm,"",ABS,KFD,,0,0,{}

=== TABLE: rocpd_pmc_event ===id,guid,event_id,pmc_id,value,extdata
1,00003c59-a9c1-79c1-bb2d-49dc347960f4,1,2636,45.2,{}
2,00003c59-a9c1-79c1-bb2d-49dc347960f4,1,3217,0.0,{}
3,00003c59-a9c1-79c1-bb2d-49dc347960f4,1,3217,0.0,{}
4,00003c59-a9c1-79c1-bb2d-49dc347960f4,1,3217,0.0,{}
5,00003c59-a9c1-79c1-bb2d-49dc347960f4,1,3217,0.0,{}
6,00003c59-a9c1-79c1-bb2d-49dc347960f4,1,3217,0.0,{}
7,00003c59-a9c1-79c1-bb2d-49dc347960f4,1,3217,0.0,{}
8,00003c59-a9c1-79c1-bb2d-49dc347960f4,1,3217,0.0,{}
9,00003c59-a9c1-79c1-bb2d-49dc347960f4,1,3217,0.0,{}
10,00003c59-a9c1-79c1-bb2d-49dc347960f4,1,3217,0.0,{}
11,00003c59-a9c1-79c1-bb2d-49dc347960f4,1,3217,0.0,{}
12,00003c59-a9c1-79c1-bb2d-49dc347960f4,1,3217,0.0,{}
13,00003c59-a9c1-79c1-bb2d-49dc347960f4,1,3217,0.0,{}
14,00003c59-a9c1-79c1-bb2d-49dc347960f4,1,3217,0.0,{}
15,00003c59-a9c1-79c1-bb2d-49dc347960f4,1,3217,0.0,{}
16,00003c59-a9c1-79c1-bb2d-49dc347960f4,1,3217,0.0,{}
17,00003c59-a9c1-79c1-bb2d-49dc347960f4,1,3217,0.0,{}
18,00003c59-a9c1-79c1-bb2d-49dc347960f4,1,3217,0.0,{}
19,00003c59-a9c1-79c1-bb2d-49dc347960f4,1,3217,0.0,{}
20,00003c59-a9c1-79c1-bb2d-49dc347960f4,1,3217,0.0,{}
21,00003c59-a9c1-79c1-bb2d-49dc347960f4,1,3217,0.0,{}
22,00003c59-a9c1-79c1-bb2d-49dc347960f4,1,3248,3968.0,{}
23,00003c59-a9c1-79c1-bb2d-49dc347960f4,1,3248,3968.0,{}
24,00003c59-a9c1-79c1-bb2d-49dc347960f4,1,3248,3968.0,{}
25,00003c59-a9c1-79c1-bb2d-49dc347960f4,1,3248,3968.0,{}
26,00003c59-a9c1-79c1-bb2d-49dc347960f4,1,3248,3968.0,{}
27,00003c59-a9c1-79c1-bb2d-49dc347960f4,1,3248,3968.0,{}
28,00003c59-a9c1-79c1-bb2d-49dc347960f4,1,3248,3968.0,{}
29,00003c59-a9c1-79c1-bb2d-49dc347960f4,1,3248,3968.0,{}
30,00003c59-a9c1-79c1-bb2d-49dc347960f4,1,3248,4056.0,{}
31,00003c59-a9c1-79c1-bb2d-49dc347960f4,1,3248,4056.0,{}
32,00003c59-a9c1-79c1-bb2d-49dc347960f4,1,3248,3968.0,{}
33,00003c59-a9c1-79c1-bb2d-49dc347960f4,1,3248,3968.0,{}
34,00003c59-a9c1-79c1-bb2d-49dc347960f4,1,3248,3968.0,{}
35,00003c59-a9c1-79c1-bb2d-49dc347960f4,1,3248,3968.0,{}
36,00003c59-a9c1-79c1-bb2d-49dc347960f4,1,3248,3968.0,{}
37,00003c59-a9c1-79c1-bb2d-49dc347960f4,1,3248,4056.0,{}
38,00003c59-a9c1-79c1-bb2d-49dc347960f4,1,3248,4056.0,{}
39,00003c59-a9c1-79c1-bb2d-49dc347960f4,1,3248,3968.0,{}
40,00003c59-a9c1-79c1-bb2d-49dc347960f4,1,3248,3968.0,{}
41,00003c59-a9c1-79c1-bb2d-49dc347960f4,1,3248,3968.0,{}
42,00003c59-a9c1-79c1-bb2d-49dc347960f4,1,3280,360.0,{}
43,00003c59-a9c1-79c1-bb2d-49dc347960f4,1,3280,360.0,{}
44,00003c59-a9c1-79c1-bb2d-49dc347960f4,1,3280,360.0,{}
45,00003c59-a9c1-79c1-bb2d-49dc347960f4,1,3280,360.0,{}
46,00003c59-a9c1-79c1-bb2d-49dc347960f4,1,3280,360.0,{}
47,00003c59-a9c1-79c1-bb2d-49dc347960f4,1,3280,360.0,{}
48,00003c59-a9c1-79c1-bb2d-49dc347960f4,1,3280,360.0,{}
49,00003c59-a9c1-79c1-bb2d-49dc347960f4,1,3280,360.0,{}
50,00003c59-a9c1-79c1-bb2d-49dc347960f4,1,3280,368.0,{}
51,00003c59-a9c1-79c1-bb2d-49dc347960f4,1,3280,368.0,{}
52,00003c59-a9c1-79c1-bb2d-49dc347960f4,1,3280,360.0,{}
53,00003c59-a9c1-79c1-bb2d-49dc347960f4,1,3280,360.0,{}
54,00003c59-a9c1-79c1-bb2d-49dc347960f4,1,3280,360.0,{}
55,00003c59-a9c1-79c1-bb2d-49dc347960f4,1,3280,360.0,{}
56,00003c59-a9c1-79c1-bb2d-49dc347960f4,1,3280,360.0,{}
57,00003c59-a9c1-79c1-bb2d-49dc347960f4,1,3280,368.0,{}
58,00003c59-a9c1-79c1-bb2d-49dc347960f4,1,3280,368.0,{}
59,00003c59-a9c1-79c1-bb2d-49dc347960f4,1,3280,360.0,{}
60,00003c59-a9c1-79c1-bb2d-49dc347960f4,1,3280,360.0,{}
61,00003c59-a9c1-79c1-bb2d-49dc347960f4,1,3280,360.0,{}
62,00003c59-a9c1-79c1-bb2d-49dc347960f4,1,3298,0.0,{}
63,00003c59-a9c1-79c1-bb2d-49dc347960f4,1,3298,0.0,{}
64,00003c59-a9c1-79c1-bb2d-49dc347960f4,1,3298,0.0,{}
65,00003c59-a9c1-79c1-bb2d-49dc347960f4,1,3298,0.0,{}
66,00003c59-a9c1-79c1-bb2d-49dc347960f4,1,3298,0.0,{}
67,00003c59-a9c1-79c1-bb2d-49dc347960f4,1,3298,0.0,{}
68,00003c59-a9c1-79c1-bb2d-49dc347960f4,1,3298,0.0,{}
69,00003c59-a9c1-79c1-bb2d-49dc347960f4,1,3298,0.0,{}
70,00003c59-a9c1-79c1-bb2d-49dc347960f4,1,3298,0.0,{}
71,00003c59-a9c1-79c1-bb2d-49dc347960f4,1,3298,0.0,{}
72,00003c59-a9c1-79c1-bb2d-49dc347960f4,1,3298,0.0,{}
73,00003c59-a9c1-79c1-bb2d-49dc347960f4,1,3298,0.0,{}
74,00003c59-a9c1-79c1-bb2d-49dc347960f4,1,3298,0.0,{}
75,00003c59-a9c1-79c1-bb2d-49dc347960f4,1,3298,0.0,{}
76,00003c59-a9c1-79c1-bb2d-49dc347960f4,1,3298,0.0,{}
77,00003c59-a9c1-79c1-bb2d-49dc347960f4,1,3298,0.0,{}
78,00003c59-a9c1-79c1-bb2d-49dc347960f4,1,3298,0.0,{}
79,00003c59-a9c1-79c1-bb2d-49dc347960f4,1,3298,0.0,{}
80,00003c59-a9c1-79c1-bb2d-49dc347960f4,1,3298,0.0,{}
81,00003c59-a9c1-79c1-bb2d-49dc347960f4,1,3298,0.0,{}
82,00003c59-a9c1-79c1-bb2d-49dc347960f4,1,3334,2456.0,{}
83,00003c59-a9c1-79c1-bb2d-49dc347960f4,1,3334,2456.0,{}
84,00003c59-a9c1-79c1-bb2d-49dc347960f4,1,3334,2456.0,{}
85,00003c59-a9c1-79c1-bb2d-49dc347960f4,1,3334,2456.0,{}
86,00003c59-a9c1-79c1-bb2d-49dc347960f4,1,3334,2456.0,{}
87,00003c59-a9c1-79c1-bb2d-49dc347960f4,1,3334,2456.0,{}
88,00003c59-a9c1-79c1-bb2d-49dc347960f4,1,3334,2456.0,{}
89,00003c59-a9c1-79c1-bb2d-49dc347960f4,1,3334,2456.0,{}
90,00003c59-a9c1-79c1-bb2d-49dc347960f4,1,3334,2512.0,{}
91,00003c59-a9c1-79c1-bb2d-49dc347960f4,1,3334,2512.0,{}
92,00003c59-a9c1-79c1-bb2d-49dc347960f4,1,3334,2456.0,{}
93,00003c59-a9c1-79c1-bb2d-49dc347960f4,1,3334,2456.0,{}
94,00003c59-a9c1-79c1-bb2d-49dc347960f4,1,3334,2456.0,{}
95,00003c59-a9c1-79c1-bb2d-49dc347960f4,1,3334,2456.0,{}
96,00003c59-a9c1-79c1-bb2d-49dc347960f4,1,3334,2456.0,{}
97,00003c59-a9c1-79c1-bb2d-49dc347960f4,1,3334,2512.0,{}
98,00003c59-a9c1-79c1-bb2d-49dc347960f4,1,3334,2512.0,{}
99,00003c59-a9c1-79c1-bb2d-49dc347960f4,1,3334,2456.0,{}
100,00003c59-a9c1-79c1-bb2d-49dc347960f4,1,3334,2456.0,{}
101,00003c59-a9c1-79c1-bb2d-49dc347960f4,1,3334,2456.0,{}
102,00003c59-a9c1-79c1-bb2d-49dc347960f4,1,5642,308.4,{}
103,00003c59-a9c1-79c1-bb2d-49dc347960f4,2,2636,45.2,{}
104,00003c59-a9c1-79c1-bb2d-49dc347960f4,2,3217,0.0,{}
105,00003c59-a9c1-79c1-bb2d-49dc347960f4,2,3217,0.0,{}
106,00003c59-a9c1-79c1-bb2d-49dc347960f4,2,3217,0.0,{}
107,00003c59-a9c1-79c1-bb2d-49dc347960f4,2,3217,0.0,{}
108,00003c59-a9c1-79c1-bb2d-49dc347960f4,2,3217,0.0,{}
109,00003c59-a9c1-79c1-bb2d-49dc347960f4,2,3217,0.0,{}
110,00003c59-a9c1-79c1-bb2d-49dc347960f4,2,3217,0.0,{}
111,00003c59-a9c1-79c1-bb2d-49dc347960f4,2,3217,0.0,{}
112,00003c59-a9c1-79c1-bb2d-49dc347960f4,2,3217,0.0,{}
113,00003c59-a9c1-79c1-bb2d-49dc347960f4,2,3217,0.0,{}
114,00003c59-a9c1-79c1-bb2d-49dc347960f4,2,3217,0.0,{}
115,00003c59-a9c1-79c1-bb2d-49dc347960f4,2,3217,0.0,{}
116,00003c59-a9c1-79c1-bb2d-49dc347960f4,2,3217,0.0,{}
117,00003c59-a9c1-79c1-bb2d-49dc347960f4,2,3217,0.0,{}
118,00003c59-a9c1-79c1-bb2d-49dc347960f4,2,3217,0.0,{}
119,00003c59-a9c1-79c1-bb2d-49dc347960f4,2,3217,0.0,{}
120,00003c59-a9c1-79c1-bb2d-49dc347960f4,2,3217,0.0,{}
121,00003c59-a9c1-79c1-bb2d-49dc347960f4,2,3217,0.0,{}
122,00003c59-a9c1-79c1-bb2d-49dc347960f4,2,3217,0.0,{}
123,00003c59-a9c1-79c1-bb2d-49dc347960f4,2,3217,0.0,{}
124,00003c59-a9c1-79c1-bb2d-49dc347960f4,2,3248,3968.0,{}
125,00003c59-a9c1-79c1-bb2d-49dc347960f4,2,3248,3968.0,{}
126,00003c59-a9c1-79c1-bb2d-49dc347960f4,2,3248,3968.0,{}
127,00003c59-a9c1-79c1-bb2d-49dc347960f4,2,3248,3968.0,{}
128,00003c59-a9c1-79c1-bb2d-49dc347960f4,2,3248,3968.0,{}
129,00003c59-a9c1-79c1-bb2d-49dc347960f4,2,3248,3968.0,{}
130,00003c59-a9c1-79c1-bb2d-49dc347960f4,2,3248,3968.0,{}
131,00003c59-a9c1-79c1-bb2d-49dc347960f4,2,3248,3968.0,{}
132,00003c59-a9c1-79c1-bb2d-49dc347960f4,2,3248,4056.0,{}
133,00003c59-a9c1-79c1-bb2d-49dc347960f4,2,3248,4056.0,{}
134,00003c59-a9c1-79c1-bb2d-49dc347960f4,2,3248,3968.0,{}
135,00003c59-a9c1-79c1-bb2d-49dc347960f4,2,3248,3968.0,{}
136,00003c59-a9c1-79c1-bb2d-49dc347960f4,2,3248,3968.0,{}
137,00003c59-a9c1-79c1-bb2d-49dc347960f4,2,3248,3968.0,{}
138,00003c59-a9c1-79c1-bb2d-49dc347960f4,2,3248,3968.0,{}
139,00003c59-a9c1-79c1-bb2d-49dc347960f4,2,3248,4056.0,{}
140,00003c59-a9c1-79c1-bb2d-49dc347960f4,2,3248,4056.0,{}
141,00003c59-a9c1-79c1-bb2d-49dc347960f4,2,3248,3968.0,{}
142,00003c59-a9c1-79c1-bb2d-49dc347960f4,2,3248,3968.0,{}
143,00003c59-a9c1-79c1-bb2d-49dc347960f4,2,3248,3968.0,{}
144,00003c59-a9c1-79c1-bb2d-49dc347960f4,2,3280,360.0,{}
145,00003c59-a9c1-79c1-bb2d-49dc347960f4,2,3280,360.0,{}
146,00003c59-a9c1-79c1-bb2d-49dc347960f4,2,3280,360.0,{}
147,00003c59-a9c1-79c1-bb2d-49dc347960f4,2,3280,360.0,{}
148,00003c59-a9c1-79c1-bb2d-49dc347960f4,2,3280,360.0,{}
149,00003c59-a9c1-79c1-bb2d-49dc347960f4,2,3280,360.0,{}
150,00003c59-a9c1-79c1-bb2d-49dc347960f4,2,3280,360.0,{}
151,00003c59-a9c1-79c1-bb2d-49dc347960f4,2,3280,360.0,{}
152,00003c59-a9c1-79c1-bb2d-49dc347960f4,2,3280,368.0,{}
153,00003c59-a9c1-79c1-bb2d-49dc347960f4,2,3280,368.0,{}
154,00003c59-a9c1-79c1-bb2d-49dc347960f4,2,3280,360.0,{}
155,00003c59-a9c1-79c1-bb2d-49dc347960f4,2,3280,360.0,{}
156,00003c59-a9c1-79c1-bb2d-49dc347960f4,2,3280,360.0,{}
157,00003c59-a9c1-79c1-bb2d-49dc347960f4,2,3280,360.0,{}
158,00003c59-a9c1-79c1-bb2d-49dc347960f4,2,3280,360.0,{}
159,00003c59-a9c1-79c1-bb2d-49dc347960f4,2,3280,368.0,{}
160,00003c59-a9c1-79c1-bb2d-49dc347960f4,2,3280,368.0,{}
161,00003c59-a9c1-79c1-bb2d-49dc347960f4,2,3280,360.0,{}
162,00003c59-a9c1-79c1-bb2d-49dc347960f4,2,3280,360.0,{}
163,00003c59-a9c1-79c1-bb2d-49dc347960f4,2,3280,360.0,{}
164,00003c59-a9c1-79c1-bb2d-49dc347960f4,2,3298,0.0,{}
165,00003c59-a9c1-79c1-bb2d-49dc347960f4,2,3298,0.0,{}
166,00003c59-a9c1-79c1-bb2d-49dc347960f4,2,3298,0.0,{}
167,00003c59-a9c1-79c1-bb2d-49dc347960f4,2,3298,0.0,{}
168,00003c59-a9c1-79c1-bb2d-49dc347960f4,2,3298,0.0,{}
169,00003c59-a9c1-79c1-bb2d-49dc347960f4,2,3298,0.0,{}
170,00003c59-a9c1-79c1-bb2d-49dc347960f4,2,3298,0.0,{}
171,00003c59-a9c1-79c1-bb2d-49dc347960f4,2,3298,0.0,{}
172,00003c59-a9c1-79c1-bb2d-49dc347960f4,2,3298,0.0,{}
173,00003c59-a9c1-79c1-bb2d-49dc347960f4,2,3298,0.0,{}
174,00003c59-a9c1-79c1-bb2d-49dc347960f4,2,3298,0.0,{}
175,00003c59-a9c1-79c1-bb2d-49dc347960f4,2,3298,0.0,{}
176,00003c59-a9c1-79c1-bb2d-49dc347960f4,2,3298,0.0,{}
177,00003c59-a9c1-79c1-bb2d-49dc347960f4,2,3298,0.0,{}
178,00003c59-a9c1-79c1-bb2d-49dc347960f4,2,3298,0.0,{}
179,00003c59-a9c1-79c1-bb2d-49dc347960f4,2,3298,0.0,{}
180,00003c59-a9c1-79c1-bb2d-49dc347960f4,2,3298,0.0,{}
181,00003c59-a9c1-79c1-bb2d-49dc347960f4,2,3298,0.0,{}
182,00003c59-a9c1-79c1-bb2d-49dc347960f4,2,3298,0.0,{}
183,00003c59-a9c1-79c1-bb2d-49dc347960f4,2,3298,0.0,{}
184,00003c59-a9c1-79c1-bb2d-49dc347960f4,2,3334,2456.0,{}
185,00003c59-a9c1-79c1-bb2d-49dc347960f4,2,3334,2456.0,{}
186,00003c59-a9c1-79c1-bb2d-49dc347960f4,2,3334,2456.0,{}
187,00003c59-a9c1-79c1-bb2d-49dc347960f4,2,3334,2456.0,{}
188,00003c59-a9c1-79c1-bb2d-49dc347960f4,2,3334,2456.0,{}
189,00003c59-a9c1-79c1-bb2d-49dc347960f4,2,3334,2456.0,{}
190,00003c59-a9c1-79c1-bb2d-49dc347960f4,2,3334,2456.0,{}
191,00003c59-a9c1-79c1-bb2d-49dc347960f4,2,3334,2456.0,{}
192,00003c59-a9c1-79c1-bb2d-49dc347960f4,2,3334,2512.0,{}
193,00003c59-a9c1-79c1-bb2d-49dc347960f4,2,3334,2512.0,{}
194,00003c59-a9c1-79c1-bb2d-49dc347960f4,2,3334,2456.0,{}
195,00003c59-a9c1-79c1-bb2d-49dc347960f4,2,3334,2456.0,{}
196,00003c59-a9c1-79c1-bb2d-49dc347960f4,2,3334,2456.0,{}
197,00003c59-a9c1-79c1-bb2d-49dc347960f4,2,3334,2456.0,{}
198,00003c59-a9c1-79c1-bb2d-49dc347960f4,2,3334,2456.0,{}
199,00003c59-a9c1-79c1-bb2d-49dc347960f4,2,3334,2512.0,{}
200,00003c59-a9c1-79c1-bb2d-49dc347960f4,2,3334,2512.0,{}
201,00003c59-a9c1-79c1-bb2d-49dc347960f4,2,3334,2456.0,{}
202,00003c59-a9c1-79c1-bb2d-49dc347960f4,2,3334,2456.0,{}
203,00003c59-a9c1-79c1-bb2d-49dc347960f4,2,3334,2456.0,{}
204,00003c59-a9c1-79c1-bb2d-49dc347960f4,2,5642,308.4,{}
205,00003c59-a9c1-79c1-bb2d-49dc347960f4,3,2636,2.0,{}
206,00003c59-a9c1-79c1-bb2d-49dc347960f4,3,3217,0.0,{}
207,00003c59-a9c1-79c1-bb2d-49dc347960f4,3,3217,0.0,{}
208,00003c59-a9c1-79c1-bb2d-49dc347960f4,3,3217,0.0,{}
209,00003c59-a9c1-79c1-bb2d-49dc347960f4,3,3217,0.0,{}
210,00003c59-a9c1-79c1-bb2d-49dc347960f4,3,3217,0.0,{}
211,00003c59-a9c1-79c1-bb2d-49dc347960f4,3,3217,0.0,{}
212,00003c59-a9c1-79c1-bb2d-49dc347960f4,3,3217,0.0,{}
213,00003c59-a9c1-79c1-bb2d-49dc347960f4,3,3217,0.0,{}
214,00003c59-a9c1-79c1-bb2d-49dc347960f4,3,3217,0.0,{}
215,00003c59-a9c1-79c1-bb2d-49dc347960f4,3,3217,0.0,{}
216,00003c59-a9c1-79c1-bb2d-49dc347960f4,3,3217,0.0,{}
217,00003c59-a9c1-79c1-bb2d-49dc347960f4,3,3217,0.0,{}
218,00003c59-a9c1-79c1-bb2d-49dc347960f4,3,3217,0.0,{}
219,00003c59-a9c1-79c1-bb2d-49dc347960f4,3,3217,0.0,{}
220,00003c59-a9c1-79c1-bb2d-49dc347960f4,3,3217,0.0,{}
221,00003c59-a9c1-79c1-bb2d-49dc347960f4,3,3217,0.0,{}
222,00003c59-a9c1-79c1-bb2d-49dc347960f4,3,3217,0.0,{}
223,00003c59-a9c1-79c1-bb2d-49dc347960f4,3,3217,0.0,{}
224,00003c59-a9c1-79c1-bb2d-49dc347960f4,3,3217,0.0,{}
225,00003c59-a9c1-79c1-bb2d-49dc347960f4,3,3217,0.0,{}
226,00003c59-a9c1-79c1-bb2d-49dc347960f4,3,3248,816.0,{}
227,00003c59-a9c1-79c1-bb2d-49dc347960f4,3,3248,848.0,{}
228,00003c59-a9c1-79c1-bb2d-49dc347960f4,3,3248,832.0,{}
229,00003c59-a9c1-79c1-bb2d-49dc347960f4,3,3248,832.0,{}
230,00003c59-a9c1-79c1-bb2d-49dc347960f4,3,3248,808.0,{}
231,00003c59-a9c1-79c1-bb2d-49dc347960f4,3,3248,784.0,{}
232,00003c59-a9c1-79c1-bb2d-49dc347960f4,3,3248,800.0,{}
233,00003c59-a9c1-79c1-bb2d-49dc347960f4,3,3248,824.0,{}
234,00003c59-a9c1-79c1-bb2d-49dc347960f4,3,3248,832.0,{}
235,00003c59-a9c1-79c1-bb2d-49dc347960f4,3,3248,816.0,{}
236,00003c59-a9c1-79c1-bb2d-49dc347960f4,3,3248,792.0,{}
237,00003c59-a9c1-79c1-bb2d-49dc347960f4,3,3248,840.0,{}
238,00003c59-a9c1-79c1-bb2d-49dc347960f4,3,3248,832.0,{}
239,00003c59-a9c1-79c1-bb2d-49dc347960f4,3,3248,832.0,{}
240,00003c59-a9c1-79c1-bb2d-49dc347960f4,3,3248,808.0,{}
241,00003c59-a9c1-79c1-bb2d-49dc347960f4,3,3248,800.0,{}
242,00003c59-a9c1-79c1-bb2d-49dc347960f4,3,3248,816.0,{}
243,00003c59-a9c1-79c1-bb2d-49dc347960f4,3,3248,832.0,{}
244,00003c59-a9c1-79c1-bb2d-49dc347960f4,3,3248,832.0,{}
245,00003c59-a9c1-79c1-bb2d-49dc347960f4,3,3248,808.0,{}
246,00003c59-a9c1-79c1-bb2d-49dc347960f4,3,3280,1632.0,{}
247,00003c59-a9c1-79c1-bb2d-49dc347960f4,3,3280,1696.0,{}
248,00003c59-a9c1-79c1-bb2d-49dc347960f4,3,3280,1664.0,{}
249,00003c59-a9c1-79c1-bb2d-49dc347960f4,3,3280,1664.0,{}
250,00003c59-a9c1-79c1-bb2d-49dc347960f4,3,3280,1616.0,{}
251,00003c59-a9c1-79c1-bb2d-49dc347960f4,3,3280,1568.0,{}
252,00003c59-a9c1-79c1-bb2d-49dc347960f4,3,3280,1600.0,{}
253,00003c59-a9c1-79c1-bb2d-49dc347960f4,3,3280,1648.0,{}
254,00003c59-a9c1-79c1-bb2d-49dc347960f4,3,3280,1664.0,{}
255,00003c59-a9c1-79c1-bb2d-49dc347960f4,3,3280,1632.0,{}
256,00003c59-a9c1-79c1-bb2d-49dc347960f4,3,3280,1584.0,{}
257,00003c59-a9c1-79c1-bb2d-49dc347960f4,3,3280,1680.0,{}
258,00003c59-a9c1-79c1-bb2d-49dc347960f4,3,3280,1664.0,{}
259,00003c59-a9c1-79c1-bb2d-49dc347960f4,3,3280,1664.0,{}
260,00003c59-a9c1-79c1-bb2d-49dc347960f4,3,3280,1616.0,{}
261,00003c59-a9c1-79c1-bb2d-49dc347960f4,3,3280,1600.0,{}
262,00003c59-a9c1-79c1-bb2d-49dc347960f4,3,3280,1632.0,{}
263,00003c59-a9c1-79c1-bb2d-49dc347960f4,3,3280,1664.0,{}
264,00003c59-a9c1-79c1-bb2d-49dc347960f4,3,3280,1664.0,{}
265,00003c59-a9c1-79c1-bb2d-49dc347960f4,3,3280,1616.0,{}
266,00003c59-a9c1-79c1-bb2d-49dc347960f4,3,3298,0.0,{}
267,00003c59-a9c1-79c1-bb2d-49dc347960f4,3,3298,0.0,{}
268,00003c59-a9c1-79c1-bb2d-49dc347960f4,3,3298,0.0,{}
269,00003c59-a9c1-79c1-bb2d-49dc347960f4,3,3298,0.0,{}
270,00003c59-a9c1-79c1-bb2d-49dc347960f4,3,3298,0.0,{}
271,00003c59-a9c1-79c1-bb2d-49dc347960f4,3,3298,0.0,{}
272,00003c59-a9c1-79c1-bb2d-49dc347960f4,3,3298,0.0,{}
273,00003c59-a9c1-79c1-bb2d-49dc347960f4,3,3298,0.0,{}
274,00003c59-a9c1-79c1-bb2d-49dc347960f4,3,3298,0.0,{}
275,00003c59-a9c1-79c1-bb2d-49dc347960f4,3,3298,0.0,{}
276,00003c59-a9c1-79c1-bb2d-49dc347960f4,3,3298,0.0,{}
277,00003c59-a9c1-79c1-bb2d-49dc347960f4,3,3298,0.0,{}
278,00003c59-a9c1-79c1-bb2d-49dc347960f4,3,3298,0.0,{}
279,00003c59-a9c1-79c1-bb2d-49dc347960f4,3,3298,0.0,{}
280,00003c59-a9c1-79c1-bb2d-49dc347960f4,3,3298,0.0,{}
281,00003c59-a9c1-79c1-bb2d-49dc347960f4,3,3298,0.0,{}
282,00003c59-a9c1-79c1-bb2d-49dc347960f4,3,3298,0.0,{}
283,00003c59-a9c1-79c1-bb2d-49dc347960f4,3,3298,0.0,{}
284,00003c59-a9c1-79c1-bb2d-49dc347960f4,3,3298,0.0,{}
285,00003c59-a9c1-79c1-bb2d-49dc347960f4,3,3298,0.0,{}
286,00003c59-a9c1-79c1-bb2d-49dc347960f4,3,3334,8160.0,{}
287,00003c59-a9c1-79c1-bb2d-49dc347960f4,3,3334,8480.0,{}
288,00003c59-a9c1-79c1-bb2d-49dc347960f4,3,3334,8320.0,{}
289,00003c59-a9c1-79c1-bb2d-49dc347960f4,3,3334,8320.0,{}
290,00003c59-a9c1-79c1-bb2d-49dc347960f4,3,3334,8080.0,{}
291,00003c59-a9c1-79c1-bb2d-49dc347960f4,3,3334,7840.0,{}
292,00003c59-a9c1-79c1-bb2d-49dc347960f4,3,3334,8000.0,{}
293,00003c59-a9c1-79c1-bb2d-49dc347960f4,3,3334,8240.0,{}
294,00003c59-a9c1-79c1-bb2d-49dc347960f4,3,3334,8320.0,{}
295,00003c59-a9c1-79c1-bb2d-49dc347960f4,3,3334,8160.0,{}
296,00003c59-a9c1-79c1-bb2d-49dc347960f4,3,3334,7920.0,{}
297,00003c59-a9c1-79c1-bb2d-49dc347960f4,3,3334,8400.0,{}
298,00003c59-a9c1-79c1-bb2d-49dc347960f4,3,3334,8320.0,{}
299,00003c59-a9c1-79c1-bb2d-49dc347960f4,3,3334,8320.0,{}
300,00003c59-a9c1-79c1-bb2d-49dc347960f4,3,3334,8080.0,{}
301,00003c59-a9c1-79c1-bb2d-49dc347960f4,3,3334,8000.0,{}
302,00003c59-a9c1-79c1-bb2d-49dc347960f4,3,3334,8160.0,{}
303,00003c59-a9c1-79c1-bb2d-49dc347960f4,3,3334,8320.0,{}
304,00003c59-a9c1-79c1-bb2d-49dc347960f4,3,3334,8320.0,{}
305,00003c59-a9c1-79c1-bb2d-49dc347960f4,3,3334,8080.0,{}
306,00003c59-a9c1-79c1-bb2d-49dc347960f4,3,5642,10.0,{}
307,00003c59-a9c1-79c1-bb2d-49dc347960f4,4,2636,3.0,{}
308,00003c59-a9c1-79c1-bb2d-49dc347960f4,4,3217,3635008.0,{}
309,00003c59-a9c1-79c1-bb2d-49dc347960f4,4,3217,3602112.0,{}
310,00003c59-a9c1-79c1-bb2d-49dc347960f4,4,3217,3602112.0,{}
311,00003c59-a9c1-79c1-bb2d-49dc347960f4,4,3217,3544544.0,{}
312,00003c59-a9c1-79c1-bb2d-49dc347960f4,4,3217,3503424.0,{}
313,00003c59-a9c1-79c1-bb2d-49dc347960f4,4,3217,2105344.0,{}
314,00003c59-a9c1-79c1-bb2d-49dc347960f4,4,3217,2105344.0,{}
315,00003c59-a9c1-79c1-bb2d-49dc347960f4,4,3217,2113568.0,{}
316,00003c59-a9c1-79c1-bb2d-49dc347960f4,4,3217,2105344.0,{}
317,00003c59-a9c1-79c1-bb2d-49dc347960f4,4,3217,2105344.0,{}
318,00003c59-a9c1-79c1-bb2d-49dc347960f4,4,3217,3215584.0,{}
319,00003c59-a9c1-79c1-bb2d-49dc347960f4,4,3217,3199136.0,{}
320,00003c59-a9c1-79c1-bb2d-49dc347960f4,4,3217,3084000.0,{}
321,00003c59-a9c1-79c1-bb2d-49dc347960f4,4,3217,3092224.0,{}
322,00003c59-a9c1-79c1-bb2d-49dc347960f4,4,3217,3075776.0,{}
323,00003c59-a9c1-79c1-bb2d-49dc347960f4,4,3217,2557664.0,{}
324,00003c59-a9c1-79c1-bb2d-49dc347960f4,4,3217,2549440.0,{}
325,00003c59-a9c1-79c1-bb2d-49dc347960f4,4,3217,2549440.0,{}
326,00003c59-a9c1-79c1-bb2d-49dc347960f4,4,3217,2549440.0,{}
327,00003c59-a9c1-79c1-bb2d-49dc347960f4,4,3217,2549440.0,{}
328,00003c59-a9c1-79c1-bb2d-49dc347960f4,4,3248,214370.0,{}
329,00003c59-a9c1-79c1-bb2d-49dc347960f4,4,3248,212430.0,{}
330,00003c59-a9c1-79c1-bb2d-49dc347960f4,4,3248,212430.0,{}
331,00003c59-a9c1-79c1-bb2d-49dc347960f4,4,3248,209035.0,{}
332,00003c59-a9c1-79c1-bb2d-49dc347960f4,4,3248,206610.0,{}
333,00003c59-a9c1-79c1-bb2d-49dc347960f4,4,3248,124160.0,{}
334,00003c59-a9c1-79c1-bb2d-49dc347960f4,4,3248,124160.0,{}
335,00003c59-a9c1-79c1-bb2d-49dc347960f4,4,3248,124645.0,{}
336,00003c59-a9c1-79c1-bb2d-49dc347960f4,4,3248,124160.0,{}
337,00003c59-a9c1-79c1-bb2d-49dc347960f4,4,3248,124160.0,{}
338,00003c59-a9c1-79c1-bb2d-49dc347960f4,4,3248,189635.0,{}
339,00003c59-a9c1-79c1-bb2d-49dc347960f4,4,3248,188665.0,{}
340,00003c59-a9c1-79c1-bb2d-49dc347960f4,4,3248,181875.0,{}
341,00003c59-a9c1-79c1-bb2d-49dc347960f4,4,3248,182360.0,{}
342,00003c59-a9c1-79c1-bb2d-49dc347960f4,4,3248,181390.0,{}
343,00003c59-a9c1-79c1-bb2d-49dc347960f4,4,3248,150835.0,{}
344,00003c59-a9c1-79c1-bb2d-49dc347960f4,4,3248,150350.0,{}
345,00003c59-a9c1-79c1-bb2d-49dc347960f4,4,3248,150350.0,{}
346,00003c59-a9c1-79c1-bb2d-49dc347960f4,4,3248,150350.0,{}
347,00003c59-a9c1-79c1-bb2d-49dc347960f4,4,3248,150350.0,{}
348,00003c59-a9c1-79c1-bb2d-49dc347960f4,4,3280,1326.0,{}
349,00003c59-a9c1-79c1-bb2d-49dc347960f4,4,3280,1314.0,{}
350,00003c59-a9c1-79c1-bb2d-49dc347960f4,4,3280,1314.0,{}
351,00003c59-a9c1-79c1-bb2d-49dc347960f4,4,3280,1293.0,{}
352,00003c59-a9c1-79c1-bb2d-49dc347960f4,4,3280,1278.0,{}
353,00003c59-a9c1-79c1-bb2d-49dc347960f4,4,3280,768.0,{}
354,00003c59-a9c1-79c1-bb2d-49dc347960f4,4,3280,768.0,{}
355,00003c59-a9c1-79c1-bb2d-49dc347960f4,4,3280,771.0,{}
356,00003c59-a9c1-79c1-bb2d-49dc347960f4,4,3280,768.0,{}
357,00003c59-a9c1-79c1-bb2d-49dc347960f4,4,3280,768.0,{}
358,00003c59-a9c1-79c1-bb2d-49dc347960f4,4,3280,1173.0,{}
359,00003c59-a9c1-79c1-bb2d-49dc347960f4,4,3280,1167.0,{}
360,00003c59-a9c1-79c1-bb2d-49dc347960f4,4,3280,1125.0,{}
361,00003c59-a9c1-79c1-bb2d-49dc347960f4,4,3280,1128.0,{}
362,00003c59-a9c1-79c1-bb2d-49dc347960f4,4,3280,1122.0,{}
363,00003c59-a9c1-79c1-bb2d-49dc347960f4,4,3280,933.0,{}
364,00003c59-a9c1-79c1-bb2d-49dc347960f4,4,3280,930.0,{}
365,00003c59-a9c1-79c1-bb2d-49dc347960f4,4,3280,930.0,{}
366,00003c59-a9c1-79c1-bb2d-49dc347960f4,4,3280,930.0,{}
367,00003c59-a9c1-79c1-bb2d-49dc347960f4,4,3280,930.0,{}
368,00003c59-a9c1-79c1-bb2d-49dc347960f4,4,3298,0.0,{}
369,00003c59-a9c1-79c1-bb2d-49dc347960f4,4,3298,0.0,{}
370,00003c59-a9c1-79c1-bb2d-49dc347960f4,4,3298,0.0,{}
371,00003c59-a9c1-79c1-bb2d-49dc347960f4,4,3298,0.0,{}
372,00003c59-a9c1-79c1-bb2d-49dc347960f4,4,3298,0.0,{}
373,00003c59-a9c1-79c1-bb2d-49dc347960f4,4,3298,0.0,{}
374,00003c59-a9c1-79c1-bb2d-49dc347960f4,4,3298,0.0,{}
375,00003c59-a9c1-79c1-bb2d-49dc347960f4,4,3298,0.0,{}
376,00003c59-a9c1-79c1-bb2d-49dc347960f4,4,3298,0.0,{}
377,00003c59-a9c1-79c1-bb2d-49dc347960f4,4,3298,0.0,{}
378,00003c59-a9c1-79c1-bb2d-49dc347960f4,4,3298,0.0,{}
379,00003c59-a9c1-79c1-bb2d-49dc347960f4,4,3298,0.0,{}
380,00003c59-a9c1-79c1-bb2d-49dc347960f4,4,3298,0.0,{}
381,00003c59-a9c1-79c1-bb2d-49dc347960f4,4,3298,0.0,{}
382,00003c59-a9c1-79c1-bb2d-49dc347960f4,4,3298,0.0,{}
383,00003c59-a9c1-79c1-bb2d-49dc347960f4,4,3298,0.0,{}
384,00003c59-a9c1-79c1-bb2d-49dc347960f4,4,3298,0.0,{}
385,00003c59-a9c1-79c1-bb2d-49dc347960f4,4,3298,0.0,{}
386,00003c59-a9c1-79c1-bb2d-49dc347960f4,4,3298,0.0,{}
387,00003c59-a9c1-79c1-bb2d-49dc347960f4,4,3298,0.0,{}
388,00003c59-a9c1-79c1-bb2d-49dc347960f4,4,3334,11051326.0,{}
389,00003c59-a9c1-79c1-bb2d-49dc347960f4,4,3334,10951314.0,{}
390,00003c59-a9c1-79c1-bb2d-49dc347960f4,4,3334,10951314.0,{}
391,00003c59-a9c1-79c1-bb2d-49dc347960f4,4,3334,10776293.0,{}
392,00003c59-a9c1-79c1-bb2d-49dc347960f4,4,3334,10651278.0,{}
393,00003c59-a9c1-79c1-bb2d-49dc347960f4,4,3334,6400768.0,{}
394,00003c59-a9c1-79c1-bb2d-49dc347960f4,4,3334,6400768.0,{}
395,00003c59-a9c1-79c1-bb2d-49dc347960f4,4,3334,6425771.0,{}
396,00003c59-a9c1-79c1-bb2d-49dc347960f4,4,3334,6400768.0,{}
397,00003c59-a9c1-79c1-bb2d-49dc347960f4,4,3334,6400768.0,{}
398,00003c59-a9c1-79c1-bb2d-49dc347960f4,4,3334,9776173.0,{}
399,00003c59-a9c1-79c1-bb2d-49dc347960f4,4,3334,9726167.0,{}
400,00003c59-a9c1-79c1-bb2d-49dc347960f4,4,3334,9376125.0,{}
401,00003c59-a9c1-79c1-bb2d-49dc347960f4,4,3334,9401128.0,{}
402,00003c59-a9c1-79c1-bb2d-49dc347960f4,4,3334,9351122.0,{}
403,00003c59-a9c1-79c1-bb2d-49dc347960f4,4,3334,7775933.0,{}
404,00003c59-a9c1-79c1-bb2d-49dc347960f4,4,3334,7750930.0,{}
405,00003c59-a9c1-79c1-bb2d-49dc347960f4,4,3334,7750930.0,{}
406,00003c59-a9c1-79c1-bb2d-49dc347960f4,4,3334,7750930.0,{}
407,00003c59-a9c1-79c1-bb2d-49dc347960f4,4,3334,7750930.0,{}
408,00003c59-a9c1-79c1-bb2d-49dc347960f4,4,5642,25003.0,{}
409,00003c59-a9c1-79c1-bb2d-49dc347960f4,5,2636,3.0,{}
410,00003c59-a9c1-79c1-bb2d-49dc347960f4,5,3217,2853728.0,{}
411,00003c59-a9c1-79c1-bb2d-49dc347960f4,5,3217,2582336.0,{}
412,00003c59-a9c1-79c1-bb2d-49dc347960f4,5,3217,2755040.0,{}
413,00003c59-a9c1-79c1-bb2d-49dc347960f4,5,3217,2796160.0,{}
414,00003c59-a9c1-79c1-bb2d-49dc347960f4,5,3217,2689248.0,{}
415,00003c59-a9c1-79c1-bb2d-49dc347960f4,5,3217,2977088.0,{}
416,00003c59-a9c1-79c1-bb2d-49dc347960f4,5,3217,2944192.0,{}
417,00003c59-a9c1-79c1-bb2d-49dc347960f4,5,3217,2952416.0,{}
418,00003c59-a9c1-79c1-bb2d-49dc347960f4,5,3217,2919520.0,{}
419,00003c59-a9c1-79c1-bb2d-49dc347960f4,5,3217,2952416.0,{}
420,00003c59-a9c1-79c1-bb2d-49dc347960f4,5,3217,3536320.0,{}
421,00003c59-a9c1-79c1-bb2d-49dc347960f4,5,3217,3470528.0,{}
422,00003c59-a9c1-79c1-bb2d-49dc347960f4,5,3217,3470528.0,{}
423,00003c59-a9c1-79c1-bb2d-49dc347960f4,5,3217,3412960.0,{}
424,00003c59-a9c1-79c1-bb2d-49dc347960f4,5,3217,3470528.0,{}
425,00003c59-a9c1-79c1-bb2d-49dc347960f4,5,3217,2105344.0,{}
426,00003c59-a9c1-79c1-bb2d-49dc347960f4,5,3217,2154688.0,{}
427,00003c59-a9c1-79c1-bb2d-49dc347960f4,5,3217,2343840.0,{}
428,00003c59-a9c1-79c1-bb2d-49dc347960f4,5,3217,2343840.0,{}
429,00003c59-a9c1-79c1-bb2d-49dc347960f4,5,3217,2113568.0,{}
430,00003c59-a9c1-79c1-bb2d-49dc347960f4,5,3248,168295.0,{}
431,00003c59-a9c1-79c1-bb2d-49dc347960f4,5,3248,152290.0,{}
432,00003c59-a9c1-79c1-bb2d-49dc347960f4,5,3248,162475.0,{}
433,00003c59-a9c1-79c1-bb2d-49dc347960f4,5,3248,164900.0,{}
434,00003c59-a9c1-79c1-bb2d-49dc347960f4,5,3248,158595.0,{}
435,00003c59-a9c1-79c1-bb2d-49dc347960f4,5,3248,175570.0,{}
436,00003c59-a9c1-79c1-bb2d-49dc347960f4,5,3248,173630.0,{}
437,00003c59-a9c1-79c1-bb2d-49dc347960f4,5,3248,174115.0,{}
438,00003c59-a9c1-79c1-bb2d-49dc347960f4,5,3248,172175.0,{}
439,00003c59-a9c1-79c1-bb2d-49dc347960f4,5,3248,174115.0,{}
440,00003c59-a9c1-79c1-bb2d-49dc347960f4,5,3248,208550.0,{}
441,00003c59-a9c1-79c1-bb2d-49dc347960f4,5,3248,204670.0,{}
442,00003c59-a9c1-79c1-bb2d-49dc347960f4,5,3248,204670.0,{}
443,00003c59-a9c1-79c1-bb2d-49dc347960f4,5,3248,201275.0,{}
444,00003c59-a9c1-79c1-bb2d-49dc347960f4,5,3248,204670.0,{}
445,00003c59-a9c1-79c1-bb2d-49dc347960f4,5,3248,124160.0,{}
446,00003c59-a9c1-79c1-bb2d-49dc347960f4,5,3248,127070.0,{}
447,00003c59-a9c1-79c1-bb2d-49dc347960f4,5,3248,138225.0,{}
448,00003c59-a9c1-79c1-bb2d-49dc347960f4,5,3248,138225.0,{}
449,00003c59-a9c1-79c1-bb2d-49dc347960f4,5,3248,124645.0,{}
450,00003c59-a9c1-79c1-bb2d-49dc347960f4,5,3280,1041.0,{}
451,00003c59-a9c1-79c1-bb2d-49dc347960f4,5,3280,942.0,{}
452,00003c59-a9c1-79c1-bb2d-49dc347960f4,5,3280,1005.0,{}
453,00003c59-a9c1-79c1-bb2d-49dc347960f4,5,3280,1020.0,{}
454,00003c59-a9c1-79c1-bb2d-49dc347960f4,5,3280,981.0,{}
455,00003c59-a9c1-79c1-bb2d-49dc347960f4,5,3280,1086.0,{}
456,00003c59-a9c1-79c1-bb2d-49dc347960f4,5,3280,1074.0,{}
457,00003c59-a9c1-79c1-bb2d-49dc347960f4,5,3280,1077.0,{}
458,00003c59-a9c1-79c1-bb2d-49dc347960f4,5,3280,1065.0,{}
459,00003c59-a9c1-79c1-bb2d-49dc347960f4,5,3280,1077.0,{}
460,00003c59-a9c1-79c1-bb2d-49dc347960f4,5,3280,1290.0,{}
461,00003c59-a9c1-79c1-bb2d-49dc347960f4,5,3280,1266.0,{}
462,00003c59-a9c1-79c1-bb2d-49dc347960f4,5,3280,1266.0,{}
463,00003c59-a9c1-79c1-bb2d-49dc347960f4,5,3280,1245.0,{}
464,00003c59-a9c1-79c1-bb2d-49dc347960f4,5,3280,1266.0,{}
465,00003c59-a9c1-79c1-bb2d-49dc347960f4,5,3280,768.0,{}
466,00003c59-a9c1-79c1-bb2d-49dc347960f4,5,3280,786.0,{}
467,00003c59-a9c1-79c1-bb2d-49dc347960f4,5,3280,855.0,{}
468,00003c59-a9c1-79c1-bb2d-49dc347960f4,5,3280,855.0,{}
469,00003c59-a9c1-79c1-bb2d-49dc347960f4,5,3280,771.0,{}
470,00003c59-a9c1-79c1-bb2d-49dc347960f4,5,3298,0.0,{}
471,00003c59-a9c1-79c1-bb2d-49dc347960f4,5,3298,0.0,{}
472,00003c59-a9c1-79c1-bb2d-49dc347960f4,5,3298,0.0,{}
473,00003c59-a9c1-79c1-bb2d-49dc347960f4,5,3298,0.0,{}
474,00003c59-a9c1-79c1-bb2d-49dc347960f4,5,3298,0.0,{}
475,00003c59-a9c1-79c1-bb2d-49dc347960f4,5,3298,0.0,{}
476,00003c59-a9c1-79c1-bb2d-49dc347960f4,5,3298,0.0,{}
477,00003c59-a9c1-79c1-bb2d-49dc347960f4,5,3298,0.0,{}
478,00003c59-a9c1-79c1-bb2d-49dc347960f4,5,3298,0.0,{}
479,00003c59-a9c1-79c1-bb2d-49dc347960f4,5,3298,0.0,{}
480,00003c59-a9c1-79c1-bb2d-49dc347960f4,5,3298,0.0,{}
481,00003c59-a9c1-79c1-bb2d-49dc347960f4,5,3298,0.0,{}
482,00003c59-a9c1-79c1-bb2d-49dc347960f4,5,3298,0.0,{}
483,00003c59-a9c1-79c1-bb2d-49dc347960f4,5,3298,0.0,{}
484,00003c59-a9c1-79c1-bb2d-49dc347960f4,5,3298,0.0,{}
485,00003c59-a9c1-79c1-bb2d-49dc347960f4,5,3298,0.0,{}
486,00003c59-a9c1-79c1-bb2d-49dc347960f4,5,3298,0.0,{}
487,00003c59-a9c1-79c1-bb2d-49dc347960f4,5,3298,0.0,{}
488,00003c59-a9c1-79c1-bb2d-49dc347960f4,5,3298,0.0,{}
489,00003c59-a9c1-79c1-bb2d-49dc347960f4,5,3298,0.0,{}
490,00003c59-a9c1-79c1-bb2d-49dc347960f4,5,3334,8676041.0,{}
491,00003c59-a9c1-79c1-bb2d-49dc347960f4,5,3334,7850942.0,{}
492,00003c59-a9c1-79c1-bb2d-49dc347960f4,5,3334,8376005.0,{}
493,00003c59-a9c1-79c1-bb2d-49dc347960f4,5,3334,8501020.0,{}
494,00003c59-a9c1-79c1-bb2d-49dc347960f4,5,3334,8175981.0,{}
495,00003c59-a9c1-79c1-bb2d-49dc347960f4,5,3334,9051086.0,{}
496,00003c59-a9c1-79c1-bb2d-49dc347960f4,5,3334,8951074.0,{}
497,00003c59-a9c1-79c1-bb2d-49dc347960f4,5,3334,8976077.0,{}
498,00003c59-a9c1-79c1-bb2d-49dc347960f4,5,3334,8876065.0,{}
499,00003c59-a9c1-79c1-bb2d-49dc347960f4,5,3334,8976077.0,{}
500,00003c59-a9c1-79c1-bb2d-49dc347960f4,5,3334,10751290.0,{}
501,00003c59-a9c1-79c1-bb2d-49dc347960f4,5,3334,10551266.0,{}
502,00003c59-a9c1-79c1-bb2d-49dc347960f4,5,3334,10551266.0,{}
503,00003c59-a9c1-79c1-bb2d-49dc347960f4,5,3334,10376245.0,{}
504,00003c59-a9c1-79c1-bb2d-49dc347960f4,5,3334,10551266.0,{}
505,00003c59-a9c1-79c1-bb2d-49dc347960f4,5,3334,6400768.0,{}
506,00003c59-a9c1-79c1-bb2d-49dc347960f4,5,3334,6550786.0,{}
507,00003c59-a9c1-79c1-bb2d-49dc347960f4,5,3334,7125855.0,{}
508,00003c59-a9c1-79c1-bb2d-49dc347960f4,5,3334,7125855.0,{}
509,00003c59-a9c1-79c1-bb2d-49dc347960f4,5,3334,6425771.0,{}
510,00003c59-a9c1-79c1-bb2d-49dc347960f4,5,5642,25003.0,{}
511,00003c59-a9c1-79c1-bb2d-49dc347960f4,6,2636,3.0,{}
512,00003c59-a9c1-79c1-bb2d-49dc347960f4,6,3217,3610336.0,{}
513,00003c59-a9c1-79c1-bb2d-49dc347960f4,6,3217,3602112.0,{}
514,00003c59-a9c1-79c1-bb2d-49dc347960f4,6,3217,3626784.0,{}
515,00003c59-a9c1-79c1-bb2d-49dc347960f4,6,3217,3486976.0,{}
516,00003c59-a9c1-79c1-bb2d-49dc347960f4,6,3217,3569216.0,{}
517,00003c59-a9c1-79c1-bb2d-49dc347960f4,6,3217,2105344.0,{}
518,00003c59-a9c1-79c1-bb2d-49dc347960f4,6,3217,2105344.0,{}
519,00003c59-a9c1-79c1-bb2d-49dc347960f4,6,3217,2105344.0,{}
520,00003c59-a9c1-79c1-bb2d-49dc347960f4,6,3217,2105344.0,{}
521,00003c59-a9c1-79c1-bb2d-49dc347960f4,6,3217,2105344.0,{}
522,00003c59-a9c1-79c1-bb2d-49dc347960f4,6,3217,2713920.0,{}
523,00003c59-a9c1-79c1-bb2d-49dc347960f4,6,3217,2845504.0,{}
524,00003c59-a9c1-79c1-bb2d-49dc347960f4,6,3217,2623456.0,{}
525,00003c59-a9c1-79c1-bb2d-49dc347960f4,6,3217,2656352.0,{}
526,00003c59-a9c1-79c1-bb2d-49dc347960f4,6,3217,2648128.0,{}
527,00003c59-a9c1-79c1-bb2d-49dc347960f4,6,3217,3018208.0,{}
528,00003c59-a9c1-79c1-bb2d-49dc347960f4,6,3217,2977088.0,{}
529,00003c59-a9c1-79c1-bb2d-49dc347960f4,6,3217,3001760.0,{}
530,00003c59-a9c1-79c1-bb2d-49dc347960f4,6,3217,2977088.0,{}
531,00003c59-a9c1-79c1-bb2d-49dc347960f4,6,3217,2960640.0,{}
532,00003c59-a9c1-79c1-bb2d-49dc347960f4,6,3248,212915.0,{}
533,00003c59-a9c1-79c1-bb2d-49dc347960f4,6,3248,212430.0,{}
534,00003c59-a9c1-79c1-bb2d-49dc347960f4,6,3248,213885.0,{}
535,00003c59-a9c1-79c1-bb2d-49dc347960f4,6,3248,205640.0,{}
536,00003c59-a9c1-79c1-bb2d-49dc347960f4,6,3248,210490.0,{}
537,00003c59-a9c1-79c1-bb2d-49dc347960f4,6,3248,124160.0,{}
538,00003c59-a9c1-79c1-bb2d-49dc347960f4,6,3248,124160.0,{}
539,00003c59-a9c1-79c1-bb2d-49dc347960f4,6,3248,124160.0,{}
540,00003c59-a9c1-79c1-bb2d-49dc347960f4,6,3248,124160.0,{}
541,00003c59-a9c1-79c1-bb2d-49dc347960f4,6,3248,124160.0,{}
542,00003c59-a9c1-79c1-bb2d-49dc347960f4,6,3248,160050.0,{}
543,00003c59-a9c1-79c1-bb2d-49dc347960f4,6,3248,167810.0,{}
544,00003c59-a9c1-79c1-bb2d-49dc347960f4,6,3248,154715.0,{}
545,00003c59-a9c1-79c1-bb2d-49dc347960f4,6,3248,156655.0,{}
546,00003c59-a9c1-79c1-bb2d-49dc347960f4,6,3248,156170.0,{}
547,00003c59-a9c1-79c1-bb2d-49dc347960f4,6,3248,177995.0,{}
548,00003c59-a9c1-79c1-bb2d-49dc347960f4,6,3248,175570.0,{}
549,00003c59-a9c1-79c1-bb2d-49dc347960f4,6,3248,177025.0,{}
550,00003c59-a9c1-79c1-bb2d-49dc347960f4,6,3248,175570.0,{}
551,00003c59-a9c1-79c1-bb2d-49dc347960f4,6,3248,174600.0,{}
552,00003c59-a9c1-79c1-bb2d-49dc347960f4,6,3280,1317.0,{}
553,00003c59-a9c1-79c1-bb2d-49dc347960f4,6,3280,1314.0,{}
554,00003c59-a9c1-79c1-bb2d-49dc347960f4,6,3280,1323.0,{}
555,00003c59-a9c1-79c1-bb2d-49dc347960f4,6,3280,1272.0,{}
556,00003c59-a9c1-79c1-bb2d-49dc347960f4,6,3280,1302.0,{}
557,00003c59-a9c1-79c1-bb2d-49dc347960f4,6,3280,768.0,{}
558,00003c59-a9c1-79c1-bb2d-49dc347960f4,6,3280,768.0,{}
559,00003c59-a9c1-79c1-bb2d-49dc347960f4,6,3280,768.0,{}
560,00003c59-a9c1-79c1-bb2d-49dc347960f4,6,3280,768.0,{}
561,00003c59-a9c1-79c1-bb2d-49dc347960f4,6,3280,768.0,{}
562,00003c59-a9c1-79c1-bb2d-49dc347960f4,6,3280,990.0,{}
563,00003c59-a9c1-79c1-bb2d-49dc347960f4,6,3280,1038.0,{}
564,00003c59-a9c1-79c1-bb2d-49dc347960f4,6,3280,957.0,{}
565,00003c59-a9c1-79c1-bb2d-49dc347960f4,6,3280,969.0,{}
566,00003c59-a9c1-79c1-bb2d-49dc347960f4,6,3280,966.0,{}
567,00003c59-a9c1-79c1-bb2d-49dc347960f4,6,3280,1101.0,{}
568,00003c59-a9c1-79c1-bb2d-49dc347960f4,6,3280,1086.0,{}
569,00003c59-a9c1-79c1-bb2d-49dc347960f4,6,3280,1095.0,{}
570,00003c59-a9c1-79c1-bb2d-49dc347960f4,6,3280,1086.0,{}
571,00003c59-a9c1-79c1-bb2d-49dc347960f4,6,3280,1080.0,{}
572,00003c59-a9c1-79c1-bb2d-49dc347960f4,6,3298,0.0,{}
573,00003c59-a9c1-79c1-bb2d-49dc347960f4,6,3298,0.0,{}
574,00003c59-a9c1-79c1-bb2d-49dc347960f4,6,3298,0.0,{}
575,00003c59-a9c1-79c1-bb2d-49dc347960f4,6,3298,0.0,{}
576,00003c59-a9c1-79c1-bb2d-49dc347960f4,6,3298,0.0,{}
577,00003c59-a9c1-79c1-bb2d-49dc347960f4,6,3298,0.0,{}
578,00003c59-a9c1-79c1-bb2d-49dc347960f4,6,3298,0.0,{}
579,00003c59-a9c1-79c1-bb2d-49dc347960f4,6,3298,0.0,{}
580,00003c59-a9c1-79c1-bb2d-49dc347960f4,6,3298,0.0,{}
581,00003c59-a9c1-79c1-bb2d-49dc347960f4,6,3298,0.0,{}
582,00003c59-a9c1-79c1-bb2d-49dc347960f4,6,3298,0.0,{}
583,00003c59-a9c1-79c1-bb2d-49dc347960f4,6,3298,0.0,{}
584,00003c59-a9c1-79c1-bb2d-49dc347960f4,6,3298,0.0,{}
585,00003c59-a9c1-79c1-bb2d-49dc347960f4,6,3298,0.0,{}
586,00003c59-a9c1-79c1-bb2d-49dc347960f4,6,3298,0.0,{}
587,00003c59-a9c1-79c1-bb2d-49dc347960f4,6,3298,0.0,{}
588,00003c59-a9c1-79c1-bb2d-49dc347960f4,6,3298,0.0,{}
589,00003c59-a9c1-79c1-bb2d-49dc347960f4,6,3298,0.0,{}
590,00003c59-a9c1-79c1-bb2d-49dc347960f4,6,3298,0.0,{}
591,00003c59-a9c1-79c1-bb2d-49dc347960f4,6,3298,0.0,{}
592,00003c59-a9c1-79c1-bb2d-49dc347960f4,6,3334,10976317.0,{}
593,00003c59-a9c1-79c1-bb2d-49dc347960f4,6,3334,10951314.0,{}
594,00003c59-a9c1-79c1-bb2d-49dc347960f4,6,3334,11026323.0,{}
595,00003c59-a9c1-79c1-bb2d-49dc347960f4,6,3334,10601272.0,{}
596,00003c59-a9c1-79c1-bb2d-49dc347960f4,6,3334,10851302.0,{}
597,00003c59-a9c1-79c1-bb2d-49dc347960f4,6,3334,6400768.0,{}
598,00003c59-a9c1-79c1-bb2d-49dc347960f4,6,3334,6400768.0,{}
599,00003c59-a9c1-79c1-bb2d-49dc347960f4,6,3334,6400768.0,{}
600,00003c59-a9c1-79c1-bb2d-49dc347960f4,6,3334,6400768.0,{}
601,00003c59-a9c1-79c1-bb2d-49dc347960f4,6,3334,6400768.0,{}
602,00003c59-a9c1-79c1-bb2d-49dc347960f4,6,3334,8250990.0,{}
603,00003c59-a9c1-79c1-bb2d-49dc347960f4,6,3334,8651038.0,{}
604,00003c59-a9c1-79c1-bb2d-49dc347960f4,6,3334,7975957.0,{}
605,00003c59-a9c1-79c1-bb2d-49dc347960f4,6,3334,8075969.0,{}
606,00003c59-a9c1-79c1-bb2d-49dc347960f4,6,3334,8050966.0,{}
607,00003c59-a9c1-79c1-bb2d-49dc347960f4,6,3334,9176101.0,{}
608,00003c59-a9c1-79c1-bb2d-49dc347960f4,6,3334,9051086.0,{}
609,00003c59-a9c1-79c1-bb2d-49dc347960f4,6,3334,9126095.0,{}
610,00003c59-a9c1-79c1-bb2d-49dc347960f4,6,3334,9051086.0,{}
611,00003c59-a9c1-79c1-bb2d-49dc347960f4,6,3334,9001080.0,{}
612,00003c59-a9c1-79c1-bb2d-49dc347960f4,6,5642,25003.0,{}
613,00003c59-a9c1-79c1-bb2d-49dc347960f4,7,2636,3.0,{}
614,00003c59-a9c1-79c1-bb2d-49dc347960f4,7,3217,3700800.0,{}
615,00003c59-a9c1-79c1-bb2d-49dc347960f4,7,3217,3593888.0,{}
616,00003c59-a9c1-79c1-bb2d-49dc347960f4,7,3217,3544544.0,{}
617,00003c59-a9c1-79c1-bb2d-49dc347960f4,7,3217,3429408.0,{}
618,00003c59-a9c1-79c1-bb2d-49dc347960f4,7,3217,3593888.0,{}
619,00003c59-a9c1-79c1-bb2d-49dc347960f4,7,3217,2105344.0,{}
620,00003c59-a9c1-79c1-bb2d-49dc347960f4,7,3217,2121792.0,{}
621,00003c59-a9c1-79c1-bb2d-49dc347960f4,7,3217,2121792.0,{}
622,00003c59-a9c1-79c1-bb2d-49dc347960f4,7,3217,2105344.0,{}
623,00003c59-a9c1-79c1-bb2d-49dc347960f4,7,3217,2105344.0,{}
624,00003c59-a9c1-79c1-bb2d-49dc347960f4,7,3217,2639904.0,{}
625,00003c59-a9c1-79c1-bb2d-49dc347960f4,7,3217,2738592.0,{}
626,00003c59-a9c1-79c1-bb2d-49dc347960f4,7,3217,2713920.0,{}
627,00003c59-a9c1-79c1-bb2d-49dc347960f4,7,3217,2689248.0,{}
628,00003c59-a9c1-79c1-bb2d-49dc347960f4,7,3217,2648128.0,{}
629,00003c59-a9c1-79c1-bb2d-49dc347960f4,7,3217,3009984.0,{}
630,00003c59-a9c1-79c1-bb2d-49dc347960f4,7,3217,3001760.0,{}
631,00003c59-a9c1-79c1-bb2d-49dc347960f4,7,3217,2960640.0,{}
632,00003c59-a9c1-79c1-bb2d-49dc347960f4,7,3217,2968864.0,{}
633,00003c59-a9c1-79c1-bb2d-49dc347960f4,7,3217,3051104.0,{}
634,00003c59-a9c1-79c1-bb2d-49dc347960f4,7,3248,218250.0,{}
635,00003c59-a9c1-79c1-bb2d-49dc347960f4,7,3248,211945.0,{}
636,00003c59-a9c1-79c1-bb2d-49dc347960f4,7,3248,209035.0,{}
637,00003c59-a9c1-79c1-bb2d-49dc347960f4,7,3248,202245.0,{}
638,00003c59-a9c1-79c1-bb2d-49dc347960f4,7,3248,211945.0,{}
639,00003c59-a9c1-79c1-bb2d-49dc347960f4,7,3248,124160.0,{}
640,00003c59-a9c1-79c1-bb2d-49dc347960f4,7,3248,125130.0,{}
641,00003c59-a9c1-79c1-bb2d-49dc347960f4,7,3248,125130.0,{}
642,00003c59-a9c1-79c1-bb2d-49dc347960f4,7,3248,124160.0,{}
643,00003c59-a9c1-79c1-bb2d-49dc347960f4,7,3248,124160.0,{}
644,00003c59-a9c1-79c1-bb2d-49dc347960f4,7,3248,155685.0,{}
645,00003c59-a9c1-79c1-bb2d-49dc347960f4,7,3248,161505.0,{}
646,00003c59-a9c1-79c1-bb2d-49dc347960f4,7,3248,160050.0,{}
647,00003c59-a9c1-79c1-bb2d-49dc347960f4,7,3248,158595.0,{}
648,00003c59-a9c1-79c1-bb2d-49dc347960f4,7,3248,156170.0,{}
649,00003c59-a9c1-79c1-bb2d-49dc347960f4,7,3248,177510.0,{}
650,00003c59-a9c1-79c1-bb2d-49dc347960f4,7,3248,177025.0,{}
651,00003c59-a9c1-79c1-bb2d-49dc347960f4,7,3248,174600.0,{}
652,00003c59-a9c1-79c1-bb2d-49dc347960f4,7,3248,175085.0,{}
653,00003c59-a9c1-79c1-bb2d-49dc347960f4,7,3248,179935.0,{}
654,00003c59-a9c1-79c1-bb2d-49dc347960f4,7,3280,1350.0,{}
655,00003c59-a9c1-79c1-bb2d-49dc347960f4,7,3280,1311.0,{}
656,00003c59-a9c1-79c1-bb2d-49dc347960f4,7,3280,1293.0,{}
657,00003c59-a9c1-79c1-bb2d-49dc347960f4,7,3280,1251.0,{}
658,00003c59-a9c1-79c1-bb2d-49dc347960f4,7,3280,1311.0,{}
659,00003c59-a9c1-79c1-bb2d-49dc347960f4,7,3280,768.0,{}
660,00003c59-a9c1-79c1-bb2d-49dc347960f4,7,3280,774.0,{}
661,00003c59-a9c1-79c1-bb2d-49dc347960f4,7,3280,774.0,{}
662,00003c59-a9c1-79c1-bb2d-49dc347960f4,7,3280,768.0,{}
663,00003c59-a9c1-79c1-bb2d-49dc347960f4,7,3280,768.0,{}
664,00003c59-a9c1-79c1-bb2d-49dc347960f4,7,3280,963.0,{}
665,00003c59-a9c1-79c1-bb2d-49dc347960f4,7,3280,999.0,{}
666,00003c59-a9c1-79c1-bb2d-49dc347960f4,7,3280,990.0,{}
667,00003c59-a9c1-79c1-bb2d-49dc347960f4,7,3280,981.0,{}
668,00003c59-a9c1-79c1-bb2d-49dc347960f4,7,3280,966.0,{}
669,00003c59-a9c1-79c1-bb2d-49dc347960f4,7,3280,1098.0,{}
670,00003c59-a9c1-79c1-bb2d-49dc347960f4,7,3280,1095.0,{}
671,00003c59-a9c1-79c1-bb2d-49dc347960f4,7,3280,1080.0,{}
672,00003c59-a9c1-79c1-bb2d-49dc347960f4,7,3280,1083.0,{}
673,00003c59-a9c1-79c1-bb2d-49dc347960f4,7,3280,1113.0,{}
674,00003c59-a9c1-79c1-bb2d-49dc347960f4,7,3298,0.0,{}
675,00003c59-a9c1-79c1-bb2d-49dc347960f4,7,3298,0.0,{}
676,00003c59-a9c1-79c1-bb2d-49dc347960f4,7,3298,0.0,{}
677,00003c59-a9c1-79c1-bb2d-49dc347960f4,7,3298,0.0,{}
678,00003c59-a9c1-79c1-bb2d-49dc347960f4,7,3298,0.0,{}
679,00003c59-a9c1-79c1-bb2d-49dc347960f4,7,3298,0.0,{}
680,00003c59-a9c1-79c1-bb2d-49dc347960f4,7,3298,0.0,{}
681,00003c59-a9c1-79c1-bb2d-49dc347960f4,7,3298,0.0,{}
682,00003c59-a9c1-79c1-bb2d-49dc347960f4,7,3298,0.0,{}
683,00003c59-a9c1-79c1-bb2d-49dc347960f4,7,3298,0.0,{}
684,00003c59-a9c1-79c1-bb2d-49dc347960f4,7,3298,0.0,{}
685,00003c59-a9c1-79c1-bb2d-49dc347960f4,7,3298,0.0,{}
686,00003c59-a9c1-79c1-bb2d-49dc347960f4,7,3298,0.0,{}
687,00003c59-a9c1-79c1-bb2d-49dc347960f4,7,3298,0.0,{}
688,00003c59-a9c1-79c1-bb2d-49dc347960f4,7,3298,0.0,{}
689,00003c59-a9c1-79c1-bb2d-49dc347960f4,7,3298,0.0,{}
690,00003c59-a9c1-79c1-bb2d-49dc347960f4,7,3298,0.0,{}
691,00003c59-a9c1-79c1-bb2d-49dc347960f4,7,3298,0.0,{}
692,00003c59-a9c1-79c1-bb2d-49dc347960f4,7,3298,0.0,{}
693,00003c59-a9c1-79c1-bb2d-49dc347960f4,7,3298,0.0,{}
694,00003c59-a9c1-79c1-bb2d-49dc347960f4,7,3334,11251350.0,{}
695,00003c59-a9c1-79c1-bb2d-49dc347960f4,7,3334,10926311.0,{}
696,00003c59-a9c1-79c1-bb2d-49dc347960f4,7,3334,10776293.0,{}
697,00003c59-a9c1-79c1-bb2d-49dc347960f4,7,3334,10426251.0,{}
698,00003c59-a9c1-79c1-bb2d-49dc347960f4,7,3334,10926311.0,{}
699,00003c59-a9c1-79c1-bb2d-49dc347960f4,7,3334,6400768.0,{}
700,00003c59-a9c1-79c1-bb2d-49dc347960f4,7,3334,6450774.0,{}
701,00003c59-a9c1-79c1-bb2d-49dc347960f4,7,3334,6450774.0,{}
702,00003c59-a9c1-79c1-bb2d-49dc347960f4,7,3334,6400768.0,{}
703,00003c59-a9c1-79c1-bb2d-49dc347960f4,7,3334,6400768.0,{}
704,00003c59-a9c1-79c1-bb2d-49dc347960f4,7,3334,8025963.0,{}
705,00003c59-a9c1-79c1-bb2d-49dc347960f4,7,3334,8325999.0,{}
706,00003c59-a9c1-79c1-bb2d-49dc347960f4,7,3334,8250990.0,{}
707,00003c59-a9c1-79c1-bb2d-49dc347960f4,7,3334,8175981.0,{}
708,00003c59-a9c1-79c1-bb2d-49dc347960f4,7,3334,8050966.0,{}
709,00003c59-a9c1-79c1-bb2d-49dc347960f4,7,3334,9151098.0,{}
710,00003c59-a9c1-79c1-bb2d-49dc347960f4,7,3334,9126095.0,{}
711,00003c59-a9c1-79c1-bb2d-49dc347960f4,7,3334,9001080.0,{}
712,00003c59-a9c1-79c1-bb2d-49dc347960f4,7,3334,9026083.0,{}
713,00003c59-a9c1-79c1-bb2d-49dc347960f4,7,3334,9276113.0,{}
714,00003c59-a9c1-79c1-bb2d-49dc347960f4,7,5642,25003.0,{}
715,00003c59-a9c1-79c1-bb2d-49dc347960f4,8,2636,3.0,{}
716,00003c59-a9c1-79c1-bb2d-49dc347960f4,8,3217,3651456.0,{}
717,00003c59-a9c1-79c1-bb2d-49dc347960f4,8,3217,3635008.0,{}
718,00003c59-a9c1-79c1-bb2d-49dc347960f4,8,3217,3667904.0,{}
719,00003c59-a9c1-79c1-bb2d-49dc347960f4,8,3217,3519872.0,{}
720,00003c59-a9c1-79c1-bb2d-49dc347960f4,8,3217,3363616.0,{}
721,00003c59-a9c1-79c1-bb2d-49dc347960f4,8,3217,2162912.0,{}
722,00003c59-a9c1-79c1-bb2d-49dc347960f4,8,3217,2105344.0,{}
723,00003c59-a9c1-79c1-bb2d-49dc347960f4,8,3217,2105344.0,{}
724,00003c59-a9c1-79c1-bb2d-49dc347960f4,8,3217,2105344.0,{}
725,00003c59-a9c1-79c1-bb2d-49dc347960f4,8,3217,2105344.0,{}
726,00003c59-a9c1-79c1-bb2d-49dc347960f4,8,3217,3067552.0,{}
727,00003c59-a9c1-79c1-bb2d-49dc347960f4,8,3217,3042880.0,{}
728,00003c59-a9c1-79c1-bb2d-49dc347960f4,8,3217,3075776.0,{}
729,00003c59-a9c1-79c1-bb2d-49dc347960f4,8,3217,3026432.0,{}
730,00003c59-a9c1-79c1-bb2d-49dc347960f4,8,3217,3026432.0,{}
731,00003c59-a9c1-79c1-bb2d-49dc347960f4,8,3217,2639904.0,{}
732,00003c59-a9c1-79c1-bb2d-49dc347960f4,8,3217,2623456.0,{}
733,00003c59-a9c1-79c1-bb2d-49dc347960f4,8,3217,2631680.0,{}
734,00003c59-a9c1-79c1-bb2d-49dc347960f4,8,3217,2681024.0,{}
735,00003c59-a9c1-79c1-bb2d-49dc347960f4,8,3217,2607008.0,{}
736,00003c59-a9c1-79c1-bb2d-49dc347960f4,8,3248,215340.0,{}
737,00003c59-a9c1-79c1-bb2d-49dc347960f4,8,3248,214370.0,{}
738,00003c59-a9c1-79c1-bb2d-49dc347960f4,8,3248,216310.0,{}
739,00003c59-a9c1-79c1-bb2d-49dc347960f4,8,3248,207580.0,{}
740,00003c59-a9c1-79c1-bb2d-49dc347960f4,8,3248,198365.0,{}
741,00003c59-a9c1-79c1-bb2d-49dc347960f4,8,3248,127555.0,{}
742,00003c59-a9c1-79c1-bb2d-49dc347960f4,8,3248,124160.0,{}
743,00003c59-a9c1-79c1-bb2d-49dc347960f4,8,3248,124160.0,{}
744,00003c59-a9c1-79c1-bb2d-49dc347960f4,8,3248,124160.0,{}
745,00003c59-a9c1-79c1-bb2d-49dc347960f4,8,3248,124160.0,{}
746,00003c59-a9c1-79c1-bb2d-49dc347960f4,8,3248,180905.0,{}
747,00003c59-a9c1-79c1-bb2d-49dc347960f4,8,3248,179450.0,{}
748,00003c59-a9c1-79c1-bb2d-49dc347960f4,8,3248,181390.0,{}
749,00003c59-a9c1-79c1-bb2d-49dc347960f4,8,3248,178480.0,{}
750,00003c59-a9c1-79c1-bb2d-49dc347960f4,8,3248,178480.0,{}
751,00003c59-a9c1-79c1-bb2d-49dc347960f4,8,3248,155685.0,{}
752,00003c59-a9c1-79c1-bb2d-49dc347960f4,8,3248,154715.0,{}
753,00003c59-a9c1-79c1-bb2d-49dc347960f4,8,3248,155200.0,{}
754,00003c59-a9c1-79c1-bb2d-49dc347960f4,8,3248,158110.0,{}
755,00003c59-a9c1-79c1-bb2d-49dc347960f4,8,3248,153745.0,{}
756,00003c59-a9c1-79c1-bb2d-49dc347960f4,8,3280,1332.0,{}
757,00003c59-a9c1-79c1-bb2d-49dc347960f4,8,3280,1326.0,{}
758,00003c59-a9c1-79c1-bb2d-49dc347960f4,8,3280,1338.0,{}
759,00003c59-a9c1-79c1-bb2d-49dc347960f4,8,3280,1284.0,{}
760,00003c59-a9c1-79c1-bb2d-49dc347960f4,8,3280,1227.0,{}
761,00003c59-a9c1-79c1-bb2d-49dc347960f4,8,3280,789.0,{}
762,00003c59-a9c1-79c1-bb2d-49dc347960f4,8,3280,768.0,{}
763,00003c59-a9c1-79c1-bb2d-49dc347960f4,8,3280,768.0,{}
764,00003c59-a9c1-79c1-bb2d-49dc347960f4,8,3280,768.0,{}
765,00003c59-a9c1-79c1-bb2d-49dc347960f4,8,3280,768.0,{}
766,00003c59-a9c1-79c1-bb2d-49dc347960f4,8,3280,1119.0,{}
767,00003c59-a9c1-79c1-bb2d-49dc347960f4,8,3280,1110.0,{}
768,00003c59-a9c1-79c1-bb2d-49dc347960f4,8,3280,1122.0,{}
769,00003c59-a9c1-79c1-bb2d-49dc347960f4,8,3280,1104.0,{}
770,00003c59-a9c1-79c1-bb2d-49dc347960f4,8,3280,1104.0,{}
771,00003c59-a9c1-79c1-bb2d-49dc347960f4,8,3280,963.0,{}
772,00003c59-a9c1-79c1-bb2d-49dc347960f4,8,3280,957.0,{}
773,00003c59-a9c1-79c1-bb2d-49dc347960f4,8,3280,960.0,{}
774,00003c59-a9c1-79c1-bb2d-49dc347960f4,8,3280,978.0,{}
775,00003c59-a9c1-79c1-bb2d-49dc347960f4,8,3280,951.0,{}
776,00003c59-a9c1-79c1-bb2d-49dc347960f4,8,3298,0.0,{}
777,00003c59-a9c1-79c1-bb2d-49dc347960f4,8,3298,0.0,{}
778,00003c59-a9c1-79c1-bb2d-49dc347960f4,8,3298,0.0,{}
779,00003c59-a9c1-79c1-bb2d-49dc347960f4,8,3298,0.0,{}
780,00003c59-a9c1-79c1-bb2d-49dc347960f4,8,3298,0.0,{}
781,00003c59-a9c1-79c1-bb2d-49dc347960f4,8,3298,0.0,{}
782,00003c59-a9c1-79c1-bb2d-49dc347960f4,8,3298,0.0,{}
783,00003c59-a9c1-79c1-bb2d-49dc347960f4,8,3298,0.0,{}
784,00003c59-a9c1-79c1-bb2d-49dc347960f4,8,3298,0.0,{}
785,00003c59-a9c1-79c1-bb2d-49dc347960f4,8,3298,0.0,{}
786,00003c59-a9c1-79c1-bb2d-49dc347960f4,8,3298,0.0,{}
787,00003c59-a9c1-79c1-bb2d-49dc347960f4,8,3298,0.0,{}
788,00003c59-a9c1-79c1-bb2d-49dc347960f4,8,3298,0.0,{}
789,00003c59-a9c1-79c1-bb2d-49dc347960f4,8,3298,0.0,{}
790,00003c59-a9c1-79c1-bb2d-49dc347960f4,8,3298,0.0,{}
791,00003c59-a9c1-79c1-bb2d-49dc347960f4,8,3298,0.0,{}
792,00003c59-a9c1-79c1-bb2d-49dc347960f4,8,3298,0.0,{}
793,00003c59-a9c1-79c1-bb2d-49dc347960f4,8,3298,0.0,{}
794,00003c59-a9c1-79c1-bb2d-49dc347960f4,8,3298,0.0,{}
795,00003c59-a9c1-79c1-bb2d-49dc347960f4,8,3298,0.0,{}
796,00003c59-a9c1-79c1-bb2d-49dc347960f4,8,3334,11101332.0,{}
797,00003c59-a9c1-79c1-bb2d-49dc347960f4,8,3334,11051326.0,{}
798,00003c59-a9c1-79c1-bb2d-49dc347960f4,8,3334,11151338.0,{}
799,00003c59-a9c1-79c1-bb2d-49dc347960f4,8,3334,10701284.0,{}
800,00003c59-a9c1-79c1-bb2d-49dc347960f4,8,3334,10226227.0,{}
801,00003c59-a9c1-79c1-bb2d-49dc347960f4,8,3334,6575789.0,{}
802,00003c59-a9c1-79c1-bb2d-49dc347960f4,8,3334,6400768.0,{}
803,00003c59-a9c1-79c1-bb2d-49dc347960f4,8,3334,6400768.0,{}
804,00003c59-a9c1-79c1-bb2d-49dc347960f4,8,3334,6400768.0,{}
805,00003c59-a9c1-79c1-bb2d-49dc347960f4,8,3334,6400768.0,{}
806,00003c59-a9c1-79c1-bb2d-49dc347960f4,8,3334,9326119.0,{}
807,00003c59-a9c1-79c1-bb2d-49dc347960f4,8,3334,9251110.0,{}
808,00003c59-a9c1-79c1-bb2d-49dc347960f4,8,3334,9351122.0,{}
809,00003c59-a9c1-79c1-bb2d-49dc347960f4,8,3334,9201104.0,{}
810,00003c59-a9c1-79c1-bb2d-49dc347960f4,8,3334,9201104.0,{}
811,00003c59-a9c1-79c1-bb2d-49dc347960f4,8,3334,8025963.0,{}
812,00003c59-a9c1-79c1-bb2d-49dc347960f4,8,3334,7975957.0,{}
813,00003c59-a9c1-79c1-bb2d-49dc347960f4,8,3334,8000960.0,{}
814,00003c59-a9c1-79c1-bb2d-49dc347960f4,8,3334,8150978.0,{}
815,00003c59-a9c1-79c1-bb2d-49dc347960f4,8,3334,7925951.0,{}
816,00003c59-a9c1-79c1-bb2d-49dc347960f4,8,5642,25003.0,{}
817,00003c59-a9c1-79c1-bb2d-49dc347960f4,9,2636,3.0,{}
818,00003c59-a9c1-79c1-bb2d-49dc347960f4,9,3217,3577440.0,{}
819,00003c59-a9c1-79c1-bb2d-49dc347960f4,9,3217,3618560.0,{}
820,00003c59-a9c1-79c1-bb2d-49dc347960f4,9,3217,3519872.0,{}
821,00003c59-a9c1-79c1-bb2d-49dc347960f4,9,3217,3626784.0,{}
822,00003c59-a9c1-79c1-bb2d-49dc347960f4,9,3217,3552768.0,{}
823,00003c59-a9c1-79c1-bb2d-49dc347960f4,9,3217,2105344.0,{}
824,00003c59-a9c1-79c1-bb2d-49dc347960f4,9,3217,2105344.0,{}
825,00003c59-a9c1-79c1-bb2d-49dc347960f4,9,3217,2105344.0,{}
826,00003c59-a9c1-79c1-bb2d-49dc347960f4,9,3217,2105344.0,{}
827,00003c59-a9c1-79c1-bb2d-49dc347960f4,9,3217,2105344.0,{}
828,00003c59-a9c1-79c1-bb2d-49dc347960f4,9,3217,2697472.0,{}
829,00003c59-a9c1-79c1-bb2d-49dc347960f4,9,3217,2730368.0,{}
830,00003c59-a9c1-79c1-bb2d-49dc347960f4,9,3217,2779712.0,{}
831,00003c59-a9c1-79c1-bb2d-49dc347960f4,9,3217,2639904.0,{}
832,00003c59-a9c1-79c1-bb2d-49dc347960f4,9,3217,2607008.0,{}
833,00003c59-a9c1-79c1-bb2d-49dc347960f4,9,3217,3009984.0,{}
834,00003c59-a9c1-79c1-bb2d-49dc347960f4,9,3217,2985312.0,{}
835,00003c59-a9c1-79c1-bb2d-49dc347960f4,9,3217,2993536.0,{}
836,00003c59-a9c1-79c1-bb2d-49dc347960f4,9,3217,2993536.0,{}
837,00003c59-a9c1-79c1-bb2d-49dc347960f4,9,3217,2985312.0,{}
838,00003c59-a9c1-79c1-bb2d-49dc347960f4,9,3248,210975.0,{}
839,00003c59-a9c1-79c1-bb2d-49dc347960f4,9,3248,213400.0,{}
840,00003c59-a9c1-79c1-bb2d-49dc347960f4,9,3248,207580.0,{}
841,00003c59-a9c1-79c1-bb2d-49dc347960f4,9,3248,213885.0,{}
842,00003c59-a9c1-79c1-bb2d-49dc347960f4,9,3248,209520.0,{}
843,00003c59-a9c1-79c1-bb2d-49dc347960f4,9,3248,124160.0,{}
844,00003c59-a9c1-79c1-bb2d-49dc347960f4,9,3248,124160.0,{}
845,00003c59-a9c1-79c1-bb2d-49dc347960f4,9,3248,124160.0,{}
846,00003c59-a9c1-79c1-bb2d-49dc347960f4,9,3248,124160.0,{}
847,00003c59-a9c1-79c1-bb2d-49dc347960f4,9,3248,124160.0,{}
848,00003c59-a9c1-79c1-bb2d-49dc347960f4,9,3248,159080.0,{}
849,00003c59-a9c1-79c1-bb2d-49dc347960f4,9,3248,161020.0,{}
850,00003c59-a9c1-79c1-bb2d-49dc347960f4,9,3248,163930.0,{}
851,00003c59-a9c1-79c1-bb2d-49dc347960f4,9,3248,155685.0,{}
852,00003c59-a9c1-79c1-bb2d-49dc347960f4,9,3248,153745.0,{}
853,00003c59-a9c1-79c1-bb2d-49dc347960f4,9,3248,177510.0,{}
854,00003c59-a9c1-79c1-bb2d-49dc347960f4,9,3248,176055.0,{}
855,00003c59-a9c1-79c1-bb2d-49dc347960f4,9,3248,176540.0,{}
856,00003c59-a9c1-79c1-bb2d-49dc347960f4,9,3248,176540.0,{}
857,00003c59-a9c1-79c1-bb2d-49dc347960f4,9,3248,176055.0,{}
858,00003c59-a9c1-79c1-bb2d-49dc347960f4,9,3280,1305.0,{}
859,00003c59-a9c1-79c1-bb2d-49dc347960f4,9,3280,1320.0,{}
860,00003c59-a9c1-79c1-bb2d-49dc347960f4,9,3280,1284.0,{}
861,00003c59-a9c1-79c1-bb2d-49dc347960f4,9,3280,1323.0,{}
862,00003c59-a9c1-79c1-bb2d-49dc347960f4,9,3280,1296.0,{}
863,00003c59-a9c1-79c1-bb2d-49dc347960f4,9,3280,768.0,{}
864,00003c59-a9c1-79c1-bb2d-49dc347960f4,9,3280,768.0,{}
865,00003c59-a9c1-79c1-bb2d-49dc347960f4,9,3280,768.0,{}
866,00003c59-a9c1-79c1-bb2d-49dc347960f4,9,3280,768.0,{}
867,00003c59-a9c1-79c1-bb2d-49dc347960f4,9,3280,768.0,{}
868,00003c59-a9c1-79c1-bb2d-49dc347960f4,9,3280,984.0,{}
869,00003c59-a9c1-79c1-bb2d-49dc347960f4,9,3280,996.0,{}
870,00003c59-a9c1-79c1-bb2d-49dc347960f4,9,3280,1014.0,{}
871,00003c59-a9c1-79c1-bb2d-49dc347960f4,9,3280,963.0,{}
872,00003c59-a9c1-79c1-bb2d-49dc347960f4,9,3280,951.0,{}
873,00003c59-a9c1-79c1-bb2d-49dc347960f4,9,3280,1098.0,{}
874,00003c59-a9c1-79c1-bb2d-49dc347960f4,9,3280,1089.0,{}
875,00003c59-a9c1-79c1-bb2d-49dc347960f4,9,3280,1092.0,{}
876,00003c59-a9c1-79c1-bb2d-49dc347960f4,9,3280,1092.0,{}
877,00003c59-a9c1-79c1-bb2d-49dc347960f4,9,3280,1089.0,{}
878,00003c59-a9c1-79c1-bb2d-49dc347960f4,9,3298,0.0,{}
879,00003c59-a9c1-79c1-bb2d-49dc347960f4,9,3298,0.0,{}
880,00003c59-a9c1-79c1-bb2d-49dc347960f4,9,3298,0.0,{}
881,00003c59-a9c1-79c1-bb2d-49dc347960f4,9,3298,0.0,{}
882,00003c59-a9c1-79c1-bb2d-49dc347960f4,9,3298,0.0,{}
883,00003c59-a9c1-79c1-bb2d-49dc347960f4,9,3298,0.0,{}
884,00003c59-a9c1-79c1-bb2d-49dc347960f4,9,3298,0.0,{}
885,00003c59-a9c1-79c1-bb2d-49dc347960f4,9,3298,0.0,{}
886,00003c59-a9c1-79c1-bb2d-49dc347960f4,9,3298,0.0,{}
887,00003c59-a9c1-79c1-bb2d-49dc347960f4,9,3298,0.0,{}
888,00003c59-a9c1-79c1-bb2d-49dc347960f4,9,3298,0.0,{}
889,00003c59-a9c1-79c1-bb2d-49dc347960f4,9,3298,0.0,{}
890,00003c59-a9c1-79c1-bb2d-49dc347960f4,9,3298,0.0,{}
891,00003c59-a9c1-79c1-bb2d-49dc347960f4,9,3298,0.0,{}
892,00003c59-a9c1-79c1-bb2d-49dc347960f4,9,3298,0.0,{}
893,00003c59-a9c1-79c1-bb2d-49dc347960f4,9,3298,0.0,{}
894,00003c59-a9c1-79c1-bb2d-49dc347960f4,9,3298,0.0,{}
895,00003c59-a9c1-79c1-bb2d-49dc347960f4,9,3298,0.0,{}
896,00003c59-a9c1-79c1-bb2d-49dc347960f4,9,3298,0.0,{}
897,00003c59-a9c1-79c1-bb2d-49dc347960f4,9,3298,0.0,{}
898,00003c59-a9c1-79c1-bb2d-49dc347960f4,9,3334,10876305.0,{}
899,00003c59-a9c1-79c1-bb2d-49dc347960f4,9,3334,11001320.0,{}
900,00003c59-a9c1-79c1-bb2d-49dc347960f4,9,3334,10701284.0,{}
901,00003c59-a9c1-79c1-bb2d-49dc347960f4,9,3334,11026323.0,{}
902,00003c59-a9c1-79c1-bb2d-49dc347960f4,9,3334,10801296.0,{}
903,00003c59-a9c1-79c1-bb2d-49dc347960f4,9,3334,6400768.0,{}
904,00003c59-a9c1-79c1-bb2d-49dc347960f4,9,3334,6400768.0,{}
905,00003c59-a9c1-79c1-bb2d-49dc347960f4,9,3334,6400768.0,{}
906,00003c59-a9c1-79c1-bb2d-49dc347960f4,9,3334,6400768.0,{}
907,00003c59-a9c1-79c1-bb2d-49dc347960f4,9,3334,6400768.0,{}
908,00003c59-a9c1-79c1-bb2d-49dc347960f4,9,3334,8200984.0,{}
909,00003c59-a9c1-79c1-bb2d-49dc347960f4,9,3334,8300996.0,{}
910,00003c59-a9c1-79c1-bb2d-49dc347960f4,9,3334,8451014.0,{}
911,00003c59-a9c1-79c1-bb2d-49dc347960f4,9,3334,8025963.0,{}
912,00003c59-a9c1-79c1-bb2d-49dc347960f4,9,3334,7925951.0,{}
913,00003c59-a9c1-79c1-bb2d-49dc347960f4,9,3334,9151098.0,{}
914,00003c59-a9c1-79c1-bb2d-49dc347960f4,9,3334,9076089.0,{}
915,00003c59-a9c1-79c1-bb2d-49dc347960f4,9,3334,9101092.0,{}
916,00003c59-a9c1-79c1-bb2d-49dc347960f4,9,3334,9101092.0,{}
917,00003c59-a9c1-79c1-bb2d-49dc347960f4,9,3334,9076089.0,{}
918,00003c59-a9c1-79c1-bb2d-49dc347960f4,9,5642,25003.0,{}
919,00003c59-a9c1-79c1-bb2d-49dc347960f4,10,2636,3.0,{}
920,00003c59-a9c1-79c1-bb2d-49dc347960f4,10,3217,3092224.0,{}
921,00003c59-a9c1-79c1-bb2d-49dc347960f4,10,3217,3001760.0,{}
922,00003c59-a9c1-79c1-bb2d-49dc347960f4,10,3217,3051104.0,{}
923,00003c59-a9c1-79c1-bb2d-49dc347960f4,10,3217,3116896.0,{}
924,00003c59-a9c1-79c1-bb2d-49dc347960f4,10,3217,2993536.0,{}
925,00003c59-a9c1-79c1-bb2d-49dc347960f4,10,3217,2681024.0,{}
926,00003c59-a9c1-79c1-bb2d-49dc347960f4,10,3217,2681024.0,{}
927,00003c59-a9c1-79c1-bb2d-49dc347960f4,10,3217,2697472.0,{}
928,00003c59-a9c1-79c1-bb2d-49dc347960f4,10,3217,2557664.0,{}
929,00003c59-a9c1-79c1-bb2d-49dc347960f4,10,3217,2549440.0,{}
930,00003c59-a9c1-79c1-bb2d-49dc347960f4,10,3217,3149792.0,{}
931,00003c59-a9c1-79c1-bb2d-49dc347960f4,10,3217,3100448.0,{}
932,00003c59-a9c1-79c1-bb2d-49dc347960f4,10,3217,2952416.0,{}
933,00003c59-a9c1-79c1-bb2d-49dc347960f4,10,3217,2911296.0,{}
934,00003c59-a9c1-79c1-bb2d-49dc347960f4,10,3217,3149792.0,{}
935,00003c59-a9c1-79c1-bb2d-49dc347960f4,10,3217,2631680.0,{}
936,00003c59-a9c1-79c1-bb2d-49dc347960f4,10,3217,2631680.0,{}
937,00003c59-a9c1-79c1-bb2d-49dc347960f4,10,3217,2631680.0,{}
938,00003c59-a9c1-79c1-bb2d-49dc347960f4,10,3217,2631680.0,{}
939,00003c59-a9c1-79c1-bb2d-49dc347960f4,10,3217,2631680.0,{}
940,00003c59-a9c1-79c1-bb2d-49dc347960f4,10,3248,182360.0,{}
941,00003c59-a9c1-79c1-bb2d-49dc347960f4,10,3248,177025.0,{}
942,00003c59-a9c1-79c1-bb2d-49dc347960f4,10,3248,179935.0,{}
943,00003c59-a9c1-79c1-bb2d-49dc347960f4,10,3248,183815.0,{}
944,00003c59-a9c1-79c1-bb2d-49dc347960f4,10,3248,176540.0,{}
945,00003c59-a9c1-79c1-bb2d-49dc347960f4,10,3248,158110.0,{}
946,00003c59-a9c1-79c1-bb2d-49dc347960f4,10,3248,158110.0,{}
947,00003c59-a9c1-79c1-bb2d-49dc347960f4,10,3248,159080.0,{}
948,00003c59-a9c1-79c1-bb2d-49dc347960f4,10,3248,150835.0,{}
949,00003c59-a9c1-79c1-bb2d-49dc347960f4,10,3248,150350.0,{}
950,00003c59-a9c1-79c1-bb2d-49dc347960f4,10,3248,185755.0,{}
951,00003c59-a9c1-79c1-bb2d-49dc347960f4,10,3248,182845.0,{}
952,00003c59-a9c1-79c1-bb2d-49dc347960f4,10,3248,174115.0,{}
953,00003c59-a9c1-79c1-bb2d-49dc347960f4,10,3248,171690.0,{}
954,00003c59-a9c1-79c1-bb2d-49dc347960f4,10,3248,185755.0,{}
955,00003c59-a9c1-79c1-bb2d-49dc347960f4,10,3248,155200.0,{}
956,00003c59-a9c1-79c1-bb2d-49dc347960f4,10,3248,155200.0,{}
957,00003c59-a9c1-79c1-bb2d-49dc347960f4,10,3248,155200.0,{}
958,00003c59-a9c1-79c1-bb2d-49dc347960f4,10,3248,155200.0,{}
959,00003c59-a9c1-79c1-bb2d-49dc347960f4,10,3248,155200.0,{}
960,00003c59-a9c1-79c1-bb2d-49dc347960f4,10,3280,1128.0,{}
961,00003c59-a9c1-79c1-bb2d-49dc347960f4,10,3280,1095.0,{}
962,00003c59-a9c1-79c1-bb2d-49dc347960f4,10,3280,1113.0,{}
963,00003c59-a9c1-79c1-bb2d-49dc347960f4,10,3280,1137.0,{}
964,00003c59-a9c1-79c1-bb2d-49dc347960f4,10,3280,1092.0,{}
965,00003c59-a9c1-79c1-bb2d-49dc347960f4,10,3280,978.0,{}
966,00003c59-a9c1-79c1-bb2d-49dc347960f4,10,3280,978.0,{}
967,00003c59-a9c1-79c1-bb2d-49dc347960f4,10,3280,984.0,{}
968,00003c59-a9c1-79c1-bb2d-49dc347960f4,10,3280,933.0,{}
969,00003c59-a9c1-79c1-bb2d-49dc347960f4,10,3280,930.0,{}
970,00003c59-a9c1-79c1-bb2d-49dc347960f4,10,3280,1149.0,{}
971,00003c59-a9c1-79c1-bb2d-49dc347960f4,10,3280,1131.0,{}
972,00003c59-a9c1-79c1-bb2d-49dc347960f4,10,3280,1077.0,{}
973,00003c59-a9c1-79c1-bb2d-49dc347960f4,10,3280,1062.0,{}
974,00003c59-a9c1-79c1-bb2d-49dc347960f4,10,3280,1149.0,{}
975,00003c59-a9c1-79c1-bb2d-49dc347960f4,10,3280,960.0,{}
976,00003c59-a9c1-79c1-bb2d-49dc347960f4,10,3280,960.0,{}
977,00003c59-a9c1-79c1-bb2d-49dc347960f4,10,3280,960.0,{}
978,00003c59-a9c1-79c1-bb2d-49dc347960f4,10,3280,960.0,{}
979,00003c59-a9c1-79c1-bb2d-49dc347960f4,10,3280,960.0,{}
980,00003c59-a9c1-79c1-bb2d-49dc347960f4,10,3298,0.0,{}
981,00003c59-a9c1-79c1-bb2d-49dc347960f4,10,3298,0.0,{}
982,00003c59-a9c1-79c1-bb2d-49dc347960f4,10,3298,0.0,{}
983,00003c59-a9c1-79c1-bb2d-49dc347960f4,10,3298,0.0,{}
984,00003c59-a9c1-79c1-bb2d-49dc347960f4,10,3298,0.0,{}
985,00003c59-a9c1-79c1-bb2d-49dc347960f4,10,3298,0.0,{}
986,00003c59-a9c1-79c1-bb2d-49dc347960f4,10,3298,0.0,{}
987,00003c59-a9c1-79c1-bb2d-49dc347960f4,10,3298,0.0,{}
988,00003c59-a9c1-79c1-bb2d-49dc347960f4,10,3298,0.0,{}
989,00003c59-a9c1-79c1-bb2d-49dc347960f4,10,3298,0.0,{}
990,00003c59-a9c1-79c1-bb2d-49dc347960f4,10,3298,0.0,{}
991,00003c59-a9c1-79c1-bb2d-49dc347960f4,10,3298,0.0,{}
992,00003c59-a9c1-79c1-bb2d-49dc347960f4,10,3298,0.0,{}
993,00003c59-a9c1-79c1-bb2d-49dc347960f4,10,3298,0.0,{}
994,00003c59-a9c1-79c1-bb2d-49dc347960f4,10,3298,0.0,{}
995,00003c59-a9c1-79c1-bb2d-49dc347960f4,10,3298,0.0,{}
996,00003c59-a9c1-79c1-bb2d-49dc347960f4,10,3298,0.0,{}
997,00003c59-a9c1-79c1-bb2d-49dc347960f4,10,3298,0.0,{}
998,00003c59-a9c1-79c1-bb2d-49dc347960f4,10,3298,0.0,{}
999,00003c59-a9c1-79c1-bb2d-49dc347960f4,10,3298,0.0,{}
1000,00003c59-a9c1-79c1-bb2d-49dc347960f4,10,3334,9401128.0,{}
1001,00003c59-a9c1-79c1-bb2d-49dc347960f4,10,3334,9126095.0,{}
1002,00003c59-a9c1-79c1-bb2d-49dc347960f4,10,3334,9276113.0,{}
1003,00003c59-a9c1-79c1-bb2d-49dc347960f4,10,3334,9476137.0,{}
1004,00003c59-a9c1-79c1-bb2d-49dc347960f4,10,3334,9101092.0,{}
1005,00003c59-a9c1-79c1-bb2d-49dc347960f4,10,3334,8150978.0,{}
1006,00003c59-a9c1-79c1-bb2d-49dc347960f4,10,3334,8150978.0,{}
1007,00003c59-a9c1-79c1-bb2d-49dc347960f4,10,3334,8200984.0,{}
1008,00003c59-a9c1-79c1-bb2d-49dc347960f4,10,3334,7775933.0,{}
1009,00003c59-a9c1-79c1-bb2d-49dc347960f4,10,3334,7750930.0,{}
1010,00003c59-a9c1-79c1-bb2d-49dc347960f4,10,3334,9576149.0,{}
1011,00003c59-a9c1-79c1-bb2d-49dc347960f4,10,3334,9426131.0,{}
1012,00003c59-a9c1-79c1-bb2d-49dc347960f4,10,3334,8976077.0,{}
1013,00003c59-a9c1-79c1-bb2d-49dc347960f4,10,3334,8851062.0,{}
1014,00003c59-a9c1-79c1-bb2d-49dc347960f4,10,3334,9576149.0,{}
1015,00003c59-a9c1-79c1-bb2d-49dc347960f4,10,3334,8000960.0,{}
1016,00003c59-a9c1-79c1-bb2d-49dc347960f4,10,3334,8000960.0,{}
1017,00003c59-a9c1-79c1-bb2d-49dc347960f4,10,3334,8000960.0,{}
1018,00003c59-a9c1-79c1-bb2d-49dc347960f4,10,3334,8000960.0,{}
1019,00003c59-a9c1-79c1-bb2d-49dc347960f4,10,3334,8000960.0,{}
1020,00003c59-a9c1-79c1-bb2d-49dc347960f4,10,5642,25003.0,{}
1021,00003c59-a9c1-79c1-bb2d-49dc347960f4,11,2636,3.0,{}
1022,00003c59-a9c1-79c1-bb2d-49dc347960f4,11,3217,2105344.0,{}
1023,00003c59-a9c1-79c1-bb2d-49dc347960f4,11,3217,2105344.0,{}
1024,00003c59-a9c1-79c1-bb2d-49dc347960f4,11,3217,2105344.0,{}
1025,00003c59-a9c1-79c1-bb2d-49dc347960f4,11,3217,2105344.0,{}
1026,00003c59-a9c1-79c1-bb2d-49dc347960f4,11,3217,2105344.0,{}
1027,00003c59-a9c1-79c1-bb2d-49dc347960f4,11,3217,3593888.0,{}
1028,00003c59-a9c1-79c1-bb2d-49dc347960f4,11,3217,3569216.0,{}
1029,00003c59-a9c1-79c1-bb2d-49dc347960f4,11,3217,3717248.0,{}
1030,00003c59-a9c1-79c1-bb2d-49dc347960f4,11,3217,3536320.0,{}
1031,00003c59-a9c1-79c1-bb2d-49dc347960f4,11,3217,3478752.0,{}
1032,00003c59-a9c1-79c1-bb2d-49dc347960f4,11,3217,2458976.0,{}
1033,00003c59-a9c1-79c1-bb2d-49dc347960f4,11,3217,2417856.0,{}
1034,00003c59-a9c1-79c1-bb2d-49dc347960f4,11,3217,2500096.0,{}
1035,00003c59-a9c1-79c1-bb2d-49dc347960f4,11,3217,2458976.0,{}
1036,00003c59-a9c1-79c1-bb2d-49dc347960f4,11,3217,2582336.0,{}
1037,00003c59-a9c1-79c1-bb2d-49dc347960f4,11,3217,3166240.0,{}
1038,00003c59-a9c1-79c1-bb2d-49dc347960f4,11,3217,3207360.0,{}
1039,00003c59-a9c1-79c1-bb2d-49dc347960f4,11,3217,3182688.0,{}
1040,00003c59-a9c1-79c1-bb2d-49dc347960f4,11,3217,3232032.0,{}
1041,00003c59-a9c1-79c1-bb2d-49dc347960f4,11,3217,3215584.0,{}
1042,00003c59-a9c1-79c1-bb2d-49dc347960f4,11,3248,124160.0,{}
1043,00003c59-a9c1-79c1-bb2d-49dc347960f4,11,3248,124160.0,{}
1044,00003c59-a9c1-79c1-bb2d-49dc347960f4,11,3248,124160.0,{}
1045,00003c59-a9c1-79c1-bb2d-49dc347960f4,11,3248,124160.0,{}
1046,00003c59-a9c1-79c1-bb2d-49dc347960f4,11,3248,124160.0,{}
1047,00003c59-a9c1-79c1-bb2d-49dc347960f4,11,3248,211945.0,{}
1048,00003c59-a9c1-79c1-bb2d-49dc347960f4,11,3248,210490.0,{}
1049,00003c59-a9c1-79c1-bb2d-49dc347960f4,11,3248,219220.0,{}
1050,00003c59-a9c1-79c1-bb2d-49dc347960f4,11,3248,208550.0,{}
1051,00003c59-a9c1-79c1-bb2d-49dc347960f4,11,3248,205155.0,{}
1052,00003c59-a9c1-79c1-bb2d-49dc347960f4,11,3248,145015.0,{}
1053,00003c59-a9c1-79c1-bb2d-49dc347960f4,11,3248,142590.0,{}
1054,00003c59-a9c1-79c1-bb2d-49dc347960f4,11,3248,147440.0,{}
1055,00003c59-a9c1-79c1-bb2d-49dc347960f4,11,3248,145015.0,{}
1056,00003c59-a9c1-79c1-bb2d-49dc347960f4,11,3248,152290.0,{}
1057,00003c59-a9c1-79c1-bb2d-49dc347960f4,11,3248,186725.0,{}
1058,00003c59-a9c1-79c1-bb2d-49dc347960f4,11,3248,189150.0,{}
1059,00003c59-a9c1-79c1-bb2d-49dc347960f4,11,3248,187695.0,{}
1060,00003c59-a9c1-79c1-bb2d-49dc347960f4,11,3248,190605.0,{}
1061,00003c59-a9c1-79c1-bb2d-49dc347960f4,11,3248,189635.0,{}
1062,00003c59-a9c1-79c1-bb2d-49dc347960f4,11,3280,768.0,{}
1063,00003c59-a9c1-79c1-bb2d-49dc347960f4,11,3280,768.0,{}
1064,00003c59-a9c1-79c1-bb2d-49dc347960f4,11,3280,768.0,{}
1065,00003c59-a9c1-79c1-bb2d-49dc347960f4,11,3280,768.0,{}
1066,00003c59-a9c1-79c1-bb2d-49dc347960f4,11,3280,768.0,{}
1067,00003c59-a9c1-79c1-bb2d-49dc347960f4,11,3280,1311.0,{}
1068,00003c59-a9c1-79c1-bb2d-49dc347960f4,11,3280,1302.0,{}
1069,00003c59-a9c1-79c1-bb2d-49dc347960f4,11,3280,1356.0,{}
1070,00003c59-a9c1-79c1-bb2d-49dc347960f4,11,3280,1290.0,{}
1071,00003c59-a9c1-79c1-bb2d-49dc347960f4,11,3280,1269.0,{}
1072,00003c59-a9c1-79c1-bb2d-49dc347960f4,11,3280,897.0,{}
1073,00003c59-a9c1-79c1-bb2d-49dc347960f4,11,3280,882.0,{}
1074,00003c59-a9c1-79c1-bb2d-49dc347960f4,11,3280,912.0,{}
1075,00003c59-a9c1-79c1-bb2d-49dc347960f4,11,3280,897.0,{}
1076,00003c59-a9c1-79c1-bb2d-49dc347960f4,11,3280,942.0,{}
1077,00003c59-a9c1-79c1-bb2d-49dc347960f4,11,3280,1155.0,{}
1078,00003c59-a9c1-79c1-bb2d-49dc347960f4,11,3280,1170.0,{}
1079,00003c59-a9c1-79c1-bb2d-49dc347960f4,11,3280,1161.0,{}
1080,00003c59-a9c1-79c1-bb2d-49dc347960f4,11,3280,1179.0,{}
1081,00003c59-a9c1-79c1-bb2d-49dc347960f4,11,3280,1173.0,{}
1082,00003c59-a9c1-79c1-bb2d-49dc347960f4,11,3298,0.0,{}
1083,00003c59-a9c1-79c1-bb2d-49dc347960f4,11,3298,0.0,{}
1084,00003c59-a9c1-79c1-bb2d-49dc347960f4,11,3298,0.0,{}
1085,00003c59-a9c1-79c1-bb2d-49dc347960f4,11,3298,0.0,{}
1086,00003c59-a9c1-79c1-bb2d-49dc347960f4,11,3298,0.0,{}
1087,00003c59-a9c1-79c1-bb2d-49dc347960f4,11,3298,0.0,{}
1088,00003c59-a9c1-79c1-bb2d-49dc347960f4,11,3298,0.0,{}
1089,00003c59-a9c1-79c1-bb2d-49dc347960f4,11,3298,0.0,{}
1090,00003c59-a9c1-79c1-bb2d-49dc347960f4,11,3298,0.0,{}
1091,00003c59-a9c1-79c1-bb2d-49dc347960f4,11,3298,0.0,{}
1092,00003c59-a9c1-79c1-bb2d-49dc347960f4,11,3298,0.0,{}
1093,00003c59-a9c1-79c1-bb2d-49dc347960f4,11,3298,0.0,{}
1094,00003c59-a9c1-79c1-bb2d-49dc347960f4,11,3298,0.0,{}
1095,00003c59-a9c1-79c1-bb2d-49dc347960f4,11,3298,0.0,{}
1096,00003c59-a9c1-79c1-bb2d-49dc347960f4,11,3298,0.0,{}
1097,00003c59-a9c1-79c1-bb2d-49dc347960f4,11,3298,0.0,{}
1098,00003c59-a9c1-79c1-bb2d-49dc347960f4,11,3298,0.0,{}
1099,00003c59-a9c1-79c1-bb2d-49dc347960f4,11,3298,0.0,{}
1100,00003c59-a9c1-79c1-bb2d-49dc347960f4,11,3298,0.0,{}
1101,00003c59-a9c1-79c1-bb2d-49dc347960f4,11,3298,0.0,{}
1102,00003c59-a9c1-79c1-bb2d-49dc347960f4,11,3334,6400768.0,{}
1103,00003c59-a9c1-79c1-bb2d-49dc347960f4,11,3334,6400768.0,{}
1104,00003c59-a9c1-79c1-bb2d-49dc347960f4,11,3334,6400768.0,{}
1105,00003c59-a9c1-79c1-bb2d-49dc347960f4,11,3334,6400768.0,{}
1106,00003c59-a9c1-79c1-bb2d-49dc347960f4,11,3334,6400768.0,{}
1107,00003c59-a9c1-79c1-bb2d-49dc347960f4,11,3334,10926311.0,{}
1108,00003c59-a9c1-79c1-bb2d-49dc347960f4,11,3334,10851302.0,{}
1109,00003c59-a9c1-79c1-bb2d-49dc347960f4,11,3334,11301356.0,{}
1110,00003c59-a9c1-79c1-bb2d-49dc347960f4,11,3334,10751290.0,{}
1111,00003c59-a9c1-79c1-bb2d-49dc347960f4,11,3334,10576269.0,{}
1112,00003c59-a9c1-79c1-bb2d-49dc347960f4,11,3334,7475897.0,{}
1113,00003c59-a9c1-79c1-bb2d-49dc347960f4,11,3334,7350882.0,{}
1114,00003c59-a9c1-79c1-bb2d-49dc347960f4,11,3334,7600912.0,{}
1115,00003c59-a9c1-79c1-bb2d-49dc347960f4,11,3334,7475897.0,{}
1116,00003c59-a9c1-79c1-bb2d-49dc347960f4,11,3334,7850942.0,{}
1117,00003c59-a9c1-79c1-bb2d-49dc347960f4,11,3334,9626155.0,{}
1118,00003c59-a9c1-79c1-bb2d-49dc347960f4,11,3334,9751170.0,{}
1119,00003c59-a9c1-79c1-bb2d-49dc347960f4,11,3334,9676161.0,{}
1120,00003c59-a9c1-79c1-bb2d-49dc347960f4,11,3334,9826179.0,{}
1121,00003c59-a9c1-79c1-bb2d-49dc347960f4,11,3334,9776173.0,{}
1122,00003c59-a9c1-79c1-bb2d-49dc347960f4,11,5642,25003.0,{}
1123,00003c59-a9c1-79c1-bb2d-49dc347960f4,12,2636,3.0,{}
1124,00003c59-a9c1-79c1-bb2d-49dc347960f4,12,3217,3042880.0,{}
1125,00003c59-a9c1-79c1-bb2d-49dc347960f4,12,3217,2977088.0,{}
1126,00003c59-a9c1-79c1-bb2d-49dc347960f4,12,3217,3116896.0,{}
1127,00003c59-a9c1-79c1-bb2d-49dc347960f4,12,3217,3075776.0,{}
1128,00003c59-a9c1-79c1-bb2d-49dc347960f4,12,3217,3166240.0,{}
1129,00003c59-a9c1-79c1-bb2d-49dc347960f4,12,3217,2557664.0,{}
1130,00003c59-a9c1-79c1-bb2d-49dc347960f4,12,3217,2681024.0,{}
1131,00003c59-a9c1-79c1-bb2d-49dc347960f4,12,3217,2598784.0,{}
1132,00003c59-a9c1-79c1-bb2d-49dc347960f4,12,3217,2557664.0,{}
1133,00003c59-a9c1-79c1-bb2d-49dc347960f4,12,3217,2648128.0,{}
1134,00003c59-a9c1-79c1-bb2d-49dc347960f4,12,3217,2245152.0,{}
1135,00003c59-a9c1-79c1-bb2d-49dc347960f4,12,3217,2105344.0,{}
1136,00003c59-a9c1-79c1-bb2d-49dc347960f4,12,3217,2368512.0,{}
1137,00003c59-a9c1-79c1-bb2d-49dc347960f4,12,3217,2228704.0,{}
1138,00003c59-a9c1-79c1-bb2d-49dc347960f4,12,3217,2253376.0,{}
1139,00003c59-a9c1-79c1-bb2d-49dc347960f4,12,3217,3421184.0,{}
1140,00003c59-a9c1-79c1-bb2d-49dc347960f4,12,3217,3503424.0,{}
1141,00003c59-a9c1-79c1-bb2d-49dc347960f4,12,3217,3536320.0,{}
1142,00003c59-a9c1-79c1-bb2d-49dc347960f4,12,3217,3429408.0,{}
1143,00003c59-a9c1-79c1-bb2d-49dc347960f4,12,3217,3330720.0,{}
1144,00003c59-a9c1-79c1-bb2d-49dc347960f4,12,3248,179450.0,{}
1145,00003c59-a9c1-79c1-bb2d-49dc347960f4,12,3248,175570.0,{}
1146,00003c59-a9c1-79c1-bb2d-49dc347960f4,12,3248,183815.0,{}
1147,00003c59-a9c1-79c1-bb2d-49dc347960f4,12,3248,181390.0,{}
1148,00003c59-a9c1-79c1-bb2d-49dc347960f4,12,3248,186725.0,{}
1149,00003c59-a9c1-79c1-bb2d-49dc347960f4,12,3248,150835.0,{}
1150,00003c59-a9c1-79c1-bb2d-49dc347960f4,12,3248,158110.0,{}
1151,00003c59-a9c1-79c1-bb2d-49dc347960f4,12,3248,153260.0,{}
1152,00003c59-a9c1-79c1-bb2d-49dc347960f4,12,3248,150835.0,{}
1153,00003c59-a9c1-79c1-bb2d-49dc347960f4,12,3248,156170.0,{}
1154,00003c59-a9c1-79c1-bb2d-49dc347960f4,12,3248,132405.0,{}
1155,00003c59-a9c1-79c1-bb2d-49dc347960f4,12,3248,124160.0,{}
1156,00003c59-a9c1-79c1-bb2d-49dc347960f4,12,3248,139680.0,{}
1157,00003c59-a9c1-79c1-bb2d-49dc347960f4,12,3248,131435.0,{}
1158,00003c59-a9c1-79c1-bb2d-49dc347960f4,12,3248,132890.0,{}
1159,00003c59-a9c1-79c1-bb2d-49dc347960f4,12,3248,201760.0,{}
1160,00003c59-a9c1-79c1-bb2d-49dc347960f4,12,3248,206610.0,{}
1161,00003c59-a9c1-79c1-bb2d-49dc347960f4,12,3248,208550.0,{}
1162,00003c59-a9c1-79c1-bb2d-49dc347960f4,12,3248,202245.0,{}
1163,00003c59-a9c1-79c1-bb2d-49dc347960f4,12,3248,196425.0,{}
1164,00003c59-a9c1-79c1-bb2d-49dc347960f4,12,3280,1110.0,{}
1165,00003c59-a9c1-79c1-bb2d-49dc347960f4,12,3280,1086.0,{}
1166,00003c59-a9c1-79c1-bb2d-49dc347960f4,12,3280,1137.0,{}
1167,00003c59-a9c1-79c1-bb2d-49dc347960f4,12,3280,1122.0,{}
1168,00003c59-a9c1-79c1-bb2d-49dc347960f4,12,3280,1155.0,{}
1169,00003c59-a9c1-79c1-bb2d-49dc347960f4,12,3280,933.0,{}
1170,00003c59-a9c1-79c1-bb2d-49dc347960f4,12,3280,978.0,{}
1171,00003c59-a9c1-79c1-bb2d-49dc347960f4,12,3280,948.0,{}
1172,00003c59-a9c1-79c1-bb2d-49dc347960f4,12,3280,933.0,{}
1173,00003c59-a9c1-79c1-bb2d-49dc347960f4,12,3280,966.0,{}
1174,00003c59-a9c1-79c1-bb2d-49dc347960f4,12,3280,819.0,{}
1175,00003c59-a9c1-79c1-bb2d-49dc347960f4,12,3280,768.0,{}
1176,00003c59-a9c1-79c1-bb2d-49dc347960f4,12,3280,864.0,{}
1177,00003c59-a9c1-79c1-bb2d-49dc347960f4,12,3280,813.0,{}
1178,00003c59-a9c1-79c1-bb2d-49dc347960f4,12,3280,822.0,{}
1179,00003c59-a9c1-79c1-bb2d-49dc347960f4,12,3280,1248.0,{}
1180,00003c59-a9c1-79c1-bb2d-49dc347960f4,12,3280,1278.0,{}
1181,00003c59-a9c1-79c1-bb2d-49dc347960f4,12,3280,1290.0,{}
1182,00003c59-a9c1-79c1-bb2d-49dc347960f4,12,3280,1251.0,{}
1183,00003c59-a9c1-79c1-bb2d-49dc347960f4,12,3280,1215.0,{}
1184,00003c59-a9c1-79c1-bb2d-49dc347960f4,12,3298,0.0,{}
1185,00003c59-a9c1-79c1-bb2d-49dc347960f4,12,3298,0.0,{}
1186,00003c59-a9c1-79c1-bb2d-49dc347960f4,12,3298,0.0,{}
1187,00003c59-a9c1-79c1-bb2d-49dc347960f4,12,3298,0.0,{}
1188,00003c59-a9c1-79c1-bb2d-49dc347960f4,12,3298,0.0,{}
1189,00003c59-a9c1-79c1-bb2d-49dc347960f4,12,3298,0.0,{}
1190,00003c59-a9c1-79c1-bb2d-49dc347960f4,12,3298,0.0,{}
1191,00003c59-a9c1-79c1-bb2d-49dc347960f4,12,3298,0.0,{}
1192,00003c59-a9c1-79c1-bb2d-49dc347960f4,12,3298,0.0,{}
1193,00003c59-a9c1-79c1-bb2d-49dc347960f4,12,3298,0.0,{}
1194,00003c59-a9c1-79c1-bb2d-49dc347960f4,12,3298,0.0,{}
1195,00003c59-a9c1-79c1-bb2d-49dc347960f4,12,3298,0.0,{}
1196,00003c59-a9c1-79c1-bb2d-49dc347960f4,12,3298,0.0,{}
1197,00003c59-a9c1-79c1-bb2d-49dc347960f4,12,3298,0.0,{}
1198,00003c59-a9c1-79c1-bb2d-49dc347960f4,12,3298,0.0,{}
1199,00003c59-a9c1-79c1-bb2d-49dc347960f4,12,3298,0.0,{}
1200,00003c59-a9c1-79c1-bb2d-49dc347960f4,12,3298,0.0,{}
1201,00003c59-a9c1-79c1-bb2d-49dc347960f4,12,3298,0.0,{}
1202,00003c59-a9c1-79c1-bb2d-49dc347960f4,12,3298,0.0,{}
1203,00003c59-a9c1-79c1-bb2d-49dc347960f4,12,3298,0.0,{}
1204,00003c59-a9c1-79c1-bb2d-49dc347960f4,12,3334,9251110.0,{}
1205,00003c59-a9c1-79c1-bb2d-49dc347960f4,12,3334,9051086.0,{}
1206,00003c59-a9c1-79c1-bb2d-49dc347960f4,12,3334,9476137.0,{}
1207,00003c59-a9c1-79c1-bb2d-49dc347960f4,12,3334,9351122.0,{}
1208,00003c59-a9c1-79c1-bb2d-49dc347960f4,12,3334,9626155.0,{}
1209,00003c59-a9c1-79c1-bb2d-49dc347960f4,12,3334,7775933.0,{}
1210,00003c59-a9c1-79c1-bb2d-49dc347960f4,12,3334,8150978.0,{}
1211,00003c59-a9c1-79c1-bb2d-49dc347960f4,12,3334,7900948.0,{}
1212,00003c59-a9c1-79c1-bb2d-49dc347960f4,12,3334,7775933.0,{}
1213,00003c59-a9c1-79c1-bb2d-49dc347960f4,12,3334,8050966.0,{}
1214,00003c59-a9c1-79c1-bb2d-49dc347960f4,12,3334,6825819.0,{}
1215,00003c59-a9c1-79c1-bb2d-49dc347960f4,12,3334,6400768.0,{}
1216,00003c59-a9c1-79c1-bb2d-49dc347960f4,12,3334,7200864.0,{}
1217,00003c59-a9c1-79c1-bb2d-49dc347960f4,12,3334,6775813.0,{}
1218,00003c59-a9c1-79c1-bb2d-49dc347960f4,12,3334,6850822.0,{}
1219,00003c59-a9c1-79c1-bb2d-49dc347960f4,12,3334,10401248.0,{}
1220,00003c59-a9c1-79c1-bb2d-49dc347960f4,12,3334,10651278.0,{}
1221,00003c59-a9c1-79c1-bb2d-49dc347960f4,12,3334,10751290.0,{}
1222,00003c59-a9c1-79c1-bb2d-49dc347960f4,12,3334,10426251.0,{}
1223,00003c59-a9c1-79c1-bb2d-49dc347960f4,12,3334,10126215.0,{}
1224,00003c59-a9c1-79c1-bb2d-49dc347960f4,12,5642,25003.0,{}
1225,00003c59-a9c1-79c1-bb2d-49dc347960f4,13,2636,3.0,{}
1226,00003c59-a9c1-79c1-bb2d-49dc347960f4,13,3217,3536320.0,{}
1227,00003c59-a9c1-79c1-bb2d-49dc347960f4,13,3217,3618560.0,{}
1228,00003c59-a9c1-79c1-bb2d-49dc347960f4,13,3217,3569216.0,{}
1229,00003c59-a9c1-79c1-bb2d-49dc347960f4,13,3217,3528096.0,{}
1230,00003c59-a9c1-79c1-bb2d-49dc347960f4,13,3217,3338944.0,{}
1231,00003c59-a9c1-79c1-bb2d-49dc347960f4,13,3217,2195808.0,{}
1232,00003c59-a9c1-79c1-bb2d-49dc347960f4,13,3217,2204032.0,{}
1233,00003c59-a9c1-79c1-bb2d-49dc347960f4,13,3217,2105344.0,{}
1234,00003c59-a9c1-79c1-bb2d-49dc347960f4,13,3217,2138240.0,{}
1235,00003c59-a9c1-79c1-bb2d-49dc347960f4,13,3217,2187584.0,{}
1236,00003c59-a9c1-79c1-bb2d-49dc347960f4,13,3217,2549440.0,{}
1237,00003c59-a9c1-79c1-bb2d-49dc347960f4,13,3217,2549440.0,{}
1238,00003c59-a9c1-79c1-bb2d-49dc347960f4,13,3217,2549440.0,{}
1239,00003c59-a9c1-79c1-bb2d-49dc347960f4,13,3217,2549440.0,{}
1240,00003c59-a9c1-79c1-bb2d-49dc347960f4,13,3217,2557664.0,{}
1241,00003c59-a9c1-79c1-bb2d-49dc347960f4,13,3217,3297824.0,{}
1242,00003c59-a9c1-79c1-bb2d-49dc347960f4,13,3217,3084000.0,{}
1243,00003c59-a9c1-79c1-bb2d-49dc347960f4,13,3217,3100448.0,{}
1244,00003c59-a9c1-79c1-bb2d-49dc347960f4,13,3217,3075776.0,{}
1245,00003c59-a9c1-79c1-bb2d-49dc347960f4,13,3217,3108672.0,{}
1246,00003c59-a9c1-79c1-bb2d-49dc347960f4,13,3248,208550.0,{}
1247,00003c59-a9c1-79c1-bb2d-49dc347960f4,13,3248,213400.0,{}
1248,00003c59-a9c1-79c1-bb2d-49dc347960f4,13,3248,210490.0,{}
1249,00003c59-a9c1-79c1-bb2d-49dc347960f4,13,3248,208065.0,{}
1250,00003c59-a9c1-79c1-bb2d-49dc347960f4,13,3248,196910.0,{}
1251,00003c59-a9c1-79c1-bb2d-49dc347960f4,13,3248,129495.0,{}
1252,00003c59-a9c1-79c1-bb2d-49dc347960f4,13,3248,129980.0,{}
1253,00003c59-a9c1-79c1-bb2d-49dc347960f4,13,3248,124160.0,{}
1254,00003c59-a9c1-79c1-bb2d-49dc347960f4,13,3248,126100.0,{}
1255,00003c59-a9c1-79c1-bb2d-49dc347960f4,13,3248,129010.0,{}
1256,00003c59-a9c1-79c1-bb2d-49dc347960f4,13,3248,150350.0,{}
1257,00003c59-a9c1-79c1-bb2d-49dc347960f4,13,3248,150350.0,{}
1258,00003c59-a9c1-79c1-bb2d-49dc347960f4,13,3248,150350.0,{}
1259,00003c59-a9c1-79c1-bb2d-49dc347960f4,13,3248,150350.0,{}
1260,00003c59-a9c1-79c1-bb2d-49dc347960f4,13,3248,150835.0,{}
1261,00003c59-a9c1-79c1-bb2d-49dc347960f4,13,3248,194485.0,{}
1262,00003c59-a9c1-79c1-bb2d-49dc347960f4,13,3248,181875.0,{}
1263,00003c59-a9c1-79c1-bb2d-49dc347960f4,13,3248,182845.0,{}
1264,00003c59-a9c1-79c1-bb2d-49dc347960f4,13,3248,181390.0,{}
1265,00003c59-a9c1-79c1-bb2d-49dc347960f4,13,3248,183330.0,{}
1266,00003c59-a9c1-79c1-bb2d-49dc347960f4,13,3280,1290.0,{}
1267,00003c59-a9c1-79c1-bb2d-49dc347960f4,13,3280,1320.0,{}
1268,00003c59-a9c1-79c1-bb2d-49dc347960f4,13,3280,1302.0,{}
1269,00003c59-a9c1-79c1-bb2d-49dc347960f4,13,3280,1287.0,{}
1270,00003c59-a9c1-79c1-bb2d-49dc347960f4,13,3280,1218.0,{}
1271,00003c59-a9c1-79c1-bb2d-49dc347960f4,13,3280,801.0,{}
1272,00003c59-a9c1-79c1-bb2d-49dc347960f4,13,3280,804.0,{}
1273,00003c59-a9c1-79c1-bb2d-49dc347960f4,13,3280,768.0,{}
1274,00003c59-a9c1-79c1-bb2d-49dc347960f4,13,3280,780.0,{}
1275,00003c59-a9c1-79c1-bb2d-49dc347960f4,13,3280,798.0,{}
1276,00003c59-a9c1-79c1-bb2d-49dc347960f4,13,3280,930.0,{}
1277,00003c59-a9c1-79c1-bb2d-49dc347960f4,13,3280,930.0,{}
1278,00003c59-a9c1-79c1-bb2d-49dc347960f4,13,3280,930.0,{}
1279,00003c59-a9c1-79c1-bb2d-49dc347960f4,13,3280,930.0,{}
1280,00003c59-a9c1-79c1-bb2d-49dc347960f4,13,3280,933.0,{}
1281,00003c59-a9c1-79c1-bb2d-49dc347960f4,13,3280,1203.0,{}
1282,00003c59-a9c1-79c1-bb2d-49dc347960f4,13,3280,1125.0,{}
1283,00003c59-a9c1-79c1-bb2d-49dc347960f4,13,3280,1131.0,{}
1284,00003c59-a9c1-79c1-bb2d-49dc347960f4,13,3280,1122.0,{}
1285,00003c59-a9c1-79c1-bb2d-49dc347960f4,13,3280,1134.0,{}
1286,00003c59-a9c1-79c1-bb2d-49dc347960f4,13,3298,0.0,{}
1287,00003c59-a9c1-79c1-bb2d-49dc347960f4,13,3298,0.0,{}
1288,00003c59-a9c1-79c1-bb2d-49dc347960f4,13,3298,0.0,{}
1289,00003c59-a9c1-79c1-bb2d-49dc347960f4,13,3298,0.0,{}
1290,00003c59-a9c1-79c1-bb2d-49dc347960f4,13,3298,0.0,{}
1291,00003c59-a9c1-79c1-bb2d-49dc347960f4,13,3298,0.0,{}
1292,00003c59-a9c1-79c1-bb2d-49dc347960f4,13,3298,0.0,{}
1293,00003c59-a9c1-79c1-bb2d-49dc347960f4,13,3298,0.0,{}
1294,00003c59-a9c1-79c1-bb2d-49dc347960f4,13,3298,0.0,{}
1295,00003c59-a9c1-79c1-bb2d-49dc347960f4,13,3298,0.0,{}
1296,00003c59-a9c1-79c1-bb2d-49dc347960f4,13,3298,0.0,{}
1297,00003c59-a9c1-79c1-bb2d-49dc347960f4,13,3298,0.0,{}
1298,00003c59-a9c1-79c1-bb2d-49dc347960f4,13,3298,0.0,{}
1299,00003c59-a9c1-79c1-bb2d-49dc347960f4,13,3298,0.0,{}
1300,00003c59-a9c1-79c1-bb2d-49dc347960f4,13,3298,0.0,{}
1301,00003c59-a9c1-79c1-bb2d-49dc347960f4,13,3298,0.0,{}
1302,00003c59-a9c1-79c1-bb2d-49dc347960f4,13,3298,0.0,{}
1303,00003c59-a9c1-79c1-bb2d-49dc347960f4,13,3298,0.0,{}
1304,00003c59-a9c1-79c1-bb2d-49dc347960f4,13,3298,0.0,{}
1305,00003c59-a9c1-79c1-bb2d-49dc347960f4,13,3298,0.0,{}
1306,00003c59-a9c1-79c1-bb2d-49dc347960f4,13,3334,10751290.0,{}
1307,00003c59-a9c1-79c1-bb2d-49dc347960f4,13,3334,11001320.0,{}
1308,00003c59-a9c1-79c1-bb2d-49dc347960f4,13,3334,10851302.0,{}
1309,00003c59-a9c1-79c1-bb2d-49dc347960f4,13,3334,10726287.0,{}
1310,00003c59-a9c1-79c1-bb2d-49dc347960f4,13,3334,10151218.0,{}
1311,00003c59-a9c1-79c1-bb2d-49dc347960f4,13,3334,6675801.0,{}
1312,00003c59-a9c1-79c1-bb2d-49dc347960f4,13,3334,6700804.0,{}
1313,00003c59-a9c1-79c1-bb2d-49dc347960f4,13,3334,6400768.0,{}
1314,00003c59-a9c1-79c1-bb2d-49dc347960f4,13,3334,6500780.0,{}
1315,00003c59-a9c1-79c1-bb2d-49dc347960f4,13,3334,6650798.0,{}
1316,00003c59-a9c1-79c1-bb2d-49dc347960f4,13,3334,7750930.0,{}
1317,00003c59-a9c1-79c1-bb2d-49dc347960f4,13,3334,7750930.0,{}
1318,00003c59-a9c1-79c1-bb2d-49dc347960f4,13,3334,7750930.0,{}
1319,00003c59-a9c1-79c1-bb2d-49dc347960f4,13,3334,7750930.0,{}
1320,00003c59-a9c1-79c1-bb2d-49dc347960f4,13,3334,7775933.0,{}
1321,00003c59-a9c1-79c1-bb2d-49dc347960f4,13,3334,10026203.0,{}
1322,00003c59-a9c1-79c1-bb2d-49dc347960f4,13,3334,9376125.0,{}
1323,00003c59-a9c1-79c1-bb2d-49dc347960f4,13,3334,9426131.0,{}
1324,00003c59-a9c1-79c1-bb2d-49dc347960f4,13,3334,9351122.0,{}
1325,00003c59-a9c1-79c1-bb2d-49dc347960f4,13,3334,9451134.0,{}
1326,00003c59-a9c1-79c1-bb2d-49dc347960f4,13,5642,25003.0,{}
1327,00003c59-a9c1-79c1-bb2d-49dc347960f4,14,2636,3.0,{}
1328,00003c59-a9c1-79c1-bb2d-49dc347960f4,14,3217,2681024.0,{}
1329,00003c59-a9c1-79c1-bb2d-49dc347960f4,14,3217,2681024.0,{}
1330,00003c59-a9c1-79c1-bb2d-49dc347960f4,14,3217,2681024.0,{}
1331,00003c59-a9c1-79c1-bb2d-49dc347960f4,14,3217,2681024.0,{}
1332,00003c59-a9c1-79c1-bb2d-49dc347960f4,14,3217,2549440.0,{}
1333,00003c59-a9c1-79c1-bb2d-49dc347960f4,14,3217,3018208.0,{}
1334,00003c59-a9c1-79c1-bb2d-49dc347960f4,14,3217,2985312.0,{}
1335,00003c59-a9c1-79c1-bb2d-49dc347960f4,14,3217,2985312.0,{}
1336,00003c59-a9c1-79c1-bb2d-49dc347960f4,14,3217,3084000.0,{}
1337,00003c59-a9c1-79c1-bb2d-49dc347960f4,14,3217,3075776.0,{}
1338,00003c59-a9c1-79c1-bb2d-49dc347960f4,14,3217,2113568.0,{}
1339,00003c59-a9c1-79c1-bb2d-49dc347960f4,14,3217,2105344.0,{}
1340,00003c59-a9c1-79c1-bb2d-49dc347960f4,14,3217,2105344.0,{}
1341,00003c59-a9c1-79c1-bb2d-49dc347960f4,14,3217,2105344.0,{}
1342,00003c59-a9c1-79c1-bb2d-49dc347960f4,14,3217,2105344.0,{}
1343,00003c59-a9c1-79c1-bb2d-49dc347960f4,14,3217,3577440.0,{}
1344,00003c59-a9c1-79c1-bb2d-49dc347960f4,14,3217,3569216.0,{}
1345,00003c59-a9c1-79c1-bb2d-49dc347960f4,14,3217,3602112.0,{}
1346,00003c59-a9c1-79c1-bb2d-49dc347960f4,14,3217,3569216.0,{}
1347,00003c59-a9c1-79c1-bb2d-49dc347960f4,14,3217,3569216.0,{}
1348,00003c59-a9c1-79c1-bb2d-49dc347960f4,14,3248,158110.0,{}
1349,00003c59-a9c1-79c1-bb2d-49dc347960f4,14,3248,158110.0,{}
1350,00003c59-a9c1-79c1-bb2d-49dc347960f4,14,3248,158110.0,{}
1351,00003c59-a9c1-79c1-bb2d-49dc347960f4,14,3248,158110.0,{}
1352,00003c59-a9c1-79c1-bb2d-49dc347960f4,14,3248,150350.0,{}
1353,00003c59-a9c1-79c1-bb2d-49dc347960f4,14,3248,177995.0,{}
1354,00003c59-a9c1-79c1-bb2d-49dc347960f4,14,3248,176055.0,{}
1355,00003c59-a9c1-79c1-bb2d-49dc347960f4,14,3248,176055.0,{}
1356,00003c59-a9c1-79c1-bb2d-49dc347960f4,14,3248,181875.0,{}
1357,00003c59-a9c1-79c1-bb2d-49dc347960f4,14,3248,181390.0,{}
1358,00003c59-a9c1-79c1-bb2d-49dc347960f4,14,3248,124645.0,{}
1359,00003c59-a9c1-79c1-bb2d-49dc347960f4,14,3248,124160.0,{}
1360,00003c59-a9c1-79c1-bb2d-49dc347960f4,14,3248,124160.0,{}
1361,00003c59-a9c1-79c1-bb2d-49dc347960f4,14,3248,124160.0,{}
1362,00003c59-a9c1-79c1-bb2d-49dc347960f4,14,3248,124160.0,{}
1363,00003c59-a9c1-79c1-bb2d-49dc347960f4,14,3248,210975.0,{}
1364,00003c59-a9c1-79c1-bb2d-49dc347960f4,14,3248,210490.0,{}
1365,00003c59-a9c1-79c1-bb2d-49dc347960f4,14,3248,212430.0,{}
1366,00003c59-a9c1-79c1-bb2d-49dc347960f4,14,3248,210490.0,{}
1367,00003c59-a9c1-79c1-bb2d-49dc347960f4,14,3248,210490.0,{}
1368,00003c59-a9c1-79c1-bb2d-49dc347960f4,14,3280,978.0,{}
1369,00003c59-a9c1-79c1-bb2d-49dc347960f4,14,3280,978.0,{}
1370,00003c59-a9c1-79c1-bb2d-49dc347960f4,14,3280,978.0,{}
1371,00003c59-a9c1-79c1-bb2d-49dc347960f4,14,3280,978.0,{}
1372,00003c59-a9c1-79c1-bb2d-49dc347960f4,14,3280,930.0,{}
1373,00003c59-a9c1-79c1-bb2d-49dc347960f4,14,3280,1101.0,{}
1374,00003c59-a9c1-79c1-bb2d-49dc347960f4,14,3280,1089.0,{}
1375,00003c59-a9c1-79c1-bb2d-49dc347960f4,14,3280,1089.0,{}
1376,00003c59-a9c1-79c1-bb2d-49dc347960f4,14,3280,1125.0,{}
1377,00003c59-a9c1-79c1-bb2d-49dc347960f4,14,3280,1122.0,{}
1378,00003c59-a9c1-79c1-bb2d-49dc347960f4,14,3280,771.0,{}
1379,00003c59-a9c1-79c1-bb2d-49dc347960f4,14,3280,768.0,{}
1380,00003c59-a9c1-79c1-bb2d-49dc347960f4,14,3280,768.0,{}
1381,00003c59-a9c1-79c1-bb2d-49dc347960f4,14,3280,768.0,{}
1382,00003c59-a9c1-79c1-bb2d-49dc347960f4,14,3280,768.0,{}
1383,00003c59-a9c1-79c1-bb2d-49dc347960f4,14,3280,1305.0,{}
1384,00003c59-a9c1-79c1-bb2d-49dc347960f4,14,3280,1302.0,{}
1385,00003c59-a9c1-79c1-bb2d-49dc347960f4,14,3280,1314.0,{}
1386,00003c59-a9c1-79c1-bb2d-49dc347960f4,14,3280,1302.0,{}
1387,00003c59-a9c1-79c1-bb2d-49dc347960f4,14,3280,1302.0,{}
1388,00003c59-a9c1-79c1-bb2d-49dc347960f4,14,3298,0.0,{}
1389,00003c59-a9c1-79c1-bb2d-49dc347960f4,14,3298,0.0,{}
1390,00003c59-a9c1-79c1-bb2d-49dc347960f4,14,3298,0.0,{}
1391,00003c59-a9c1-79c1-bb2d-49dc347960f4,14,3298,0.0,{}
1392,00003c59-a9c1-79c1-bb2d-49dc347960f4,14,3298,0.0,{}
1393,00003c59-a9c1-79c1-bb2d-49dc347960f4,14,3298,0.0,{}
1394,00003c59-a9c1-79c1-bb2d-49dc347960f4,14,3298,0.0,{}
1395,00003c59-a9c1-79c1-bb2d-49dc347960f4,14,3298,0.0,{}
1396,00003c59-a9c1-79c1-bb2d-49dc347960f4,14,3298,0.0,{}
1397,00003c59-a9c1-79c1-bb2d-49dc347960f4,14,3298,0.0,{}
1398,00003c59-a9c1-79c1-bb2d-49dc347960f4,14,3298,0.0,{}
1399,00003c59-a9c1-79c1-bb2d-49dc347960f4,14,3298,0.0,{}
1400,00003c59-a9c1-79c1-bb2d-49dc347960f4,14,3298,0.0,{}
1401,00003c59-a9c1-79c1-bb2d-49dc347960f4,14,3298,0.0,{}
1402,00003c59-a9c1-79c1-bb2d-49dc347960f4,14,3298,0.0,{}
1403,00003c59-a9c1-79c1-bb2d-49dc347960f4,14,3298,0.0,{}
1404,00003c59-a9c1-79c1-bb2d-49dc347960f4,14,3298,0.0,{}
1405,00003c59-a9c1-79c1-bb2d-49dc347960f4,14,3298,0.0,{}
1406,00003c59-a9c1-79c1-bb2d-49dc347960f4,14,3298,0.0,{}
1407,00003c59-a9c1-79c1-bb2d-49dc347960f4,14,3298,0.0,{}
1408,00003c59-a9c1-79c1-bb2d-49dc347960f4,14,3334,8150978.0,{}
1409,00003c59-a9c1-79c1-bb2d-49dc347960f4,14,3334,8150978.0,{}
1410,00003c59-a9c1-79c1-bb2d-49dc347960f4,14,3334,8150978.0,{}
1411,00003c59-a9c1-79c1-bb2d-49dc347960f4,14,3334,8150978.0,{}
1412,00003c59-a9c1-79c1-bb2d-49dc347960f4,14,3334,7750930.0,{}
1413,00003c59-a9c1-79c1-bb2d-49dc347960f4,14,3334,9176101.0,{}
1414,00003c59-a9c1-79c1-bb2d-49dc347960f4,14,3334,9076089.0,{}
1415,00003c59-a9c1-79c1-bb2d-49dc347960f4,14,3334,9076089.0,{}
1416,00003c59-a9c1-79c1-bb2d-49dc347960f4,14,3334,9376125.0,{}
1417,00003c59-a9c1-79c1-bb2d-49dc347960f4,14,3334,9351122.0,{}
1418,00003c59-a9c1-79c1-bb2d-49dc347960f4,14,3334,6425771.0,{}
1419,00003c59-a9c1-79c1-bb2d-49dc347960f4,14,3334,6400768.0,{}
1420,00003c59-a9c1-79c1-bb2d-49dc347960f4,14,3334,6400768.0,{}
1421,00003c59-a9c1-79c1-bb2d-49dc347960f4,14,3334,6400768.0,{}
1422,00003c59-a9c1-79c1-bb2d-49dc347960f4,14,3334,6400768.0,{}
1423,00003c59-a9c1-79c1-bb2d-49dc347960f4,14,3334,10876305.0,{}
1424,00003c59-a9c1-79c1-bb2d-49dc347960f4,14,3334,10851302.0,{}
1425,00003c59-a9c1-79c1-bb2d-49dc347960f4,14,3334,10951314.0,{}
1426,00003c59-a9c1-79c1-bb2d-49dc347960f4,14,3334,10851302.0,{}
1427,00003c59-a9c1-79c1-bb2d-49dc347960f4,14,3334,10851302.0,{}
1428,00003c59-a9c1-79c1-bb2d-49dc347960f4,14,5642,25003.0,{}
1429,00003c59-a9c1-79c1-bb2d-49dc347960f4,15,2636,3.0,{}
1430,00003c59-a9c1-79c1-bb2d-49dc347960f4,15,3217,3536320.0,{}
1431,00003c59-a9c1-79c1-bb2d-49dc347960f4,15,3217,3610336.0,{}
1432,00003c59-a9c1-79c1-bb2d-49dc347960f4,15,3217,3421184.0,{}
1433,00003c59-a9c1-79c1-bb2d-49dc347960f4,15,3217,3355392.0,{}
1434,00003c59-a9c1-79c1-bb2d-49dc347960f4,15,3217,3429408.0,{}
1435,00003c59-a9c1-79c1-bb2d-49dc347960f4,15,3217,2113568.0,{}
1436,00003c59-a9c1-79c1-bb2d-49dc347960f4,15,3217,2113568.0,{}
1437,00003c59-a9c1-79c1-bb2d-49dc347960f4,15,3217,2105344.0,{}
1438,00003c59-a9c1-79c1-bb2d-49dc347960f4,15,3217,2368512.0,{}
1439,00003c59-a9c1-79c1-bb2d-49dc347960f4,15,3217,2368512.0,{}
1440,00003c59-a9c1-79c1-bb2d-49dc347960f4,15,3217,2722144.0,{}
1441,00003c59-a9c1-79c1-bb2d-49dc347960f4,15,3217,2713920.0,{}
1442,00003c59-a9c1-79c1-bb2d-49dc347960f4,15,3217,2705696.0,{}
1443,00003c59-a9c1-79c1-bb2d-49dc347960f4,15,3217,2705696.0,{}
1444,00003c59-a9c1-79c1-bb2d-49dc347960f4,15,3217,2664576.0,{}
1445,00003c59-a9c1-79c1-bb2d-49dc347960f4,15,3217,2911296.0,{}
1446,00003c59-a9c1-79c1-bb2d-49dc347960f4,15,3217,2935968.0,{}
1447,00003c59-a9c1-79c1-bb2d-49dc347960f4,15,3217,3190912.0,{}
1448,00003c59-a9c1-79c1-bb2d-49dc347960f4,15,3217,2944192.0,{}
1449,00003c59-a9c1-79c1-bb2d-49dc347960f4,15,3217,2927744.0,{}
1450,00003c59-a9c1-79c1-bb2d-49dc347960f4,15,3248,208550.0,{}
1451,00003c59-a9c1-79c1-bb2d-49dc347960f4,15,3248,212915.0,{}
1452,00003c59-a9c1-79c1-bb2d-49dc347960f4,15,3248,201760.0,{}
1453,00003c59-a9c1-79c1-bb2d-49dc347960f4,15,3248,197880.0,{}
1454,00003c59-a9c1-79c1-bb2d-49dc347960f4,15,3248,202245.0,{}
1455,00003c59-a9c1-79c1-bb2d-49dc347960f4,15,3248,124645.0,{}
1456,00003c59-a9c1-79c1-bb2d-49dc347960f4,15,3248,124645.0,{}
1457,00003c59-a9c1-79c1-bb2d-49dc347960f4,15,3248,124160.0,{}
1458,00003c59-a9c1-79c1-bb2d-49dc347960f4,15,3248,139680.0,{}
1459,00003c59-a9c1-79c1-bb2d-49dc347960f4,15,3248,139680.0,{}
1460,00003c59-a9c1-79c1-bb2d-49dc347960f4,15,3248,160535.0,{}
1461,00003c59-a9c1-79c1-bb2d-49dc347960f4,15,3248,160050.0,{}
1462,00003c59-a9c1-79c1-bb2d-49dc347960f4,15,3248,159565.0,{}
1463,00003c59-a9c1-79c1-bb2d-49dc347960f4,15,3248,159565.0,{}
1464,00003c59-a9c1-79c1-bb2d-49dc347960f4,15,3248,157140.0,{}
1465,00003c59-a9c1-79c1-bb2d-49dc347960f4,15,3248,171690.0,{}
1466,00003c59-a9c1-79c1-bb2d-49dc347960f4,15,3248,173145.0,{}
1467,00003c59-a9c1-79c1-bb2d-49dc347960f4,15,3248,188180.0,{}
1468,00003c59-a9c1-79c1-bb2d-49dc347960f4,15,3248,173630.0,{}
1469,00003c59-a9c1-79c1-bb2d-49dc347960f4,15,3248,172660.0,{}
1470,00003c59-a9c1-79c1-bb2d-49dc347960f4,15,3280,1290.0,{}
1471,00003c59-a9c1-79c1-bb2d-49dc347960f4,15,3280,1317.0,{}
1472,00003c59-a9c1-79c1-bb2d-49dc347960f4,15,3280,1248.0,{}
1473,00003c59-a9c1-79c1-bb2d-49dc347960f4,15,3280,1224.0,{}
1474,00003c59-a9c1-79c1-bb2d-49dc347960f4,15,3280,1251.0,{}
1475,00003c59-a9c1-79c1-bb2d-49dc347960f4,15,3280,771.0,{}
1476,00003c59-a9c1-79c1-bb2d-49dc347960f4,15,3280,771.0,{}
1477,00003c59-a9c1-79c1-bb2d-49dc347960f4,15,3280,768.0,{}
1478,00003c59-a9c1-79c1-bb2d-49dc347960f4,15,3280,864.0,{}
1479,00003c59-a9c1-79c1-bb2d-49dc347960f4,15,3280,864.0,{}
1480,00003c59-a9c1-79c1-bb2d-49dc347960f4,15,3280,993.0,{}
1481,00003c59-a9c1-79c1-bb2d-49dc347960f4,15,3280,990.0,{}
1482,00003c59-a9c1-79c1-bb2d-49dc347960f4,15,3280,987.0,{}
1483,00003c59-a9c1-79c1-bb2d-49dc347960f4,15,3280,987.0,{}
1484,00003c59-a9c1-79c1-bb2d-49dc347960f4,15,3280,972.0,{}
1485,00003c59-a9c1-79c1-bb2d-49dc347960f4,15,3280,1062.0,{}
1486,00003c59-a9c1-79c1-bb2d-49dc347960f4,15,3280,1071.0,{}
1487,00003c59-a9c1-79c1-bb2d-49dc347960f4,15,3280,1164.0,{}
1488,00003c59-a9c1-79c1-bb2d-49dc347960f4,15,3280,1074.0,{}
1489,00003c59-a9c1-79c1-bb2d-49dc347960f4,15,3280,1068.0,{}
1490,00003c59-a9c1-79c1-bb2d-49dc347960f4,15,3298,0.0,{}
1491,00003c59-a9c1-79c1-bb2d-49dc347960f4,15,3298,0.0,{}
1492,00003c59-a9c1-79c1-bb2d-49dc347960f4,15,3298,0.0,{}
1493,00003c59-a9c1-79c1-bb2d-49dc347960f4,15,3298,0.0,{}
1494,00003c59-a9c1-79c1-bb2d-49dc347960f4,15,3298,0.0,{}
1495,00003c59-a9c1-79c1-bb2d-49dc347960f4,15,3298,0.0,{}
1496,00003c59-a9c1-79c1-bb2d-49dc347960f4,15,3298,0.0,{}
1497,00003c59-a9c1-79c1-bb2d-49dc347960f4,15,3298,0.0,{}
1498,00003c59-a9c1-79c1-bb2d-49dc347960f4,15,3298,0.0,{}
1499,00003c59-a9c1-79c1-bb2d-49dc347960f4,15,3298,0.0,{}
1500,00003c59-a9c1-79c1-bb2d-49dc347960f4,15,3298,0.0,{}
1501,00003c59-a9c1-79c1-bb2d-49dc347960f4,15,3298,0.0,{}
1502,00003c59-a9c1-79c1-bb2d-49dc347960f4,15,3298,0.0,{}
1503,00003c59-a9c1-79c1-bb2d-49dc347960f4,15,3298,0.0,{}
1504,00003c59-a9c1-79c1-bb2d-49dc347960f4,15,3298,0.0,{}
1505,00003c59-a9c1-79c1-bb2d-49dc347960f4,15,3298,0.0,{}
1506,00003c59-a9c1-79c1-bb2d-49dc347960f4,15,3298,0.0,{}
1507,00003c59-a9c1-79c1-bb2d-49dc347960f4,15,3298,0.0,{}
1508,00003c59-a9c1-79c1-bb2d-49dc347960f4,15,3298,0.0,{}
1509,00003c59-a9c1-79c1-bb2d-49dc347960f4,15,3298,0.0,{}
1510,00003c59-a9c1-79c1-bb2d-49dc347960f4,15,3334,10751290.0,{}
1511,00003c59-a9c1-79c1-bb2d-49dc347960f4,15,3334,10976317.0,{}
1512,00003c59-a9c1-79c1-bb2d-49dc347960f4,15,3334,10401248.0,{}
1513,00003c59-a9c1-79c1-bb2d-49dc347960f4,15,3334,10201224.0,{}
1514,00003c59-a9c1-79c1-bb2d-49dc347960f4,15,3334,10426251.0,{}
1515,00003c59-a9c1-79c1-bb2d-49dc347960f4,15,3334,6425771.0,{}
1516,00003c59-a9c1-79c1-bb2d-49dc347960f4,15,3334,6425771.0,{}
1517,00003c59-a9c1-79c1-bb2d-49dc347960f4,15,3334,6400768.0,{}
1518,00003c59-a9c1-79c1-bb2d-49dc347960f4,15,3334,7200864.0,{}
1519,00003c59-a9c1-79c1-bb2d-49dc347960f4,15,3334,7200864.0,{}
1520,00003c59-a9c1-79c1-bb2d-49dc347960f4,15,3334,8275993.0,{}
1521,00003c59-a9c1-79c1-bb2d-49dc347960f4,15,3334,8250990.0,{}
1522,00003c59-a9c1-79c1-bb2d-49dc347960f4,15,3334,8225987.0,{}
1523,00003c59-a9c1-79c1-bb2d-49dc347960f4,15,3334,8225987.0,{}
1524,00003c59-a9c1-79c1-bb2d-49dc347960f4,15,3334,8100972.0,{}
1525,00003c59-a9c1-79c1-bb2d-49dc347960f4,15,3334,8851062.0,{}
1526,00003c59-a9c1-79c1-bb2d-49dc347960f4,15,3334,8926071.0,{}
1527,00003c59-a9c1-79c1-bb2d-49dc347960f4,15,3334,9701164.0,{}
1528,00003c59-a9c1-79c1-bb2d-49dc347960f4,15,3334,8951074.0,{}
1529,00003c59-a9c1-79c1-bb2d-49dc347960f4,15,3334,8901068.0,{}
1530,00003c59-a9c1-79c1-bb2d-49dc347960f4,15,5642,25003.0,{}
1531,00003c59-a9c1-79c1-bb2d-49dc347960f4,16,2636,3.0,{}
1532,00003c59-a9c1-79c1-bb2d-49dc347960f4,16,3217,2105344.0,{}
1533,00003c59-a9c1-79c1-bb2d-49dc347960f4,16,3217,2105344.0,{}
1534,00003c59-a9c1-79c1-bb2d-49dc347960f4,16,3217,2105344.0,{}
1535,00003c59-a9c1-79c1-bb2d-49dc347960f4,16,3217,2105344.0,{}
1536,00003c59-a9c1-79c1-bb2d-49dc347960f4,16,3217,2105344.0,{}
1537,00003c59-a9c1-79c1-bb2d-49dc347960f4,16,3217,3503424.0,{}
1538,00003c59-a9c1-79c1-bb2d-49dc347960f4,16,3217,3684352.0,{}
1539,00003c59-a9c1-79c1-bb2d-49dc347960f4,16,3217,3528096.0,{}
1540,00003c59-a9c1-79c1-bb2d-49dc347960f4,16,3217,3684352.0,{}
1541,00003c59-a9c1-79c1-bb2d-49dc347960f4,16,3217,3495200.0,{}
1542,00003c59-a9c1-79c1-bb2d-49dc347960f4,16,3217,2541216.0,{}
1543,00003c59-a9c1-79c1-bb2d-49dc347960f4,16,3217,2500096.0,{}
1544,00003c59-a9c1-79c1-bb2d-49dc347960f4,16,3217,2582336.0,{}
1545,00003c59-a9c1-79c1-bb2d-49dc347960f4,16,3217,2565888.0,{}
1546,00003c59-a9c1-79c1-bb2d-49dc347960f4,16,3217,2549440.0,{}
1547,00003c59-a9c1-79c1-bb2d-49dc347960f4,16,3217,3232032.0,{}
1548,00003c59-a9c1-79c1-bb2d-49dc347960f4,16,3217,3199136.0,{}
1549,00003c59-a9c1-79c1-bb2d-49dc347960f4,16,3217,3084000.0,{}
1550,00003c59-a9c1-79c1-bb2d-49dc347960f4,16,3217,3084000.0,{}
1551,00003c59-a9c1-79c1-bb2d-49dc347960f4,16,3217,3084000.0,{}
1552,00003c59-a9c1-79c1-bb2d-49dc347960f4,16,3248,124160.0,{}
1553,00003c59-a9c1-79c1-bb2d-49dc347960f4,16,3248,124160.0,{}
1554,00003c59-a9c1-79c1-bb2d-49dc347960f4,16,3248,124160.0,{}
1555,00003c59-a9c1-79c1-bb2d-49dc347960f4,16,3248,124160.0,{}
1556,00003c59-a9c1-79c1-bb2d-49dc347960f4,16,3248,124160.0,{}
1557,00003c59-a9c1-79c1-bb2d-49dc347960f4,16,3248,206610.0,{}
1558,00003c59-a9c1-79c1-bb2d-49dc347960f4,16,3248,217280.0,{}
1559,00003c59-a9c1-79c1-bb2d-49dc347960f4,16,3248,208065.0,{}
1560,00003c59-a9c1-79c1-bb2d-49dc347960f4,16,3248,217280.0,{}
1561,00003c59-a9c1-79c1-bb2d-49dc347960f4,16,3248,206125.0,{}
1562,00003c59-a9c1-79c1-bb2d-49dc347960f4,16,3248,149865.0,{}
1563,00003c59-a9c1-79c1-bb2d-49dc347960f4,16,3248,147440.0,{}
1564,00003c59-a9c1-79c1-bb2d-49dc347960f4,16,3248,152290.0,{}
1565,00003c59-a9c1-79c1-bb2d-49dc347960f4,16,3248,151320.0,{}
1566,00003c59-a9c1-79c1-bb2d-49dc347960f4,16,3248,150350.0,{}
1567,00003c59-a9c1-79c1-bb2d-49dc347960f4,16,3248,190605.0,{}
1568,00003c59-a9c1-79c1-bb2d-49dc347960f4,16,3248,188665.0,{}
1569,00003c59-a9c1-79c1-bb2d-49dc347960f4,16,3248,181875.0,{}
1570,00003c59-a9c1-79c1-bb2d-49dc347960f4,16,3248,181875.0,{}
1571,00003c59-a9c1-79c1-bb2d-49dc347960f4,16,3248,181875.0,{}
1572,00003c59-a9c1-79c1-bb2d-49dc347960f4,16,3280,768.0,{}
1573,00003c59-a9c1-79c1-bb2d-49dc347960f4,16,3280,768.0,{}
1574,00003c59-a9c1-79c1-bb2d-49dc347960f4,16,3280,768.0,{}
1575,00003c59-a9c1-79c1-bb2d-49dc347960f4,16,3280,768.0,{}
1576,00003c59-a9c1-79c1-bb2d-49dc347960f4,16,3280,768.0,{}
1577,00003c59-a9c1-79c1-bb2d-49dc347960f4,16,3280,1278.0,{}
1578,00003c59-a9c1-79c1-bb2d-49dc347960f4,16,3280,1344.0,{}
1579,00003c59-a9c1-79c1-bb2d-49dc347960f4,16,3280,1287.0,{}
1580,00003c59-a9c1-79c1-bb2d-49dc347960f4,16,3280,1344.0,{}
1581,00003c59-a9c1-79c1-bb2d-49dc347960f4,16,3280,1275.0,{}
1582,00003c59-a9c1-79c1-bb2d-49dc347960f4,16,3280,927.0,{}
1583,00003c59-a9c1-79c1-bb2d-49dc347960f4,16,3280,912.0,{}
1584,00003c59-a9c1-79c1-bb2d-49dc347960f4,16,3280,942.0,{}
1585,00003c59-a9c1-79c1-bb2d-49dc347960f4,16,3280,936.0,{}
1586,00003c59-a9c1-79c1-bb2d-49dc347960f4,16,3280,930.0,{}
1587,00003c59-a9c1-79c1-bb2d-49dc347960f4,16,3280,1179.0,{}
1588,00003c59-a9c1-79c1-bb2d-49dc347960f4,16,3280,1167.0,{}
1589,00003c59-a9c1-79c1-bb2d-49dc347960f4,16,3280,1125.0,{}
1590,00003c59-a9c1-79c1-bb2d-49dc347960f4,16,3280,1125.0,{}
1591,00003c59-a9c1-79c1-bb2d-49dc347960f4,16,3280,1125.0,{}
1592,00003c59-a9c1-79c1-bb2d-49dc347960f4,16,3298,0.0,{}
1593,00003c59-a9c1-79c1-bb2d-49dc347960f4,16,3298,0.0,{}
1594,00003c59-a9c1-79c1-bb2d-49dc347960f4,16,3298,0.0,{}
1595,00003c59-a9c1-79c1-bb2d-49dc347960f4,16,3298,0.0,{}
1596,00003c59-a9c1-79c1-bb2d-49dc347960f4,16,3298,0.0,{}
1597,00003c59-a9c1-79c1-bb2d-49dc347960f4,16,3298,0.0,{}
1598,00003c59-a9c1-79c1-bb2d-49dc347960f4,16,3298,0.0,{}
1599,00003c59-a9c1-79c1-bb2d-49dc347960f4,16,3298,0.0,{}
1600,00003c59-a9c1-79c1-bb2d-49dc347960f4,16,3298,0.0,{}
1601,00003c59-a9c1-79c1-bb2d-49dc347960f4,16,3298,0.0,{}
1602,00003c59-a9c1-79c1-bb2d-49dc347960f4,16,3298,0.0,{}
1603,00003c59-a9c1-79c1-bb2d-49dc347960f4,16,3298,0.0,{}
1604,00003c59-a9c1-79c1-bb2d-49dc347960f4,16,3298,0.0,{}
1605,00003c59-a9c1-79c1-bb2d-49dc347960f4,16,3298,0.0,{}
1606,00003c59-a9c1-79c1-bb2d-49dc347960f4,16,3298,0.0,{}
1607,00003c59-a9c1-79c1-bb2d-49dc347960f4,16,3298,0.0,{}
1608,00003c59-a9c1-79c1-bb2d-49dc347960f4,16,3298,0.0,{}
1609,00003c59-a9c1-79c1-bb2d-49dc347960f4,16,3298,0.0,{}
1610,00003c59-a9c1-79c1-bb2d-49dc347960f4,16,3298,0.0,{}
1611,00003c59-a9c1-79c1-bb2d-49dc347960f4,16,3298,0.0,{}
1612,00003c59-a9c1-79c1-bb2d-49dc347960f4,16,3334,6400768.0,{}
1613,00003c59-a9c1-79c1-bb2d-49dc347960f4,16,3334,6400768.0,{}
1614,00003c59-a9c1-79c1-bb2d-49dc347960f4,16,3334,6400768.0,{}
1615,00003c59-a9c1-79c1-bb2d-49dc347960f4,16,3334,6400768.0,{}
1616,00003c59-a9c1-79c1-bb2d-49dc347960f4,16,3334,6400768.0,{}
1617,00003c59-a9c1-79c1-bb2d-49dc347960f4,16,3334,10651278.0,{}
1618,00003c59-a9c1-79c1-bb2d-49dc347960f4,16,3334,11201344.0,{}
1619,00003c59-a9c1-79c1-bb2d-49dc347960f4,16,3334,10726287.0,{}
1620,00003c59-a9c1-79c1-bb2d-49dc347960f4,16,3334,11201344.0,{}
1621,00003c59-a9c1-79c1-bb2d-49dc347960f4,16,3334,10626275.0,{}
1622,00003c59-a9c1-79c1-bb2d-49dc347960f4,16,3334,7725927.0,{}
1623,00003c59-a9c1-79c1-bb2d-49dc347960f4,16,3334,7600912.0,{}
1624,00003c59-a9c1-79c1-bb2d-49dc347960f4,16,3334,7850942.0,{}
1625,00003c59-a9c1-79c1-bb2d-49dc347960f4,16,3334,7800936.0,{}
1626,00003c59-a9c1-79c1-bb2d-49dc347960f4,16,3334,7750930.0,{}
1627,00003c59-a9c1-79c1-bb2d-49dc347960f4,16,3334,9826179.0,{}
1628,00003c59-a9c1-79c1-bb2d-49dc347960f4,16,3334,9726167.0,{}
1629,00003c59-a9c1-79c1-bb2d-49dc347960f4,16,3334,9376125.0,{}
1630,00003c59-a9c1-79c1-bb2d-49dc347960f4,16,3334,9376125.0,{}
1631,00003c59-a9c1-79c1-bb2d-49dc347960f4,16,3334,9376125.0,{}
1632,00003c59-a9c1-79c1-bb2d-49dc347960f4,16,5642,25003.0,{}
1633,00003c59-a9c1-79c1-bb2d-49dc347960f4,17,2636,12.8,{}
1634,00003c59-a9c1-79c1-bb2d-49dc347960f4,17,3217,0.0,{}
1635,00003c59-a9c1-79c1-bb2d-49dc347960f4,17,3217,0.0,{}
1636,00003c59-a9c1-79c1-bb2d-49dc347960f4,17,3217,0.0,{}
1637,00003c59-a9c1-79c1-bb2d-49dc347960f4,17,3217,0.0,{}
1638,00003c59-a9c1-79c1-bb2d-49dc347960f4,17,3217,0.0,{}
1639,00003c59-a9c1-79c1-bb2d-49dc347960f4,17,3217,0.0,{}
1640,00003c59-a9c1-79c1-bb2d-49dc347960f4,17,3217,0.0,{}
1641,00003c59-a9c1-79c1-bb2d-49dc347960f4,17,3217,0.0,{}
1642,00003c59-a9c1-79c1-bb2d-49dc347960f4,17,3217,0.0,{}
1643,00003c59-a9c1-79c1-bb2d-49dc347960f4,17,3217,0.0,{}
1644,00003c59-a9c1-79c1-bb2d-49dc347960f4,17,3217,0.0,{}
1645,00003c59-a9c1-79c1-bb2d-49dc347960f4,17,3217,0.0,{}
1646,00003c59-a9c1-79c1-bb2d-49dc347960f4,17,3217,0.0,{}
1647,00003c59-a9c1-79c1-bb2d-49dc347960f4,17,3217,0.0,{}
1648,00003c59-a9c1-79c1-bb2d-49dc347960f4,17,3217,0.0,{}
1649,00003c59-a9c1-79c1-bb2d-49dc347960f4,17,3217,0.0,{}
1650,00003c59-a9c1-79c1-bb2d-49dc347960f4,17,3217,0.0,{}
1651,00003c59-a9c1-79c1-bb2d-49dc347960f4,17,3217,0.0,{}
1652,00003c59-a9c1-79c1-bb2d-49dc347960f4,17,3217,0.0,{}
1653,00003c59-a9c1-79c1-bb2d-49dc347960f4,17,3217,0.0,{}
1654,00003c59-a9c1-79c1-bb2d-49dc347960f4,17,3248,1064.0,{}
1655,00003c59-a9c1-79c1-bb2d-49dc347960f4,17,3248,1152.0,{}
1656,00003c59-a9c1-79c1-bb2d-49dc347960f4,17,3248,1152.0,{}
1657,00003c59-a9c1-79c1-bb2d-49dc347960f4,17,3248,1152.0,{}
1658,00003c59-a9c1-79c1-bb2d-49dc347960f4,17,3248,1152.0,{}
1659,00003c59-a9c1-79c1-bb2d-49dc347960f4,17,3248,1152.0,{}
1660,00003c59-a9c1-79c1-bb2d-49dc347960f4,17,3248,1152.0,{}
1661,00003c59-a9c1-79c1-bb2d-49dc347960f4,17,3248,1152.0,{}
1662,00003c59-a9c1-79c1-bb2d-49dc347960f4,17,3248,1152.0,{}
1663,00003c59-a9c1-79c1-bb2d-49dc347960f4,17,3248,1064.0,{}
1664,00003c59-a9c1-79c1-bb2d-49dc347960f4,17,3248,1064.0,{}
1665,00003c59-a9c1-79c1-bb2d-49dc347960f4,17,3248,1064.0,{}
1666,00003c59-a9c1-79c1-bb2d-49dc347960f4,17,3248,1152.0,{}
1667,00003c59-a9c1-79c1-bb2d-49dc347960f4,17,3248,1152.0,{}
1668,00003c59-a9c1-79c1-bb2d-49dc347960f4,17,3248,1152.0,{}
1669,00003c59-a9c1-79c1-bb2d-49dc347960f4,17,3248,1152.0,{}
1670,00003c59-a9c1-79c1-bb2d-49dc347960f4,17,3248,1152.0,{}
1671,00003c59-a9c1-79c1-bb2d-49dc347960f4,17,3248,1152.0,{}
1672,00003c59-a9c1-79c1-bb2d-49dc347960f4,17,3248,1152.0,{}
1673,00003c59-a9c1-79c1-bb2d-49dc347960f4,17,3248,1152.0,{}
1674,00003c59-a9c1-79c1-bb2d-49dc347960f4,17,3280,96.0,{}
1675,00003c59-a9c1-79c1-bb2d-49dc347960f4,17,3280,104.0,{}
1676,00003c59-a9c1-79c1-bb2d-49dc347960f4,17,3280,104.0,{}
1677,00003c59-a9c1-79c1-bb2d-49dc347960f4,17,3280,104.0,{}
1678,00003c59-a9c1-79c1-bb2d-49dc347960f4,17,3280,104.0,{}
1679,00003c59-a9c1-79c1-bb2d-49dc347960f4,17,3280,104.0,{}
1680,00003c59-a9c1-79c1-bb2d-49dc347960f4,17,3280,104.0,{}
1681,00003c59-a9c1-79c1-bb2d-49dc347960f4,17,3280,104.0,{}
1682,00003c59-a9c1-79c1-bb2d-49dc347960f4,17,3280,104.0,{}
1683,00003c59-a9c1-79c1-bb2d-49dc347960f4,17,3280,96.0,{}
1684,00003c59-a9c1-79c1-bb2d-49dc347960f4,17,3280,96.0,{}
1685,00003c59-a9c1-79c1-bb2d-49dc347960f4,17,3280,96.0,{}
1686,00003c59-a9c1-79c1-bb2d-49dc347960f4,17,3280,104.0,{}
1687,00003c59-a9c1-79c1-bb2d-49dc347960f4,17,3280,104.0,{}
1688,00003c59-a9c1-79c1-bb2d-49dc347960f4,17,3280,104.0,{}
1689,00003c59-a9c1-79c1-bb2d-49dc347960f4,17,3280,104.0,{}
1690,00003c59-a9c1-79c1-bb2d-49dc347960f4,17,3280,104.0,{}
1691,00003c59-a9c1-79c1-bb2d-49dc347960f4,17,3280,104.0,{}
1692,00003c59-a9c1-79c1-bb2d-49dc347960f4,17,3280,104.0,{}
1693,00003c59-a9c1-79c1-bb2d-49dc347960f4,17,3280,104.0,{}
1694,00003c59-a9c1-79c1-bb2d-49dc347960f4,17,3298,0.0,{}
1695,00003c59-a9c1-79c1-bb2d-49dc347960f4,17,3298,0.0,{}
1696,00003c59-a9c1-79c1-bb2d-49dc347960f4,17,3298,0.0,{}
1697,00003c59-a9c1-79c1-bb2d-49dc347960f4,17,3298,0.0,{}
1698,00003c59-a9c1-79c1-bb2d-49dc347960f4,17,3298,0.0,{}
1699,00003c59-a9c1-79c1-bb2d-49dc347960f4,17,3298,0.0,{}
1700,00003c59-a9c1-79c1-bb2d-49dc347960f4,17,3298,0.0,{}
1701,00003c59-a9c1-79c1-bb2d-49dc347960f4,17,3298,0.0,{}
1702,00003c59-a9c1-79c1-bb2d-49dc347960f4,17,3298,0.0,{}
1703,00003c59-a9c1-79c1-bb2d-49dc347960f4,17,3298,0.0,{}
1704,00003c59-a9c1-79c1-bb2d-49dc347960f4,17,3298,0.0,{}
1705,00003c59-a9c1-79c1-bb2d-49dc347960f4,17,3298,0.0,{}
1706,00003c59-a9c1-79c1-bb2d-49dc347960f4,17,3298,0.0,{}
1707,00003c59-a9c1-79c1-bb2d-49dc347960f4,17,3298,0.0,{}
1708,00003c59-a9c1-79c1-bb2d-49dc347960f4,17,3298,0.0,{}
1709,00003c59-a9c1-79c1-bb2d-49dc347960f4,17,3298,0.0,{}
1710,00003c59-a9c1-79c1-bb2d-49dc347960f4,17,3298,0.0,{}
1711,00003c59-a9c1-79c1-bb2d-49dc347960f4,17,3298,0.0,{}
1712,00003c59-a9c1-79c1-bb2d-49dc347960f4,17,3298,0.0,{}
1713,00003c59-a9c1-79c1-bb2d-49dc347960f4,17,3298,0.0,{}
1714,00003c59-a9c1-79c1-bb2d-49dc347960f4,17,3334,608.0,{}
1715,00003c59-a9c1-79c1-bb2d-49dc347960f4,17,3334,664.0,{}
1716,00003c59-a9c1-79c1-bb2d-49dc347960f4,17,3334,664.0,{}
1717,00003c59-a9c1-79c1-bb2d-49dc347960f4,17,3334,664.0,{}
1718,00003c59-a9c1-79c1-bb2d-49dc347960f4,17,3334,664.0,{}
1719,00003c59-a9c1-79c1-bb2d-49dc347960f4,17,3334,664.0,{}
1720,00003c59-a9c1-79c1-bb2d-49dc347960f4,17,3334,664.0,{}
1721,00003c59-a9c1-79c1-bb2d-49dc347960f4,17,3334,664.0,{}
1722,00003c59-a9c1-79c1-bb2d-49dc347960f4,17,3334,664.0,{}
1723,00003c59-a9c1-79c1-bb2d-49dc347960f4,17,3334,608.0,{}
1724,00003c59-a9c1-79c1-bb2d-49dc347960f4,17,3334,608.0,{}
1725,00003c59-a9c1-79c1-bb2d-49dc347960f4,17,3334,608.0,{}
1726,00003c59-a9c1-79c1-bb2d-49dc347960f4,17,3334,664.0,{}
1727,00003c59-a9c1-79c1-bb2d-49dc347960f4,17,3334,664.0,{}
1728,00003c59-a9c1-79c1-bb2d-49dc347960f4,17,3334,664.0,{}
1729,00003c59-a9c1-79c1-bb2d-49dc347960f4,17,3334,664.0,{}
1730,00003c59-a9c1-79c1-bb2d-49dc347960f4,17,3334,664.0,{}
1731,00003c59-a9c1-79c1-bb2d-49dc347960f4,17,3334,664.0,{}
1732,00003c59-a9c1-79c1-bb2d-49dc347960f4,17,3334,664.0,{}
1733,00003c59-a9c1-79c1-bb2d-49dc347960f4,17,3334,664.0,{}
1734,00003c59-a9c1-79c1-bb2d-49dc347960f4,17,5642,81.6,{}
1735,00003c59-a9c1-79c1-bb2d-49dc347960f4,18,2636,12.8,{}
1736,00003c59-a9c1-79c1-bb2d-49dc347960f4,18,3217,0.0,{}
1737,00003c59-a9c1-79c1-bb2d-49dc347960f4,18,3217,0.0,{}
1738,00003c59-a9c1-79c1-bb2d-49dc347960f4,18,3217,0.0,{}
1739,00003c59-a9c1-79c1-bb2d-49dc347960f4,18,3217,0.0,{}
1740,00003c59-a9c1-79c1-bb2d-49dc347960f4,18,3217,0.0,{}
1741,00003c59-a9c1-79c1-bb2d-49dc347960f4,18,3217,0.0,{}
1742,00003c59-a9c1-79c1-bb2d-49dc347960f4,18,3217,0.0,{}
1743,00003c59-a9c1-79c1-bb2d-49dc347960f4,18,3217,0.0,{}
1744,00003c59-a9c1-79c1-bb2d-49dc347960f4,18,3217,0.0,{}
1745,00003c59-a9c1-79c1-bb2d-49dc347960f4,18,3217,0.0,{}
1746,00003c59-a9c1-79c1-bb2d-49dc347960f4,18,3217,0.0,{}
1747,00003c59-a9c1-79c1-bb2d-49dc347960f4,18,3217,0.0,{}
1748,00003c59-a9c1-79c1-bb2d-49dc347960f4,18,3217,0.0,{}
1749,00003c59-a9c1-79c1-bb2d-49dc347960f4,18,3217,0.0,{}
1750,00003c59-a9c1-79c1-bb2d-49dc347960f4,18,3217,0.0,{}
1751,00003c59-a9c1-79c1-bb2d-49dc347960f4,18,3217,0.0,{}
1752,00003c59-a9c1-79c1-bb2d-49dc347960f4,18,3217,0.0,{}
1753,00003c59-a9c1-79c1-bb2d-49dc347960f4,18,3217,0.0,{}
1754,00003c59-a9c1-79c1-bb2d-49dc347960f4,18,3217,0.0,{}
1755,00003c59-a9c1-79c1-bb2d-49dc347960f4,18,3217,0.0,{}
1756,00003c59-a9c1-79c1-bb2d-49dc347960f4,18,3248,1064.0,{}
1757,00003c59-a9c1-79c1-bb2d-49dc347960f4,18,3248,1152.0,{}
1758,00003c59-a9c1-79c1-bb2d-49dc347960f4,18,3248,1152.0,{}
1759,00003c59-a9c1-79c1-bb2d-49dc347960f4,18,3248,1152.0,{}
1760,00003c59-a9c1-79c1-bb2d-49dc347960f4,18,3248,1152.0,{}
1761,00003c59-a9c1-79c1-bb2d-49dc347960f4,18,3248,1152.0,{}
1762,00003c59-a9c1-79c1-bb2d-49dc347960f4,18,3248,1152.0,{}
1763,00003c59-a9c1-79c1-bb2d-49dc347960f4,18,3248,1152.0,{}
1764,00003c59-a9c1-79c1-bb2d-49dc347960f4,18,3248,1152.0,{}
1765,00003c59-a9c1-79c1-bb2d-49dc347960f4,18,3248,1064.0,{}
1766,00003c59-a9c1-79c1-bb2d-49dc347960f4,18,3248,1064.0,{}
1767,00003c59-a9c1-79c1-bb2d-49dc347960f4,18,3248,1064.0,{}
1768,00003c59-a9c1-79c1-bb2d-49dc347960f4,18,3248,1152.0,{}
1769,00003c59-a9c1-79c1-bb2d-49dc347960f4,18,3248,1152.0,{}
1770,00003c59-a9c1-79c1-bb2d-49dc347960f4,18,3248,1152.0,{}
1771,00003c59-a9c1-79c1-bb2d-49dc347960f4,18,3248,1152.0,{}
1772,00003c59-a9c1-79c1-bb2d-49dc347960f4,18,3248,1152.0,{}
1773,00003c59-a9c1-79c1-bb2d-49dc347960f4,18,3248,1152.0,{}
1774,00003c59-a9c1-79c1-bb2d-49dc347960f4,18,3248,1152.0,{}
1775,00003c59-a9c1-79c1-bb2d-49dc347960f4,18,3248,1152.0,{}
1776,00003c59-a9c1-79c1-bb2d-49dc347960f4,18,3280,96.0,{}
1777,00003c59-a9c1-79c1-bb2d-49dc347960f4,18,3280,104.0,{}
1778,00003c59-a9c1-79c1-bb2d-49dc347960f4,18,3280,104.0,{}
1779,00003c59-a9c1-79c1-bb2d-49dc347960f4,18,3280,104.0,{}
1780,00003c59-a9c1-79c1-bb2d-49dc347960f4,18,3280,104.0,{}
1781,00003c59-a9c1-79c1-bb2d-49dc347960f4,18,3280,104.0,{}
1782,00003c59-a9c1-79c1-bb2d-49dc347960f4,18,3280,104.0,{}
1783,00003c59-a9c1-79c1-bb2d-49dc347960f4,18,3280,104.0,{}
1784,00003c59-a9c1-79c1-bb2d-49dc347960f4,18,3280,104.0,{}
1785,00003c59-a9c1-79c1-bb2d-49dc347960f4,18,3280,96.0,{}
1786,00003c59-a9c1-79c1-bb2d-49dc347960f4,18,3280,96.0,{}
1787,00003c59-a9c1-79c1-bb2d-49dc347960f4,18,3280,96.0,{}
1788,00003c59-a9c1-79c1-bb2d-49dc347960f4,18,3280,104.0,{}
1789,00003c59-a9c1-79c1-bb2d-49dc347960f4,18,3280,104.0,{}
1790,00003c59-a9c1-79c1-bb2d-49dc347960f4,18,3280,104.0,{}
1791,00003c59-a9c1-79c1-bb2d-49dc347960f4,18,3280,104.0,{}
1792,00003c59-a9c1-79c1-bb2d-49dc347960f4,18,3280,104.0,{}
1793,00003c59-a9c1-79c1-bb2d-49dc347960f4,18,3280,104.0,{}
1794,00003c59-a9c1-79c1-bb2d-49dc347960f4,18,3280,104.0,{}
1795,00003c59-a9c1-79c1-bb2d-49dc347960f4,18,3280,104.0,{}
1796,00003c59-a9c1-79c1-bb2d-49dc347960f4,18,3298,0.0,{}
1797,00003c59-a9c1-79c1-bb2d-49dc347960f4,18,3298,0.0,{}
1798,00003c59-a9c1-79c1-bb2d-49dc347960f4,18,3298,0.0,{}
1799,00003c59-a9c1-79c1-bb2d-49dc347960f4,18,3298,0.0,{}
1800,00003c59-a9c1-79c1-bb2d-49dc347960f4,18,3298,0.0,{}
1801,00003c59-a9c1-79c1-bb2d-49dc347960f4,18,3298,0.0,{}
1802,00003c59-a9c1-79c1-bb2d-49dc347960f4,18,3298,0.0,{}
1803,00003c59-a9c1-79c1-bb2d-49dc347960f4,18,3298,0.0,{}
1804,00003c59-a9c1-79c1-bb2d-49dc347960f4,18,3298,0.0,{}
1805,00003c59-a9c1-79c1-bb2d-49dc347960f4,18,3298,0.0,{}
1806,00003c59-a9c1-79c1-bb2d-49dc347960f4,18,3298,0.0,{}
1807,00003c59-a9c1-79c1-bb2d-49dc347960f4,18,3298,0.0,{}
1808,00003c59-a9c1-79c1-bb2d-49dc347960f4,18,3298,0.0,{}
1809,00003c59-a9c1-79c1-bb2d-49dc347960f4,18,3298,0.0,{}
1810,00003c59-a9c1-79c1-bb2d-49dc347960f4,18,3298,0.0,{}
1811,00003c59-a9c1-79c1-bb2d-49dc347960f4,18,3298,0.0,{}
1812,00003c59-a9c1-79c1-bb2d-49dc347960f4,18,3298,0.0,{}
1813,00003c59-a9c1-79c1-bb2d-49dc347960f4,18,3298,0.0,{}
1814,00003c59-a9c1-79c1-bb2d-49dc347960f4,18,3298,0.0,{}
1815,00003c59-a9c1-79c1-bb2d-49dc347960f4,18,3298,0.0,{}
1816,00003c59-a9c1-79c1-bb2d-49dc347960f4,18,3334,608.0,{}
1817,00003c59-a9c1-79c1-bb2d-49dc347960f4,18,3334,664.0,{}
1818,00003c59-a9c1-79c1-bb2d-49dc347960f4,18,3334,664.0,{}
1819,00003c59-a9c1-79c1-bb2d-49dc347960f4,18,3334,664.0,{}
1820,00003c59-a9c1-79c1-bb2d-49dc347960f4,18,3334,664.0,{}
1821,00003c59-a9c1-79c1-bb2d-49dc347960f4,18,3334,664.0,{}
1822,00003c59-a9c1-79c1-bb2d-49dc347960f4,18,3334,664.0,{}
1823,00003c59-a9c1-79c1-bb2d-49dc347960f4,18,3334,664.0,{}
1824,00003c59-a9c1-79c1-bb2d-49dc347960f4,18,3334,664.0,{}
1825,00003c59-a9c1-79c1-bb2d-49dc347960f4,18,3334,608.0,{}
1826,00003c59-a9c1-79c1-bb2d-49dc347960f4,18,3334,608.0,{}
1827,00003c59-a9c1-79c1-bb2d-49dc347960f4,18,3334,608.0,{}
1828,00003c59-a9c1-79c1-bb2d-49dc347960f4,18,3334,664.0,{}
1829,00003c59-a9c1-79c1-bb2d-49dc347960f4,18,3334,664.0,{}
1830,00003c59-a9c1-79c1-bb2d-49dc347960f4,18,3334,664.0,{}
1831,00003c59-a9c1-79c1-bb2d-49dc347960f4,18,3334,664.0,{}
1832,00003c59-a9c1-79c1-bb2d-49dc347960f4,18,3334,664.0,{}
1833,00003c59-a9c1-79c1-bb2d-49dc347960f4,18,3334,664.0,{}
1834,00003c59-a9c1-79c1-bb2d-49dc347960f4,18,3334,664.0,{}
1835,00003c59-a9c1-79c1-bb2d-49dc347960f4,18,3334,664.0,{}
1836,00003c59-a9c1-79c1-bb2d-49dc347960f4,18,5642,81.6,{}
1837,00003c59-a9c1-79c1-bb2d-49dc347960f4,19,2636,2.0,{}
1838,00003c59-a9c1-79c1-bb2d-49dc347960f4,19,3217,0.0,{}
1839,00003c59-a9c1-79c1-bb2d-49dc347960f4,19,3217,0.0,{}
1840,00003c59-a9c1-79c1-bb2d-49dc347960f4,19,3217,0.0,{}
1841,00003c59-a9c1-79c1-bb2d-49dc347960f4,19,3217,0.0,{}
1842,00003c59-a9c1-79c1-bb2d-49dc347960f4,19,3217,0.0,{}
1843,00003c59-a9c1-79c1-bb2d-49dc347960f4,19,3217,0.0,{}
1844,00003c59-a9c1-79c1-bb2d-49dc347960f4,19,3217,0.0,{}
1845,00003c59-a9c1-79c1-bb2d-49dc347960f4,19,3217,0.0,{}
1846,00003c59-a9c1-79c1-bb2d-49dc347960f4,19,3217,0.0,{}
1847,00003c59-a9c1-79c1-bb2d-49dc347960f4,19,3217,0.0,{}
1848,00003c59-a9c1-79c1-bb2d-49dc347960f4,19,3217,0.0,{}
1849,00003c59-a9c1-79c1-bb2d-49dc347960f4,19,3217,0.0,{}
1850,00003c59-a9c1-79c1-bb2d-49dc347960f4,19,3217,0.0,{}
1851,00003c59-a9c1-79c1-bb2d-49dc347960f4,19,3217,0.0,{}
1852,00003c59-a9c1-79c1-bb2d-49dc347960f4,19,3217,0.0,{}
1853,00003c59-a9c1-79c1-bb2d-49dc347960f4,19,3217,0.0,{}
1854,00003c59-a9c1-79c1-bb2d-49dc347960f4,19,3217,0.0,{}
1855,00003c59-a9c1-79c1-bb2d-49dc347960f4,19,3217,0.0,{}
1856,00003c59-a9c1-79c1-bb2d-49dc347960f4,19,3217,0.0,{}
1857,00003c59-a9c1-79c1-bb2d-49dc347960f4,19,3217,0.0,{}
1858,00003c59-a9c1-79c1-bb2d-49dc347960f4,19,3248,840.0,{}
1859,00003c59-a9c1-79c1-bb2d-49dc347960f4,19,3248,832.0,{}
1860,00003c59-a9c1-79c1-bb2d-49dc347960f4,19,3248,824.0,{}
1861,00003c59-a9c1-79c1-bb2d-49dc347960f4,19,3248,816.0,{}
1862,00003c59-a9c1-79c1-bb2d-49dc347960f4,19,3248,784.0,{}
1863,00003c59-a9c1-79c1-bb2d-49dc347960f4,19,3248,840.0,{}
1864,00003c59-a9c1-79c1-bb2d-49dc347960f4,19,3248,840.0,{}
1865,00003c59-a9c1-79c1-bb2d-49dc347960f4,19,3248,824.0,{}
1866,00003c59-a9c1-79c1-bb2d-49dc347960f4,19,3248,808.0,{}
1867,00003c59-a9c1-79c1-bb2d-49dc347960f4,19,3248,784.0,{}
1868,00003c59-a9c1-79c1-bb2d-49dc347960f4,19,3248,840.0,{}
1869,00003c59-a9c1-79c1-bb2d-49dc347960f4,19,3248,832.0,{}
1870,00003c59-a9c1-79c1-bb2d-49dc347960f4,19,3248,832.0,{}
1871,00003c59-a9c1-79c1-bb2d-49dc347960f4,19,3248,824.0,{}
1872,00003c59-a9c1-79c1-bb2d-49dc347960f4,19,3248,792.0,{}
1873,00003c59-a9c1-79c1-bb2d-49dc347960f4,19,3248,816.0,{}
1874,00003c59-a9c1-79c1-bb2d-49dc347960f4,19,3248,832.0,{}
1875,00003c59-a9c1-79c1-bb2d-49dc347960f4,19,3248,832.0,{}
1876,00003c59-a9c1-79c1-bb2d-49dc347960f4,19,3248,808.0,{}
1877,00003c59-a9c1-79c1-bb2d-49dc347960f4,19,3248,784.0,{}
1878,00003c59-a9c1-79c1-bb2d-49dc347960f4,19,3280,1680.0,{}
1879,00003c59-a9c1-79c1-bb2d-49dc347960f4,19,3280,1664.0,{}
1880,00003c59-a9c1-79c1-bb2d-49dc347960f4,19,3280,1648.0,{}
1881,00003c59-a9c1-79c1-bb2d-49dc347960f4,19,3280,1632.0,{}
1882,00003c59-a9c1-79c1-bb2d-49dc347960f4,19,3280,1568.0,{}
1883,00003c59-a9c1-79c1-bb2d-49dc347960f4,19,3280,1680.0,{}
1884,00003c59-a9c1-79c1-bb2d-49dc347960f4,19,3280,1680.0,{}
1885,00003c59-a9c1-79c1-bb2d-49dc347960f4,19,3280,1648.0,{}
1886,00003c59-a9c1-79c1-bb2d-49dc347960f4,19,3280,1616.0,{}
1887,00003c59-a9c1-79c1-bb2d-49dc347960f4,19,3280,1568.0,{}
1888,00003c59-a9c1-79c1-bb2d-49dc347960f4,19,3280,1680.0,{}
1889,00003c59-a9c1-79c1-bb2d-49dc347960f4,19,3280,1664.0,{}
1890,00003c59-a9c1-79c1-bb2d-49dc347960f4,19,3280,1664.0,{}
1891,00003c59-a9c1-79c1-bb2d-49dc347960f4,19,3280,1648.0,{}
1892,00003c59-a9c1-79c1-bb2d-49dc347960f4,19,3280,1584.0,{}
1893,00003c59-a9c1-79c1-bb2d-49dc347960f4,19,3280,1632.0,{}
1894,00003c59-a9c1-79c1-bb2d-49dc347960f4,19,3280,1664.0,{}
1895,00003c59-a9c1-79c1-bb2d-49dc347960f4,19,3280,1664.0,{}
1896,00003c59-a9c1-79c1-bb2d-49dc347960f4,19,3280,1616.0,{}
1897,00003c59-a9c1-79c1-bb2d-49dc347960f4,19,3280,1568.0,{}
1898,00003c59-a9c1-79c1-bb2d-49dc347960f4,19,3298,0.0,{}
1899,00003c59-a9c1-79c1-bb2d-49dc347960f4,19,3298,0.0,{}
1900,00003c59-a9c1-79c1-bb2d-49dc347960f4,19,3298,0.0,{}
1901,00003c59-a9c1-79c1-bb2d-49dc347960f4,19,3298,0.0,{}
1902,00003c59-a9c1-79c1-bb2d-49dc347960f4,19,3298,0.0,{}
1903,00003c59-a9c1-79c1-bb2d-49dc347960f4,19,3298,0.0,{}
1904,00003c59-a9c1-79c1-bb2d-49dc347960f4,19,3298,0.0,{}
1905,00003c59-a9c1-79c1-bb2d-49dc347960f4,19,3298,0.0,{}
1906,00003c59-a9c1-79c1-bb2d-49dc347960f4,19,3298,0.0,{}
1907,00003c59-a9c1-79c1-bb2d-49dc347960f4,19,3298,0.0,{}
1908,00003c59-a9c1-79c1-bb2d-49dc347960f4,19,3298,0.0,{}
1909,00003c59-a9c1-79c1-bb2d-49dc347960f4,19,3298,0.0,{}
1910,00003c59-a9c1-79c1-bb2d-49dc347960f4,19,3298,0.0,{}
1911,00003c59-a9c1-79c1-bb2d-49dc347960f4,19,3298,0.0,{}
1912,00003c59-a9c1-79c1-bb2d-49dc347960f4,19,3298,0.0,{}
1913,00003c59-a9c1-79c1-bb2d-49dc347960f4,19,3298,0.0,{}
1914,00003c59-a9c1-79c1-bb2d-49dc347960f4,19,3298,0.0,{}
1915,00003c59-a9c1-79c1-bb2d-49dc347960f4,19,3298,0.0,{}
1916,00003c59-a9c1-79c1-bb2d-49dc347960f4,19,3298,0.0,{}
1917,00003c59-a9c1-79c1-bb2d-49dc347960f4,19,3298,0.0,{}
1918,00003c59-a9c1-79c1-bb2d-49dc347960f4,19,3334,8400.0,{}
1919,00003c59-a9c1-79c1-bb2d-49dc347960f4,19,3334,8320.0,{}
1920,00003c59-a9c1-79c1-bb2d-49dc347960f4,19,3334,8240.0,{}
1921,00003c59-a9c1-79c1-bb2d-49dc347960f4,19,3334,8160.0,{}
1922,00003c59-a9c1-79c1-bb2d-49dc347960f4,19,3334,7840.0,{}
1923,00003c59-a9c1-79c1-bb2d-49dc347960f4,19,3334,8400.0,{}
1924,00003c59-a9c1-79c1-bb2d-49dc347960f4,19,3334,8400.0,{}
1925,00003c59-a9c1-79c1-bb2d-49dc347960f4,19,3334,8240.0,{}
1926,00003c59-a9c1-79c1-bb2d-49dc347960f4,19,3334,8080.0,{}
1927,00003c59-a9c1-79c1-bb2d-49dc347960f4,19,3334,7840.0,{}
1928,00003c59-a9c1-79c1-bb2d-49dc347960f4,19,3334,8400.0,{}
1929,00003c59-a9c1-79c1-bb2d-49dc347960f4,19,3334,8320.0,{}
1930,00003c59-a9c1-79c1-bb2d-49dc347960f4,19,3334,8320.0,{}
1931,00003c59-a9c1-79c1-bb2d-49dc347960f4,19,3334,8240.0,{}
1932,00003c59-a9c1-79c1-bb2d-49dc347960f4,19,3334,7920.0,{}
1933,00003c59-a9c1-79c1-bb2d-49dc347960f4,19,3334,8160.0,{}
1934,00003c59-a9c1-79c1-bb2d-49dc347960f4,19,3334,8320.0,{}
1935,00003c59-a9c1-79c1-bb2d-49dc347960f4,19,3334,8320.0,{}
1936,00003c59-a9c1-79c1-bb2d-49dc347960f4,19,3334,8080.0,{}
1937,00003c59-a9c1-79c1-bb2d-49dc347960f4,19,3334,7840.0,{}
1938,00003c59-a9c1-79c1-bb2d-49dc347960f4,19,5642,10.0,{}
1939,00003c59-a9c1-79c1-bb2d-49dc347960f4,20,2636,3.0,{}
1940,00003c59-a9c1-79c1-bb2d-49dc347960f4,20,3217,526336.0,{}
1941,00003c59-a9c1-79c1-bb2d-49dc347960f4,20,3217,789504.0,{}
1942,00003c59-a9c1-79c1-bb2d-49dc347960f4,20,3217,526336.0,{}
1943,00003c59-a9c1-79c1-bb2d-49dc347960f4,20,3217,526336.0,{}
1944,00003c59-a9c1-79c1-bb2d-49dc347960f4,20,3217,1052672.0,{}
1945,00003c59-a9c1-79c1-bb2d-49dc347960f4,20,3217,575680.0,{}
1946,00003c59-a9c1-79c1-bb2d-49dc347960f4,20,3217,707264.0,{}
1947,00003c59-a9c1-79c1-bb2d-49dc347960f4,20,3217,559232.0,{}
1948,00003c59-a9c1-79c1-bb2d-49dc347960f4,20,3217,789504.0,{}
1949,00003c59-a9c1-79c1-bb2d-49dc347960f4,20,3217,1052672.0,{}
1950,00003c59-a9c1-79c1-bb2d-49dc347960f4,20,3217,690816.0,{}
1951,00003c59-a9c1-79c1-bb2d-49dc347960f4,20,3217,707264.0,{}
1952,00003c59-a9c1-79c1-bb2d-49dc347960f4,20,3217,583904.0,{}
1953,00003c59-a9c1-79c1-bb2d-49dc347960f4,20,3217,666144.0,{}
1954,00003c59-a9c1-79c1-bb2d-49dc347960f4,20,3217,838848.0,{}
1955,00003c59-a9c1-79c1-bb2d-49dc347960f4,20,3217,633248.0,{}
1956,00003c59-a9c1-79c1-bb2d-49dc347960f4,20,3217,838848.0,{}
1957,00003c59-a9c1-79c1-bb2d-49dc347960f4,20,3217,608576.0,{}
1958,00003c59-a9c1-79c1-bb2d-49dc347960f4,20,3217,871744.0,{}
1959,00003c59-a9c1-79c1-bb2d-49dc347960f4,20,3217,666144.0,{}
1960,00003c59-a9c1-79c1-bb2d-49dc347960f4,20,3248,31040.0,{}
1961,00003c59-a9c1-79c1-bb2d-49dc347960f4,20,3248,46560.0,{}
1962,00003c59-a9c1-79c1-bb2d-49dc347960f4,20,3248,31040.0,{}
1963,00003c59-a9c1-79c1-bb2d-49dc347960f4,20,3248,31040.0,{}
1964,00003c59-a9c1-79c1-bb2d-49dc347960f4,20,3248,62080.0,{}
1965,00003c59-a9c1-79c1-bb2d-49dc347960f4,20,3248,33950.0,{}
1966,00003c59-a9c1-79c1-bb2d-49dc347960f4,20,3248,41710.0,{}
1967,00003c59-a9c1-79c1-bb2d-49dc347960f4,20,3248,32980.0,{}
1968,00003c59-a9c1-79c1-bb2d-49dc347960f4,20,3248,46560.0,{}
1969,00003c59-a9c1-79c1-bb2d-49dc347960f4,20,3248,62080.0,{}
1970,00003c59-a9c1-79c1-bb2d-49dc347960f4,20,3248,40740.0,{}
1971,00003c59-a9c1-79c1-bb2d-49dc347960f4,20,3248,41710.0,{}
1972,00003c59-a9c1-79c1-bb2d-49dc347960f4,20,3248,34435.0,{}
1973,00003c59-a9c1-79c1-bb2d-49dc347960f4,20,3248,39285.0,{}
1974,00003c59-a9c1-79c1-bb2d-49dc347960f4,20,3248,49470.0,{}
1975,00003c59-a9c1-79c1-bb2d-49dc347960f4,20,3248,37345.0,{}
1976,00003c59-a9c1-79c1-bb2d-49dc347960f4,20,3248,49470.0,{}
1977,00003c59-a9c1-79c1-bb2d-49dc347960f4,20,3248,35890.0,{}
1978,00003c59-a9c1-79c1-bb2d-49dc347960f4,20,3248,51410.0,{}
1979,00003c59-a9c1-79c1-bb2d-49dc347960f4,20,3248,39285.0,{}
1980,00003c59-a9c1-79c1-bb2d-49dc347960f4,20,3280,192.0,{}
1981,00003c59-a9c1-79c1-bb2d-49dc347960f4,20,3280,288.0,{}
1982,00003c59-a9c1-79c1-bb2d-49dc347960f4,20,3280,192.0,{}
1983,00003c59-a9c1-79c1-bb2d-49dc347960f4,20,3280,192.0,{}
1984,00003c59-a9c1-79c1-bb2d-49dc347960f4,20,3280,384.0,{}
1985,00003c59-a9c1-79c1-bb2d-49dc347960f4,20,3280,210.0,{}
1986,00003c59-a9c1-79c1-bb2d-49dc347960f4,20,3280,258.0,{}
1987,00003c59-a9c1-79c1-bb2d-49dc347960f4,20,3280,204.0,{}
1988,00003c59-a9c1-79c1-bb2d-49dc347960f4,20,3280,288.0,{}
1989,00003c59-a9c1-79c1-bb2d-49dc347960f4,20,3280,384.0,{}
1990,00003c59-a9c1-79c1-bb2d-49dc347960f4,20,3280,252.0,{}
1991,00003c59-a9c1-79c1-bb2d-49dc347960f4,20,3280,258.0,{}
1992,00003c59-a9c1-79c1-bb2d-49dc347960f4,20,3280,213.0,{}
1993,00003c59-a9c1-79c1-bb2d-49dc347960f4,20,3280,243.0,{}
1994,00003c59-a9c1-79c1-bb2d-49dc347960f4,20,3280,306.0,{}
1995,00003c59-a9c1-79c1-bb2d-49dc347960f4,20,3280,231.0,{}
1996,00003c59-a9c1-79c1-bb2d-49dc347960f4,20,3280,306.0,{}
1997,00003c59-a9c1-79c1-bb2d-49dc347960f4,20,3280,222.0,{}
1998,00003c59-a9c1-79c1-bb2d-49dc347960f4,20,3280,318.0,{}
1999,00003c59-a9c1-79c1-bb2d-49dc347960f4,20,3280,243.0,{}
2000,00003c59-a9c1-79c1-bb2d-49dc347960f4,20,3298,0.0,{}
2001,00003c59-a9c1-79c1-bb2d-49dc347960f4,20,3298,0.0,{}
2002,00003c59-a9c1-79c1-bb2d-49dc347960f4,20,3298,0.0,{}
2003,00003c59-a9c1-79c1-bb2d-49dc347960f4,20,3298,0.0,{}
2004,00003c59-a9c1-79c1-bb2d-49dc347960f4,20,3298,0.0,{}
2005,00003c59-a9c1-79c1-bb2d-49dc347960f4,20,3298,0.0,{}
2006,00003c59-a9c1-79c1-bb2d-49dc347960f4,20,3298,0.0,{}
2007,00003c59-a9c1-79c1-bb2d-49dc347960f4,20,3298,0.0,{}
2008,00003c59-a9c1-79c1-bb2d-49dc347960f4,20,3298,0.0,{}
2009,00003c59-a9c1-79c1-bb2d-49dc347960f4,20,3298,0.0,{}
2010,00003c59-a9c1-79c1-bb2d-49dc347960f4,20,3298,0.0,{}
2011,00003c59-a9c1-79c1-bb2d-49dc347960f4,20,3298,0.0,{}
2012,00003c59-a9c1-79c1-bb2d-49dc347960f4,20,3298,0.0,{}
2013,00003c59-a9c1-79c1-bb2d-49dc347960f4,20,3298,0.0,{}
2014,00003c59-a9c1-79c1-bb2d-49dc347960f4,20,3298,0.0,{}
2015,00003c59-a9c1-79c1-bb2d-49dc347960f4,20,3298,0.0,{}
2016,00003c59-a9c1-79c1-bb2d-49dc347960f4,20,3298,0.0,{}
2017,00003c59-a9c1-79c1-bb2d-49dc347960f4,20,3298,0.0,{}
2018,00003c59-a9c1-79c1-bb2d-49dc347960f4,20,3298,0.0,{}
2019,00003c59-a9c1-79c1-bb2d-49dc347960f4,20,3298,0.0,{}
2020,00003c59-a9c1-79c1-bb2d-49dc347960f4,20,3334,1600192.0,{}
2021,00003c59-a9c1-79c1-bb2d-49dc347960f4,20,3334,2400288.0,{}
2022,00003c59-a9c1-79c1-bb2d-49dc347960f4,20,3334,1600192.0,{}
2023,00003c59-a9c1-79c1-bb2d-49dc347960f4,20,3334,1600192.0,{}
2024,00003c59-a9c1-79c1-bb2d-49dc347960f4,20,3334,3200384.0,{}
2025,00003c59-a9c1-79c1-bb2d-49dc347960f4,20,3334,1750210.0,{}
2026,00003c59-a9c1-79c1-bb2d-49dc347960f4,20,3334,2150258.0,{}
2027,00003c59-a9c1-79c1-bb2d-49dc347960f4,20,3334,1700204.0,{}
2028,00003c59-a9c1-79c1-bb2d-49dc347960f4,20,3334,2400288.0,{}
2029,00003c59-a9c1-79c1-bb2d-49dc347960f4,20,3334,3200384.0,{}
2030,00003c59-a9c1-79c1-bb2d-49dc347960f4,20,3334,2100252.0,{}
2031,00003c59-a9c1-79c1-bb2d-49dc347960f4,20,3334,2150258.0,{}
2032,00003c59-a9c1-79c1-bb2d-49dc347960f4,20,3334,1775213.0,{}
2033,00003c59-a9c1-79c1-bb2d-49dc347960f4,20,3334,2025243.0,{}
2034,00003c59-a9c1-79c1-bb2d-49dc347960f4,20,3334,2550306.0,{}
2035,00003c59-a9c1-79c1-bb2d-49dc347960f4,20,3334,1925231.0,{}
2036,00003c59-a9c1-79c1-bb2d-49dc347960f4,20,3334,2550306.0,{}
2037,00003c59-a9c1-79c1-bb2d-49dc347960f4,20,3334,1850222.0,{}
2038,00003c59-a9c1-79c1-bb2d-49dc347960f4,20,3334,2650318.0,{}
2039,00003c59-a9c1-79c1-bb2d-49dc347960f4,20,3334,2025243.0,{}
2040,00003c59-a9c1-79c1-bb2d-49dc347960f4,20,5642,25003.0,{}
2041,00003c59-a9c1-79c1-bb2d-49dc347960f4,21,2636,3.0,{}
2042,00003c59-a9c1-79c1-bb2d-49dc347960f4,21,3217,756608.0,{}
2043,00003c59-a9c1-79c1-bb2d-49dc347960f4,21,3217,822400.0,{}
2044,00003c59-a9c1-79c1-bb2d-49dc347960f4,21,3217,731936.0,{}
2045,00003c59-a9c1-79c1-bb2d-49dc347960f4,21,3217,1052672.0,{}
2046,00003c59-a9c1-79c1-bb2d-49dc347960f4,21,3217,1052672.0,{}
2047,00003c59-a9c1-79c1-bb2d-49dc347960f4,21,3217,542784.0,{}
2048,00003c59-a9c1-79c1-bb2d-49dc347960f4,21,3217,542784.0,{}
2049,00003c59-a9c1-79c1-bb2d-49dc347960f4,21,3217,526336.0,{}
2050,00003c59-a9c1-79c1-bb2d-49dc347960f4,21,3217,551008.0,{}
2051,00003c59-a9c1-79c1-bb2d-49dc347960f4,21,3217,526336.0,{}
2052,00003c59-a9c1-79c1-bb2d-49dc347960f4,21,3217,690816.0,{}
2053,00003c59-a9c1-79c1-bb2d-49dc347960f4,21,3217,674368.0,{}
2054,00003c59-a9c1-79c1-bb2d-49dc347960f4,21,3217,682592.0,{}
2055,00003c59-a9c1-79c1-bb2d-49dc347960f4,21,3217,682592.0,{}
2056,00003c59-a9c1-79c1-bb2d-49dc347960f4,21,3217,682592.0,{}
2057,00003c59-a9c1-79c1-bb2d-49dc347960f4,21,3217,682592.0,{}
2058,00003c59-a9c1-79c1-bb2d-49dc347960f4,21,3217,748384.0,{}
2059,00003c59-a9c1-79c1-bb2d-49dc347960f4,21,3217,764832.0,{}
2060,00003c59-a9c1-79c1-bb2d-49dc347960f4,21,3217,773056.0,{}
2061,00003c59-a9c1-79c1-bb2d-49dc347960f4,21,3217,723712.0,{}
2062,00003c59-a9c1-79c1-bb2d-49dc347960f4,21,3248,44620.0,{}
2063,00003c59-a9c1-79c1-bb2d-49dc347960f4,21,3248,48500.0,{}
2064,00003c59-a9c1-79c1-bb2d-49dc347960f4,21,3248,43165.0,{}
2065,00003c59-a9c1-79c1-bb2d-49dc347960f4,21,3248,62080.0,{}
2066,00003c59-a9c1-79c1-bb2d-49dc347960f4,21,3248,62080.0,{}
2067,00003c59-a9c1-79c1-bb2d-49dc347960f4,21,3248,32010.0,{}
2068,00003c59-a9c1-79c1-bb2d-49dc347960f4,21,3248,32010.0,{}
2069,00003c59-a9c1-79c1-bb2d-49dc347960f4,21,3248,31040.0,{}
2070,00003c59-a9c1-79c1-bb2d-49dc347960f4,21,3248,32495.0,{}
2071,00003c59-a9c1-79c1-bb2d-49dc347960f4,21,3248,31040.0,{}
2072,00003c59-a9c1-79c1-bb2d-49dc347960f4,21,3248,40740.0,{}
2073,00003c59-a9c1-79c1-bb2d-49dc347960f4,21,3248,39770.0,{}
2074,00003c59-a9c1-79c1-bb2d-49dc347960f4,21,3248,40255.0,{}
2075,00003c59-a9c1-79c1-bb2d-49dc347960f4,21,3248,40255.0,{}
2076,00003c59-a9c1-79c1-bb2d-49dc347960f4,21,3248,40255.0,{}
2077,00003c59-a9c1-79c1-bb2d-49dc347960f4,21,3248,40255.0,{}
2078,00003c59-a9c1-79c1-bb2d-49dc347960f4,21,3248,44135.0,{}
2079,00003c59-a9c1-79c1-bb2d-49dc347960f4,21,3248,45105.0,{}
2080,00003c59-a9c1-79c1-bb2d-49dc347960f4,21,3248,45590.0,{}
2081,00003c59-a9c1-79c1-bb2d-49dc347960f4,21,3248,42680.0,{}
2082,00003c59-a9c1-79c1-bb2d-49dc347960f4,21,3280,276.0,{}
2083,00003c59-a9c1-79c1-bb2d-49dc347960f4,21,3280,300.0,{}
2084,00003c59-a9c1-79c1-bb2d-49dc347960f4,21,3280,267.0,{}
2085,00003c59-a9c1-79c1-bb2d-49dc347960f4,21,3280,384.0,{}
2086,00003c59-a9c1-79c1-bb2d-49dc347960f4,21,3280,384.0,{}
2087,00003c59-a9c1-79c1-bb2d-49dc347960f4,21,3280,198.0,{}
2088,00003c59-a9c1-79c1-bb2d-49dc347960f4,21,3280,198.0,{}
2089,00003c59-a9c1-79c1-bb2d-49dc347960f4,21,3280,192.0,{}
2090,00003c59-a9c1-79c1-bb2d-49dc347960f4,21,3280,201.0,{}
2091,00003c59-a9c1-79c1-bb2d-49dc347960f4,21,3280,192.0,{}
2092,00003c59-a9c1-79c1-bb2d-49dc347960f4,21,3280,252.0,{}
2093,00003c59-a9c1-79c1-bb2d-49dc347960f4,21,3280,246.0,{}
2094,00003c59-a9c1-79c1-bb2d-49dc347960f4,21,3280,249.0,{}
2095,00003c59-a9c1-79c1-bb2d-49dc347960f4,21,3280,249.0,{}
2096,00003c59-a9c1-79c1-bb2d-49dc347960f4,21,3280,249.0,{}
2097,00003c59-a9c1-79c1-bb2d-49dc347960f4,21,3280,249.0,{}
2098,00003c59-a9c1-79c1-bb2d-49dc347960f4,21,3280,273.0,{}
2099,00003c59-a9c1-79c1-bb2d-49dc347960f4,21,3280,279.0,{}
2100,00003c59-a9c1-79c1-bb2d-49dc347960f4,21,3280,282.0,{}
2101,00003c59-a9c1-79c1-bb2d-49dc347960f4,21,3280,264.0,{}
2102,00003c59-a9c1-79c1-bb2d-49dc347960f4,21,3298,0.0,{}
2103,00003c59-a9c1-79c1-bb2d-49dc347960f4,21,3298,0.0,{}
2104,00003c59-a9c1-79c1-bb2d-49dc347960f4,21,3298,0.0,{}
2105,00003c59-a9c1-79c1-bb2d-49dc347960f4,21,3298,0.0,{}
2106,00003c59-a9c1-79c1-bb2d-49dc347960f4,21,3298,0.0,{}
2107,00003c59-a9c1-79c1-bb2d-49dc347960f4,21,3298,0.0,{}
2108,00003c59-a9c1-79c1-bb2d-49dc347960f4,21,3298,0.0,{}
2109,00003c59-a9c1-79c1-bb2d-49dc347960f4,21,3298,0.0,{}
2110,00003c59-a9c1-79c1-bb2d-49dc347960f4,21,3298,0.0,{}
2111,00003c59-a9c1-79c1-bb2d-49dc347960f4,21,3298,0.0,{}
2112,00003c59-a9c1-79c1-bb2d-49dc347960f4,21,3298,0.0,{}
2113,00003c59-a9c1-79c1-bb2d-49dc347960f4,21,3298,0.0,{}
2114,00003c59-a9c1-79c1-bb2d-49dc347960f4,21,3298,0.0,{}
2115,00003c59-a9c1-79c1-bb2d-49dc347960f4,21,3298,0.0,{}
2116,00003c59-a9c1-79c1-bb2d-49dc347960f4,21,3298,0.0,{}
2117,00003c59-a9c1-79c1-bb2d-49dc347960f4,21,3298,0.0,{}
2118,00003c59-a9c1-79c1-bb2d-49dc347960f4,21,3298,0.0,{}
2119,00003c59-a9c1-79c1-bb2d-49dc347960f4,21,3298,0.0,{}
2120,00003c59-a9c1-79c1-bb2d-49dc347960f4,21,3298,0.0,{}
2121,00003c59-a9c1-79c1-bb2d-49dc347960f4,21,3298,0.0,{}
2122,00003c59-a9c1-79c1-bb2d-49dc347960f4,21,3334,2300276.0,{}
2123,00003c59-a9c1-79c1-bb2d-49dc347960f4,21,3334,2500300.0,{}
2124,00003c59-a9c1-79c1-bb2d-49dc347960f4,21,3334,2225267.0,{}
2125,00003c59-a9c1-79c1-bb2d-49dc347960f4,21,3334,3200384.0,{}
2126,00003c59-a9c1-79c1-bb2d-49dc347960f4,21,3334,3200384.0,{}
2127,00003c59-a9c1-79c1-bb2d-49dc347960f4,21,3334,1650198.0,{}
2128,00003c59-a9c1-79c1-bb2d-49dc347960f4,21,3334,1650198.0,{}
2129,00003c59-a9c1-79c1-bb2d-49dc347960f4,21,3334,1600192.0,{}
2130,00003c59-a9c1-79c1-bb2d-49dc347960f4,21,3334,1675201.0,{}
2131,00003c59-a9c1-79c1-bb2d-49dc347960f4,21,3334,1600192.0,{}
2132,00003c59-a9c1-79c1-bb2d-49dc347960f4,21,3334,2100252.0,{}
2133,00003c59-a9c1-79c1-bb2d-49dc347960f4,21,3334,2050246.0,{}
2134,00003c59-a9c1-79c1-bb2d-49dc347960f4,21,3334,2075249.0,{}
2135,00003c59-a9c1-79c1-bb2d-49dc347960f4,21,3334,2075249.0,{}
2136,00003c59-a9c1-79c1-bb2d-49dc347960f4,21,3334,2075249.0,{}
2137,00003c59-a9c1-79c1-bb2d-49dc347960f4,21,3334,2075249.0,{}
2138,00003c59-a9c1-79c1-bb2d-49dc347960f4,21,3334,2275273.0,{}
2139,00003c59-a9c1-79c1-bb2d-49dc347960f4,21,3334,2325279.0,{}
2140,00003c59-a9c1-79c1-bb2d-49dc347960f4,21,3334,2350282.0,{}
2141,00003c59-a9c1-79c1-bb2d-49dc347960f4,21,3334,2200264.0,{}
2142,00003c59-a9c1-79c1-bb2d-49dc347960f4,21,5642,25003.0,{}
2143,00003c59-a9c1-79c1-bb2d-49dc347960f4,22,2636,3.0,{}
2144,00003c59-a9c1-79c1-bb2d-49dc347960f4,22,3217,526336.0,{}
2145,00003c59-a9c1-79c1-bb2d-49dc347960f4,22,3217,912864.0,{}
2146,00003c59-a9c1-79c1-bb2d-49dc347960f4,22,3217,748384.0,{}
2147,00003c59-a9c1-79c1-bb2d-49dc347960f4,22,3217,526336.0,{}
2148,00003c59-a9c1-79c1-bb2d-49dc347960f4,22,3217,740160.0,{}
2149,00003c59-a9c1-79c1-bb2d-49dc347960f4,22,3217,690816.0,{}
2150,00003c59-a9c1-79c1-bb2d-49dc347960f4,22,3217,756608.0,{}
2151,00003c59-a9c1-79c1-bb2d-49dc347960f4,22,3217,740160.0,{}
2152,00003c59-a9c1-79c1-bb2d-49dc347960f4,22,3217,731936.0,{}
2153,00003c59-a9c1-79c1-bb2d-49dc347960f4,22,3217,731936.0,{}
2154,00003c59-a9c1-79c1-bb2d-49dc347960f4,22,3217,715488.0,{}
2155,00003c59-a9c1-79c1-bb2d-49dc347960f4,22,3217,682592.0,{}
2156,00003c59-a9c1-79c1-bb2d-49dc347960f4,22,3217,682592.0,{}
2157,00003c59-a9c1-79c1-bb2d-49dc347960f4,22,3217,756608.0,{}
2158,00003c59-a9c1-79c1-bb2d-49dc347960f4,22,3217,855296.0,{}
2159,00003c59-a9c1-79c1-bb2d-49dc347960f4,22,3217,682592.0,{}
2160,00003c59-a9c1-79c1-bb2d-49dc347960f4,22,3217,682592.0,{}
2161,00003c59-a9c1-79c1-bb2d-49dc347960f4,22,3217,682592.0,{}
2162,00003c59-a9c1-79c1-bb2d-49dc347960f4,22,3217,682592.0,{}
2163,00003c59-a9c1-79c1-bb2d-49dc347960f4,22,3217,682592.0,{}
2164,00003c59-a9c1-79c1-bb2d-49dc347960f4,22,3248,31040.0,{}
2165,00003c59-a9c1-79c1-bb2d-49dc347960f4,22,3248,53835.0,{}
2166,00003c59-a9c1-79c1-bb2d-49dc347960f4,22,3248,44135.0,{}
2167,00003c59-a9c1-79c1-bb2d-49dc347960f4,22,3248,31040.0,{}
2168,00003c59-a9c1-79c1-bb2d-49dc347960f4,22,3248,43650.0,{}
2169,00003c59-a9c1-79c1-bb2d-49dc347960f4,22,3248,40740.0,{}
2170,00003c59-a9c1-79c1-bb2d-49dc347960f4,22,3248,44620.0,{}
2171,00003c59-a9c1-79c1-bb2d-49dc347960f4,22,3248,43650.0,{}
2172,00003c59-a9c1-79c1-bb2d-49dc347960f4,22,3248,43165.0,{}
2173,00003c59-a9c1-79c1-bb2d-49dc347960f4,22,3248,43165.0,{}
2174,00003c59-a9c1-79c1-bb2d-49dc347960f4,22,3248,42195.0,{}
2175,00003c59-a9c1-79c1-bb2d-49dc347960f4,22,3248,40255.0,{}
2176,00003c59-a9c1-79c1-bb2d-49dc347960f4,22,3248,40255.0,{}
2177,00003c59-a9c1-79c1-bb2d-49dc347960f4,22,3248,44620.0,{}
2178,00003c59-a9c1-79c1-bb2d-49dc347960f4,22,3248,50440.0,{}
2179,00003c59-a9c1-79c1-bb2d-49dc347960f4,22,3248,40255.0,{}
2180,00003c59-a9c1-79c1-bb2d-49dc347960f4,22,3248,40255.0,{}
2181,00003c59-a9c1-79c1-bb2d-49dc347960f4,22,3248,40255.0,{}
2182,00003c59-a9c1-79c1-bb2d-49dc347960f4,22,3248,40255.0,{}
2183,00003c59-a9c1-79c1-bb2d-49dc347960f4,22,3248,40255.0,{}
2184,00003c59-a9c1-79c1-bb2d-49dc347960f4,22,3280,192.0,{}
2185,00003c59-a9c1-79c1-bb2d-49dc347960f4,22,3280,333.0,{}
2186,00003c59-a9c1-79c1-bb2d-49dc347960f4,22,3280,273.0,{}
2187,00003c59-a9c1-79c1-bb2d-49dc347960f4,22,3280,192.0,{}
2188,00003c59-a9c1-79c1-bb2d-49dc347960f4,22,3280,270.0,{}
2189,00003c59-a9c1-79c1-bb2d-49dc347960f4,22,3280,252.0,{}
2190,00003c59-a9c1-79c1-bb2d-49dc347960f4,22,3280,276.0,{}
2191,00003c59-a9c1-79c1-bb2d-49dc347960f4,22,3280,270.0,{}
2192,00003c59-a9c1-79c1-bb2d-49dc347960f4,22,3280,267.0,{}
2193,00003c59-a9c1-79c1-bb2d-49dc347960f4,22,3280,267.0,{}
2194,00003c59-a9c1-79c1-bb2d-49dc347960f4,22,3280,261.0,{}
2195,00003c59-a9c1-79c1-bb2d-49dc347960f4,22,3280,249.0,{}
2196,00003c59-a9c1-79c1-bb2d-49dc347960f4,22,3280,249.0,{}
2197,00003c59-a9c1-79c1-bb2d-49dc347960f4,22,3280,276.0,{}
2198,00003c59-a9c1-79c1-bb2d-49dc347960f4,22,3280,312.0,{}
2199,00003c59-a9c1-79c1-bb2d-49dc347960f4,22,3280,249.0,{}
2200,00003c59-a9c1-79c1-bb2d-49dc347960f4,22,3280,249.0,{}
2201,00003c59-a9c1-79c1-bb2d-49dc347960f4,22,3280,249.0,{}
2202,00003c59-a9c1-79c1-bb2d-49dc347960f4,22,3280,249.0,{}
2203,00003c59-a9c1-79c1-bb2d-49dc347960f4,22,3280,249.0,{}
2204,00003c59-a9c1-79c1-bb2d-49dc347960f4,22,3298,0.0,{}
2205,00003c59-a9c1-79c1-bb2d-49dc347960f4,22,3298,0.0,{}
2206,00003c59-a9c1-79c1-bb2d-49dc347960f4,22,3298,0.0,{}
2207,00003c59-a9c1-79c1-bb2d-49dc347960f4,22,3298,0.0,{}
2208,00003c59-a9c1-79c1-bb2d-49dc347960f4,22,3298,0.0,{}
2209,00003c59-a9c1-79c1-bb2d-49dc347960f4,22,3298,0.0,{}
2210,00003c59-a9c1-79c1-bb2d-49dc347960f4,22,3298,0.0,{}
2211,00003c59-a9c1-79c1-bb2d-49dc347960f4,22,3298,0.0,{}
2212,00003c59-a9c1-79c1-bb2d-49dc347960f4,22,3298,0.0,{}
2213,00003c59-a9c1-79c1-bb2d-49dc347960f4,22,3298,0.0,{}
2214,00003c59-a9c1-79c1-bb2d-49dc347960f4,22,3298,0.0,{}
2215,00003c59-a9c1-79c1-bb2d-49dc347960f4,22,3298,0.0,{}
2216,00003c59-a9c1-79c1-bb2d-49dc347960f4,22,3298,0.0,{}
2217,00003c59-a9c1-79c1-bb2d-49dc347960f4,22,3298,0.0,{}
2218,00003c59-a9c1-79c1-bb2d-49dc347960f4,22,3298,0.0,{}
2219,00003c59-a9c1-79c1-bb2d-49dc347960f4,22,3298,0.0,{}
2220,00003c59-a9c1-79c1-bb2d-49dc347960f4,22,3298,0.0,{}
2221,00003c59-a9c1-79c1-bb2d-49dc347960f4,22,3298,0.0,{}
2222,00003c59-a9c1-79c1-bb2d-49dc347960f4,22,3298,0.0,{}
2223,00003c59-a9c1-79c1-bb2d-49dc347960f4,22,3298,0.0,{}
2224,00003c59-a9c1-79c1-bb2d-49dc347960f4,22,3334,1600192.0,{}
2225,00003c59-a9c1-79c1-bb2d-49dc347960f4,22,3334,2775333.0,{}
2226,00003c59-a9c1-79c1-bb2d-49dc347960f4,22,3334,2275273.0,{}
2227,00003c59-a9c1-79c1-bb2d-49dc347960f4,22,3334,1600192.0,{}
2228,00003c59-a9c1-79c1-bb2d-49dc347960f4,22,3334,2250270.0,{}
2229,00003c59-a9c1-79c1-bb2d-49dc347960f4,22,3334,2100252.0,{}
2230,00003c59-a9c1-79c1-bb2d-49dc347960f4,22,3334,2300276.0,{}
2231,00003c59-a9c1-79c1-bb2d-49dc347960f4,22,3334,2250270.0,{}
2232,00003c59-a9c1-79c1-bb2d-49dc347960f4,22,3334,2225267.0,{}
2233,00003c59-a9c1-79c1-bb2d-49dc347960f4,22,3334,2225267.0,{}
2234,00003c59-a9c1-79c1-bb2d-49dc347960f4,22,3334,2175261.0,{}
2235,00003c59-a9c1-79c1-bb2d-49dc347960f4,22,3334,2075249.0,{}
2236,00003c59-a9c1-79c1-bb2d-49dc347960f4,22,3334,2075249.0,{}
2237,00003c59-a9c1-79c1-bb2d-49dc347960f4,22,3334,2300276.0,{}
2238,00003c59-a9c1-79c1-bb2d-49dc347960f4,22,3334,2600312.0,{}
2239,00003c59-a9c1-79c1-bb2d-49dc347960f4,22,3334,2075249.0,{}
2240,00003c59-a9c1-79c1-bb2d-49dc347960f4,22,3334,2075249.0,{}
2241,00003c59-a9c1-79c1-bb2d-49dc347960f4,22,3334,2075249.0,{}
2242,00003c59-a9c1-79c1-bb2d-49dc347960f4,22,3334,2075249.0,{}
2243,00003c59-a9c1-79c1-bb2d-49dc347960f4,22,3334,2075249.0,{}
2244,00003c59-a9c1-79c1-bb2d-49dc347960f4,22,5642,25003.0,{}
2245,00003c59-a9c1-79c1-bb2d-49dc347960f4,23,2636,3.0,{}
2246,00003c59-a9c1-79c1-bb2d-49dc347960f4,23,3217,879968.0,{}
2247,00003c59-a9c1-79c1-bb2d-49dc347960f4,23,3217,789504.0,{}
2248,00003c59-a9c1-79c1-bb2d-49dc347960f4,23,3217,822400.0,{}
2249,00003c59-a9c1-79c1-bb2d-49dc347960f4,23,3217,1052672.0,{}
2250,00003c59-a9c1-79c1-bb2d-49dc347960f4,23,3217,904640.0,{}
2251,00003c59-a9c1-79c1-bb2d-49dc347960f4,23,3217,526336.0,{}
2252,00003c59-a9c1-79c1-bb2d-49dc347960f4,23,3217,526336.0,{}
2253,00003c59-a9c1-79c1-bb2d-49dc347960f4,23,3217,551008.0,{}
2254,00003c59-a9c1-79c1-bb2d-49dc347960f4,23,3217,526336.0,{}
2255,00003c59-a9c1-79c1-bb2d-49dc347960f4,23,3217,526336.0,{}
2256,00003c59-a9c1-79c1-bb2d-49dc347960f4,23,3217,690816.0,{}
2257,00003c59-a9c1-79c1-bb2d-49dc347960f4,23,3217,707264.0,{}
2258,00003c59-a9c1-79c1-bb2d-49dc347960f4,23,3217,666144.0,{}
2259,00003c59-a9c1-79c1-bb2d-49dc347960f4,23,3217,699040.0,{}
2260,00003c59-a9c1-79c1-bb2d-49dc347960f4,23,3217,666144.0,{}
2261,00003c59-a9c1-79c1-bb2d-49dc347960f4,23,3217,764832.0,{}
2262,00003c59-a9c1-79c1-bb2d-49dc347960f4,23,3217,723712.0,{}
2263,00003c59-a9c1-79c1-bb2d-49dc347960f4,23,3217,748384.0,{}
2264,00003c59-a9c1-79c1-bb2d-49dc347960f4,23,3217,707264.0,{}
2265,00003c59-a9c1-79c1-bb2d-49dc347960f4,23,3217,731936.0,{}
2266,00003c59-a9c1-79c1-bb2d-49dc347960f4,23,3248,51895.0,{}
2267,00003c59-a9c1-79c1-bb2d-49dc347960f4,23,3248,46560.0,{}
2268,00003c59-a9c1-79c1-bb2d-49dc347960f4,23,3248,48500.0,{}
2269,00003c59-a9c1-79c1-bb2d-49dc347960f4,23,3248,62080.0,{}
2270,00003c59-a9c1-79c1-bb2d-49dc347960f4,23,3248,53350.0,{}
2271,00003c59-a9c1-79c1-bb2d-49dc347960f4,23,3248,31040.0,{}
2272,00003c59-a9c1-79c1-bb2d-49dc347960f4,23,3248,31040.0,{}
2273,00003c59-a9c1-79c1-bb2d-49dc347960f4,23,3248,32495.0,{}
2274,00003c59-a9c1-79c1-bb2d-49dc347960f4,23,3248,31040.0,{}
2275,00003c59-a9c1-79c1-bb2d-49dc347960f4,23,3248,31040.0,{}
2276,00003c59-a9c1-79c1-bb2d-49dc347960f4,23,3248,40740.0,{}
2277,00003c59-a9c1-79c1-bb2d-49dc347960f4,23,3248,41710.0,{}
2278,00003c59-a9c1-79c1-bb2d-49dc347960f4,23,3248,39285.0,{}
2279,00003c59-a9c1-79c1-bb2d-49dc347960f4,23,3248,41225.0,{}
2280,00003c59-a9c1-79c1-bb2d-49dc347960f4,23,3248,39285.0,{}
2281,00003c59-a9c1-79c1-bb2d-49dc347960f4,23,3248,45105.0,{}
2282,00003c59-a9c1-79c1-bb2d-49dc347960f4,23,3248,42680.0,{}
2283,00003c59-a9c1-79c1-bb2d-49dc347960f4,23,3248,44135.0,{}
2284,00003c59-a9c1-79c1-bb2d-49dc347960f4,23,3248,41710.0,{}
2285,00003c59-a9c1-79c1-bb2d-49dc347960f4,23,3248,43165.0,{}
2286,00003c59-a9c1-79c1-bb2d-49dc347960f4,23,3280,321.0,{}
2287,00003c59-a9c1-79c1-bb2d-49dc347960f4,23,3280,288.0,{}
2288,00003c59-a9c1-79c1-bb2d-49dc347960f4,23,3280,300.0,{}
2289,00003c59-a9c1-79c1-bb2d-49dc347960f4,23,3280,384.0,{}
2290,00003c59-a9c1-79c1-bb2d-49dc347960f4,23,3280,330.0,{}
2291,00003c59-a9c1-79c1-bb2d-49dc347960f4,23,3280,192.0,{}
2292,00003c59-a9c1-79c1-bb2d-49dc347960f4,23,3280,192.0,{}
2293,00003c59-a9c1-79c1-bb2d-49dc347960f4,23,3280,201.0,{}
2294,00003c59-a9c1-79c1-bb2d-49dc347960f4,23,3280,192.0,{}
2295,00003c59-a9c1-79c1-bb2d-49dc347960f4,23,3280,192.0,{}
2296,00003c59-a9c1-79c1-bb2d-49dc347960f4,23,3280,252.0,{}
2297,00003c59-a9c1-79c1-bb2d-49dc347960f4,23,3280,258.0,{}
2298,00003c59-a9c1-79c1-bb2d-49dc347960f4,23,3280,243.0,{}
2299,00003c59-a9c1-79c1-bb2d-49dc347960f4,23,3280,255.0,{}
2300,00003c59-a9c1-79c1-bb2d-49dc347960f4,23,3280,243.0,{}
2301,00003c59-a9c1-79c1-bb2d-49dc347960f4,23,3280,279.0,{}
2302,00003c59-a9c1-79c1-bb2d-49dc347960f4,23,3280,264.0,{}
2303,00003c59-a9c1-79c1-bb2d-49dc347960f4,23,3280,273.0,{}
2304,00003c59-a9c1-79c1-bb2d-49dc347960f4,23,3280,258.0,{}
2305,00003c59-a9c1-79c1-bb2d-49dc347960f4,23,3280,267.0,{}
2306,00003c59-a9c1-79c1-bb2d-49dc347960f4,23,3298,0.0,{}
2307,00003c59-a9c1-79c1-bb2d-49dc347960f4,23,3298,0.0,{}
2308,00003c59-a9c1-79c1-bb2d-49dc347960f4,23,3298,0.0,{}
2309,00003c59-a9c1-79c1-bb2d-49dc347960f4,23,3298,0.0,{}
2310,00003c59-a9c1-79c1-bb2d-49dc347960f4,23,3298,0.0,{}
2311,00003c59-a9c1-79c1-bb2d-49dc347960f4,23,3298,0.0,{}
2312,00003c59-a9c1-79c1-bb2d-49dc347960f4,23,3298,0.0,{}
2313,00003c59-a9c1-79c1-bb2d-49dc347960f4,23,3298,0.0,{}
2314,00003c59-a9c1-79c1-bb2d-49dc347960f4,23,3298,0.0,{}
2315,00003c59-a9c1-79c1-bb2d-49dc347960f4,23,3298,0.0,{}
2316,00003c59-a9c1-79c1-bb2d-49dc347960f4,23,3298,0.0,{}
2317,00003c59-a9c1-79c1-bb2d-49dc347960f4,23,3298,0.0,{}
2318,00003c59-a9c1-79c1-bb2d-49dc347960f4,23,3298,0.0,{}
2319,00003c59-a9c1-79c1-bb2d-49dc347960f4,23,3298,0.0,{}
2320,00003c59-a9c1-79c1-bb2d-49dc347960f4,23,3298,0.0,{}
2321,00003c59-a9c1-79c1-bb2d-49dc347960f4,23,3298,0.0,{}
2322,00003c59-a9c1-79c1-bb2d-49dc347960f4,23,3298,0.0,{}
2323,00003c59-a9c1-79c1-bb2d-49dc347960f4,23,3298,0.0,{}
2324,00003c59-a9c1-79c1-bb2d-49dc347960f4,23,3298,0.0,{}
2325,00003c59-a9c1-79c1-bb2d-49dc347960f4,23,3298,0.0,{}
2326,00003c59-a9c1-79c1-bb2d-49dc347960f4,23,3334,2675321.0,{}
2327,00003c59-a9c1-79c1-bb2d-49dc347960f4,23,3334,2400288.0,{}
2328,00003c59-a9c1-79c1-bb2d-49dc347960f4,23,3334,2500300.0,{}
2329,00003c59-a9c1-79c1-bb2d-49dc347960f4,23,3334,3200384.0,{}
2330,00003c59-a9c1-79c1-bb2d-49dc347960f4,23,3334,2750330.0,{}
2331,00003c59-a9c1-79c1-bb2d-49dc347960f4,23,3334,1600192.0,{}
2332,00003c59-a9c1-79c1-bb2d-49dc347960f4,23,3334,1600192.0,{}
2333,00003c59-a9c1-79c1-bb2d-49dc347960f4,23,3334,1675201.0,{}
2334,00003c59-a9c1-79c1-bb2d-49dc347960f4,23,3334,1600192.0,{}
2335,00003c59-a9c1-79c1-bb2d-49dc347960f4,23,3334,1600192.0,{}
2336,00003c59-a9c1-79c1-bb2d-49dc347960f4,23,3334,2100252.0,{}
2337,00003c59-a9c1-79c1-bb2d-49dc347960f4,23,3334,2150258.0,{}
2338,00003c59-a9c1-79c1-bb2d-49dc347960f4,23,3334,2025243.0,{}
2339,00003c59-a9c1-79c1-bb2d-49dc347960f4,23,3334,2125255.0,{}
2340,00003c59-a9c1-79c1-bb2d-49dc347960f4,23,3334,2025243.0,{}
2341,00003c59-a9c1-79c1-bb2d-49dc347960f4,23,3334,2325279.0,{}
2342,00003c59-a9c1-79c1-bb2d-49dc347960f4,23,3334,2200264.0,{}
2343,00003c59-a9c1-79c1-bb2d-49dc347960f4,23,3334,2275273.0,{}
2344,00003c59-a9c1-79c1-bb2d-49dc347960f4,23,3334,2150258.0,{}
2345,00003c59-a9c1-79c1-bb2d-49dc347960f4,23,3334,2225267.0,{}
2346,00003c59-a9c1-79c1-bb2d-49dc347960f4,23,5642,25003.0,{}
2347,00003c59-a9c1-79c1-bb2d-49dc347960f4,24,2636,3.0,{}
2348,00003c59-a9c1-79c1-bb2d-49dc347960f4,24,3217,526336.0,{}
2349,00003c59-a9c1-79c1-bb2d-49dc347960f4,24,3217,789504.0,{}
2350,00003c59-a9c1-79c1-bb2d-49dc347960f4,24,3217,921088.0,{}
2351,00003c59-a9c1-79c1-bb2d-49dc347960f4,24,3217,789504.0,{}
2352,00003c59-a9c1-79c1-bb2d-49dc347960f4,24,3217,789504.0,{}
2353,00003c59-a9c1-79c1-bb2d-49dc347960f4,24,3217,657920.0,{}
2354,00003c59-a9c1-79c1-bb2d-49dc347960f4,24,3217,723712.0,{}
2355,00003c59-a9c1-79c1-bb2d-49dc347960f4,24,3217,731936.0,{}
2356,00003c59-a9c1-79c1-bb2d-49dc347960f4,24,3217,649696.0,{}
2357,00003c59-a9c1-79c1-bb2d-49dc347960f4,24,3217,526336.0,{}
2358,00003c59-a9c1-79c1-bb2d-49dc347960f4,24,3217,896416.0,{}
2359,00003c59-a9c1-79c1-bb2d-49dc347960f4,24,3217,838848.0,{}
2360,00003c59-a9c1-79c1-bb2d-49dc347960f4,24,3217,682592.0,{}
2361,00003c59-a9c1-79c1-bb2d-49dc347960f4,24,3217,526336.0,{}
2362,00003c59-a9c1-79c1-bb2d-49dc347960f4,24,3217,666144.0,{}
2363,00003c59-a9c1-79c1-bb2d-49dc347960f4,24,3217,526336.0,{}
2364,00003c59-a9c1-79c1-bb2d-49dc347960f4,24,3217,781280.0,{}
2365,00003c59-a9c1-79c1-bb2d-49dc347960f4,24,3217,731936.0,{}
2366,00003c59-a9c1-79c1-bb2d-49dc347960f4,24,3217,773056.0,{}
2367,00003c59-a9c1-79c1-bb2d-49dc347960f4,24,3217,682592.0,{}
2368,00003c59-a9c1-79c1-bb2d-49dc347960f4,24,3248,31040.0,{}
2369,00003c59-a9c1-79c1-bb2d-49dc347960f4,24,3248,46560.0,{}
2370,00003c59-a9c1-79c1-bb2d-49dc347960f4,24,3248,54320.0,{}
2371,00003c59-a9c1-79c1-bb2d-49dc347960f4,24,3248,46560.0,{}
2372,00003c59-a9c1-79c1-bb2d-49dc347960f4,24,3248,46560.0,{}
2373,00003c59-a9c1-79c1-bb2d-49dc347960f4,24,3248,38800.0,{}
2374,00003c59-a9c1-79c1-bb2d-49dc347960f4,24,3248,42680.0,{}
2375,00003c59-a9c1-79c1-bb2d-49dc347960f4,24,3248,43165.0,{}
2376,00003c59-a9c1-79c1-bb2d-49dc347960f4,24,3248,38315.0,{}
2377,00003c59-a9c1-79c1-bb2d-49dc347960f4,24,3248,31040.0,{}
2378,00003c59-a9c1-79c1-bb2d-49dc347960f4,24,3248,52865.0,{}
2379,00003c59-a9c1-79c1-bb2d-49dc347960f4,24,3248,49470.0,{}
2380,00003c59-a9c1-79c1-bb2d-49dc347960f4,24,3248,40255.0,{}
2381,00003c59-a9c1-79c1-bb2d-49dc347960f4,24,3248,31040.0,{}
2382,00003c59-a9c1-79c1-bb2d-49dc347960f4,24,3248,39285.0,{}
2383,00003c59-a9c1-79c1-bb2d-49dc347960f4,24,3248,31040.0,{}
2384,00003c59-a9c1-79c1-bb2d-49dc347960f4,24,3248,46075.0,{}
2385,00003c59-a9c1-79c1-bb2d-49dc347960f4,24,3248,43165.0,{}
2386,00003c59-a9c1-79c1-bb2d-49dc347960f4,24,3248,45590.0,{}
2387,00003c59-a9c1-79c1-bb2d-49dc347960f4,24,3248,40255.0,{}
2388,00003c59-a9c1-79c1-bb2d-49dc347960f4,24,3280,192.0,{}
2389,00003c59-a9c1-79c1-bb2d-49dc347960f4,24,3280,288.0,{}
2390,00003c59-a9c1-79c1-bb2d-49dc347960f4,24,3280,336.0,{}
2391,00003c59-a9c1-79c1-bb2d-49dc347960f4,24,3280,288.0,{}
2392,00003c59-a9c1-79c1-bb2d-49dc347960f4,24,3280,288.0,{}
2393,00003c59-a9c1-79c1-bb2d-49dc347960f4,24,3280,240.0,{}
2394,00003c59-a9c1-79c1-bb2d-49dc347960f4,24,3280,264.0,{}
2395,00003c59-a9c1-79c1-bb2d-49dc347960f4,24,3280,267.0,{}
2396,00003c59-a9c1-79c1-bb2d-49dc347960f4,24,3280,237.0,{}
2397,00003c59-a9c1-79c1-bb2d-49dc347960f4,24,3280,192.0,{}
2398,00003c59-a9c1-79c1-bb2d-49dc347960f4,24,3280,327.0,{}
2399,00003c59-a9c1-79c1-bb2d-49dc347960f4,24,3280,306.0,{}
2400,00003c59-a9c1-79c1-bb2d-49dc347960f4,24,3280,249.0,{}
2401,00003c59-a9c1-79c1-bb2d-49dc347960f4,24,3280,192.0,{}
2402,00003c59-a9c1-79c1-bb2d-49dc347960f4,24,3280,243.0,{}
2403,00003c59-a9c1-79c1-bb2d-49dc347960f4,24,3280,192.0,{}
2404,00003c59-a9c1-79c1-bb2d-49dc347960f4,24,3280,285.0,{}
2405,00003c59-a9c1-79c1-bb2d-49dc347960f4,24,3280,267.0,{}
2406,00003c59-a9c1-79c1-bb2d-49dc347960f4,24,3280,282.0,{}
2407,00003c59-a9c1-79c1-bb2d-49dc347960f4,24,3280,249.0,{}
2408,00003c59-a9c1-79c1-bb2d-49dc347960f4,24,3298,0.0,{}
2409,00003c59-a9c1-79c1-bb2d-49dc347960f4,24,3298,0.0,{}
2410,00003c59-a9c1-79c1-bb2d-49dc347960f4,24,3298,0.0,{}
2411,00003c59-a9c1-79c1-bb2d-49dc347960f4,24,3298,0.0,{}
2412,00003c59-a9c1-79c1-bb2d-49dc347960f4,24,3298,0.0,{}
2413,00003c59-a9c1-79c1-bb2d-49dc347960f4,24,3298,0.0,{}
2414,00003c59-a9c1-79c1-bb2d-49dc347960f4,24,3298,0.0,{}
2415,00003c59-a9c1-79c1-bb2d-49dc347960f4,24,3298,0.0,{}
2416,00003c59-a9c1-79c1-bb2d-49dc347960f4,24,3298,0.0,{}
2417,00003c59-a9c1-79c1-bb2d-49dc347960f4,24,3298,0.0,{}
2418,00003c59-a9c1-79c1-bb2d-49dc347960f4,24,3298,0.0,{}
2419,00003c59-a9c1-79c1-bb2d-49dc347960f4,24,3298,0.0,{}
2420,00003c59-a9c1-79c1-bb2d-49dc347960f4,24,3298,0.0,{}
2421,00003c59-a9c1-79c1-bb2d-49dc347960f4,24,3298,0.0,{}
2422,00003c59-a9c1-79c1-bb2d-49dc347960f4,24,3298,0.0,{}
2423,00003c59-a9c1-79c1-bb2d-49dc347960f4,24,3298,0.0,{}
2424,00003c59-a9c1-79c1-bb2d-49dc347960f4,24,3298,0.0,{}
2425,00003c59-a9c1-79c1-bb2d-49dc347960f4,24,3298,0.0,{}
2426,00003c59-a9c1-79c1-bb2d-49dc347960f4,24,3298,0.0,{}
2427,00003c59-a9c1-79c1-bb2d-49dc347960f4,24,3298,0.0,{}
2428,00003c59-a9c1-79c1-bb2d-49dc347960f4,24,3334,1600192.0,{}
2429,00003c59-a9c1-79c1-bb2d-49dc347960f4,24,3334,2400288.0,{}
2430,00003c59-a9c1-79c1-bb2d-49dc347960f4,24,3334,2800336.0,{}
2431,00003c59-a9c1-79c1-bb2d-49dc347960f4,24,3334,2400288.0,{}
2432,00003c59-a9c1-79c1-bb2d-49dc347960f4,24,3334,2400288.0,{}
2433,00003c59-a9c1-79c1-bb2d-49dc347960f4,24,3334,2000240.0,{}
2434,00003c59-a9c1-79c1-bb2d-49dc347960f4,24,3334,2200264.0,{}
2435,00003c59-a9c1-79c1-bb2d-49dc347960f4,24,3334,2225267.0,{}
2436,00003c59-a9c1-79c1-bb2d-49dc347960f4,24,3334,1975237.0,{}
2437,00003c59-a9c1-79c1-bb2d-49dc347960f4,24,3334,1600192.0,{}
2438,00003c59-a9c1-79c1-bb2d-49dc347960f4,24,3334,2725327.0,{}
2439,00003c59-a9c1-79c1-bb2d-49dc347960f4,24,3334,2550306.0,{}
2440,00003c59-a9c1-79c1-bb2d-49dc347960f4,24,3334,2075249.0,{}
2441,00003c59-a9c1-79c1-bb2d-49dc347960f4,24,3334,1600192.0,{}
2442,00003c59-a9c1-79c1-bb2d-49dc347960f4,24,3334,2025243.0,{}
2443,00003c59-a9c1-79c1-bb2d-49dc347960f4,24,3334,1600192.0,{}
2444,00003c59-a9c1-79c1-bb2d-49dc347960f4,24,3334,2375285.0,{}
2445,00003c59-a9c1-79c1-bb2d-49dc347960f4,24,3334,2225267.0,{}
2446,00003c59-a9c1-79c1-bb2d-49dc347960f4,24,3334,2350282.0,{}
2447,00003c59-a9c1-79c1-bb2d-49dc347960f4,24,3334,2075249.0,{}
2448,00003c59-a9c1-79c1-bb2d-49dc347960f4,24,5642,25003.0,{}
2449,00003c59-a9c1-79c1-bb2d-49dc347960f4,25,2636,3.0,{}
2450,00003c59-a9c1-79c1-bb2d-49dc347960f4,25,3217,789504.0,{}
2451,00003c59-a9c1-79c1-bb2d-49dc347960f4,25,3217,690816.0,{}
2452,00003c59-a9c1-79c1-bb2d-49dc347960f4,25,3217,855296.0,{}
2453,00003c59-a9c1-79c1-bb2d-49dc347960f4,25,3217,1052672.0,{}
2454,00003c59-a9c1-79c1-bb2d-49dc347960f4,25,3217,1052672.0,{}
2455,00003c59-a9c1-79c1-bb2d-49dc347960f4,25,3217,526336.0,{}
2456,00003c59-a9c1-79c1-bb2d-49dc347960f4,25,3217,526336.0,{}
2457,00003c59-a9c1-79c1-bb2d-49dc347960f4,25,3217,526336.0,{}
2458,00003c59-a9c1-79c1-bb2d-49dc347960f4,25,3217,559232.0,{}
2459,00003c59-a9c1-79c1-bb2d-49dc347960f4,25,3217,526336.0,{}
2460,00003c59-a9c1-79c1-bb2d-49dc347960f4,25,3217,526336.0,{}
2461,00003c59-a9c1-79c1-bb2d-49dc347960f4,25,3217,526336.0,{}
2462,00003c59-a9c1-79c1-bb2d-49dc347960f4,25,3217,526336.0,{}
2463,00003c59-a9c1-79c1-bb2d-49dc347960f4,25,3217,526336.0,{}
2464,00003c59-a9c1-79c1-bb2d-49dc347960f4,25,3217,526336.0,{}
2465,00003c59-a9c1-79c1-bb2d-49dc347960f4,25,3217,1052672.0,{}
2466,00003c59-a9c1-79c1-bb2d-49dc347960f4,25,3217,592128.0,{}
2467,00003c59-a9c1-79c1-bb2d-49dc347960f4,25,3217,789504.0,{}
2468,00003c59-a9c1-79c1-bb2d-49dc347960f4,25,3217,1052672.0,{}
2469,00003c59-a9c1-79c1-bb2d-49dc347960f4,25,3217,986880.0,{}
2470,00003c59-a9c1-79c1-bb2d-49dc347960f4,25,3248,46560.0,{}
2471,00003c59-a9c1-79c1-bb2d-49dc347960f4,25,3248,40740.0,{}
2472,00003c59-a9c1-79c1-bb2d-49dc347960f4,25,3248,50440.0,{}
2473,00003c59-a9c1-79c1-bb2d-49dc347960f4,25,3248,62080.0,{}
2474,00003c59-a9c1-79c1-bb2d-49dc347960f4,25,3248,62080.0,{}
2475,00003c59-a9c1-79c1-bb2d-49dc347960f4,25,3248,31040.0,{}
2476,00003c59-a9c1-79c1-bb2d-49dc347960f4,25,3248,31040.0,{}
2477,00003c59-a9c1-79c1-bb2d-49dc347960f4,25,3248,31040.0,{}
2478,00003c59-a9c1-79c1-bb2d-49dc347960f4,25,3248,32980.0,{}
2479,00003c59-a9c1-79c1-bb2d-49dc347960f4,25,3248,31040.0,{}
2480,00003c59-a9c1-79c1-bb2d-49dc347960f4,25,3248,31040.0,{}
2481,00003c59-a9c1-79c1-bb2d-49dc347960f4,25,3248,31040.0,{}
2482,00003c59-a9c1-79c1-bb2d-49dc347960f4,25,3248,31040.0,{}
2483,00003c59-a9c1-79c1-bb2d-49dc347960f4,25,3248,31040.0,{}
2484,00003c59-a9c1-79c1-bb2d-49dc347960f4,25,3248,31040.0,{}
2485,00003c59-a9c1-79c1-bb2d-49dc347960f4,25,3248,62080.0,{}
2486,00003c59-a9c1-79c1-bb2d-49dc347960f4,25,3248,34920.0,{}
2487,00003c59-a9c1-79c1-bb2d-49dc347960f4,25,3248,46560.0,{}
2488,00003c59-a9c1-79c1-bb2d-49dc347960f4,25,3248,62080.0,{}
2489,00003c59-a9c1-79c1-bb2d-49dc347960f4,25,3248,58200.0,{}
2490,00003c59-a9c1-79c1-bb2d-49dc347960f4,25,3280,288.0,{}
2491,00003c59-a9c1-79c1-bb2d-49dc347960f4,25,3280,252.0,{}
2492,00003c59-a9c1-79c1-bb2d-49dc347960f4,25,3280,312.0,{}
2493,00003c59-a9c1-79c1-bb2d-49dc347960f4,25,3280,384.0,{}
2494,00003c59-a9c1-79c1-bb2d-49dc347960f4,25,3280,384.0,{}
2495,00003c59-a9c1-79c1-bb2d-49dc347960f4,25,3280,192.0,{}
2496,00003c59-a9c1-79c1-bb2d-49dc347960f4,25,3280,192.0,{}
2497,00003c59-a9c1-79c1-bb2d-49dc347960f4,25,3280,192.0,{}
2498,00003c59-a9c1-79c1-bb2d-49dc347960f4,25,3280,204.0,{}
2499,00003c59-a9c1-79c1-bb2d-49dc347960f4,25,3280,192.0,{}
2500,00003c59-a9c1-79c1-bb2d-49dc347960f4,25,3280,192.0,{}
2501,00003c59-a9c1-79c1-bb2d-49dc347960f4,25,3280,192.0,{}
2502,00003c59-a9c1-79c1-bb2d-49dc347960f4,25,3280,192.0,{}
2503,00003c59-a9c1-79c1-bb2d-49dc347960f4,25,3280,192.0,{}
2504,00003c59-a9c1-79c1-bb2d-49dc347960f4,25,3280,192.0,{}
2505,00003c59-a9c1-79c1-bb2d-49dc347960f4,25,3280,384.0,{}
2506,00003c59-a9c1-79c1-bb2d-49dc347960f4,25,3280,216.0,{}
2507,00003c59-a9c1-79c1-bb2d-49dc347960f4,25,3280,288.0,{}
2508,00003c59-a9c1-79c1-bb2d-49dc347960f4,25,3280,384.0,{}
2509,00003c59-a9c1-79c1-bb2d-49dc347960f4,25,3280,360.0,{}
2510,00003c59-a9c1-79c1-bb2d-49dc347960f4,25,3298,0.0,{}
2511,00003c59-a9c1-79c1-bb2d-49dc347960f4,25,3298,0.0,{}
2512,00003c59-a9c1-79c1-bb2d-49dc347960f4,25,3298,0.0,{}
2513,00003c59-a9c1-79c1-bb2d-49dc347960f4,25,3298,0.0,{}
2514,00003c59-a9c1-79c1-bb2d-49dc347960f4,25,3298,0.0,{}
2515,00003c59-a9c1-79c1-bb2d-49dc347960f4,25,3298,0.0,{}
2516,00003c59-a9c1-79c1-bb2d-49dc347960f4,25,3298,0.0,{}
2517,00003c59-a9c1-79c1-bb2d-49dc347960f4,25,3298,0.0,{}
2518,00003c59-a9c1-79c1-bb2d-49dc347960f4,25,3298,0.0,{}
2519,00003c59-a9c1-79c1-bb2d-49dc347960f4,25,3298,0.0,{}
2520,00003c59-a9c1-79c1-bb2d-49dc347960f4,25,3298,0.0,{}
2521,00003c59-a9c1-79c1-bb2d-49dc347960f4,25,3298,0.0,{}
2522,00003c59-a9c1-79c1-bb2d-49dc347960f4,25,3298,0.0,{}
2523,00003c59-a9c1-79c1-bb2d-49dc347960f4,25,3298,0.0,{}
2524,00003c59-a9c1-79c1-bb2d-49dc347960f4,25,3298,0.0,{}
2525,00003c59-a9c1-79c1-bb2d-49dc347960f4,25,3298,0.0,{}
2526,00003c59-a9c1-79c1-bb2d-49dc347960f4,25,3298,0.0,{}
2527,00003c59-a9c1-79c1-bb2d-49dc347960f4,25,3298,0.0,{}
2528,00003c59-a9c1-79c1-bb2d-49dc347960f4,25,3298,0.0,{}
2529,00003c59-a9c1-79c1-bb2d-49dc347960f4,25,3298,0.0,{}
2530,00003c59-a9c1-79c1-bb2d-49dc347960f4,25,3334,2400288.0,{}
2531,00003c59-a9c1-79c1-bb2d-49dc347960f4,25,3334,2100252.0,{}
2532,00003c59-a9c1-79c1-bb2d-49dc347960f4,25,3334,2600312.0,{}
2533,00003c59-a9c1-79c1-bb2d-49dc347960f4,25,3334,3200384.0,{}
2534,00003c59-a9c1-79c1-bb2d-49dc347960f4,25,3334,3200384.0,{}
2535,00003c59-a9c1-79c1-bb2d-49dc347960f4,25,3334,1600192.0,{}
2536,00003c59-a9c1-79c1-bb2d-49dc347960f4,25,3334,1600192.0,{}
2537,00003c59-a9c1-79c1-bb2d-49dc347960f4,25,3334,1600192.0,{}
2538,00003c59-a9c1-79c1-bb2d-49dc347960f4,25,3334,1700204.0,{}
2539,00003c59-a9c1-79c1-bb2d-49dc347960f4,25,3334,1600192.0,{}
2540,00003c59-a9c1-79c1-bb2d-49dc347960f4,25,3334,1600192.0,{}
2541,00003c59-a9c1-79c1-bb2d-49dc347960f4,25,3334,1600192.0,{}
2542,00003c59-a9c1-79c1-bb2d-49dc347960f4,25,3334,1600192.0,{}
2543,00003c59-a9c1-79c1-bb2d-49dc347960f4,25,3334,1600192.0,{}
2544,00003c59-a9c1-79c1-bb2d-49dc347960f4,25,3334,1600192.0,{}
2545,00003c59-a9c1-79c1-bb2d-49dc347960f4,25,3334,3200384.0,{}
2546,00003c59-a9c1-79c1-bb2d-49dc347960f4,25,3334,1800216.0,{}
2547,00003c59-a9c1-79c1-bb2d-49dc347960f4,25,3334,2400288.0,{}
2548,00003c59-a9c1-79c1-bb2d-49dc347960f4,25,3334,3200384.0,{}
2549,00003c59-a9c1-79c1-bb2d-49dc347960f4,25,3334,3000360.0,{}
2550,00003c59-a9c1-79c1-bb2d-49dc347960f4,25,5642,25003.0,{}
2551,00003c59-a9c1-79c1-bb2d-49dc347960f4,26,2636,3.0,{}
2552,00003c59-a9c1-79c1-bb2d-49dc347960f4,26,3217,526336.0,{}
2553,00003c59-a9c1-79c1-bb2d-49dc347960f4,26,3217,526336.0,{}
2554,00003c59-a9c1-79c1-bb2d-49dc347960f4,26,3217,526336.0,{}
2555,00003c59-a9c1-79c1-bb2d-49dc347960f4,26,3217,526336.0,{}
2556,00003c59-a9c1-79c1-bb2d-49dc347960f4,26,3217,526336.0,{}
2557,00003c59-a9c1-79c1-bb2d-49dc347960f4,26,3217,526336.0,{}
2558,00003c59-a9c1-79c1-bb2d-49dc347960f4,26,3217,797728.0,{}
2559,00003c59-a9c1-79c1-bb2d-49dc347960f4,26,3217,1052672.0,{}
2560,00003c59-a9c1-79c1-bb2d-49dc347960f4,26,3217,1044448.0,{}
2561,00003c59-a9c1-79c1-bb2d-49dc347960f4,26,3217,1052672.0,{}
2562,00003c59-a9c1-79c1-bb2d-49dc347960f4,26,3217,575680.0,{}
2563,00003c59-a9c1-79c1-bb2d-49dc347960f4,26,3217,666144.0,{}
2564,00003c59-a9c1-79c1-bb2d-49dc347960f4,26,3217,592128.0,{}
2565,00003c59-a9c1-79c1-bb2d-49dc347960f4,26,3217,649696.0,{}
2566,00003c59-a9c1-79c1-bb2d-49dc347960f4,26,3217,616800.0,{}
2567,00003c59-a9c1-79c1-bb2d-49dc347960f4,26,3217,822400.0,{}
2568,00003c59-a9c1-79c1-bb2d-49dc347960f4,26,3217,740160.0,{}
2569,00003c59-a9c1-79c1-bb2d-49dc347960f4,26,3217,748384.0,{}
2570,00003c59-a9c1-79c1-bb2d-49dc347960f4,26,3217,871744.0,{}
2571,00003c59-a9c1-79c1-bb2d-49dc347960f4,26,3217,822400.0,{}
2572,00003c59-a9c1-79c1-bb2d-49dc347960f4,26,3248,31040.0,{}
2573,00003c59-a9c1-79c1-bb2d-49dc347960f4,26,3248,31040.0,{}
2574,00003c59-a9c1-79c1-bb2d-49dc347960f4,26,3248,31040.0,{}
2575,00003c59-a9c1-79c1-bb2d-49dc347960f4,26,3248,31040.0,{}
2576,00003c59-a9c1-79c1-bb2d-49dc347960f4,26,3248,31040.0,{}
2577,00003c59-a9c1-79c1-bb2d-49dc347960f4,26,3248,31040.0,{}
2578,00003c59-a9c1-79c1-bb2d-49dc347960f4,26,3248,47045.0,{}
2579,00003c59-a9c1-79c1-bb2d-49dc347960f4,26,3248,62080.0,{}
2580,00003c59-a9c1-79c1-bb2d-49dc347960f4,26,3248,61595.0,{}
2581,00003c59-a9c1-79c1-bb2d-49dc347960f4,26,3248,62080.0,{}
2582,00003c59-a9c1-79c1-bb2d-49dc347960f4,26,3248,33950.0,{}
2583,00003c59-a9c1-79c1-bb2d-49dc347960f4,26,3248,39285.0,{}
2584,00003c59-a9c1-79c1-bb2d-49dc347960f4,26,3248,34920.0,{}
2585,00003c59-a9c1-79c1-bb2d-49dc347960f4,26,3248,38315.0,{}
2586,00003c59-a9c1-79c1-bb2d-49dc347960f4,26,3248,36375.0,{}
2587,00003c59-a9c1-79c1-bb2d-49dc347960f4,26,3248,48500.0,{}
2588,00003c59-a9c1-79c1-bb2d-49dc347960f4,26,3248,43650.0,{}
2589,00003c59-a9c1-79c1-bb2d-49dc347960f4,26,3248,44135.0,{}
2590,00003c59-a9c1-79c1-bb2d-49dc347960f4,26,3248,51410.0,{}
2591,00003c59-a9c1-79c1-bb2d-49dc347960f4,26,3248,48500.0,{}
2592,00003c59-a9c1-79c1-bb2d-49dc347960f4,26,3280,192.0,{}
2593,00003c59-a9c1-79c1-bb2d-49dc347960f4,26,3280,192.0,{}
2594,00003c59-a9c1-79c1-bb2d-49dc347960f4,26,3280,192.0,{}
2595,00003c59-a9c1-79c1-bb2d-49dc347960f4,26,3280,192.0,{}
2596,00003c59-a9c1-79c1-bb2d-49dc347960f4,26,3280,192.0,{}
2597,00003c59-a9c1-79c1-bb2d-49dc347960f4,26,3280,192.0,{}
2598,00003c59-a9c1-79c1-bb2d-49dc347960f4,26,3280,291.0,{}
2599,00003c59-a9c1-79c1-bb2d-49dc347960f4,26,3280,384.0,{}
2600,00003c59-a9c1-79c1-bb2d-49dc347960f4,26,3280,381.0,{}
2601,00003c59-a9c1-79c1-bb2d-49dc347960f4,26,3280,384.0,{}
2602,00003c59-a9c1-79c1-bb2d-49dc347960f4,26,3280,210.0,{}
2603,00003c59-a9c1-79c1-bb2d-49dc347960f4,26,3280,243.0,{}
2604,00003c59-a9c1-79c1-bb2d-49dc347960f4,26,3280,216.0,{}
2605,00003c59-a9c1-79c1-bb2d-49dc347960f4,26,3280,237.0,{}
2606,00003c59-a9c1-79c1-bb2d-49dc347960f4,26,3280,225.0,{}
2607,00003c59-a9c1-79c1-bb2d-49dc347960f4,26,3280,300.0,{}
2608,00003c59-a9c1-79c1-bb2d-49dc347960f4,26,3280,270.0,{}
2609,00003c59-a9c1-79c1-bb2d-49dc347960f4,26,3280,273.0,{}
2610,00003c59-a9c1-79c1-bb2d-49dc347960f4,26,3280,318.0,{}
2611,00003c59-a9c1-79c1-bb2d-49dc347960f4,26,3280,300.0,{}
2612,00003c59-a9c1-79c1-bb2d-49dc347960f4,26,3298,0.0,{}
2613,00003c59-a9c1-79c1-bb2d-49dc347960f4,26,3298,0.0,{}
2614,00003c59-a9c1-79c1-bb2d-49dc347960f4,26,3298,0.0,{}
2615,00003c59-a9c1-79c1-bb2d-49dc347960f4,26,3298,0.0,{}
2616,00003c59-a9c1-79c1-bb2d-49dc347960f4,26,3298,0.0,{}
2617,00003c59-a9c1-79c1-bb2d-49dc347960f4,26,3298,0.0,{}
2618,00003c59-a9c1-79c1-bb2d-49dc347960f4,26,3298,0.0,{}
2619,00003c59-a9c1-79c1-bb2d-49dc347960f4,26,3298,0.0,{}
2620,00003c59-a9c1-79c1-bb2d-49dc347960f4,26,3298,0.0,{}
2621,00003c59-a9c1-79c1-bb2d-49dc347960f4,26,3298,0.0,{}
2622,00003c59-a9c1-79c1-bb2d-49dc347960f4,26,3298,0.0,{}
2623,00003c59-a9c1-79c1-bb2d-49dc347960f4,26,3298,0.0,{}
2624,00003c59-a9c1-79c1-bb2d-49dc347960f4,26,3298,0.0,{}
2625,00003c59-a9c1-79c1-bb2d-49dc347960f4,26,3298,0.0,{}
2626,00003c59-a9c1-79c1-bb2d-49dc347960f4,26,3298,0.0,{}
2627,00003c59-a9c1-79c1-bb2d-49dc347960f4,26,3298,0.0,{}
2628,00003c59-a9c1-79c1-bb2d-49dc347960f4,26,3298,0.0,{}
2629,00003c59-a9c1-79c1-bb2d-49dc347960f4,26,3298,0.0,{}
2630,00003c59-a9c1-79c1-bb2d-49dc347960f4,26,3298,0.0,{}
2631,00003c59-a9c1-79c1-bb2d-49dc347960f4,26,3298,0.0,{}
2632,00003c59-a9c1-79c1-bb2d-49dc347960f4,26,3334,1600192.0,{}
2633,00003c59-a9c1-79c1-bb2d-49dc347960f4,26,3334,1600192.0,{}
2634,00003c59-a9c1-79c1-bb2d-49dc347960f4,26,3334,1600192.0,{}
2635,00003c59-a9c1-79c1-bb2d-49dc347960f4,26,3334,1600192.0,{}
2636,00003c59-a9c1-79c1-bb2d-49dc347960f4,26,3334,1600192.0,{}
2637,00003c59-a9c1-79c1-bb2d-49dc347960f4,26,3334,1600192.0,{}
2638,00003c59-a9c1-79c1-bb2d-49dc347960f4,26,3334,2425291.0,{}
2639,00003c59-a9c1-79c1-bb2d-49dc347960f4,26,3334,3200384.0,{}
2640,00003c59-a9c1-79c1-bb2d-49dc347960f4,26,3334,3175381.0,{}
2641,00003c59-a9c1-79c1-bb2d-49dc347960f4,26,3334,3200384.0,{}
2642,00003c59-a9c1-79c1-bb2d-49dc347960f4,26,3334,1750210.0,{}
2643,00003c59-a9c1-79c1-bb2d-49dc347960f4,26,3334,2025243.0,{}
2644,00003c59-a9c1-79c1-bb2d-49dc347960f4,26,3334,1800216.0,{}
2645,00003c59-a9c1-79c1-bb2d-49dc347960f4,26,3334,1975237.0,{}
2646,00003c59-a9c1-79c1-bb2d-49dc347960f4,26,3334,1875225.0,{}
2647,00003c59-a9c1-79c1-bb2d-49dc347960f4,26,3334,2500300.0,{}
2648,00003c59-a9c1-79c1-bb2d-49dc347960f4,26,3334,2250270.0,{}
2649,00003c59-a9c1-79c1-bb2d-49dc347960f4,26,3334,2275273.0,{}
2650,00003c59-a9c1-79c1-bb2d-49dc347960f4,26,3334,2650318.0,{}
2651,00003c59-a9c1-79c1-bb2d-49dc347960f4,26,3334,2500300.0,{}
2652,00003c59-a9c1-79c1-bb2d-49dc347960f4,26,5642,25003.0,{}
2653,00003c59-a9c1-79c1-bb2d-49dc347960f4,27,2636,3.0,{}
2654,00003c59-a9c1-79c1-bb2d-49dc347960f4,27,3217,526336.0,{}
2655,00003c59-a9c1-79c1-bb2d-49dc347960f4,27,3217,526336.0,{}
2656,00003c59-a9c1-79c1-bb2d-49dc347960f4,27,3217,526336.0,{}
2657,00003c59-a9c1-79c1-bb2d-49dc347960f4,27,3217,526336.0,{}
2658,00003c59-a9c1-79c1-bb2d-49dc347960f4,27,3217,526336.0,{}
2659,00003c59-a9c1-79c1-bb2d-49dc347960f4,27,3217,789504.0,{}
2660,00003c59-a9c1-79c1-bb2d-49dc347960f4,27,3217,789504.0,{}
2661,00003c59-a9c1-79c1-bb2d-49dc347960f4,27,3217,1052672.0,{}
2662,00003c59-a9c1-79c1-bb2d-49dc347960f4,27,3217,995104.0,{}
2663,00003c59-a9c1-79c1-bb2d-49dc347960f4,27,3217,847072.0,{}
2664,00003c59-a9c1-79c1-bb2d-49dc347960f4,27,3217,559232.0,{}
2665,00003c59-a9c1-79c1-bb2d-49dc347960f4,27,3217,748384.0,{}
2666,00003c59-a9c1-79c1-bb2d-49dc347960f4,27,3217,789504.0,{}
2667,00003c59-a9c1-79c1-bb2d-49dc347960f4,27,3217,1011552.0,{}
2668,00003c59-a9c1-79c1-bb2d-49dc347960f4,27,3217,879968.0,{}
2669,00003c59-a9c1-79c1-bb2d-49dc347960f4,27,3217,542784.0,{}
2670,00003c59-a9c1-79c1-bb2d-49dc347960f4,27,3217,600352.0,{}
2671,00003c59-a9c1-79c1-bb2d-49dc347960f4,27,3217,575680.0,{}
2672,00003c59-a9c1-79c1-bb2d-49dc347960f4,27,3217,715488.0,{}
2673,00003c59-a9c1-79c1-bb2d-49dc347960f4,27,3217,682592.0,{}
2674,00003c59-a9c1-79c1-bb2d-49dc347960f4,27,3248,31040.0,{}
2675,00003c59-a9c1-79c1-bb2d-49dc347960f4,27,3248,31040.0,{}
2676,00003c59-a9c1-79c1-bb2d-49dc347960f4,27,3248,31040.0,{}
2677,00003c59-a9c1-79c1-bb2d-49dc347960f4,27,3248,31040.0,{}
2678,00003c59-a9c1-79c1-bb2d-49dc347960f4,27,3248,31040.0,{}
2679,00003c59-a9c1-79c1-bb2d-49dc347960f4,27,3248,46560.0,{}
2680,00003c59-a9c1-79c1-bb2d-49dc347960f4,27,3248,46560.0,{}
2681,00003c59-a9c1-79c1-bb2d-49dc347960f4,27,3248,62080.0,{}
2682,00003c59-a9c1-79c1-bb2d-49dc347960f4,27,3248,58685.0,{}
2683,00003c59-a9c1-79c1-bb2d-49dc347960f4,27,3248,49955.0,{}
2684,00003c59-a9c1-79c1-bb2d-49dc347960f4,27,3248,32980.0,{}
2685,00003c59-a9c1-79c1-bb2d-49dc347960f4,27,3248,44135.0,{}
2686,00003c59-a9c1-79c1-bb2d-49dc347960f4,27,3248,46560.0,{}
2687,00003c59-a9c1-79c1-bb2d-49dc347960f4,27,3248,59655.0,{}
2688,00003c59-a9c1-79c1-bb2d-49dc347960f4,27,3248,51895.0,{}
2689,00003c59-a9c1-79c1-bb2d-49dc347960f4,27,3248,32010.0,{}
2690,00003c59-a9c1-79c1-bb2d-49dc347960f4,27,3248,35405.0,{}
2691,00003c59-a9c1-79c1-bb2d-49dc347960f4,27,3248,33950.0,{}
2692,00003c59-a9c1-79c1-bb2d-49dc347960f4,27,3248,42195.0,{}
2693,00003c59-a9c1-79c1-bb2d-49dc347960f4,27,3248,40255.0,{}
2694,00003c59-a9c1-79c1-bb2d-49dc347960f4,27,3280,192.0,{}
2695,00003c59-a9c1-79c1-bb2d-49dc347960f4,27,3280,192.0,{}
2696,00003c59-a9c1-79c1-bb2d-49dc347960f4,27,3280,192.0,{}
2697,00003c59-a9c1-79c1-bb2d-49dc347960f4,27,3280,192.0,{}
2698,00003c59-a9c1-79c1-bb2d-49dc347960f4,27,3280,192.0,{}
2699,00003c59-a9c1-79c1-bb2d-49dc347960f4,27,3280,288.0,{}
2700,00003c59-a9c1-79c1-bb2d-49dc347960f4,27,3280,288.0,{}
2701,00003c59-a9c1-79c1-bb2d-49dc347960f4,27,3280,384.0,{}
2702,00003c59-a9c1-79c1-bb2d-49dc347960f4,27,3280,363.0,{}
2703,00003c59-a9c1-79c1-bb2d-49dc347960f4,27,3280,309.0,{}
2704,00003c59-a9c1-79c1-bb2d-49dc347960f4,27,3280,204.0,{}
2705,00003c59-a9c1-79c1-bb2d-49dc347960f4,27,3280,273.0,{}
2706,00003c59-a9c1-79c1-bb2d-49dc347960f4,27,3280,288.0,{}
2707,00003c59-a9c1-79c1-bb2d-49dc347960f4,27,3280,369.0,{}
2708,00003c59-a9c1-79c1-bb2d-49dc347960f4,27,3280,321.0,{}
2709,00003c59-a9c1-79c1-bb2d-49dc347960f4,27,3280,198.0,{}
2710,00003c59-a9c1-79c1-bb2d-49dc347960f4,27,3280,219.0,{}
2711,00003c59-a9c1-79c1-bb2d-49dc347960f4,27,3280,210.0,{}
2712,00003c59-a9c1-79c1-bb2d-49dc347960f4,27,3280,261.0,{}
2713,00003c59-a9c1-79c1-bb2d-49dc347960f4,27,3280,249.0,{}
2714,00003c59-a9c1-79c1-bb2d-49dc347960f4,27,3298,0.0,{}
2715,00003c59-a9c1-79c1-bb2d-49dc347960f4,27,3298,0.0,{}
2716,00003c59-a9c1-79c1-bb2d-49dc347960f4,27,3298,0.0,{}
2717,00003c59-a9c1-79c1-bb2d-49dc347960f4,27,3298,0.0,{}
2718,00003c59-a9c1-79c1-bb2d-49dc347960f4,27,3298,0.0,{}
2719,00003c59-a9c1-79c1-bb2d-49dc347960f4,27,3298,0.0,{}
2720,00003c59-a9c1-79c1-bb2d-49dc347960f4,27,3298,0.0,{}
2721,00003c59-a9c1-79c1-bb2d-49dc347960f4,27,3298,0.0,{}
2722,00003c59-a9c1-79c1-bb2d-49dc347960f4,27,3298,0.0,{}
2723,00003c59-a9c1-79c1-bb2d-49dc347960f4,27,3298,0.0,{}
2724,00003c59-a9c1-79c1-bb2d-49dc347960f4,27,3298,0.0,{}
2725,00003c59-a9c1-79c1-bb2d-49dc347960f4,27,3298,0.0,{}
2726,00003c59-a9c1-79c1-bb2d-49dc347960f4,27,3298,0.0,{}
2727,00003c59-a9c1-79c1-bb2d-49dc347960f4,27,3298,0.0,{}
2728,00003c59-a9c1-79c1-bb2d-49dc347960f4,27,3298,0.0,{}
2729,00003c59-a9c1-79c1-bb2d-49dc347960f4,27,3298,0.0,{}
2730,00003c59-a9c1-79c1-bb2d-49dc347960f4,27,3298,0.0,{}
2731,00003c59-a9c1-79c1-bb2d-49dc347960f4,27,3298,0.0,{}
2732,00003c59-a9c1-79c1-bb2d-49dc347960f4,27,3298,0.0,{}
2733,00003c59-a9c1-79c1-bb2d-49dc347960f4,27,3298,0.0,{}
2734,00003c59-a9c1-79c1-bb2d-49dc347960f4,27,3334,1600192.0,{}
2735,00003c59-a9c1-79c1-bb2d-49dc347960f4,27,3334,1600192.0,{}
2736,00003c59-a9c1-79c1-bb2d-49dc347960f4,27,3334,1600192.0,{}
2737,00003c59-a9c1-79c1-bb2d-49dc347960f4,27,3334,1600192.0,{}
2738,00003c59-a9c1-79c1-bb2d-49dc347960f4,27,3334,1600192.0,{}
2739,00003c59-a9c1-79c1-bb2d-49dc347960f4,27,3334,2400288.0,{}
2740,00003c59-a9c1-79c1-bb2d-49dc347960f4,27,3334,2400288.0,{}
2741,00003c59-a9c1-79c1-bb2d-49dc347960f4,27,3334,3200384.0,{}
2742,00003c59-a9c1-79c1-bb2d-49dc347960f4,27,3334,3025363.0,{}
2743,00003c59-a9c1-79c1-bb2d-49dc347960f4,27,3334,2575309.0,{}
2744,00003c59-a9c1-79c1-bb2d-49dc347960f4,27,3334,1700204.0,{}
2745,00003c59-a9c1-79c1-bb2d-49dc347960f4,27,3334,2275273.0,{}
2746,00003c59-a9c1-79c1-bb2d-49dc347960f4,27,3334,2400288.0,{}
2747,00003c59-a9c1-79c1-bb2d-49dc347960f4,27,3334,3075369.0,{}
2748,00003c59-a9c1-79c1-bb2d-49dc347960f4,27,3334,2675321.0,{}
2749,00003c59-a9c1-79c1-bb2d-49dc347960f4,27,3334,1650198.0,{}
2750,00003c59-a9c1-79c1-bb2d-49dc347960f4,27,3334,1825219.0,{}
2751,00003c59-a9c1-79c1-bb2d-49dc347960f4,27,3334,1750210.0,{}
2752,00003c59-a9c1-79c1-bb2d-49dc347960f4,27,3334,2175261.0,{}
2753,00003c59-a9c1-79c1-bb2d-49dc347960f4,27,3334,2075249.0,{}
2754,00003c59-a9c1-79c1-bb2d-49dc347960f4,27,5642,25003.0,{}
2755,00003c59-a9c1-79c1-bb2d-49dc347960f4,28,2636,3.0,{}
2756,00003c59-a9c1-79c1-bb2d-49dc347960f4,28,3217,526336.0,{}
2757,00003c59-a9c1-79c1-bb2d-49dc347960f4,28,3217,526336.0,{}
2758,00003c59-a9c1-79c1-bb2d-49dc347960f4,28,3217,526336.0,{}
2759,00003c59-a9c1-79c1-bb2d-49dc347960f4,28,3217,526336.0,{}
2760,00003c59-a9c1-79c1-bb2d-49dc347960f4,28,3217,526336.0,{}
2761,00003c59-a9c1-79c1-bb2d-49dc347960f4,28,3217,526336.0,{}
2762,00003c59-a9c1-79c1-bb2d-49dc347960f4,28,3217,929312.0,{}
2763,00003c59-a9c1-79c1-bb2d-49dc347960f4,28,3217,912864.0,{}
2764,00003c59-a9c1-79c1-bb2d-49dc347960f4,28,3217,1052672.0,{}
2765,00003c59-a9c1-79c1-bb2d-49dc347960f4,28,3217,1052672.0,{}
2766,00003c59-a9c1-79c1-bb2d-49dc347960f4,28,3217,526336.0,{}
2767,00003c59-a9c1-79c1-bb2d-49dc347960f4,28,3217,542784.0,{}
2768,00003c59-a9c1-79c1-bb2d-49dc347960f4,28,3217,847072.0,{}
2769,00003c59-a9c1-79c1-bb2d-49dc347960f4,28,3217,567456.0,{}
2770,00003c59-a9c1-79c1-bb2d-49dc347960f4,28,3217,723712.0,{}
2771,00003c59-a9c1-79c1-bb2d-49dc347960f4,28,3217,789504.0,{}
2772,00003c59-a9c1-79c1-bb2d-49dc347960f4,28,3217,789504.0,{}
2773,00003c59-a9c1-79c1-bb2d-49dc347960f4,28,3217,789504.0,{}
2774,00003c59-a9c1-79c1-bb2d-49dc347960f4,28,3217,1003328.0,{}
2775,00003c59-a9c1-79c1-bb2d-49dc347960f4,28,3217,526336.0,{}
2776,00003c59-a9c1-79c1-bb2d-49dc347960f4,28,3248,31040.0,{}
2777,00003c59-a9c1-79c1-bb2d-49dc347960f4,28,3248,31040.0,{}
2778,00003c59-a9c1-79c1-bb2d-49dc347960f4,28,3248,31040.0,{}
2779,00003c59-a9c1-79c1-bb2d-49dc347960f4,28,3248,31040.0,{}
2780,00003c59-a9c1-79c1-bb2d-49dc347960f4,28,3248,31040.0,{}
2781,00003c59-a9c1-79c1-bb2d-49dc347960f4,28,3248,31040.0,{}
2782,00003c59-a9c1-79c1-bb2d-49dc347960f4,28,3248,54805.0,{}
2783,00003c59-a9c1-79c1-bb2d-49dc347960f4,28,3248,53835.0,{}
2784,00003c59-a9c1-79c1-bb2d-49dc347960f4,28,3248,62080.0,{}
2785,00003c59-a9c1-79c1-bb2d-49dc347960f4,28,3248,62080.0,{}
2786,00003c59-a9c1-79c1-bb2d-49dc347960f4,28,3248,31040.0,{}
2787,00003c59-a9c1-79c1-bb2d-49dc347960f4,28,3248,32010.0,{}
2788,00003c59-a9c1-79c1-bb2d-49dc347960f4,28,3248,49955.0,{}
2789,00003c59-a9c1-79c1-bb2d-49dc347960f4,28,3248,33465.0,{}
2790,00003c59-a9c1-79c1-bb2d-49dc347960f4,28,3248,42680.0,{}
2791,00003c59-a9c1-79c1-bb2d-49dc347960f4,28,3248,46560.0,{}
2792,00003c59-a9c1-79c1-bb2d-49dc347960f4,28,3248,46560.0,{}
2793,00003c59-a9c1-79c1-bb2d-49dc347960f4,28,3248,46560.0,{}
2794,00003c59-a9c1-79c1-bb2d-49dc347960f4,28,3248,59170.0,{}
2795,00003c59-a9c1-79c1-bb2d-49dc347960f4,28,3248,31040.0,{}
2796,00003c59-a9c1-79c1-bb2d-49dc347960f4,28,3280,192.0,{}
2797,00003c59-a9c1-79c1-bb2d-49dc347960f4,28,3280,192.0,{}
2798,00003c59-a9c1-79c1-bb2d-49dc347960f4,28,3280,192.0,{}
2799,00003c59-a9c1-79c1-bb2d-49dc347960f4,28,3280,192.0,{}
2800,00003c59-a9c1-79c1-bb2d-49dc347960f4,28,3280,192.0,{}
2801,00003c59-a9c1-79c1-bb2d-49dc347960f4,28,3280,192.0,{}
2802,00003c59-a9c1-79c1-bb2d-49dc347960f4,28,3280,339.0,{}
2803,00003c59-a9c1-79c1-bb2d-49dc347960f4,28,3280,333.0,{}
2804,00003c59-a9c1-79c1-bb2d-49dc347960f4,28,3280,384.0,{}
2805,00003c59-a9c1-79c1-bb2d-49dc347960f4,28,3280,384.0,{}
2806,00003c59-a9c1-79c1-bb2d-49dc347960f4,28,3280,192.0,{}
2807,00003c59-a9c1-79c1-bb2d-49dc347960f4,28,3280,198.0,{}
2808,00003c59-a9c1-79c1-bb2d-49dc347960f4,28,3280,309.0,{}
2809,00003c59-a9c1-79c1-bb2d-49dc347960f4,28,3280,207.0,{}
2810,00003c59-a9c1-79c1-bb2d-49dc347960f4,28,3280,264.0,{}
2811,00003c59-a9c1-79c1-bb2d-49dc347960f4,28,3280,288.0,{}
2812,00003c59-a9c1-79c1-bb2d-49dc347960f4,28,3280,288.0,{}
2813,00003c59-a9c1-79c1-bb2d-49dc347960f4,28,3280,288.0,{}
2814,00003c59-a9c1-79c1-bb2d-49dc347960f4,28,3280,366.0,{}
2815,00003c59-a9c1-79c1-bb2d-49dc347960f4,28,3280,192.0,{}
2816,00003c59-a9c1-79c1-bb2d-49dc347960f4,28,3298,0.0,{}
2817,00003c59-a9c1-79c1-bb2d-49dc347960f4,28,3298,0.0,{}
2818,00003c59-a9c1-79c1-bb2d-49dc347960f4,28,3298,0.0,{}
2819,00003c59-a9c1-79c1-bb2d-49dc347960f4,28,3298,0.0,{}
2820,00003c59-a9c1-79c1-bb2d-49dc347960f4,28,3298,0.0,{}
2821,00003c59-a9c1-79c1-bb2d-49dc347960f4,28,3298,0.0,{}
2822,00003c59-a9c1-79c1-bb2d-49dc347960f4,28,3298,0.0,{}
2823,00003c59-a9c1-79c1-bb2d-49dc347960f4,28,3298,0.0,{}
2824,00003c59-a9c1-79c1-bb2d-49dc347960f4,28,3298,0.0,{}
2825,00003c59-a9c1-79c1-bb2d-49dc347960f4,28,3298,0.0,{}
2826,00003c59-a9c1-79c1-bb2d-49dc347960f4,28,3298,0.0,{}
2827,00003c59-a9c1-79c1-bb2d-49dc347960f4,28,3298,0.0,{}
2828,00003c59-a9c1-79c1-bb2d-49dc347960f4,28,3298,0.0,{}
2829,00003c59-a9c1-79c1-bb2d-49dc347960f4,28,3298,0.0,{}
2830,00003c59-a9c1-79c1-bb2d-49dc347960f4,28,3298,0.0,{}
2831,00003c59-a9c1-79c1-bb2d-49dc347960f4,28,3298,0.0,{}
2832,00003c59-a9c1-79c1-bb2d-49dc347960f4,28,3298,0.0,{}
2833,00003c59-a9c1-79c1-bb2d-49dc347960f4,28,3298,0.0,{}
2834,00003c59-a9c1-79c1-bb2d-49dc347960f4,28,3298,0.0,{}
2835,00003c59-a9c1-79c1-bb2d-49dc347960f4,28,3298,0.0,{}
2836,00003c59-a9c1-79c1-bb2d-49dc347960f4,28,3334,1600192.0,{}
2837,00003c59-a9c1-79c1-bb2d-49dc347960f4,28,3334,1600192.0,{}
2838,00003c59-a9c1-79c1-bb2d-49dc347960f4,28,3334,1600192.0,{}
2839,00003c59-a9c1-79c1-bb2d-49dc347960f4,28,3334,1600192.0,{}
2840,00003c59-a9c1-79c1-bb2d-49dc347960f4,28,3334,1600192.0,{}
2841,00003c59-a9c1-79c1-bb2d-49dc347960f4,28,3334,1600192.0,{}
2842,00003c59-a9c1-79c1-bb2d-49dc347960f4,28,3334,2825339.0,{}
2843,00003c59-a9c1-79c1-bb2d-49dc347960f4,28,3334,2775333.0,{}
2844,00003c59-a9c1-79c1-bb2d-49dc347960f4,28,3334,3200384.0,{}
2845,00003c59-a9c1-79c1-bb2d-49dc347960f4,28,3334,3200384.0,{}
2846,00003c59-a9c1-79c1-bb2d-49dc347960f4,28,3334,1600192.0,{}
2847,00003c59-a9c1-79c1-bb2d-49dc347960f4,28,3334,1650198.0,{}
2848,00003c59-a9c1-79c1-bb2d-49dc347960f4,28,3334,2575309.0,{}
2849,00003c59-a9c1-79c1-bb2d-49dc347960f4,28,3334,1725207.0,{}
2850,00003c59-a9c1-79c1-bb2d-49dc347960f4,28,3334,2200264.0,{}
2851,00003c59-a9c1-79c1-bb2d-49dc347960f4,28,3334,2400288.0,{}
2852,00003c59-a9c1-79c1-bb2d-49dc347960f4,28,3334,2400288.0,{}
2853,00003c59-a9c1-79c1-bb2d-49dc347960f4,28,3334,2400288.0,{}
2854,00003c59-a9c1-79c1-bb2d-49dc347960f4,28,3334,3050366.0,{}
2855,00003c59-a9c1-79c1-bb2d-49dc347960f4,28,3334,1600192.0,{}
2856,00003c59-a9c1-79c1-bb2d-49dc347960f4,28,5642,25003.0,{}
2857,00003c59-a9c1-79c1-bb2d-49dc347960f4,29,2636,3.0,{}
2858,00003c59-a9c1-79c1-bb2d-49dc347960f4,29,3217,526336.0,{}
2859,00003c59-a9c1-79c1-bb2d-49dc347960f4,29,3217,575680.0,{}
2860,00003c59-a9c1-79c1-bb2d-49dc347960f4,29,3217,526336.0,{}
2861,00003c59-a9c1-79c1-bb2d-49dc347960f4,29,3217,781280.0,{}
2862,00003c59-a9c1-79c1-bb2d-49dc347960f4,29,3217,773056.0,{}
2863,00003c59-a9c1-79c1-bb2d-49dc347960f4,29,3217,616800.0,{}
2864,00003c59-a9c1-79c1-bb2d-49dc347960f4,29,3217,592128.0,{}
2865,00003c59-a9c1-79c1-bb2d-49dc347960f4,29,3217,1052672.0,{}
2866,00003c59-a9c1-79c1-bb2d-49dc347960f4,29,3217,838848.0,{}
2867,00003c59-a9c1-79c1-bb2d-49dc347960f4,29,3217,822400.0,{}
2868,00003c59-a9c1-79c1-bb2d-49dc347960f4,29,3217,583904.0,{}
2869,00003c59-a9c1-79c1-bb2d-49dc347960f4,29,3217,723712.0,{}
2870,00003c59-a9c1-79c1-bb2d-49dc347960f4,29,3217,592128.0,{}
2871,00003c59-a9c1-79c1-bb2d-49dc347960f4,29,3217,608576.0,{}
2872,00003c59-a9c1-79c1-bb2d-49dc347960f4,29,3217,649696.0,{}
2873,00003c59-a9c1-79c1-bb2d-49dc347960f4,29,3217,888192.0,{}
2874,00003c59-a9c1-79c1-bb2d-49dc347960f4,29,3217,592128.0,{}
2875,00003c59-a9c1-79c1-bb2d-49dc347960f4,29,3217,822400.0,{}
2876,00003c59-a9c1-79c1-bb2d-49dc347960f4,29,3217,592128.0,{}
2877,00003c59-a9c1-79c1-bb2d-49dc347960f4,29,3217,1052672.0,{}
2878,00003c59-a9c1-79c1-bb2d-49dc347960f4,29,3248,31040.0,{}
2879,00003c59-a9c1-79c1-bb2d-49dc347960f4,29,3248,33950.0,{}
2880,00003c59-a9c1-79c1-bb2d-49dc347960f4,29,3248,31040.0,{}
2881,00003c59-a9c1-79c1-bb2d-49dc347960f4,29,3248,46075.0,{}
2882,00003c59-a9c1-79c1-bb2d-49dc347960f4,29,3248,45590.0,{}
2883,00003c59-a9c1-79c1-bb2d-49dc347960f4,29,3248,36375.0,{}
2884,00003c59-a9c1-79c1-bb2d-49dc347960f4,29,3248,34920.0,{}
2885,00003c59-a9c1-79c1-bb2d-49dc347960f4,29,3248,62080.0,{}
2886,00003c59-a9c1-79c1-bb2d-49dc347960f4,29,3248,49470.0,{}
2887,00003c59-a9c1-79c1-bb2d-49dc347960f4,29,3248,48500.0,{}
2888,00003c59-a9c1-79c1-bb2d-49dc347960f4,29,3248,34435.0,{}
2889,00003c59-a9c1-79c1-bb2d-49dc347960f4,29,3248,42680.0,{}
2890,00003c59-a9c1-79c1-bb2d-49dc347960f4,29,3248,34920.0,{}
2891,00003c59-a9c1-79c1-bb2d-49dc347960f4,29,3248,35890.0,{}
2892,00003c59-a9c1-79c1-bb2d-49dc347960f4,29,3248,38315.0,{}
2893,00003c59-a9c1-79c1-bb2d-49dc347960f4,29,3248,52380.0,{}
2894,00003c59-a9c1-79c1-bb2d-49dc347960f4,29,3248,34920.0,{}
2895,00003c59-a9c1-79c1-bb2d-49dc347960f4,29,3248,48500.0,{}
2896,00003c59-a9c1-79c1-bb2d-49dc347960f4,29,3248,34920.0,{}
2897,00003c59-a9c1-79c1-bb2d-49dc347960f4,29,3248,62080.0,{}
2898,00003c59-a9c1-79c1-bb2d-49dc347960f4,29,3280,192.0,{}
2899,00003c59-a9c1-79c1-bb2d-49dc347960f4,29,3280,210.0,{}
2900,00003c59-a9c1-79c1-bb2d-49dc347960f4,29,3280,192.0,{}
2901,00003c59-a9c1-79c1-bb2d-49dc347960f4,29,3280,285.0,{}
2902,00003c59-a9c1-79c1-bb2d-49dc347960f4,29,3280,282.0,{}
2903,00003c59-a9c1-79c1-bb2d-49dc347960f4,29,3280,225.0,{}
2904,00003c59-a9c1-79c1-bb2d-49dc347960f4,29,3280,216.0,{}
2905,00003c59-a9c1-79c1-bb2d-49dc347960f4,29,3280,384.0,{}
2906,00003c59-a9c1-79c1-bb2d-49dc347960f4,29,3280,306.0,{}
2907,00003c59-a9c1-79c1-bb2d-49dc347960f4,29,3280,300.0,{}
2908,00003c59-a9c1-79c1-bb2d-49dc347960f4,29,3280,213.0,{}
2909,00003c59-a9c1-79c1-bb2d-49dc347960f4,29,3280,264.0,{}
2910,00003c59-a9c1-79c1-bb2d-49dc347960f4,29,3280,216.0,{}
2911,00003c59-a9c1-79c1-bb2d-49dc347960f4,29,3280,222.0,{}
2912,00003c59-a9c1-79c1-bb2d-49dc347960f4,29,3280,237.0,{}
2913,00003c59-a9c1-79c1-bb2d-49dc347960f4,29,3280,324.0,{}
2914,00003c59-a9c1-79c1-bb2d-49dc347960f4,29,3280,216.0,{}
2915,00003c59-a9c1-79c1-bb2d-49dc347960f4,29,3280,300.0,{}
2916,00003c59-a9c1-79c1-bb2d-49dc347960f4,29,3280,216.0,{}
2917,00003c59-a9c1-79c1-bb2d-49dc347960f4,29,3280,384.0,{}
2918,00003c59-a9c1-79c1-bb2d-49dc347960f4,29,3298,0.0,{}
2919,00003c59-a9c1-79c1-bb2d-49dc347960f4,29,3298,0.0,{}
2920,00003c59-a9c1-79c1-bb2d-49dc347960f4,29,3298,0.0,{}
2921,00003c59-a9c1-79c1-bb2d-49dc347960f4,29,3298,0.0,{}
2922,00003c59-a9c1-79c1-bb2d-49dc347960f4,29,3298,0.0,{}
2923,00003c59-a9c1-79c1-bb2d-49dc347960f4,29,3298,0.0,{}
2924,00003c59-a9c1-79c1-bb2d-49dc347960f4,29,3298,0.0,{}
2925,00003c59-a9c1-79c1-bb2d-49dc347960f4,29,3298,0.0,{}
2926,00003c59-a9c1-79c1-bb2d-49dc347960f4,29,3298,0.0,{}
2927,00003c59-a9c1-79c1-bb2d-49dc347960f4,29,3298,0.0,{}
2928,00003c59-a9c1-79c1-bb2d-49dc347960f4,29,3298,0.0,{}
2929,00003c59-a9c1-79c1-bb2d-49dc347960f4,29,3298,0.0,{}
2930,00003c59-a9c1-79c1-bb2d-49dc347960f4,29,3298,0.0,{}
2931,00003c59-a9c1-79c1-bb2d-49dc347960f4,29,3298,0.0,{}
2932,00003c59-a9c1-79c1-bb2d-49dc347960f4,29,3298,0.0,{}
2933,00003c59-a9c1-79c1-bb2d-49dc347960f4,29,3298,0.0,{}
2934,00003c59-a9c1-79c1-bb2d-49dc347960f4,29,3298,0.0,{}
2935,00003c59-a9c1-79c1-bb2d-49dc347960f4,29,3298,0.0,{}
2936,00003c59-a9c1-79c1-bb2d-49dc347960f4,29,3298,0.0,{}
2937,00003c59-a9c1-79c1-bb2d-49dc347960f4,29,3298,0.0,{}
2938,00003c59-a9c1-79c1-bb2d-49dc347960f4,29,3334,1600192.0,{}
2939,00003c59-a9c1-79c1-bb2d-49dc347960f4,29,3334,1750210.0,{}
2940,00003c59-a9c1-79c1-bb2d-49dc347960f4,29,3334,1600192.0,{}
2941,00003c59-a9c1-79c1-bb2d-49dc347960f4,29,3334,2375285.0,{}
2942,00003c59-a9c1-79c1-bb2d-49dc347960f4,29,3334,2350282.0,{}
2943,00003c59-a9c1-79c1-bb2d-49dc347960f4,29,3334,1875225.0,{}
2944,00003c59-a9c1-79c1-bb2d-49dc347960f4,29,3334,1800216.0,{}
2945,00003c59-a9c1-79c1-bb2d-49dc347960f4,29,3334,3200384.0,{}
2946,00003c59-a9c1-79c1-bb2d-49dc347960f4,29,3334,2550306.0,{}
2947,00003c59-a9c1-79c1-bb2d-49dc347960f4,29,3334,2500300.0,{}
2948,00003c59-a9c1-79c1-bb2d-49dc347960f4,29,3334,1775213.0,{}
2949,00003c59-a9c1-79c1-bb2d-49dc347960f4,29,3334,2200264.0,{}
2950,00003c59-a9c1-79c1-bb2d-49dc347960f4,29,3334,1800216.0,{}
2951,00003c59-a9c1-79c1-bb2d-49dc347960f4,29,3334,1850222.0,{}
2952,00003c59-a9c1-79c1-bb2d-49dc347960f4,29,3334,1975237.0,{}
2953,00003c59-a9c1-79c1-bb2d-49dc347960f4,29,3334,2700324.0,{}
2954,00003c59-a9c1-79c1-bb2d-49dc347960f4,29,3334,1800216.0,{}
2955,00003c59-a9c1-79c1-bb2d-49dc347960f4,29,3334,2500300.0,{}
2956,00003c59-a9c1-79c1-bb2d-49dc347960f4,29,3334,1800216.0,{}
2957,00003c59-a9c1-79c1-bb2d-49dc347960f4,29,3334,3200384.0,{}
2958,00003c59-a9c1-79c1-bb2d-49dc347960f4,29,5642,25003.0,{}
2959,00003c59-a9c1-79c1-bb2d-49dc347960f4,30,2636,3.0,{}
2960,00003c59-a9c1-79c1-bb2d-49dc347960f4,30,3217,526336.0,{}
2961,00003c59-a9c1-79c1-bb2d-49dc347960f4,30,3217,526336.0,{}
2962,00003c59-a9c1-79c1-bb2d-49dc347960f4,30,3217,526336.0,{}
2963,00003c59-a9c1-79c1-bb2d-49dc347960f4,30,3217,526336.0,{}
2964,00003c59-a9c1-79c1-bb2d-49dc347960f4,30,3217,526336.0,{}
2965,00003c59-a9c1-79c1-bb2d-49dc347960f4,30,3217,526336.0,{}
2966,00003c59-a9c1-79c1-bb2d-49dc347960f4,30,3217,789504.0,{}
2967,00003c59-a9c1-79c1-bb2d-49dc347960f4,30,3217,1052672.0,{}
2968,00003c59-a9c1-79c1-bb2d-49dc347960f4,30,3217,1052672.0,{}
2969,00003c59-a9c1-79c1-bb2d-49dc347960f4,30,3217,1052672.0,{}
2970,00003c59-a9c1-79c1-bb2d-49dc347960f4,30,3217,534560.0,{}
2971,00003c59-a9c1-79c1-bb2d-49dc347960f4,30,3217,789504.0,{}
2972,00003c59-a9c1-79c1-bb2d-49dc347960f4,30,3217,600352.0,{}
2973,00003c59-a9c1-79c1-bb2d-49dc347960f4,30,3217,551008.0,{}
2974,00003c59-a9c1-79c1-bb2d-49dc347960f4,30,3217,929312.0,{}
2975,00003c59-a9c1-79c1-bb2d-49dc347960f4,30,3217,962208.0,{}
2976,00003c59-a9c1-79c1-bb2d-49dc347960f4,30,3217,789504.0,{}
2977,00003c59-a9c1-79c1-bb2d-49dc347960f4,30,3217,756608.0,{}
2978,00003c59-a9c1-79c1-bb2d-49dc347960f4,30,3217,666144.0,{}
2979,00003c59-a9c1-79c1-bb2d-49dc347960f4,30,3217,526336.0,{}
2980,00003c59-a9c1-79c1-bb2d-49dc347960f4,30,3248,31040.0,{}
2981,00003c59-a9c1-79c1-bb2d-49dc347960f4,30,3248,31040.0,{}
2982,00003c59-a9c1-79c1-bb2d-49dc347960f4,30,3248,31040.0,{}
2983,00003c59-a9c1-79c1-bb2d-49dc347960f4,30,3248,31040.0,{}
2984,00003c59-a9c1-79c1-bb2d-49dc347960f4,30,3248,31040.0,{}
2985,00003c59-a9c1-79c1-bb2d-49dc347960f4,30,3248,31040.0,{}
2986,00003c59-a9c1-79c1-bb2d-49dc347960f4,30,3248,46560.0,{}
2987,00003c59-a9c1-79c1-bb2d-49dc347960f4,30,3248,62080.0,{}
2988,00003c59-a9c1-79c1-bb2d-49dc347960f4,30,3248,62080.0,{}
2989,00003c59-a9c1-79c1-bb2d-49dc347960f4,30,3248,62080.0,{}
2990,00003c59-a9c1-79c1-bb2d-49dc347960f4,30,3248,31525.0,{}
2991,00003c59-a9c1-79c1-bb2d-49dc347960f4,30,3248,46560.0,{}
2992,00003c59-a9c1-79c1-bb2d-49dc347960f4,30,3248,35405.0,{}
2993,00003c59-a9c1-79c1-bb2d-49dc347960f4,30,3248,32495.0,{}
2994,00003c59-a9c1-79c1-bb2d-49dc347960f4,30,3248,54805.0,{}
2995,00003c59-a9c1-79c1-bb2d-49dc347960f4,30,3248,56745.0,{}
2996,00003c59-a9c1-79c1-bb2d-49dc347960f4,30,3248,46560.0,{}
2997,00003c59-a9c1-79c1-bb2d-49dc347960f4,30,3248,44620.0,{}
2998,00003c59-a9c1-79c1-bb2d-49dc347960f4,30,3248,39285.0,{}
2999,00003c59-a9c1-79c1-bb2d-49dc347960f4,30,3248,31040.0,{}
3000,00003c59-a9c1-79c1-bb2d-49dc347960f4,30,3280,192.0,{}
3001,00003c59-a9c1-79c1-bb2d-49dc347960f4,30,3280,192.0,{}
3002,00003c59-a9c1-79c1-bb2d-49dc347960f4,30,3280,192.0,{}
3003,00003c59-a9c1-79c1-bb2d-49dc347960f4,30,3280,192.0,{}
3004,00003c59-a9c1-79c1-bb2d-49dc347960f4,30,3280,192.0,{}
3005,00003c59-a9c1-79c1-bb2d-49dc347960f4,30,3280,192.0,{}
3006,00003c59-a9c1-79c1-bb2d-49dc347960f4,30,3280,288.0,{}
3007,00003c59-a9c1-79c1-bb2d-49dc347960f4,30,3280,384.0,{}
3008,00003c59-a9c1-79c1-bb2d-49dc347960f4,30,3280,384.0,{}
3009,00003c59-a9c1-79c1-bb2d-49dc347960f4,30,3280,384.0,{}
3010,00003c59-a9c1-79c1-bb2d-49dc347960f4,30,3280,195.0,{}
3011,00003c59-a9c1-79c1-bb2d-49dc347960f4,30,3280,288.0,{}
3012,00003c59-a9c1-79c1-bb2d-49dc347960f4,30,3280,219.0,{}
3013,00003c59-a9c1-79c1-bb2d-49dc347960f4,30,3280,201.0,{}
3014,00003c59-a9c1-79c1-bb2d-49dc347960f4,30,3280,339.0,{}
3015,00003c59-a9c1-79c1-bb2d-49dc347960f4,30,3280,351.0,{}
3016,00003c59-a9c1-79c1-bb2d-49dc347960f4,30,3280,288.0,{}
3017,00003c59-a9c1-79c1-bb2d-49dc347960f4,30,3280,276.0,{}
3018,00003c59-a9c1-79c1-bb2d-49dc347960f4,30,3280,243.0,{}
3019,00003c59-a9c1-79c1-bb2d-49dc347960f4,30,3280,192.0,{}
3020,00003c59-a9c1-79c1-bb2d-49dc347960f4,30,3298,0.0,{}
3021,00003c59-a9c1-79c1-bb2d-49dc347960f4,30,3298,0.0,{}
3022,00003c59-a9c1-79c1-bb2d-49dc347960f4,30,3298,0.0,{}
3023,00003c59-a9c1-79c1-bb2d-49dc347960f4,30,3298,0.0,{}
3024,00003c59-a9c1-79c1-bb2d-49dc347960f4,30,3298,0.0,{}
3025,00003c59-a9c1-79c1-bb2d-49dc347960f4,30,3298,0.0,{}
3026,00003c59-a9c1-79c1-bb2d-49dc347960f4,30,3298,0.0,{}
3027,00003c59-a9c1-79c1-bb2d-49dc347960f4,30,3298,0.0,{}
3028,00003c59-a9c1-79c1-bb2d-49dc347960f4,30,3298,0.0,{}
3029,00003c59-a9c1-79c1-bb2d-49dc347960f4,30,3298,0.0,{}
3030,00003c59-a9c1-79c1-bb2d-49dc347960f4,30,3298,0.0,{}
3031,00003c59-a9c1-79c1-bb2d-49dc347960f4,30,3298,0.0,{}
3032,00003c59-a9c1-79c1-bb2d-49dc347960f4,30,3298,0.0,{}
3033,00003c59-a9c1-79c1-bb2d-49dc347960f4,30,3298,0.0,{}
3034,00003c59-a9c1-79c1-bb2d-49dc347960f4,30,3298,0.0,{}
3035,00003c59-a9c1-79c1-bb2d-49dc347960f4,30,3298,0.0,{}
3036,00003c59-a9c1-79c1-bb2d-49dc347960f4,30,3298,0.0,{}
3037,00003c59-a9c1-79c1-bb2d-49dc347960f4,30,3298,0.0,{}
3038,00003c59-a9c1-79c1-bb2d-49dc347960f4,30,3298,0.0,{}
3039,00003c59-a9c1-79c1-bb2d-49dc347960f4,30,3298,0.0,{}
3040,00003c59-a9c1-79c1-bb2d-49dc347960f4,30,3334,1600192.0,{}
3041,00003c59-a9c1-79c1-bb2d-49dc347960f4,30,3334,1600192.0,{}
3042,00003c59-a9c1-79c1-bb2d-49dc347960f4,30,3334,1600192.0,{}
3043,00003c59-a9c1-79c1-bb2d-49dc347960f4,30,3334,1600192.0,{}
3044,00003c59-a9c1-79c1-bb2d-49dc347960f4,30,3334,1600192.0,{}
3045,00003c59-a9c1-79c1-bb2d-49dc347960f4,30,3334,1600192.0,{}
3046,00003c59-a9c1-79c1-bb2d-49dc347960f4,30,3334,2400288.0,{}
3047,00003c59-a9c1-79c1-bb2d-49dc347960f4,30,3334,3200384.0,{}
3048,00003c59-a9c1-79c1-bb2d-49dc347960f4,30,3334,3200384.0,{}
3049,00003c59-a9c1-79c1-bb2d-49dc347960f4,30,3334,3200384.0,{}
3050,00003c59-a9c1-79c1-bb2d-49dc347960f4,30,3334,1625195.0,{}
3051,00003c59-a9c1-79c1-bb2d-49dc347960f4,30,3334,2400288.0,{}
3052,00003c59-a9c1-79c1-bb2d-49dc347960f4,30,3334,1825219.0,{}
3053,00003c59-a9c1-79c1-bb2d-49dc347960f4,30,3334,1675201.0,{}
3054,00003c59-a9c1-79c1-bb2d-49dc347960f4,30,3334,2825339.0,{}
3055,00003c59-a9c1-79c1-bb2d-49dc347960f4,30,3334,2925351.0,{}
3056,00003c59-a9c1-79c1-bb2d-49dc347960f4,30,3334,2400288.0,{}
3057,00003c59-a9c1-79c1-bb2d-49dc347960f4,30,3334,2300276.0,{}
3058,00003c59-a9c1-79c1-bb2d-49dc347960f4,30,3334,2025243.0,{}
3059,00003c59-a9c1-79c1-bb2d-49dc347960f4,30,3334,1600192.0,{}
3060,00003c59-a9c1-79c1-bb2d-49dc347960f4,30,5642,25003.0,{}
3061,00003c59-a9c1-79c1-bb2d-49dc347960f4,31,2636,3.0,{}
3062,00003c59-a9c1-79c1-bb2d-49dc347960f4,31,3217,583904.0,{}
3063,00003c59-a9c1-79c1-bb2d-49dc347960f4,31,3217,534560.0,{}
3064,00003c59-a9c1-79c1-bb2d-49dc347960f4,31,3217,526336.0,{}
3065,00003c59-a9c1-79c1-bb2d-49dc347960f4,31,3217,633248.0,{}
3066,00003c59-a9c1-79c1-bb2d-49dc347960f4,31,3217,583904.0,{}
3067,00003c59-a9c1-79c1-bb2d-49dc347960f4,31,3217,822400.0,{}
3068,00003c59-a9c1-79c1-bb2d-49dc347960f4,31,3217,789504.0,{}
3069,00003c59-a9c1-79c1-bb2d-49dc347960f4,31,3217,789504.0,{}
3070,00003c59-a9c1-79c1-bb2d-49dc347960f4,31,3217,1052672.0,{}
3071,00003c59-a9c1-79c1-bb2d-49dc347960f4,31,3217,789504.0,{}
3072,00003c59-a9c1-79c1-bb2d-49dc347960f4,31,3217,682592.0,{}
3073,00003c59-a9c1-79c1-bb2d-49dc347960f4,31,3217,699040.0,{}
3074,00003c59-a9c1-79c1-bb2d-49dc347960f4,31,3217,682592.0,{}
3075,00003c59-a9c1-79c1-bb2d-49dc347960f4,31,3217,682592.0,{}
3076,00003c59-a9c1-79c1-bb2d-49dc347960f4,31,3217,682592.0,{}
3077,00003c59-a9c1-79c1-bb2d-49dc347960f4,31,3217,756608.0,{}
3078,00003c59-a9c1-79c1-bb2d-49dc347960f4,31,3217,797728.0,{}
3079,00003c59-a9c1-79c1-bb2d-49dc347960f4,31,3217,682592.0,{}
3080,00003c59-a9c1-79c1-bb2d-49dc347960f4,31,3217,748384.0,{}
3081,00003c59-a9c1-79c1-bb2d-49dc347960f4,31,3217,690816.0,{}
3082,00003c59-a9c1-79c1-bb2d-49dc347960f4,31,3248,34435.0,{}
3083,00003c59-a9c1-79c1-bb2d-49dc347960f4,31,3248,31525.0,{}
3084,00003c59-a9c1-79c1-bb2d-49dc347960f4,31,3248,31040.0,{}
3085,00003c59-a9c1-79c1-bb2d-49dc347960f4,31,3248,37345.0,{}
3086,00003c59-a9c1-79c1-bb2d-49dc347960f4,31,3248,34435.0,{}
3087,00003c59-a9c1-79c1-bb2d-49dc347960f4,31,3248,48500.0,{}
3088,00003c59-a9c1-79c1-bb2d-49dc347960f4,31,3248,46560.0,{}
3089,00003c59-a9c1-79c1-bb2d-49dc347960f4,31,3248,46560.0,{}
3090,00003c59-a9c1-79c1-bb2d-49dc347960f4,31,3248,62080.0,{}
3091,00003c59-a9c1-79c1-bb2d-49dc347960f4,31,3248,46560.0,{}
3092,00003c59-a9c1-79c1-bb2d-49dc347960f4,31,3248,40255.0,{}
3093,00003c59-a9c1-79c1-bb2d-49dc347960f4,31,3248,41225.0,{}
3094,00003c59-a9c1-79c1-bb2d-49dc347960f4,31,3248,40255.0,{}
3095,00003c59-a9c1-79c1-bb2d-49dc347960f4,31,3248,40255.0,{}
3096,00003c59-a9c1-79c1-bb2d-49dc347960f4,31,3248,40255.0,{}
3097,00003c59-a9c1-79c1-bb2d-49dc347960f4,31,3248,44620.0,{}
3098,00003c59-a9c1-79c1-bb2d-49dc347960f4,31,3248,47045.0,{}
3099,00003c59-a9c1-79c1-bb2d-49dc347960f4,31,3248,40255.0,{}
3100,00003c59-a9c1-79c1-bb2d-49dc347960f4,31,3248,44135.0,{}
3101,00003c59-a9c1-79c1-bb2d-49dc347960f4,31,3248,40740.0,{}
3102,00003c59-a9c1-79c1-bb2d-49dc347960f4,31,3280,213.0,{}
3103,00003c59-a9c1-79c1-bb2d-49dc347960f4,31,3280,195.0,{}
3104,00003c59-a9c1-79c1-bb2d-49dc347960f4,31,3280,192.0,{}
3105,00003c59-a9c1-79c1-bb2d-49dc347960f4,31,3280,231.0,{}
3106,00003c59-a9c1-79c1-bb2d-49dc347960f4,31,3280,213.0,{}
3107,00003c59-a9c1-79c1-bb2d-49dc347960f4,31,3280,300.0,{}
3108,00003c59-a9c1-79c1-bb2d-49dc347960f4,31,3280,288.0,{}
3109,00003c59-a9c1-79c1-bb2d-49dc347960f4,31,3280,288.0,{}
3110,00003c59-a9c1-79c1-bb2d-49dc347960f4,31,3280,384.0,{}
3111,00003c59-a9c1-79c1-bb2d-49dc347960f4,31,3280,288.0,{}
3112,00003c59-a9c1-79c1-bb2d-49dc347960f4,31,3280,249.0,{}
3113,00003c59-a9c1-79c1-bb2d-49dc347960f4,31,3280,255.0,{}
3114,00003c59-a9c1-79c1-bb2d-49dc347960f4,31,3280,249.0,{}
3115,00003c59-a9c1-79c1-bb2d-49dc347960f4,31,3280,249.0,{}
3116,00003c59-a9c1-79c1-bb2d-49dc347960f4,31,3280,249.0,{}
3117,00003c59-a9c1-79c1-bb2d-49dc347960f4,31,3280,276.0,{}
3118,00003c59-a9c1-79c1-bb2d-49dc347960f4,31,3280,291.0,{}
3119,00003c59-a9c1-79c1-bb2d-49dc347960f4,31,3280,249.0,{}
3120,00003c59-a9c1-79c1-bb2d-49dc347960f4,31,3280,273.0,{}
3121,00003c59-a9c1-79c1-bb2d-49dc347960f4,31,3280,252.0,{}
3122,00003c59-a9c1-79c1-bb2d-49dc347960f4,31,3298,0.0,{}
3123,00003c59-a9c1-79c1-bb2d-49dc347960f4,31,3298,0.0,{}
3124,00003c59-a9c1-79c1-bb2d-49dc347960f4,31,3298,0.0,{}
3125,00003c59-a9c1-79c1-bb2d-49dc347960f4,31,3298,0.0,{}
3126,00003c59-a9c1-79c1-bb2d-49dc347960f4,31,3298,0.0,{}
3127,00003c59-a9c1-79c1-bb2d-49dc347960f4,31,3298,0.0,{}
3128,00003c59-a9c1-79c1-bb2d-49dc347960f4,31,3298,0.0,{}
3129,00003c59-a9c1-79c1-bb2d-49dc347960f4,31,3298,0.0,{}
3130,00003c59-a9c1-79c1-bb2d-49dc347960f4,31,3298,0.0,{}
3131,00003c59-a9c1-79c1-bb2d-49dc347960f4,31,3298,0.0,{}
3132,00003c59-a9c1-79c1-bb2d-49dc347960f4,31,3298,0.0,{}
3133,00003c59-a9c1-79c1-bb2d-49dc347960f4,31,3298,0.0,{}
3134,00003c59-a9c1-79c1-bb2d-49dc347960f4,31,3298,0.0,{}
3135,00003c59-a9c1-79c1-bb2d-49dc347960f4,31,3298,0.0,{}
3136,00003c59-a9c1-79c1-bb2d-49dc347960f4,31,3298,0.0,{}
3137,00003c59-a9c1-79c1-bb2d-49dc347960f4,31,3298,0.0,{}
3138,00003c59-a9c1-79c1-bb2d-49dc347960f4,31,3298,0.0,{}
3139,00003c59-a9c1-79c1-bb2d-49dc347960f4,31,3298,0.0,{}
3140,00003c59-a9c1-79c1-bb2d-49dc347960f4,31,3298,0.0,{}
3141,00003c59-a9c1-79c1-bb2d-49dc347960f4,31,3298,0.0,{}
3142,00003c59-a9c1-79c1-bb2d-49dc347960f4,31,3334,1775213.0,{}
3143,00003c59-a9c1-79c1-bb2d-49dc347960f4,31,3334,1625195.0,{}
3144,00003c59-a9c1-79c1-bb2d-49dc347960f4,31,3334,1600192.0,{}
3145,00003c59-a9c1-79c1-bb2d-49dc347960f4,31,3334,1925231.0,{}
3146,00003c59-a9c1-79c1-bb2d-49dc347960f4,31,3334,1775213.0,{}
3147,00003c59-a9c1-79c1-bb2d-49dc347960f4,31,3334,2500300.0,{}
3148,00003c59-a9c1-79c1-bb2d-49dc347960f4,31,3334,2400288.0,{}
3149,00003c59-a9c1-79c1-bb2d-49dc347960f4,31,3334,2400288.0,{}
3150,00003c59-a9c1-79c1-bb2d-49dc347960f4,31,3334,3200384.0,{}
3151,00003c59-a9c1-79c1-bb2d-49dc347960f4,31,3334,2400288.0,{}
3152,00003c59-a9c1-79c1-bb2d-49dc347960f4,31,3334,2075249.0,{}
3153,00003c59-a9c1-79c1-bb2d-49dc347960f4,31,3334,2125255.0,{}
3154,00003c59-a9c1-79c1-bb2d-49dc347960f4,31,3334,2075249.0,{}
3155,00003c59-a9c1-79c1-bb2d-49dc347960f4,31,3334,2075249.0,{}
3156,00003c59-a9c1-79c1-bb2d-49dc347960f4,31,3334,2075249.0,{}
3157,00003c59-a9c1-79c1-bb2d-49dc347960f4,31,3334,2300276.0,{}
3158,00003c59-a9c1-79c1-bb2d-49dc347960f4,31,3334,2425291.0,{}
3159,00003c59-a9c1-79c1-bb2d-49dc347960f4,31,3334,2075249.0,{}
3160,00003c59-a9c1-79c1-bb2d-49dc347960f4,31,3334,2275273.0,{}
3161,00003c59-a9c1-79c1-bb2d-49dc347960f4,31,3334,2100252.0,{}
3162,00003c59-a9c1-79c1-bb2d-49dc347960f4,31,5642,25003.0,{}
3163,00003c59-a9c1-79c1-bb2d-49dc347960f4,32,2636,3.0,{}
3164,00003c59-a9c1-79c1-bb2d-49dc347960f4,32,3217,641472.0,{}
3165,00003c59-a9c1-79c1-bb2d-49dc347960f4,32,3217,526336.0,{}
3166,00003c59-a9c1-79c1-bb2d-49dc347960f4,32,3217,625024.0,{}
3167,00003c59-a9c1-79c1-bb2d-49dc347960f4,32,3217,600352.0,{}
3168,00003c59-a9c1-79c1-bb2d-49dc347960f4,32,3217,575680.0,{}
3169,00003c59-a9c1-79c1-bb2d-49dc347960f4,32,3217,789504.0,{}
3170,00003c59-a9c1-79c1-bb2d-49dc347960f4,32,3217,731936.0,{}
3171,00003c59-a9c1-79c1-bb2d-49dc347960f4,32,3217,789504.0,{}
3172,00003c59-a9c1-79c1-bb2d-49dc347960f4,32,3217,1052672.0,{}
3173,00003c59-a9c1-79c1-bb2d-49dc347960f4,32,3217,773056.0,{}
3174,00003c59-a9c1-79c1-bb2d-49dc347960f4,32,3217,715488.0,{}
3175,00003c59-a9c1-79c1-bb2d-49dc347960f4,32,3217,715488.0,{}
3176,00003c59-a9c1-79c1-bb2d-49dc347960f4,32,3217,666144.0,{}
3177,00003c59-a9c1-79c1-bb2d-49dc347960f4,32,3217,707264.0,{}
3178,00003c59-a9c1-79c1-bb2d-49dc347960f4,32,3217,764832.0,{}
3179,00003c59-a9c1-79c1-bb2d-49dc347960f4,32,3217,600352.0,{}
3180,00003c59-a9c1-79c1-bb2d-49dc347960f4,32,3217,674368.0,{}
3181,00003c59-a9c1-79c1-bb2d-49dc347960f4,32,3217,756608.0,{}
3182,00003c59-a9c1-79c1-bb2d-49dc347960f4,32,3217,682592.0,{}
3183,00003c59-a9c1-79c1-bb2d-49dc347960f4,32,3217,822400.0,{}
3184,00003c59-a9c1-79c1-bb2d-49dc347960f4,32,3248,37830.0,{}
3185,00003c59-a9c1-79c1-bb2d-49dc347960f4,32,3248,31040.0,{}
3186,00003c59-a9c1-79c1-bb2d-49dc347960f4,32,3248,36860.0,{}
3187,00003c59-a9c1-79c1-bb2d-49dc347960f4,32,3248,35405.0,{}
3188,00003c59-a9c1-79c1-bb2d-49dc347960f4,32,3248,33950.0,{}
3189,00003c59-a9c1-79c1-bb2d-49dc347960f4,32,3248,46560.0,{}
3190,00003c59-a9c1-79c1-bb2d-49dc347960f4,32,3248,43165.0,{}
3191,00003c59-a9c1-79c1-bb2d-49dc347960f4,32,3248,46560.0,{}
3192,00003c59-a9c1-79c1-bb2d-49dc347960f4,32,3248,62080.0,{}
3193,00003c59-a9c1-79c1-bb2d-49dc347960f4,32,3248,45590.0,{}
3194,00003c59-a9c1-79c1-bb2d-49dc347960f4,32,3248,42195.0,{}
3195,00003c59-a9c1-79c1-bb2d-49dc347960f4,32,3248,42195.0,{}
3196,00003c59-a9c1-79c1-bb2d-49dc347960f4,32,3248,39285.0,{}
3197,00003c59-a9c1-79c1-bb2d-49dc347960f4,32,3248,41710.0,{}
3198,00003c59-a9c1-79c1-bb2d-49dc347960f4,32,3248,45105.0,{}
3199,00003c59-a9c1-79c1-bb2d-49dc347960f4,32,3248,35405.0,{}
3200,00003c59-a9c1-79c1-bb2d-49dc347960f4,32,3248,39770.0,{}
3201,00003c59-a9c1-79c1-bb2d-49dc347960f4,32,3248,44620.0,{}
3202,00003c59-a9c1-79c1-bb2d-49dc347960f4,32,3248,40255.0,{}
3203,00003c59-a9c1-79c1-bb2d-49dc347960f4,32,3248,48500.0,{}
3204,00003c59-a9c1-79c1-bb2d-49dc347960f4,32,3280,234.0,{}
3205,00003c59-a9c1-79c1-bb2d-49dc347960f4,32,3280,192.0,{}
3206,00003c59-a9c1-79c1-bb2d-49dc347960f4,32,3280,228.0,{}
3207,00003c59-a9c1-79c1-bb2d-49dc347960f4,32,3280,219.0,{}
3208,00003c59-a9c1-79c1-bb2d-49dc347960f4,32,3280,210.0,{}
3209,00003c59-a9c1-79c1-bb2d-49dc347960f4,32,3280,288.0,{}
3210,00003c59-a9c1-79c1-bb2d-49dc347960f4,32,3280,267.0,{}
3211,00003c59-a9c1-79c1-bb2d-49dc347960f4,32,3280,288.0,{}
3212,00003c59-a9c1-79c1-bb2d-49dc347960f4,32,3280,384.0,{}
3213,00003c59-a9c1-79c1-bb2d-49dc347960f4,32,3280,282.0,{}
3214,00003c59-a9c1-79c1-bb2d-49dc347960f4,32,3280,261.0,{}
3215,00003c59-a9c1-79c1-bb2d-49dc347960f4,32,3280,261.0,{}
3216,00003c59-a9c1-79c1-bb2d-49dc347960f4,32,3280,243.0,{}
3217,00003c59-a9c1-79c1-bb2d-49dc347960f4,32,3280,258.0,{}
3218,00003c59-a9c1-79c1-bb2d-49dc347960f4,32,3280,279.0,{}
3219,00003c59-a9c1-79c1-bb2d-49dc347960f4,32,3280,219.0,{}
3220,00003c59-a9c1-79c1-bb2d-49dc347960f4,32,3280,246.0,{}
3221,00003c59-a9c1-79c1-bb2d-49dc347960f4,32,3280,276.0,{}
3222,00003c59-a9c1-79c1-bb2d-49dc347960f4,32,3280,249.0,{}
3223,00003c59-a9c1-79c1-bb2d-49dc347960f4,32,3280,300.0,{}
3224,00003c59-a9c1-79c1-bb2d-49dc347960f4,32,3298,0.0,{}
3225,00003c59-a9c1-79c1-bb2d-49dc347960f4,32,3298,0.0,{}
3226,00003c59-a9c1-79c1-bb2d-49dc347960f4,32,3298,0.0,{}
3227,00003c59-a9c1-79c1-bb2d-49dc347960f4,32,3298,0.0,{}
3228,00003c59-a9c1-79c1-bb2d-49dc347960f4,32,3298,0.0,{}
3229,00003c59-a9c1-79c1-bb2d-49dc347960f4,32,3298,0.0,{}
3230,00003c59-a9c1-79c1-bb2d-49dc347960f4,32,3298,0.0,{}
3231,00003c59-a9c1-79c1-bb2d-49dc347960f4,32,3298,0.0,{}
3232,00003c59-a9c1-79c1-bb2d-49dc347960f4,32,3298,0.0,{}
3233,00003c59-a9c1-79c1-bb2d-49dc347960f4,32,3298,0.0,{}
3234,00003c59-a9c1-79c1-bb2d-49dc347960f4,32,3298,0.0,{}
3235,00003c59-a9c1-79c1-bb2d-49dc347960f4,32,3298,0.0,{}
3236,00003c59-a9c1-79c1-bb2d-49dc347960f4,32,3298,0.0,{}
3237,00003c59-a9c1-79c1-bb2d-49dc347960f4,32,3298,0.0,{}
3238,00003c59-a9c1-79c1-bb2d-49dc347960f4,32,3298,0.0,{}
3239,00003c59-a9c1-79c1-bb2d-49dc347960f4,32,3298,0.0,{}
3240,00003c59-a9c1-79c1-bb2d-49dc347960f4,32,3298,0.0,{}
3241,00003c59-a9c1-79c1-bb2d-49dc347960f4,32,3298,0.0,{}
3242,00003c59-a9c1-79c1-bb2d-49dc347960f4,32,3298,0.0,{}
3243,00003c59-a9c1-79c1-bb2d-49dc347960f4,32,3298,0.0,{}
3244,00003c59-a9c1-79c1-bb2d-49dc347960f4,32,3334,1950234.0,{}
3245,00003c59-a9c1-79c1-bb2d-49dc347960f4,32,3334,1600192.0,{}
3246,00003c59-a9c1-79c1-bb2d-49dc347960f4,32,3334,1900228.0,{}
3247,00003c59-a9c1-79c1-bb2d-49dc347960f4,32,3334,1825219.0,{}
3248,00003c59-a9c1-79c1-bb2d-49dc347960f4,32,3334,1750210.0,{}
3249,00003c59-a9c1-79c1-bb2d-49dc347960f4,32,3334,2400288.0,{}
3250,00003c59-a9c1-79c1-bb2d-49dc347960f4,32,3334,2225267.0,{}
3251,00003c59-a9c1-79c1-bb2d-49dc347960f4,32,3334,2400288.0,{}
3252,00003c59-a9c1-79c1-bb2d-49dc347960f4,32,3334,3200384.0,{}
3253,00003c59-a9c1-79c1-bb2d-49dc347960f4,32,3334,2350282.0,{}
3254,00003c59-a9c1-79c1-bb2d-49dc347960f4,32,3334,2175261.0,{}
3255,00003c59-a9c1-79c1-bb2d-49dc347960f4,32,3334,2175261.0,{}
3256,00003c59-a9c1-79c1-bb2d-49dc347960f4,32,3334,2025243.0,{}
3257,00003c59-a9c1-79c1-bb2d-49dc347960f4,32,3334,2150258.0,{}
3258,00003c59-a9c1-79c1-bb2d-49dc347960f4,32,3334,2325279.0,{}
3259,00003c59-a9c1-79c1-bb2d-49dc347960f4,32,3334,1825219.0,{}
3260,00003c59-a9c1-79c1-bb2d-49dc347960f4,32,3334,2050246.0,{}
3261,00003c59-a9c1-79c1-bb2d-49dc347960f4,32,3334,2300276.0,{}
3262,00003c59-a9c1-79c1-bb2d-49dc347960f4,32,3334,2075249.0,{}
3263,00003c59-a9c1-79c1-bb2d-49dc347960f4,32,3334,2500300.0,{}
3264,00003c59-a9c1-79c1-bb2d-49dc347960f4,32,5642,25003.0,{}
3265,00003c59-a9c1-79c1-bb2d-49dc347960f4,33,2636,12.8,{}
3266,00003c59-a9c1-79c1-bb2d-49dc347960f4,33,3217,0.0,{}
3267,00003c59-a9c1-79c1-bb2d-49dc347960f4,33,3217,0.0,{}
3268,00003c59-a9c1-79c1-bb2d-49dc347960f4,33,3217,0.0,{}
3269,00003c59-a9c1-79c1-bb2d-49dc347960f4,33,3217,0.0,{}
3270,00003c59-a9c1-79c1-bb2d-49dc347960f4,33,3217,0.0,{}
3271,00003c59-a9c1-79c1-bb2d-49dc347960f4,33,3217,0.0,{}
3272,00003c59-a9c1-79c1-bb2d-49dc347960f4,33,3217,0.0,{}
3273,00003c59-a9c1-79c1-bb2d-49dc347960f4,33,3217,0.0,{}
3274,00003c59-a9c1-79c1-bb2d-49dc347960f4,33,3217,0.0,{}
3275,00003c59-a9c1-79c1-bb2d-49dc347960f4,33,3217,0.0,{}
3276,00003c59-a9c1-79c1-bb2d-49dc347960f4,33,3217,0.0,{}
3277,00003c59-a9c1-79c1-bb2d-49dc347960f4,33,3217,0.0,{}
3278,00003c59-a9c1-79c1-bb2d-49dc347960f4,33,3217,0.0,{}
3279,00003c59-a9c1-79c1-bb2d-49dc347960f4,33,3217,0.0,{}
3280,00003c59-a9c1-79c1-bb2d-49dc347960f4,33,3217,0.0,{}
3281,00003c59-a9c1-79c1-bb2d-49dc347960f4,33,3217,0.0,{}
3282,00003c59-a9c1-79c1-bb2d-49dc347960f4,33,3217,0.0,{}
3283,00003c59-a9c1-79c1-bb2d-49dc347960f4,33,3217,0.0,{}
3284,00003c59-a9c1-79c1-bb2d-49dc347960f4,33,3217,0.0,{}
3285,00003c59-a9c1-79c1-bb2d-49dc347960f4,33,3217,0.0,{}
3286,00003c59-a9c1-79c1-bb2d-49dc347960f4,33,3248,1152.0,{}
3287,00003c59-a9c1-79c1-bb2d-49dc347960f4,33,3248,1152.0,{}
3288,00003c59-a9c1-79c1-bb2d-49dc347960f4,33,3248,1152.0,{}
3289,00003c59-a9c1-79c1-bb2d-49dc347960f4,33,3248,1152.0,{}
3290,00003c59-a9c1-79c1-bb2d-49dc347960f4,33,3248,1152.0,{}
3291,00003c59-a9c1-79c1-bb2d-49dc347960f4,33,3248,1064.0,{}
3292,00003c59-a9c1-79c1-bb2d-49dc347960f4,33,3248,1064.0,{}
3293,00003c59-a9c1-79c1-bb2d-49dc347960f4,33,3248,1152.0,{}
3294,00003c59-a9c1-79c1-bb2d-49dc347960f4,33,3248,1152.0,{}
3295,00003c59-a9c1-79c1-bb2d-49dc347960f4,33,3248,1152.0,{}
3296,00003c59-a9c1-79c1-bb2d-49dc347960f4,33,3248,1064.0,{}
3297,00003c59-a9c1-79c1-bb2d-49dc347960f4,33,3248,1064.0,{}
3298,00003c59-a9c1-79c1-bb2d-49dc347960f4,33,3248,1152.0,{}
3299,00003c59-a9c1-79c1-bb2d-49dc347960f4,33,3248,1152.0,{}
3300,00003c59-a9c1-79c1-bb2d-49dc347960f4,33,3248,1152.0,{}
3301,00003c59-a9c1-79c1-bb2d-49dc347960f4,33,3248,1152.0,{}
3302,00003c59-a9c1-79c1-bb2d-49dc347960f4,33,3248,1152.0,{}
3303,00003c59-a9c1-79c1-bb2d-49dc347960f4,33,3248,1152.0,{}
3304,00003c59-a9c1-79c1-bb2d-49dc347960f4,33,3248,1152.0,{}
3305,00003c59-a9c1-79c1-bb2d-49dc347960f4,33,3248,1152.0,{}
3306,00003c59-a9c1-79c1-bb2d-49dc347960f4,33,3280,104.0,{}
3307,00003c59-a9c1-79c1-bb2d-49dc347960f4,33,3280,104.0,{}
3308,00003c59-a9c1-79c1-bb2d-49dc347960f4,33,3280,104.0,{}
3309,00003c59-a9c1-79c1-bb2d-49dc347960f4,33,3280,104.0,{}
3310,00003c59-a9c1-79c1-bb2d-49dc347960f4,33,3280,104.0,{}
3311,00003c59-a9c1-79c1-bb2d-49dc347960f4,33,3280,96.0,{}
3312,00003c59-a9c1-79c1-bb2d-49dc347960f4,33,3280,96.0,{}
3313,00003c59-a9c1-79c1-bb2d-49dc347960f4,33,3280,104.0,{}
3314,00003c59-a9c1-79c1-bb2d-49dc347960f4,33,3280,104.0,{}
3315,00003c59-a9c1-79c1-bb2d-49dc347960f4,33,3280,104.0,{}
3316,00003c59-a9c1-79c1-bb2d-49dc347960f4,33,3280,96.0,{}
3317,00003c59-a9c1-79c1-bb2d-49dc347960f4,33,3280,96.0,{}
3318,00003c59-a9c1-79c1-bb2d-49dc347960f4,33,3280,104.0,{}
3319,00003c59-a9c1-79c1-bb2d-49dc347960f4,33,3280,104.0,{}
3320,00003c59-a9c1-79c1-bb2d-49dc347960f4,33,3280,104.0,{}
3321,00003c59-a9c1-79c1-bb2d-49dc347960f4,33,3280,104.0,{}
3322,00003c59-a9c1-79c1-bb2d-49dc347960f4,33,3280,104.0,{}
3323,00003c59-a9c1-79c1-bb2d-49dc347960f4,33,3280,104.0,{}
3324,00003c59-a9c1-79c1-bb2d-49dc347960f4,33,3280,104.0,{}
3325,00003c59-a9c1-79c1-bb2d-49dc347960f4,33,3280,104.0,{}
3326,00003c59-a9c1-79c1-bb2d-49dc347960f4,33,3298,0.0,{}
3327,00003c59-a9c1-79c1-bb2d-49dc347960f4,33,3298,0.0,{}
3328,00003c59-a9c1-79c1-bb2d-49dc347960f4,33,3298,0.0,{}
3329,00003c59-a9c1-79c1-bb2d-49dc347960f4,33,3298,0.0,{}
3330,00003c59-a9c1-79c1-bb2d-49dc347960f4,33,3298,0.0,{}
3331,00003c59-a9c1-79c1-bb2d-49dc347960f4,33,3298,0.0,{}
3332,00003c59-a9c1-79c1-bb2d-49dc347960f4,33,3298,0.0,{}
3333,00003c59-a9c1-79c1-bb2d-49dc347960f4,33,3298,0.0,{}
3334,00003c59-a9c1-79c1-bb2d-49dc347960f4,33,3298,0.0,{}
3335,00003c59-a9c1-79c1-bb2d-49dc347960f4,33,3298,0.0,{}
3336,00003c59-a9c1-79c1-bb2d-49dc347960f4,33,3298,0.0,{}
3337,00003c59-a9c1-79c1-bb2d-49dc347960f4,33,3298,0.0,{}
3338,00003c59-a9c1-79c1-bb2d-49dc347960f4,33,3298,0.0,{}
3339,00003c59-a9c1-79c1-bb2d-49dc347960f4,33,3298,0.0,{}
3340,00003c59-a9c1-79c1-bb2d-49dc347960f4,33,3298,0.0,{}
3341,00003c59-a9c1-79c1-bb2d-49dc347960f4,33,3298,0.0,{}
3342,00003c59-a9c1-79c1-bb2d-49dc347960f4,33,3298,0.0,{}
3343,00003c59-a9c1-79c1-bb2d-49dc347960f4,33,3298,0.0,{}
3344,00003c59-a9c1-79c1-bb2d-49dc347960f4,33,3298,0.0,{}
3345,00003c59-a9c1-79c1-bb2d-49dc347960f4,33,3298,0.0,{}
3346,00003c59-a9c1-79c1-bb2d-49dc347960f4,33,3334,664.0,{}
3347,00003c59-a9c1-79c1-bb2d-49dc347960f4,33,3334,664.0,{}
3348,00003c59-a9c1-79c1-bb2d-49dc347960f4,33,3334,664.0,{}
3349,00003c59-a9c1-79c1-bb2d-49dc347960f4,33,3334,664.0,{}
3350,00003c59-a9c1-79c1-bb2d-49dc347960f4,33,3334,664.0,{}
3351,00003c59-a9c1-79c1-bb2d-49dc347960f4,33,3334,608.0,{}
3352,00003c59-a9c1-79c1-bb2d-49dc347960f4,33,3334,608.0,{}
3353,00003c59-a9c1-79c1-bb2d-49dc347960f4,33,3334,664.0,{}
3354,00003c59-a9c1-79c1-bb2d-49dc347960f4,33,3334,664.0,{}
3355,00003c59-a9c1-79c1-bb2d-49dc347960f4,33,3334,664.0,{}
3356,00003c59-a9c1-79c1-bb2d-49dc347960f4,33,3334,608.0,{}
3357,00003c59-a9c1-79c1-bb2d-49dc347960f4,33,3334,608.0,{}
3358,00003c59-a9c1-79c1-bb2d-49dc347960f4,33,3334,664.0,{}
3359,00003c59-a9c1-79c1-bb2d-49dc347960f4,33,3334,664.0,{}
3360,00003c59-a9c1-79c1-bb2d-49dc347960f4,33,3334,664.0,{}
3361,00003c59-a9c1-79c1-bb2d-49dc347960f4,33,3334,664.0,{}
3362,00003c59-a9c1-79c1-bb2d-49dc347960f4,33,3334,664.0,{}
3363,00003c59-a9c1-79c1-bb2d-49dc347960f4,33,3334,664.0,{}
3364,00003c59-a9c1-79c1-bb2d-49dc347960f4,33,3334,664.0,{}
3365,00003c59-a9c1-79c1-bb2d-49dc347960f4,33,3334,664.0,{}
3366,00003c59-a9c1-79c1-bb2d-49dc347960f4,33,5642,81.6,{}
3367,00003c59-a9c1-79c1-bb2d-49dc347960f4,34,2636,12.8,{}
3368,00003c59-a9c1-79c1-bb2d-49dc347960f4,34,3217,0.0,{}
3369,00003c59-a9c1-79c1-bb2d-49dc347960f4,34,3217,0.0,{}
3370,00003c59-a9c1-79c1-bb2d-49dc347960f4,34,3217,0.0,{}
3371,00003c59-a9c1-79c1-bb2d-49dc347960f4,34,3217,0.0,{}
3372,00003c59-a9c1-79c1-bb2d-49dc347960f4,34,3217,0.0,{}
3373,00003c59-a9c1-79c1-bb2d-49dc347960f4,34,3217,0.0,{}
3374,00003c59-a9c1-79c1-bb2d-49dc347960f4,34,3217,0.0,{}
3375,00003c59-a9c1-79c1-bb2d-49dc347960f4,34,3217,0.0,{}
3376,00003c59-a9c1-79c1-bb2d-49dc347960f4,34,3217,0.0,{}
3377,00003c59-a9c1-79c1-bb2d-49dc347960f4,34,3217,0.0,{}
3378,00003c59-a9c1-79c1-bb2d-49dc347960f4,34,3217,0.0,{}
3379,00003c59-a9c1-79c1-bb2d-49dc347960f4,34,3217,0.0,{}
3380,00003c59-a9c1-79c1-bb2d-49dc347960f4,34,3217,0.0,{}
3381,00003c59-a9c1-79c1-bb2d-49dc347960f4,34,3217,0.0,{}
3382,00003c59-a9c1-79c1-bb2d-49dc347960f4,34,3217,0.0,{}
3383,00003c59-a9c1-79c1-bb2d-49dc347960f4,34,3217,0.0,{}
3384,00003c59-a9c1-79c1-bb2d-49dc347960f4,34,3217,0.0,{}
3385,00003c59-a9c1-79c1-bb2d-49dc347960f4,34,3217,0.0,{}
3386,00003c59-a9c1-79c1-bb2d-49dc347960f4,34,3217,0.0,{}
3387,00003c59-a9c1-79c1-bb2d-49dc347960f4,34,3217,0.0,{}
3388,00003c59-a9c1-79c1-bb2d-49dc347960f4,34,3248,1152.0,{}
3389,00003c59-a9c1-79c1-bb2d-49dc347960f4,34,3248,1152.0,{}
3390,00003c59-a9c1-79c1-bb2d-49dc347960f4,34,3248,1152.0,{}
3391,00003c59-a9c1-79c1-bb2d-49dc347960f4,34,3248,1152.0,{}
3392,00003c59-a9c1-79c1-bb2d-49dc347960f4,34,3248,1152.0,{}
3393,00003c59-a9c1-79c1-bb2d-49dc347960f4,34,3248,1064.0,{}
3394,00003c59-a9c1-79c1-bb2d-49dc347960f4,34,3248,1064.0,{}
3395,00003c59-a9c1-79c1-bb2d-49dc347960f4,34,3248,1152.0,{}
3396,00003c59-a9c1-79c1-bb2d-49dc347960f4,34,3248,1152.0,{}
3397,00003c59-a9c1-79c1-bb2d-49dc347960f4,34,3248,1152.0,{}
3398,00003c59-a9c1-79c1-bb2d-49dc347960f4,34,3248,1064.0,{}
3399,00003c59-a9c1-79c1-bb2d-49dc347960f4,34,3248,1064.0,{}
3400,00003c59-a9c1-79c1-bb2d-49dc347960f4,34,3248,1152.0,{}
3401,00003c59-a9c1-79c1-bb2d-49dc347960f4,34,3248,1152.0,{}
3402,00003c59-a9c1-79c1-bb2d-49dc347960f4,34,3248,1152.0,{}
3403,00003c59-a9c1-79c1-bb2d-49dc347960f4,34,3248,1152.0,{}
3404,00003c59-a9c1-79c1-bb2d-49dc347960f4,34,3248,1152.0,{}
3405,00003c59-a9c1-79c1-bb2d-49dc347960f4,34,3248,1152.0,{}
3406,00003c59-a9c1-79c1-bb2d-49dc347960f4,34,3248,1152.0,{}
3407,00003c59-a9c1-79c1-bb2d-49dc347960f4,34,3248,1152.0,{}
3408,00003c59-a9c1-79c1-bb2d-49dc347960f4,34,3280,104.0,{}
3409,00003c59-a9c1-79c1-bb2d-49dc347960f4,34,3280,104.0,{}
3410,00003c59-a9c1-79c1-bb2d-49dc347960f4,34,3280,104.0,{}
3411,00003c59-a9c1-79c1-bb2d-49dc347960f4,34,3280,104.0,{}
3412,00003c59-a9c1-79c1-bb2d-49dc347960f4,34,3280,104.0,{}
3413,00003c59-a9c1-79c1-bb2d-49dc347960f4,34,3280,96.0,{}
3414,00003c59-a9c1-79c1-bb2d-49dc347960f4,34,3280,96.0,{}
3415,00003c59-a9c1-79c1-bb2d-49dc347960f4,34,3280,104.0,{}
3416,00003c59-a9c1-79c1-bb2d-49dc347960f4,34,3280,104.0,{}
3417,00003c59-a9c1-79c1-bb2d-49dc347960f4,34,3280,104.0,{}
3418,00003c59-a9c1-79c1-bb2d-49dc347960f4,34,3280,96.0,{}
3419,00003c59-a9c1-79c1-bb2d-49dc347960f4,34,3280,96.0,{}
3420,00003c59-a9c1-79c1-bb2d-49dc347960f4,34,3280,104.0,{}
3421,00003c59-a9c1-79c1-bb2d-49dc347960f4,34,3280,104.0,{}
3422,00003c59-a9c1-79c1-bb2d-49dc347960f4,34,3280,104.0,{}
3423,00003c59-a9c1-79c1-bb2d-49dc347960f4,34,3280,104.0,{}
3424,00003c59-a9c1-79c1-bb2d-49dc347960f4,34,3280,104.0,{}
3425,00003c59-a9c1-79c1-bb2d-49dc347960f4,34,3280,104.0,{}
3426,00003c59-a9c1-79c1-bb2d-49dc347960f4,34,3280,104.0,{}
3427,00003c59-a9c1-79c1-bb2d-49dc347960f4,34,3280,104.0,{}
3428,00003c59-a9c1-79c1-bb2d-49dc347960f4,34,3298,0.0,{}
3429,00003c59-a9c1-79c1-bb2d-49dc347960f4,34,3298,0.0,{}
3430,00003c59-a9c1-79c1-bb2d-49dc347960f4,34,3298,0.0,{}
3431,00003c59-a9c1-79c1-bb2d-49dc347960f4,34,3298,0.0,{}
3432,00003c59-a9c1-79c1-bb2d-49dc347960f4,34,3298,0.0,{}
3433,00003c59-a9c1-79c1-bb2d-49dc347960f4,34,3298,0.0,{}
3434,00003c59-a9c1-79c1-bb2d-49dc347960f4,34,3298,0.0,{}
3435,00003c59-a9c1-79c1-bb2d-49dc347960f4,34,3298,0.0,{}
3436,00003c59-a9c1-79c1-bb2d-49dc347960f4,34,3298,0.0,{}
3437,00003c59-a9c1-79c1-bb2d-49dc347960f4,34,3298,0.0,{}
3438,00003c59-a9c1-79c1-bb2d-49dc347960f4,34,3298,0.0,{}
3439,00003c59-a9c1-79c1-bb2d-49dc347960f4,34,3298,0.0,{}
3440,00003c59-a9c1-79c1-bb2d-49dc347960f4,34,3298,0.0,{}
3441,00003c59-a9c1-79c1-bb2d-49dc347960f4,34,3298,0.0,{}
3442,00003c59-a9c1-79c1-bb2d-49dc347960f4,34,3298,0.0,{}
3443,00003c59-a9c1-79c1-bb2d-49dc347960f4,34,3298,0.0,{}
3444,00003c59-a9c1-79c1-bb2d-49dc347960f4,34,3298,0.0,{}
3445,00003c59-a9c1-79c1-bb2d-49dc347960f4,34,3298,0.0,{}
3446,00003c59-a9c1-79c1-bb2d-49dc347960f4,34,3298,0.0,{}
3447,00003c59-a9c1-79c1-bb2d-49dc347960f4,34,3298,0.0,{}
3448,00003c59-a9c1-79c1-bb2d-49dc347960f4,34,3334,664.0,{}
3449,00003c59-a9c1-79c1-bb2d-49dc347960f4,34,3334,664.0,{}
3450,00003c59-a9c1-79c1-bb2d-49dc347960f4,34,3334,664.0,{}
3451,00003c59-a9c1-79c1-bb2d-49dc347960f4,34,3334,664.0,{}
3452,00003c59-a9c1-79c1-bb2d-49dc347960f4,34,3334,664.0,{}
3453,00003c59-a9c1-79c1-bb2d-49dc347960f4,34,3334,608.0,{}
3454,00003c59-a9c1-79c1-bb2d-49dc347960f4,34,3334,608.0,{}
3455,00003c59-a9c1-79c1-bb2d-49dc347960f4,34,3334,664.0,{}
3456,00003c59-a9c1-79c1-bb2d-49dc347960f4,34,3334,664.0,{}
3457,00003c59-a9c1-79c1-bb2d-49dc347960f4,34,3334,664.0,{}
3458,00003c59-a9c1-79c1-bb2d-49dc347960f4,34,3334,608.0,{}
3459,00003c59-a9c1-79c1-bb2d-49dc347960f4,34,3334,608.0,{}
3460,00003c59-a9c1-79c1-bb2d-49dc347960f4,34,3334,664.0,{}
3461,00003c59-a9c1-79c1-bb2d-49dc347960f4,34,3334,664.0,{}
3462,00003c59-a9c1-79c1-bb2d-49dc347960f4,34,3334,664.0,{}
3463,00003c59-a9c1-79c1-bb2d-49dc347960f4,34,3334,664.0,{}
3464,00003c59-a9c1-79c1-bb2d-49dc347960f4,34,3334,664.0,{}
3465,00003c59-a9c1-79c1-bb2d-49dc347960f4,34,3334,664.0,{}
3466,00003c59-a9c1-79c1-bb2d-49dc347960f4,34,3334,664.0,{}
3467,00003c59-a9c1-79c1-bb2d-49dc347960f4,34,3334,664.0,{}
3468,00003c59-a9c1-79c1-bb2d-49dc347960f4,34,5642,81.6,{}
3469,00003c59-a9c1-79c1-bb2d-49dc347960f4,35,2636,2.0,{}
3470,00003c59-a9c1-79c1-bb2d-49dc347960f4,35,3217,0.0,{}
3471,00003c59-a9c1-79c1-bb2d-49dc347960f4,35,3217,0.0,{}
3472,00003c59-a9c1-79c1-bb2d-49dc347960f4,35,3217,0.0,{}
3473,00003c59-a9c1-79c1-bb2d-49dc347960f4,35,3217,0.0,{}
3474,00003c59-a9c1-79c1-bb2d-49dc347960f4,35,3217,0.0,{}
3475,00003c59-a9c1-79c1-bb2d-49dc347960f4,35,3217,0.0,{}
3476,00003c59-a9c1-79c1-bb2d-49dc347960f4,35,3217,0.0,{}
3477,00003c59-a9c1-79c1-bb2d-49dc347960f4,35,3217,0.0,{}
3478,00003c59-a9c1-79c1-bb2d-49dc347960f4,35,3217,0.0,{}
3479,00003c59-a9c1-79c1-bb2d-49dc347960f4,35,3217,0.0,{}
3480,00003c59-a9c1-79c1-bb2d-49dc347960f4,35,3217,0.0,{}
3481,00003c59-a9c1-79c1-bb2d-49dc347960f4,35,3217,0.0,{}
3482,00003c59-a9c1-79c1-bb2d-49dc347960f4,35,3217,0.0,{}
3483,00003c59-a9c1-79c1-bb2d-49dc347960f4,35,3217,0.0,{}
3484,00003c59-a9c1-79c1-bb2d-49dc347960f4,35,3217,0.0,{}
3485,00003c59-a9c1-79c1-bb2d-49dc347960f4,35,3217,0.0,{}
3486,00003c59-a9c1-79c1-bb2d-49dc347960f4,35,3217,0.0,{}
3487,00003c59-a9c1-79c1-bb2d-49dc347960f4,35,3217,0.0,{}
3488,00003c59-a9c1-79c1-bb2d-49dc347960f4,35,3217,0.0,{}
3489,00003c59-a9c1-79c1-bb2d-49dc347960f4,35,3217,0.0,{}
3490,00003c59-a9c1-79c1-bb2d-49dc347960f4,35,3248,192.0,{}
3491,00003c59-a9c1-79c1-bb2d-49dc347960f4,35,3248,208.0,{}
3492,00003c59-a9c1-79c1-bb2d-49dc347960f4,35,3248,216.0,{}
3493,00003c59-a9c1-79c1-bb2d-49dc347960f4,35,3248,200.0,{}
3494,00003c59-a9c1-79c1-bb2d-49dc347960f4,35,3248,208.0,{}
3495,00003c59-a9c1-79c1-bb2d-49dc347960f4,35,3248,192.0,{}
3496,00003c59-a9c1-79c1-bb2d-49dc347960f4,35,3248,216.0,{}
3497,00003c59-a9c1-79c1-bb2d-49dc347960f4,35,3248,192.0,{}
3498,00003c59-a9c1-79c1-bb2d-49dc347960f4,35,3248,216.0,{}
3499,00003c59-a9c1-79c1-bb2d-49dc347960f4,35,3248,208.0,{}
3500,00003c59-a9c1-79c1-bb2d-49dc347960f4,35,3248,200.0,{}
3501,00003c59-a9c1-79c1-bb2d-49dc347960f4,35,3248,200.0,{}
3502,00003c59-a9c1-79c1-bb2d-49dc347960f4,35,3248,216.0,{}
3503,00003c59-a9c1-79c1-bb2d-49dc347960f4,35,3248,216.0,{}
3504,00003c59-a9c1-79c1-bb2d-49dc347960f4,35,3248,192.0,{}
3505,00003c59-a9c1-79c1-bb2d-49dc347960f4,35,3248,208.0,{}
3506,00003c59-a9c1-79c1-bb2d-49dc347960f4,35,3248,200.0,{}
3507,00003c59-a9c1-79c1-bb2d-49dc347960f4,35,3248,208.0,{}
3508,00003c59-a9c1-79c1-bb2d-49dc347960f4,35,3248,208.0,{}
3509,00003c59-a9c1-79c1-bb2d-49dc347960f4,35,3248,200.0,{}
3510,00003c59-a9c1-79c1-bb2d-49dc347960f4,35,3280,384.0,{}
3511,00003c59-a9c1-79c1-bb2d-49dc347960f4,35,3280,416.0,{}
3512,00003c59-a9c1-79c1-bb2d-49dc347960f4,35,3280,432.0,{}
3513,00003c59-a9c1-79c1-bb2d-49dc347960f4,35,3280,400.0,{}
3514,00003c59-a9c1-79c1-bb2d-49dc347960f4,35,3280,416.0,{}
3515,00003c59-a9c1-79c1-bb2d-49dc347960f4,35,3280,384.0,{}
3516,00003c59-a9c1-79c1-bb2d-49dc347960f4,35,3280,432.0,{}
3517,00003c59-a9c1-79c1-bb2d-49dc347960f4,35,3280,384.0,{}
3518,00003c59-a9c1-79c1-bb2d-49dc347960f4,35,3280,432.0,{}
3519,00003c59-a9c1-79c1-bb2d-49dc347960f4,35,3280,416.0,{}
3520,00003c59-a9c1-79c1-bb2d-49dc347960f4,35,3280,400.0,{}
3521,00003c59-a9c1-79c1-bb2d-49dc347960f4,35,3280,400.0,{}
3522,00003c59-a9c1-79c1-bb2d-49dc347960f4,35,3280,432.0,{}
3523,00003c59-a9c1-79c1-bb2d-49dc347960f4,35,3280,432.0,{}
3524,00003c59-a9c1-79c1-bb2d-49dc347960f4,35,3280,384.0,{}
3525,00003c59-a9c1-79c1-bb2d-49dc347960f4,35,3280,416.0,{}
3526,00003c59-a9c1-79c1-bb2d-49dc347960f4,35,3280,400.0,{}
3527,00003c59-a9c1-79c1-bb2d-49dc347960f4,35,3280,416.0,{}
3528,00003c59-a9c1-79c1-bb2d-49dc347960f4,35,3280,416.0,{}
3529,00003c59-a9c1-79c1-bb2d-49dc347960f4,35,3280,400.0,{}
3530,00003c59-a9c1-79c1-bb2d-49dc347960f4,35,3298,0.0,{}
3531,00003c59-a9c1-79c1-bb2d-49dc347960f4,35,3298,0.0,{}
3532,00003c59-a9c1-79c1-bb2d-49dc347960f4,35,3298,0.0,{}
3533,00003c59-a9c1-79c1-bb2d-49dc347960f4,35,3298,0.0,{}
3534,00003c59-a9c1-79c1-bb2d-49dc347960f4,35,3298,0.0,{}
3535,00003c59-a9c1-79c1-bb2d-49dc347960f4,35,3298,0.0,{}
3536,00003c59-a9c1-79c1-bb2d-49dc347960f4,35,3298,0.0,{}
3537,00003c59-a9c1-79c1-bb2d-49dc347960f4,35,3298,0.0,{}
3538,00003c59-a9c1-79c1-bb2d-49dc347960f4,35,3298,0.0,{}
3539,00003c59-a9c1-79c1-bb2d-49dc347960f4,35,3298,0.0,{}
3540,00003c59-a9c1-79c1-bb2d-49dc347960f4,35,3298,0.0,{}
3541,00003c59-a9c1-79c1-bb2d-49dc347960f4,35,3298,0.0,{}
3542,00003c59-a9c1-79c1-bb2d-49dc347960f4,35,3298,0.0,{}
3543,00003c59-a9c1-79c1-bb2d-49dc347960f4,35,3298,0.0,{}
3544,00003c59-a9c1-79c1-bb2d-49dc347960f4,35,3298,0.0,{}
3545,00003c59-a9c1-79c1-bb2d-49dc347960f4,35,3298,0.0,{}
3546,00003c59-a9c1-79c1-bb2d-49dc347960f4,35,3298,0.0,{}
3547,00003c59-a9c1-79c1-bb2d-49dc347960f4,35,3298,0.0,{}
3548,00003c59-a9c1-79c1-bb2d-49dc347960f4,35,3298,0.0,{}
3549,00003c59-a9c1-79c1-bb2d-49dc347960f4,35,3298,0.0,{}
3550,00003c59-a9c1-79c1-bb2d-49dc347960f4,35,3334,1920.0,{}
3551,00003c59-a9c1-79c1-bb2d-49dc347960f4,35,3334,2080.0,{}
3552,00003c59-a9c1-79c1-bb2d-49dc347960f4,35,3334,2160.0,{}
3553,00003c59-a9c1-79c1-bb2d-49dc347960f4,35,3334,2000.0,{}
3554,00003c59-a9c1-79c1-bb2d-49dc347960f4,35,3334,2080.0,{}
3555,00003c59-a9c1-79c1-bb2d-49dc347960f4,35,3334,1920.0,{}
3556,00003c59-a9c1-79c1-bb2d-49dc347960f4,35,3334,2160.0,{}
3557,00003c59-a9c1-79c1-bb2d-49dc347960f4,35,3334,1920.0,{}
3558,00003c59-a9c1-79c1-bb2d-49dc347960f4,35,3334,2160.0,{}
3559,00003c59-a9c1-79c1-bb2d-49dc347960f4,35,3334,2080.0,{}
3560,00003c59-a9c1-79c1-bb2d-49dc347960f4,35,3334,2000.0,{}
3561,00003c59-a9c1-79c1-bb2d-49dc347960f4,35,3334,2000.0,{}
3562,00003c59-a9c1-79c1-bb2d-49dc347960f4,35,3334,2160.0,{}
3563,00003c59-a9c1-79c1-bb2d-49dc347960f4,35,3334,2160.0,{}
3564,00003c59-a9c1-79c1-bb2d-49dc347960f4,35,3334,1920.0,{}
3565,00003c59-a9c1-79c1-bb2d-49dc347960f4,35,3334,2080.0,{}
3566,00003c59-a9c1-79c1-bb2d-49dc347960f4,35,3334,2000.0,{}
3567,00003c59-a9c1-79c1-bb2d-49dc347960f4,35,3334,2080.0,{}
3568,00003c59-a9c1-79c1-bb2d-49dc347960f4,35,3334,2080.0,{}
3569,00003c59-a9c1-79c1-bb2d-49dc347960f4,35,3334,2000.0,{}
3570,00003c59-a9c1-79c1-bb2d-49dc347960f4,35,5642,10.0,{}
3571,00003c59-a9c1-79c1-bb2d-49dc347960f4,36,2636,3.0,{}
3572,00003c59-a9c1-79c1-bb2d-49dc347960f4,36,3217,641472.0,{}
3573,00003c59-a9c1-79c1-bb2d-49dc347960f4,36,3217,633248.0,{}
3574,00003c59-a9c1-79c1-bb2d-49dc347960f4,36,3217,822400.0,{}
3575,00003c59-a9c1-79c1-bb2d-49dc347960f4,36,3217,962208.0,{}
3576,00003c59-a9c1-79c1-bb2d-49dc347960f4,36,3217,863520.0,{}
3577,00003c59-a9c1-79c1-bb2d-49dc347960f4,36,3217,583904.0,{}
3578,00003c59-a9c1-79c1-bb2d-49dc347960f4,36,3217,641472.0,{}
3579,00003c59-a9c1-79c1-bb2d-49dc347960f4,36,3217,740160.0,{}
3580,00003c59-a9c1-79c1-bb2d-49dc347960f4,36,3217,649696.0,{}
3581,00003c59-a9c1-79c1-bb2d-49dc347960f4,36,3217,567456.0,{}
3582,00003c59-a9c1-79c1-bb2d-49dc347960f4,36,3217,657920.0,{}
3583,00003c59-a9c1-79c1-bb2d-49dc347960f4,36,3217,657920.0,{}
3584,00003c59-a9c1-79c1-bb2d-49dc347960f4,36,3217,625024.0,{}
3585,00003c59-a9c1-79c1-bb2d-49dc347960f4,36,3217,657920.0,{}
3586,00003c59-a9c1-79c1-bb2d-49dc347960f4,36,3217,657920.0,{}
3587,00003c59-a9c1-79c1-bb2d-49dc347960f4,36,3217,921088.0,{}
3588,00003c59-a9c1-79c1-bb2d-49dc347960f4,36,3217,764832.0,{}
3589,00003c59-a9c1-79c1-bb2d-49dc347960f4,36,3217,731936.0,{}
3590,00003c59-a9c1-79c1-bb2d-49dc347960f4,36,3217,715488.0,{}
3591,00003c59-a9c1-79c1-bb2d-49dc347960f4,36,3217,715488.0,{}
3592,00003c59-a9c1-79c1-bb2d-49dc347960f4,36,3248,37830.0,{}
3593,00003c59-a9c1-79c1-bb2d-49dc347960f4,36,3248,37345.0,{}
3594,00003c59-a9c1-79c1-bb2d-49dc347960f4,36,3248,48500.0,{}
3595,00003c59-a9c1-79c1-bb2d-49dc347960f4,36,3248,56745.0,{}
3596,00003c59-a9c1-79c1-bb2d-49dc347960f4,36,3248,50925.0,{}
3597,00003c59-a9c1-79c1-bb2d-49dc347960f4,36,3248,34435.0,{}
3598,00003c59-a9c1-79c1-bb2d-49dc347960f4,36,3248,37830.0,{}
3599,00003c59-a9c1-79c1-bb2d-49dc347960f4,36,3248,43650.0,{}
3600,00003c59-a9c1-79c1-bb2d-49dc347960f4,36,3248,38315.0,{}
3601,00003c59-a9c1-79c1-bb2d-49dc347960f4,36,3248,33465.0,{}
3602,00003c59-a9c1-79c1-bb2d-49dc347960f4,36,3248,38800.0,{}
3603,00003c59-a9c1-79c1-bb2d-49dc347960f4,36,3248,38800.0,{}
3604,00003c59-a9c1-79c1-bb2d-49dc347960f4,36,3248,36860.0,{}
3605,00003c59-a9c1-79c1-bb2d-49dc347960f4,36,3248,38800.0,{}
3606,00003c59-a9c1-79c1-bb2d-49dc347960f4,36,3248,38800.0,{}
3607,00003c59-a9c1-79c1-bb2d-49dc347960f4,36,3248,54320.0,{}
3608,00003c59-a9c1-79c1-bb2d-49dc347960f4,36,3248,45105.0,{}
3609,00003c59-a9c1-79c1-bb2d-49dc347960f4,36,3248,43165.0,{}
3610,00003c59-a9c1-79c1-bb2d-49dc347960f4,36,3248,42195.0,{}
3611,00003c59-a9c1-79c1-bb2d-49dc347960f4,36,3248,42195.0,{}
3612,00003c59-a9c1-79c1-bb2d-49dc347960f4,36,3280,234.0,{}
3613,00003c59-a9c1-79c1-bb2d-49dc347960f4,36,3280,231.0,{}
3614,00003c59-a9c1-79c1-bb2d-49dc347960f4,36,3280,300.0,{}
3615,00003c59-a9c1-79c1-bb2d-49dc347960f4,36,3280,351.0,{}
3616,00003c59-a9c1-79c1-bb2d-49dc347960f4,36,3280,315.0,{}
3617,00003c59-a9c1-79c1-bb2d-49dc347960f4,36,3280,213.0,{}
3618,00003c59-a9c1-79c1-bb2d-49dc347960f4,36,3280,234.0,{}
3619,00003c59-a9c1-79c1-bb2d-49dc347960f4,36,3280,270.0,{}
3620,00003c59-a9c1-79c1-bb2d-49dc347960f4,36,3280,237.0,{}
3621,00003c59-a9c1-79c1-bb2d-49dc347960f4,36,3280,207.0,{}
3622,00003c59-a9c1-79c1-bb2d-49dc347960f4,36,3280,240.0,{}
3623,00003c59-a9c1-79c1-bb2d-49dc347960f4,36,3280,240.0,{}
3624,00003c59-a9c1-79c1-bb2d-49dc347960f4,36,3280,228.0,{}
3625,00003c59-a9c1-79c1-bb2d-49dc347960f4,36,3280,240.0,{}
3626,00003c59-a9c1-79c1-bb2d-49dc347960f4,36,3280,240.0,{}
3627,00003c59-a9c1-79c1-bb2d-49dc347960f4,36,3280,336.0,{}
3628,00003c59-a9c1-79c1-bb2d-49dc347960f4,36,3280,279.0,{}
3629,00003c59-a9c1-79c1-bb2d-49dc347960f4,36,3280,267.0,{}
3630,00003c59-a9c1-79c1-bb2d-49dc347960f4,36,3280,261.0,{}
3631,00003c59-a9c1-79c1-bb2d-49dc347960f4,36,3280,261.0,{}
3632,00003c59-a9c1-79c1-bb2d-49dc347960f4,36,3298,0.0,{}
3633,00003c59-a9c1-79c1-bb2d-49dc347960f4,36,3298,0.0,{}
3634,00003c59-a9c1-79c1-bb2d-49dc347960f4,36,3298,0.0,{}
3635,00003c59-a9c1-79c1-bb2d-49dc347960f4,36,3298,0.0,{}
3636,00003c59-a9c1-79c1-bb2d-49dc347960f4,36,3298,0.0,{}
3637,00003c59-a9c1-79c1-bb2d-49dc347960f4,36,3298,0.0,{}
3638,00003c59-a9c1-79c1-bb2d-49dc347960f4,36,3298,0.0,{}
3639,00003c59-a9c1-79c1-bb2d-49dc347960f4,36,3298,0.0,{}
3640,00003c59-a9c1-79c1-bb2d-49dc347960f4,36,3298,0.0,{}
3641,00003c59-a9c1-79c1-bb2d-49dc347960f4,36,3298,0.0,{}
3642,00003c59-a9c1-79c1-bb2d-49dc347960f4,36,3298,0.0,{}
3643,00003c59-a9c1-79c1-bb2d-49dc347960f4,36,3298,0.0,{}
3644,00003c59-a9c1-79c1-bb2d-49dc347960f4,36,3298,0.0,{}
3645,00003c59-a9c1-79c1-bb2d-49dc347960f4,36,3298,0.0,{}
3646,00003c59-a9c1-79c1-bb2d-49dc347960f4,36,3298,0.0,{}
3647,00003c59-a9c1-79c1-bb2d-49dc347960f4,36,3298,0.0,{}
3648,00003c59-a9c1-79c1-bb2d-49dc347960f4,36,3298,0.0,{}
3649,00003c59-a9c1-79c1-bb2d-49dc347960f4,36,3298,0.0,{}
3650,00003c59-a9c1-79c1-bb2d-49dc347960f4,36,3298,0.0,{}
3651,00003c59-a9c1-79c1-bb2d-49dc347960f4,36,3298,0.0,{}
3652,00003c59-a9c1-79c1-bb2d-49dc347960f4,36,3334,1950234.0,{}
3653,00003c59-a9c1-79c1-bb2d-49dc347960f4,36,3334,1925231.0,{}
3654,00003c59-a9c1-79c1-bb2d-49dc347960f4,36,3334,2500300.0,{}
3655,00003c59-a9c1-79c1-bb2d-49dc347960f4,36,3334,2925351.0,{}
3656,00003c59-a9c1-79c1-bb2d-49dc347960f4,36,3334,2625315.0,{}
3657,00003c59-a9c1-79c1-bb2d-49dc347960f4,36,3334,1775213.0,{}
3658,00003c59-a9c1-79c1-bb2d-49dc347960f4,36,3334,1950234.0,{}
3659,00003c59-a9c1-79c1-bb2d-49dc347960f4,36,3334,2250270.0,{}
3660,00003c59-a9c1-79c1-bb2d-49dc347960f4,36,3334,1975237.0,{}
3661,00003c59-a9c1-79c1-bb2d-49dc347960f4,36,3334,1725207.0,{}
3662,00003c59-a9c1-79c1-bb2d-49dc347960f4,36,3334,2000240.0,{}
3663,00003c59-a9c1-79c1-bb2d-49dc347960f4,36,3334,2000240.0,{}
3664,00003c59-a9c1-79c1-bb2d-49dc347960f4,36,3334,1900228.0,{}
3665,00003c59-a9c1-79c1-bb2d-49dc347960f4,36,3334,2000240.0,{}
3666,00003c59-a9c1-79c1-bb2d-49dc347960f4,36,3334,2000240.0,{}
3667,00003c59-a9c1-79c1-bb2d-49dc347960f4,36,3334,2800336.0,{}
3668,00003c59-a9c1-79c1-bb2d-49dc347960f4,36,3334,2325279.0,{}
3669,00003c59-a9c1-79c1-bb2d-49dc347960f4,36,3334,2225267.0,{}
3670,00003c59-a9c1-79c1-bb2d-49dc347960f4,36,3334,2175261.0,{}
3671,00003c59-a9c1-79c1-bb2d-49dc347960f4,36,3334,2175261.0,{}
3672,00003c59-a9c1-79c1-bb2d-49dc347960f4,36,5642,25003.0,{}
3673,00003c59-a9c1-79c1-bb2d-49dc347960f4,37,2636,3.0,{}
3674,00003c59-a9c1-79c1-bb2d-49dc347960f4,37,3217,526336.0,{}
3675,00003c59-a9c1-79c1-bb2d-49dc347960f4,37,3217,526336.0,{}
3676,00003c59-a9c1-79c1-bb2d-49dc347960f4,37,3217,526336.0,{}
3677,00003c59-a9c1-79c1-bb2d-49dc347960f4,37,3217,526336.0,{}
3678,00003c59-a9c1-79c1-bb2d-49dc347960f4,37,3217,526336.0,{}
3679,00003c59-a9c1-79c1-bb2d-49dc347960f4,37,3217,830624.0,{}
3680,00003c59-a9c1-79c1-bb2d-49dc347960f4,37,3217,838848.0,{}
3681,00003c59-a9c1-79c1-bb2d-49dc347960f4,37,3217,1011552.0,{}
3682,00003c59-a9c1-79c1-bb2d-49dc347960f4,37,3217,888192.0,{}
3683,00003c59-a9c1-79c1-bb2d-49dc347960f4,37,3217,904640.0,{}
3684,00003c59-a9c1-79c1-bb2d-49dc347960f4,37,3217,789504.0,{}
3685,00003c59-a9c1-79c1-bb2d-49dc347960f4,37,3217,1044448.0,{}
3686,00003c59-a9c1-79c1-bb2d-49dc347960f4,37,3217,904640.0,{}
3687,00003c59-a9c1-79c1-bb2d-49dc347960f4,37,3217,814176.0,{}
3688,00003c59-a9c1-79c1-bb2d-49dc347960f4,37,3217,921088.0,{}
3689,00003c59-a9c1-79c1-bb2d-49dc347960f4,37,3217,526336.0,{}
3690,00003c59-a9c1-79c1-bb2d-49dc347960f4,37,3217,526336.0,{}
3691,00003c59-a9c1-79c1-bb2d-49dc347960f4,37,3217,526336.0,{}
3692,00003c59-a9c1-79c1-bb2d-49dc347960f4,37,3217,526336.0,{}
3693,00003c59-a9c1-79c1-bb2d-49dc347960f4,37,3217,526336.0,{}
3694,00003c59-a9c1-79c1-bb2d-49dc347960f4,37,3248,31040.0,{}
3695,00003c59-a9c1-79c1-bb2d-49dc347960f4,37,3248,31040.0,{}
3696,00003c59-a9c1-79c1-bb2d-49dc347960f4,37,3248,31040.0,{}
3697,00003c59-a9c1-79c1-bb2d-49dc347960f4,37,3248,31040.0,{}
3698,00003c59-a9c1-79c1-bb2d-49dc347960f4,37,3248,31040.0,{}
3699,00003c59-a9c1-79c1-bb2d-49dc347960f4,37,3248,48985.0,{}
3700,00003c59-a9c1-79c1-bb2d-49dc347960f4,37,3248,49470.0,{}
3701,00003c59-a9c1-79c1-bb2d-49dc347960f4,37,3248,59655.0,{}
3702,00003c59-a9c1-79c1-bb2d-49dc347960f4,37,3248,52380.0,{}
3703,00003c59-a9c1-79c1-bb2d-49dc347960f4,37,3248,53350.0,{}
3704,00003c59-a9c1-79c1-bb2d-49dc347960f4,37,3248,46560.0,{}
3705,00003c59-a9c1-79c1-bb2d-49dc347960f4,37,3248,61595.0,{}
3706,00003c59-a9c1-79c1-bb2d-49dc347960f4,37,3248,53350.0,{}
3707,00003c59-a9c1-79c1-bb2d-49dc347960f4,37,3248,48015.0,{}
3708,00003c59-a9c1-79c1-bb2d-49dc347960f4,37,3248,54320.0,{}
3709,00003c59-a9c1-79c1-bb2d-49dc347960f4,37,3248,31040.0,{}
3710,00003c59-a9c1-79c1-bb2d-49dc347960f4,37,3248,31040.0,{}
3711,00003c59-a9c1-79c1-bb2d-49dc347960f4,37,3248,31040.0,{}
3712,00003c59-a9c1-79c1-bb2d-49dc347960f4,37,3248,31040.0,{}
3713,00003c59-a9c1-79c1-bb2d-49dc347960f4,37,3248,31040.0,{}
3714,00003c59-a9c1-79c1-bb2d-49dc347960f4,37,3280,192.0,{}
3715,00003c59-a9c1-79c1-bb2d-49dc347960f4,37,3280,192.0,{}
3716,00003c59-a9c1-79c1-bb2d-49dc347960f4,37,3280,192.0,{}
3717,00003c59-a9c1-79c1-bb2d-49dc347960f4,37,3280,192.0,{}
3718,00003c59-a9c1-79c1-bb2d-49dc347960f4,37,3280,192.0,{}
3719,00003c59-a9c1-79c1-bb2d-49dc347960f4,37,3280,303.0,{}
3720,00003c59-a9c1-79c1-bb2d-49dc347960f4,37,3280,306.0,{}
3721,00003c59-a9c1-79c1-bb2d-49dc347960f4,37,3280,369.0,{}
3722,00003c59-a9c1-79c1-bb2d-49dc347960f4,37,3280,324.0,{}
3723,00003c59-a9c1-79c1-bb2d-49dc347960f4,37,3280,330.0,{}
3724,00003c59-a9c1-79c1-bb2d-49dc347960f4,37,3280,288.0,{}
3725,00003c59-a9c1-79c1-bb2d-49dc347960f4,37,3280,381.0,{}
3726,00003c59-a9c1-79c1-bb2d-49dc347960f4,37,3280,330.0,{}
3727,00003c59-a9c1-79c1-bb2d-49dc347960f4,37,3280,297.0,{}
3728,00003c59-a9c1-79c1-bb2d-49dc347960f4,37,3280,336.0,{}
3729,00003c59-a9c1-79c1-bb2d-49dc347960f4,37,3280,192.0,{}
3730,00003c59-a9c1-79c1-bb2d-49dc347960f4,37,3280,192.0,{}
3731,00003c59-a9c1-79c1-bb2d-49dc347960f4,37,3280,192.0,{}
3732,00003c59-a9c1-79c1-bb2d-49dc347960f4,37,3280,192.0,{}
3733,00003c59-a9c1-79c1-bb2d-49dc347960f4,37,3280,192.0,{}
3734,00003c59-a9c1-79c1-bb2d-49dc347960f4,37,3298,0.0,{}
3735,00003c59-a9c1-79c1-bb2d-49dc347960f4,37,3298,0.0,{}
3736,00003c59-a9c1-79c1-bb2d-49dc347960f4,37,3298,0.0,{}
3737,00003c59-a9c1-79c1-bb2d-49dc347960f4,37,3298,0.0,{}
3738,00003c59-a9c1-79c1-bb2d-49dc347960f4,37,3298,0.0,{}
3739,00003c59-a9c1-79c1-bb2d-49dc347960f4,37,3298,0.0,{}
3740,00003c59-a9c1-79c1-bb2d-49dc347960f4,37,3298,0.0,{}
3741,00003c59-a9c1-79c1-bb2d-49dc347960f4,37,3298,0.0,{}
3742,00003c59-a9c1-79c1-bb2d-49dc347960f4,37,3298,0.0,{}
3743,00003c59-a9c1-79c1-bb2d-49dc347960f4,37,3298,0.0,{}
3744,00003c59-a9c1-79c1-bb2d-49dc347960f4,37,3298,0.0,{}
3745,00003c59-a9c1-79c1-bb2d-49dc347960f4,37,3298,0.0,{}
3746,00003c59-a9c1-79c1-bb2d-49dc347960f4,37,3298,0.0,{}
3747,00003c59-a9c1-79c1-bb2d-49dc347960f4,37,3298,0.0,{}
3748,00003c59-a9c1-79c1-bb2d-49dc347960f4,37,3298,0.0,{}
3749,00003c59-a9c1-79c1-bb2d-49dc347960f4,37,3298,0.0,{}
3750,00003c59-a9c1-79c1-bb2d-49dc347960f4,37,3298,0.0,{}
3751,00003c59-a9c1-79c1-bb2d-49dc347960f4,37,3298,0.0,{}
3752,00003c59-a9c1-79c1-bb2d-49dc347960f4,37,3298,0.0,{}
3753,00003c59-a9c1-79c1-bb2d-49dc347960f4,37,3298,0.0,{}
3754,00003c59-a9c1-79c1-bb2d-49dc347960f4,37,3334,1600192.0,{}
3755,00003c59-a9c1-79c1-bb2d-49dc347960f4,37,3334,1600192.0,{}
3756,00003c59-a9c1-79c1-bb2d-49dc347960f4,37,3334,1600192.0,{}
3757,00003c59-a9c1-79c1-bb2d-49dc347960f4,37,3334,1600192.0,{}
3758,00003c59-a9c1-79c1-bb2d-49dc347960f4,37,3334,1600192.0,{}
3759,00003c59-a9c1-79c1-bb2d-49dc347960f4,37,3334,2525303.0,{}
3760,00003c59-a9c1-79c1-bb2d-49dc347960f4,37,3334,2550306.0,{}
3761,00003c59-a9c1-79c1-bb2d-49dc347960f4,37,3334,3075369.0,{}
3762,00003c59-a9c1-79c1-bb2d-49dc347960f4,37,3334,2700324.0,{}
3763,00003c59-a9c1-79c1-bb2d-49dc347960f4,37,3334,2750330.0,{}
3764,00003c59-a9c1-79c1-bb2d-49dc347960f4,37,3334,2400288.0,{}
3765,00003c59-a9c1-79c1-bb2d-49dc347960f4,37,3334,3175381.0,{}
3766,00003c59-a9c1-79c1-bb2d-49dc347960f4,37,3334,2750330.0,{}
3767,00003c59-a9c1-79c1-bb2d-49dc347960f4,37,3334,2475297.0,{}
3768,00003c59-a9c1-79c1-bb2d-49dc347960f4,37,3334,2800336.0,{}
3769,00003c59-a9c1-79c1-bb2d-49dc347960f4,37,3334,1600192.0,{}
3770,00003c59-a9c1-79c1-bb2d-49dc347960f4,37,3334,1600192.0,{}
3771,00003c59-a9c1-79c1-bb2d-49dc347960f4,37,3334,1600192.0,{}
3772,00003c59-a9c1-79c1-bb2d-49dc347960f4,37,3334,1600192.0,{}
3773,00003c59-a9c1-79c1-bb2d-49dc347960f4,37,3334,1600192.0,{}
3774,00003c59-a9c1-79c1-bb2d-49dc347960f4,37,5642,25003.0,{}
3775,00003c59-a9c1-79c1-bb2d-49dc347960f4,38,2636,3.0,{}
3776,00003c59-a9c1-79c1-bb2d-49dc347960f4,38,3217,789504.0,{}
3777,00003c59-a9c1-79c1-bb2d-49dc347960f4,38,3217,526336.0,{}
3778,00003c59-a9c1-79c1-bb2d-49dc347960f4,38,3217,764832.0,{}
3779,00003c59-a9c1-79c1-bb2d-49dc347960f4,38,3217,526336.0,{}
3780,00003c59-a9c1-79c1-bb2d-49dc347960f4,38,3217,526336.0,{}
3781,00003c59-a9c1-79c1-bb2d-49dc347960f4,38,3217,551008.0,{}
3782,00003c59-a9c1-79c1-bb2d-49dc347960f4,38,3217,789504.0,{}
3783,00003c59-a9c1-79c1-bb2d-49dc347960f4,38,3217,789504.0,{}
3784,00003c59-a9c1-79c1-bb2d-49dc347960f4,38,3217,789504.0,{}
3785,00003c59-a9c1-79c1-bb2d-49dc347960f4,38,3217,1052672.0,{}
3786,00003c59-a9c1-79c1-bb2d-49dc347960f4,38,3217,526336.0,{}
3787,00003c59-a9c1-79c1-bb2d-49dc347960f4,38,3217,649696.0,{}
3788,00003c59-a9c1-79c1-bb2d-49dc347960f4,38,3217,526336.0,{}
3789,00003c59-a9c1-79c1-bb2d-49dc347960f4,38,3217,641472.0,{}
3790,00003c59-a9c1-79c1-bb2d-49dc347960f4,38,3217,526336.0,{}
3791,00003c59-a9c1-79c1-bb2d-49dc347960f4,38,3217,986880.0,{}
3792,00003c59-a9c1-79c1-bb2d-49dc347960f4,38,3217,863520.0,{}
3793,00003c59-a9c1-79c1-bb2d-49dc347960f4,38,3217,789504.0,{}
3794,00003c59-a9c1-79c1-bb2d-49dc347960f4,38,3217,805952.0,{}
3795,00003c59-a9c1-79c1-bb2d-49dc347960f4,38,3217,789504.0,{}
3796,00003c59-a9c1-79c1-bb2d-49dc347960f4,38,3248,46560.0,{}
3797,00003c59-a9c1-79c1-bb2d-49dc347960f4,38,3248,31040.0,{}
3798,00003c59-a9c1-79c1-bb2d-49dc347960f4,38,3248,45105.0,{}
3799,00003c59-a9c1-79c1-bb2d-49dc347960f4,38,3248,31040.0,{}
3800,00003c59-a9c1-79c1-bb2d-49dc347960f4,38,3248,31040.0,{}
3801,00003c59-a9c1-79c1-bb2d-49dc347960f4,38,3248,32495.0,{}
3802,00003c59-a9c1-79c1-bb2d-49dc347960f4,38,3248,46560.0,{}
3803,00003c59-a9c1-79c1-bb2d-49dc347960f4,38,3248,46560.0,{}
3804,00003c59-a9c1-79c1-bb2d-49dc347960f4,38,3248,46560.0,{}
3805,00003c59-a9c1-79c1-bb2d-49dc347960f4,38,3248,62080.0,{}
3806,00003c59-a9c1-79c1-bb2d-49dc347960f4,38,3248,31040.0,{}
3807,00003c59-a9c1-79c1-bb2d-49dc347960f4,38,3248,38315.0,{}
3808,00003c59-a9c1-79c1-bb2d-49dc347960f4,38,3248,31040.0,{}
3809,00003c59-a9c1-79c1-bb2d-49dc347960f4,38,3248,37830.0,{}
3810,00003c59-a9c1-79c1-bb2d-49dc347960f4,38,3248,31040.0,{}
3811,00003c59-a9c1-79c1-bb2d-49dc347960f4,38,3248,58200.0,{}
3812,00003c59-a9c1-79c1-bb2d-49dc347960f4,38,3248,50925.0,{}
3813,00003c59-a9c1-79c1-bb2d-49dc347960f4,38,3248,46560.0,{}
3814,00003c59-a9c1-79c1-bb2d-49dc347960f4,38,3248,47530.0,{}
3815,00003c59-a9c1-79c1-bb2d-49dc347960f4,38,3248,46560.0,{}
3816,00003c59-a9c1-79c1-bb2d-49dc347960f4,38,3280,288.0,{}
3817,00003c59-a9c1-79c1-bb2d-49dc347960f4,38,3280,192.0,{}
3818,00003c59-a9c1-79c1-bb2d-49dc347960f4,38,3280,279.0,{}
3819,00003c59-a9c1-79c1-bb2d-49dc347960f4,38,3280,192.0,{}
3820,00003c59-a9c1-79c1-bb2d-49dc347960f4,38,3280,192.0,{}
3821,00003c59-a9c1-79c1-bb2d-49dc347960f4,38,3280,201.0,{}
3822,00003c59-a9c1-79c1-bb2d-49dc347960f4,38,3280,288.0,{}
3823,00003c59-a9c1-79c1-bb2d-49dc347960f4,38,3280,288.0,{}
3824,00003c59-a9c1-79c1-bb2d-49dc347960f4,38,3280,288.0,{}
3825,00003c59-a9c1-79c1-bb2d-49dc347960f4,38,3280,384.0,{}
3826,00003c59-a9c1-79c1-bb2d-49dc347960f4,38,3280,192.0,{}
3827,00003c59-a9c1-79c1-bb2d-49dc347960f4,38,3280,237.0,{}
3828,00003c59-a9c1-79c1-bb2d-49dc347960f4,38,3280,192.0,{}
3829,00003c59-a9c1-79c1-bb2d-49dc347960f4,38,3280,234.0,{}
3830,00003c59-a9c1-79c1-bb2d-49dc347960f4,38,3280,192.0,{}
3831,00003c59-a9c1-79c1-bb2d-49dc347960f4,38,3280,360.0,{}
3832,00003c59-a9c1-79c1-bb2d-49dc347960f4,38,3280,315.0,{}
3833,00003c59-a9c1-79c1-bb2d-49dc347960f4,38,3280,288.0,{}
3834,00003c59-a9c1-79c1-bb2d-49dc347960f4,38,3280,294.0,{}
3835,00003c59-a9c1-79c1-bb2d-49dc347960f4,38,3280,288.0,{}
3836,00003c59-a9c1-79c1-bb2d-49dc347960f4,38,3298,0.0,{}
3837,00003c59-a9c1-79c1-bb2d-49dc347960f4,38,3298,0.0,{}
3838,00003c59-a9c1-79c1-bb2d-49dc347960f4,38,3298,0.0,{}
3839,00003c59-a9c1-79c1-bb2d-49dc347960f4,38,3298,0.0,{}
3840,00003c59-a9c1-79c1-bb2d-49dc347960f4,38,3298,0.0,{}
3841,00003c59-a9c1-79c1-bb2d-49dc347960f4,38,3298,0.0,{}
3842,00003c59-a9c1-79c1-bb2d-49dc347960f4,38,3298,0.0,{}
3843,00003c59-a9c1-79c1-bb2d-49dc347960f4,38,3298,0.0,{}
3844,00003c59-a9c1-79c1-bb2d-49dc347960f4,38,3298,0.0,{}
3845,00003c59-a9c1-79c1-bb2d-49dc347960f4,38,3298,0.0,{}
3846,00003c59-a9c1-79c1-bb2d-49dc347960f4,38,3298,0.0,{}
3847,00003c59-a9c1-79c1-bb2d-49dc347960f4,38,3298,0.0,{}
3848,00003c59-a9c1-79c1-bb2d-49dc347960f4,38,3298,0.0,{}
3849,00003c59-a9c1-79c1-bb2d-49dc347960f4,38,3298,0.0,{}
3850,00003c59-a9c1-79c1-bb2d-49dc347960f4,38,3298,0.0,{}
3851,00003c59-a9c1-79c1-bb2d-49dc347960f4,38,3298,0.0,{}
3852,00003c59-a9c1-79c1-bb2d-49dc347960f4,38,3298,0.0,{}
3853,00003c59-a9c1-79c1-bb2d-49dc347960f4,38,3298,0.0,{}
3854,00003c59-a9c1-79c1-bb2d-49dc347960f4,38,3298,0.0,{}
3855,00003c59-a9c1-79c1-bb2d-49dc347960f4,38,3298,0.0,{}
3856,00003c59-a9c1-79c1-bb2d-49dc347960f4,38,3334,2400288.0,{}
3857,00003c59-a9c1-79c1-bb2d-49dc347960f4,38,3334,1600192.0,{}
3858,00003c59-a9c1-79c1-bb2d-49dc347960f4,38,3334,2325279.0,{}
3859,00003c59-a9c1-79c1-bb2d-49dc347960f4,38,3334,1600192.0,{}
3860,00003c59-a9c1-79c1-bb2d-49dc347960f4,38,3334,1600192.0,{}
3861,00003c59-a9c1-79c1-bb2d-49dc347960f4,38,3334,1675201.0,{}
3862,00003c59-a9c1-79c1-bb2d-49dc347960f4,38,3334,2400288.0,{}
3863,00003c59-a9c1-79c1-bb2d-49dc347960f4,38,3334,2400288.0,{}
3864,00003c59-a9c1-79c1-bb2d-49dc347960f4,38,3334,2400288.0,{}
3865,00003c59-a9c1-79c1-bb2d-49dc347960f4,38,3334,3200384.0,{}
3866,00003c59-a9c1-79c1-bb2d-49dc347960f4,38,3334,1600192.0,{}
3867,00003c59-a9c1-79c1-bb2d-49dc347960f4,38,3334,1975237.0,{}
3868,00003c59-a9c1-79c1-bb2d-49dc347960f4,38,3334,1600192.0,{}
3869,00003c59-a9c1-79c1-bb2d-49dc347960f4,38,3334,1950234.0,{}
3870,00003c59-a9c1-79c1-bb2d-49dc347960f4,38,3334,1600192.0,{}
3871,00003c59-a9c1-79c1-bb2d-49dc347960f4,38,3334,3000360.0,{}
3872,00003c59-a9c1-79c1-bb2d-49dc347960f4,38,3334,2625315.0,{}
3873,00003c59-a9c1-79c1-bb2d-49dc347960f4,38,3334,2400288.0,{}
3874,00003c59-a9c1-79c1-bb2d-49dc347960f4,38,3334,2450294.0,{}
3875,00003c59-a9c1-79c1-bb2d-49dc347960f4,38,3334,2400288.0,{}
3876,00003c59-a9c1-79c1-bb2d-49dc347960f4,38,5642,25003.0,{}
3877,00003c59-a9c1-79c1-bb2d-49dc347960f4,39,2636,3.0,{}
3878,00003c59-a9c1-79c1-bb2d-49dc347960f4,39,3217,830624.0,{}
3879,00003c59-a9c1-79c1-bb2d-49dc347960f4,39,3217,1044448.0,{}
3880,00003c59-a9c1-79c1-bb2d-49dc347960f4,39,3217,1044448.0,{}
3881,00003c59-a9c1-79c1-bb2d-49dc347960f4,39,3217,896416.0,{}
3882,00003c59-a9c1-79c1-bb2d-49dc347960f4,39,3217,657920.0,{}
3883,00003c59-a9c1-79c1-bb2d-49dc347960f4,39,3217,526336.0,{}
3884,00003c59-a9c1-79c1-bb2d-49dc347960f4,39,3217,526336.0,{}
3885,00003c59-a9c1-79c1-bb2d-49dc347960f4,39,3217,526336.0,{}
3886,00003c59-a9c1-79c1-bb2d-49dc347960f4,39,3217,526336.0,{}
3887,00003c59-a9c1-79c1-bb2d-49dc347960f4,39,3217,526336.0,{}
3888,00003c59-a9c1-79c1-bb2d-49dc347960f4,39,3217,526336.0,{}
3889,00003c59-a9c1-79c1-bb2d-49dc347960f4,39,3217,526336.0,{}
3890,00003c59-a9c1-79c1-bb2d-49dc347960f4,39,3217,526336.0,{}
3891,00003c59-a9c1-79c1-bb2d-49dc347960f4,39,3217,526336.0,{}
3892,00003c59-a9c1-79c1-bb2d-49dc347960f4,39,3217,526336.0,{}
3893,00003c59-a9c1-79c1-bb2d-49dc347960f4,39,3217,871744.0,{}
3894,00003c59-a9c1-79c1-bb2d-49dc347960f4,39,3217,945760.0,{}
3895,00003c59-a9c1-79c1-bb2d-49dc347960f4,39,3217,945760.0,{}
3896,00003c59-a9c1-79c1-bb2d-49dc347960f4,39,3217,847072.0,{}
3897,00003c59-a9c1-79c1-bb2d-49dc347960f4,39,3217,863520.0,{}
3898,00003c59-a9c1-79c1-bb2d-49dc347960f4,39,3248,48985.0,{}
3899,00003c59-a9c1-79c1-bb2d-49dc347960f4,39,3248,61595.0,{}
3900,00003c59-a9c1-79c1-bb2d-49dc347960f4,39,3248,61595.0,{}
3901,00003c59-a9c1-79c1-bb2d-49dc347960f4,39,3248,52865.0,{}
3902,00003c59-a9c1-79c1-bb2d-49dc347960f4,39,3248,38800.0,{}
3903,00003c59-a9c1-79c1-bb2d-49dc347960f4,39,3248,31040.0,{}
3904,00003c59-a9c1-79c1-bb2d-49dc347960f4,39,3248,31040.0,{}
3905,00003c59-a9c1-79c1-bb2d-49dc347960f4,39,3248,31040.0,{}
3906,00003c59-a9c1-79c1-bb2d-49dc347960f4,39,3248,31040.0,{}
3907,00003c59-a9c1-79c1-bb2d-49dc347960f4,39,3248,31040.0,{}
3908,00003c59-a9c1-79c1-bb2d-49dc347960f4,39,3248,31040.0,{}
3909,00003c59-a9c1-79c1-bb2d-49dc347960f4,39,3248,31040.0,{}
3910,00003c59-a9c1-79c1-bb2d-49dc347960f4,39,3248,31040.0,{}
3911,00003c59-a9c1-79c1-bb2d-49dc347960f4,39,3248,31040.0,{}
3912,00003c59-a9c1-79c1-bb2d-49dc347960f4,39,3248,31040.0,{}
3913,00003c59-a9c1-79c1-bb2d-49dc347960f4,39,3248,51410.0,{}
3914,00003c59-a9c1-79c1-bb2d-49dc347960f4,39,3248,55775.0,{}
3915,00003c59-a9c1-79c1-bb2d-49dc347960f4,39,3248,55775.0,{}
3916,00003c59-a9c1-79c1-bb2d-49dc347960f4,39,3248,49955.0,{}
3917,00003c59-a9c1-79c1-bb2d-49dc347960f4,39,3248,50925.0,{}
3918,00003c59-a9c1-79c1-bb2d-49dc347960f4,39,3280,303.0,{}
3919,00003c59-a9c1-79c1-bb2d-49dc347960f4,39,3280,381.0,{}
3920,00003c59-a9c1-79c1-bb2d-49dc347960f4,39,3280,381.0,{}
3921,00003c59-a9c1-79c1-bb2d-49dc347960f4,39,3280,327.0,{}
3922,00003c59-a9c1-79c1-bb2d-49dc347960f4,39,3280,240.0,{}
3923,00003c59-a9c1-79c1-bb2d-49dc347960f4,39,3280,192.0,{}
3924,00003c59-a9c1-79c1-bb2d-49dc347960f4,39,3280,192.0,{}
3925,00003c59-a9c1-79c1-bb2d-49dc347960f4,39,3280,192.0,{}
3926,00003c59-a9c1-79c1-bb2d-49dc347960f4,39,3280,192.0,{}
3927,00003c59-a9c1-79c1-bb2d-49dc347960f4,39,3280,192.0,{}
3928,00003c59-a9c1-79c1-bb2d-49dc347960f4,39,3280,192.0,{}
3929,00003c59-a9c1-79c1-bb2d-49dc347960f4,39,3280,192.0,{}
3930,00003c59-a9c1-79c1-bb2d-49dc347960f4,39,3280,192.0,{}
3931,00003c59-a9c1-79c1-bb2d-49dc347960f4,39,3280,192.0,{}
3932,00003c59-a9c1-79c1-bb2d-49dc347960f4,39,3280,192.0,{}
3933,00003c59-a9c1-79c1-bb2d-49dc347960f4,39,3280,318.0,{}
3934,00003c59-a9c1-79c1-bb2d-49dc347960f4,39,3280,345.0,{}
3935,00003c59-a9c1-79c1-bb2d-49dc347960f4,39,3280,345.0,{}
3936,00003c59-a9c1-79c1-bb2d-49dc347960f4,39,3280,309.0,{}
3937,00003c59-a9c1-79c1-bb2d-49dc347960f4,39,3280,315.0,{}
3938,00003c59-a9c1-79c1-bb2d-49dc347960f4,39,3298,0.0,{}
3939,00003c59-a9c1-79c1-bb2d-49dc347960f4,39,3298,0.0,{}
3940,00003c59-a9c1-79c1-bb2d-49dc347960f4,39,3298,0.0,{}
3941,00003c59-a9c1-79c1-bb2d-49dc347960f4,39,3298,0.0,{}
3942,00003c59-a9c1-79c1-bb2d-49dc347960f4,39,3298,0.0,{}
3943,00003c59-a9c1-79c1-bb2d-49dc347960f4,39,3298,0.0,{}
3944,00003c59-a9c1-79c1-bb2d-49dc347960f4,39,3298,0.0,{}
3945,00003c59-a9c1-79c1-bb2d-49dc347960f4,39,3298,0.0,{}
3946,00003c59-a9c1-79c1-bb2d-49dc347960f4,39,3298,0.0,{}
3947,00003c59-a9c1-79c1-bb2d-49dc347960f4,39,3298,0.0,{}
3948,00003c59-a9c1-79c1-bb2d-49dc347960f4,39,3298,0.0,{}
3949,00003c59-a9c1-79c1-bb2d-49dc347960f4,39,3298,0.0,{}
3950,00003c59-a9c1-79c1-bb2d-49dc347960f4,39,3298,0.0,{}
3951,00003c59-a9c1-79c1-bb2d-49dc347960f4,39,3298,0.0,{}
3952,00003c59-a9c1-79c1-bb2d-49dc347960f4,39,3298,0.0,{}
3953,00003c59-a9c1-79c1-bb2d-49dc347960f4,39,3298,0.0,{}
3954,00003c59-a9c1-79c1-bb2d-49dc347960f4,39,3298,0.0,{}
3955,00003c59-a9c1-79c1-bb2d-49dc347960f4,39,3298,0.0,{}
3956,00003c59-a9c1-79c1-bb2d-49dc347960f4,39,3298,0.0,{}
3957,00003c59-a9c1-79c1-bb2d-49dc347960f4,39,3298,0.0,{}
3958,00003c59-a9c1-79c1-bb2d-49dc347960f4,39,3334,2525303.0,{}
3959,00003c59-a9c1-79c1-bb2d-49dc347960f4,39,3334,3175381.0,{}
3960,00003c59-a9c1-79c1-bb2d-49dc347960f4,39,3334,3175381.0,{}
3961,00003c59-a9c1-79c1-bb2d-49dc347960f4,39,3334,2725327.0,{}
3962,00003c59-a9c1-79c1-bb2d-49dc347960f4,39,3334,2000240.0,{}
3963,00003c59-a9c1-79c1-bb2d-49dc347960f4,39,3334,1600192.0,{}
3964,00003c59-a9c1-79c1-bb2d-49dc347960f4,39,3334,1600192.0,{}
3965,00003c59-a9c1-79c1-bb2d-49dc347960f4,39,3334,1600192.0,{}
3966,00003c59-a9c1-79c1-bb2d-49dc347960f4,39,3334,1600192.0,{}
3967,00003c59-a9c1-79c1-bb2d-49dc347960f4,39,3334,1600192.0,{}
3968,00003c59-a9c1-79c1-bb2d-49dc347960f4,39,3334,1600192.0,{}
3969,00003c59-a9c1-79c1-bb2d-49dc347960f4,39,3334,1600192.0,{}
3970,00003c59-a9c1-79c1-bb2d-49dc347960f4,39,3334,1600192.0,{}
3971,00003c59-a9c1-79c1-bb2d-49dc347960f4,39,3334,1600192.0,{}
3972,00003c59-a9c1-79c1-bb2d-49dc347960f4,39,3334,1600192.0,{}
3973,00003c59-a9c1-79c1-bb2d-49dc347960f4,39,3334,2650318.0,{}
3974,00003c59-a9c1-79c1-bb2d-49dc347960f4,39,3334,2875345.0,{}
3975,00003c59-a9c1-79c1-bb2d-49dc347960f4,39,3334,2875345.0,{}
3976,00003c59-a9c1-79c1-bb2d-49dc347960f4,39,3334,2575309.0,{}
3977,00003c59-a9c1-79c1-bb2d-49dc347960f4,39,3334,2625315.0,{}
3978,00003c59-a9c1-79c1-bb2d-49dc347960f4,39,5642,25003.0,{}
3979,00003c59-a9c1-79c1-bb2d-49dc347960f4,40,2636,3.0,{}
3980,00003c59-a9c1-79c1-bb2d-49dc347960f4,40,3217,863520.0,{}
3981,00003c59-a9c1-79c1-bb2d-49dc347960f4,40,3217,1036224.0,{}
3982,00003c59-a9c1-79c1-bb2d-49dc347960f4,40,3217,896416.0,{}
3983,00003c59-a9c1-79c1-bb2d-49dc347960f4,40,3217,838848.0,{}
3984,00003c59-a9c1-79c1-bb2d-49dc347960f4,40,3217,838848.0,{}
3985,00003c59-a9c1-79c1-bb2d-49dc347960f4,40,3217,526336.0,{}
3986,00003c59-a9c1-79c1-bb2d-49dc347960f4,40,3217,526336.0,{}
3987,00003c59-a9c1-79c1-bb2d-49dc347960f4,40,3217,526336.0,{}
3988,00003c59-a9c1-79c1-bb2d-49dc347960f4,40,3217,526336.0,{}
3989,00003c59-a9c1-79c1-bb2d-49dc347960f4,40,3217,526336.0,{}
3990,00003c59-a9c1-79c1-bb2d-49dc347960f4,40,3217,526336.0,{}
3991,00003c59-a9c1-79c1-bb2d-49dc347960f4,40,3217,526336.0,{}
3992,00003c59-a9c1-79c1-bb2d-49dc347960f4,40,3217,526336.0,{}
3993,00003c59-a9c1-79c1-bb2d-49dc347960f4,40,3217,526336.0,{}
3994,00003c59-a9c1-79c1-bb2d-49dc347960f4,40,3217,526336.0,{}
3995,00003c59-a9c1-79c1-bb2d-49dc347960f4,40,3217,912864.0,{}
3996,00003c59-a9c1-79c1-bb2d-49dc347960f4,40,3217,1019776.0,{}
3997,00003c59-a9c1-79c1-bb2d-49dc347960f4,40,3217,896416.0,{}
3998,00003c59-a9c1-79c1-bb2d-49dc347960f4,40,3217,789504.0,{}
3999,00003c59-a9c1-79c1-bb2d-49dc347960f4,40,3217,855296.0,{}
4000,00003c59-a9c1-79c1-bb2d-49dc347960f4,40,3248,50925.0,{}
4001,00003c59-a9c1-79c1-bb2d-49dc347960f4,40,3248,61110.0,{}
4002,00003c59-a9c1-79c1-bb2d-49dc347960f4,40,3248,52865.0,{}
4003,00003c59-a9c1-79c1-bb2d-49dc347960f4,40,3248,49470.0,{}
4004,00003c59-a9c1-79c1-bb2d-49dc347960f4,40,3248,49470.0,{}
4005,00003c59-a9c1-79c1-bb2d-49dc347960f4,40,3248,31040.0,{}
4006,00003c59-a9c1-79c1-bb2d-49dc347960f4,40,3248,31040.0,{}
4007,00003c59-a9c1-79c1-bb2d-49dc347960f4,40,3248,31040.0,{}
4008,00003c59-a9c1-79c1-bb2d-49dc347960f4,40,3248,31040.0,{}
4009,00003c59-a9c1-79c1-bb2d-49dc347960f4,40,3248,31040.0,{}
4010,00003c59-a9c1-79c1-bb2d-49dc347960f4,40,3248,31040.0,{}
4011,00003c59-a9c1-79c1-bb2d-49dc347960f4,40,3248,31040.0,{}
4012,00003c59-a9c1-79c1-bb2d-49dc347960f4,40,3248,31040.0,{}
4013,00003c59-a9c1-79c1-bb2d-49dc347960f4,40,3248,31040.0,{}
4014,00003c59-a9c1-79c1-bb2d-49dc347960f4,40,3248,31040.0,{}
4015,00003c59-a9c1-79c1-bb2d-49dc347960f4,40,3248,53835.0,{}
4016,00003c59-a9c1-79c1-bb2d-49dc347960f4,40,3248,60140.0,{}
4017,00003c59-a9c1-79c1-bb2d-49dc347960f4,40,3248,52865.0,{}
4018,00003c59-a9c1-79c1-bb2d-49dc347960f4,40,3248,46560.0,{}
4019,00003c59-a9c1-79c1-bb2d-49dc347960f4,40,3248,50440.0,{}
4020,00003c59-a9c1-79c1-bb2d-49dc347960f4,40,3280,315.0,{}
4021,00003c59-a9c1-79c1-bb2d-49dc347960f4,40,3280,378.0,{}
4022,00003c59-a9c1-79c1-bb2d-49dc347960f4,40,3280,327.0,{}
4023,00003c59-a9c1-79c1-bb2d-49dc347960f4,40,3280,306.0,{}
4024,00003c59-a9c1-79c1-bb2d-49dc347960f4,40,3280,306.0,{}
4025,00003c59-a9c1-79c1-bb2d-49dc347960f4,40,3280,192.0,{}
4026,00003c59-a9c1-79c1-bb2d-49dc347960f4,40,3280,192.0,{}
4027,00003c59-a9c1-79c1-bb2d-49dc347960f4,40,3280,192.0,{}
4028,00003c59-a9c1-79c1-bb2d-49dc347960f4,40,3280,192.0,{}
4029,00003c59-a9c1-79c1-bb2d-49dc347960f4,40,3280,192.0,{}
4030,00003c59-a9c1-79c1-bb2d-49dc347960f4,40,3280,192.0,{}
4031,00003c59-a9c1-79c1-bb2d-49dc347960f4,40,3280,192.0,{}
4032,00003c59-a9c1-79c1-bb2d-49dc347960f4,40,3280,192.0,{}
4033,00003c59-a9c1-79c1-bb2d-49dc347960f4,40,3280,192.0,{}
4034,00003c59-a9c1-79c1-bb2d-49dc347960f4,40,3280,192.0,{}
4035,00003c59-a9c1-79c1-bb2d-49dc347960f4,40,3280,333.0,{}
4036,00003c59-a9c1-79c1-bb2d-49dc347960f4,40,3280,372.0,{}
4037,00003c59-a9c1-79c1-bb2d-49dc347960f4,40,3280,327.0,{}
4038,00003c59-a9c1-79c1-bb2d-49dc347960f4,40,3280,288.0,{}
4039,00003c59-a9c1-79c1-bb2d-49dc347960f4,40,3280,312.0,{}
4040,00003c59-a9c1-79c1-bb2d-49dc347960f4,40,3298,0.0,{}
4041,00003c59-a9c1-79c1-bb2d-49dc347960f4,40,3298,0.0,{}
4042,00003c59-a9c1-79c1-bb2d-49dc347960f4,40,3298,0.0,{}
4043,00003c59-a9c1-79c1-bb2d-49dc347960f4,40,3298,0.0,{}
4044,00003c59-a9c1-79c1-bb2d-49dc347960f4,40,3298,0.0,{}
4045,00003c59-a9c1-79c1-bb2d-49dc347960f4,40,3298,0.0,{}
4046,00003c59-a9c1-79c1-bb2d-49dc347960f4,40,3298,0.0,{}
4047,00003c59-a9c1-79c1-bb2d-49dc347960f4,40,3298,0.0,{}
4048,00003c59-a9c1-79c1-bb2d-49dc347960f4,40,3298,0.0,{}
4049,00003c59-a9c1-79c1-bb2d-49dc347960f4,40,3298,0.0,{}
4050,00003c59-a9c1-79c1-bb2d-49dc347960f4,40,3298,0.0,{}
4051,00003c59-a9c1-79c1-bb2d-49dc347960f4,40,3298,0.0,{}
4052,00003c59-a9c1-79c1-bb2d-49dc347960f4,40,3298,0.0,{}
4053,00003c59-a9c1-79c1-bb2d-49dc347960f4,40,3298,0.0,{}
4054,00003c59-a9c1-79c1-bb2d-49dc347960f4,40,3298,0.0,{}
4055,00003c59-a9c1-79c1-bb2d-49dc347960f4,40,3298,0.0,{}
4056,00003c59-a9c1-79c1-bb2d-49dc347960f4,40,3298,0.0,{}
4057,00003c59-a9c1-79c1-bb2d-49dc347960f4,40,3298,0.0,{}
4058,00003c59-a9c1-79c1-bb2d-49dc347960f4,40,3298,0.0,{}
4059,00003c59-a9c1-79c1-bb2d-49dc347960f4,40,3298,0.0,{}
4060,00003c59-a9c1-79c1-bb2d-49dc347960f4,40,3334,2625315.0,{}
4061,00003c59-a9c1-79c1-bb2d-49dc347960f4,40,3334,3150378.0,{}
4062,00003c59-a9c1-79c1-bb2d-49dc347960f4,40,3334,2725327.0,{}
4063,00003c59-a9c1-79c1-bb2d-49dc347960f4,40,3334,2550306.0,{}
4064,00003c59-a9c1-79c1-bb2d-49dc347960f4,40,3334,2550306.0,{}
4065,00003c59-a9c1-79c1-bb2d-49dc347960f4,40,3334,1600192.0,{}
4066,00003c59-a9c1-79c1-bb2d-49dc347960f4,40,3334,1600192.0,{}
4067,00003c59-a9c1-79c1-bb2d-49dc347960f4,40,3334,1600192.0,{}
4068,00003c59-a9c1-79c1-bb2d-49dc347960f4,40,3334,1600192.0,{}
4069,00003c59-a9c1-79c1-bb2d-49dc347960f4,40,3334,1600192.0,{}
4070,00003c59-a9c1-79c1-bb2d-49dc347960f4,40,3334,1600192.0,{}
4071,00003c59-a9c1-79c1-bb2d-49dc347960f4,40,3334,1600192.0,{}
4072,00003c59-a9c1-79c1-bb2d-49dc347960f4,40,3334,1600192.0,{}
4073,00003c59-a9c1-79c1-bb2d-49dc347960f4,40,3334,1600192.0,{}
4074,00003c59-a9c1-79c1-bb2d-49dc347960f4,40,3334,1600192.0,{}
4075,00003c59-a9c1-79c1-bb2d-49dc347960f4,40,3334,2775333.0,{}
4076,00003c59-a9c1-79c1-bb2d-49dc347960f4,40,3334,3100372.0,{}
4077,00003c59-a9c1-79c1-bb2d-49dc347960f4,40,3334,2725327.0,{}
4078,00003c59-a9c1-79c1-bb2d-49dc347960f4,40,3334,2400288.0,{}
4079,00003c59-a9c1-79c1-bb2d-49dc347960f4,40,3334,2600312.0,{}
4080,00003c59-a9c1-79c1-bb2d-49dc347960f4,40,5642,25003.0,{}
4081,00003c59-a9c1-79c1-bb2d-49dc347960f4,41,2636,3.0,{}
4082,00003c59-a9c1-79c1-bb2d-49dc347960f4,41,3217,929312.0,{}
4083,00003c59-a9c1-79c1-bb2d-49dc347960f4,41,3217,888192.0,{}
4084,00003c59-a9c1-79c1-bb2d-49dc347960f4,41,3217,781280.0,{}
4085,00003c59-a9c1-79c1-bb2d-49dc347960f4,41,3217,1019776.0,{}
4086,00003c59-a9c1-79c1-bb2d-49dc347960f4,41,3217,855296.0,{}
4087,00003c59-a9c1-79c1-bb2d-49dc347960f4,41,3217,526336.0,{}
4088,00003c59-a9c1-79c1-bb2d-49dc347960f4,41,3217,526336.0,{}
4089,00003c59-a9c1-79c1-bb2d-49dc347960f4,41,3217,526336.0,{}
4090,00003c59-a9c1-79c1-bb2d-49dc347960f4,41,3217,526336.0,{}
4091,00003c59-a9c1-79c1-bb2d-49dc347960f4,41,3217,526336.0,{}
4092,00003c59-a9c1-79c1-bb2d-49dc347960f4,41,3217,526336.0,{}
4093,00003c59-a9c1-79c1-bb2d-49dc347960f4,41,3217,526336.0,{}
4094,00003c59-a9c1-79c1-bb2d-49dc347960f4,41,3217,526336.0,{}
4095,00003c59-a9c1-79c1-bb2d-49dc347960f4,41,3217,526336.0,{}
4096,00003c59-a9c1-79c1-bb2d-49dc347960f4,41,3217,526336.0,{}
4097,00003c59-a9c1-79c1-bb2d-49dc347960f4,41,3217,970432.0,{}
4098,00003c59-a9c1-79c1-bb2d-49dc347960f4,41,3217,888192.0,{}
4099,00003c59-a9c1-79c1-bb2d-49dc347960f4,41,3217,863520.0,{}
4100,00003c59-a9c1-79c1-bb2d-49dc347960f4,41,3217,871744.0,{}
4101,00003c59-a9c1-79c1-bb2d-49dc347960f4,41,3217,879968.0,{}
4102,00003c59-a9c1-79c1-bb2d-49dc347960f4,41,3248,54805.0,{}
4103,00003c59-a9c1-79c1-bb2d-49dc347960f4,41,3248,52380.0,{}
4104,00003c59-a9c1-79c1-bb2d-49dc347960f4,41,3248,46075.0,{}
4105,00003c59-a9c1-79c1-bb2d-49dc347960f4,41,3248,60140.0,{}
4106,00003c59-a9c1-79c1-bb2d-49dc347960f4,41,3248,50440.0,{}
4107,00003c59-a9c1-79c1-bb2d-49dc347960f4,41,3248,31040.0,{}
4108,00003c59-a9c1-79c1-bb2d-49dc347960f4,41,3248,31040.0,{}
4109,00003c59-a9c1-79c1-bb2d-49dc347960f4,41,3248,31040.0,{}
4110,00003c59-a9c1-79c1-bb2d-49dc347960f4,41,3248,31040.0,{}
4111,00003c59-a9c1-79c1-bb2d-49dc347960f4,41,3248,31040.0,{}
4112,00003c59-a9c1-79c1-bb2d-49dc347960f4,41,3248,31040.0,{}
4113,00003c59-a9c1-79c1-bb2d-49dc347960f4,41,3248,31040.0,{}
4114,00003c59-a9c1-79c1-bb2d-49dc347960f4,41,3248,31040.0,{}
4115,00003c59-a9c1-79c1-bb2d-49dc347960f4,41,3248,31040.0,{}
4116,00003c59-a9c1-79c1-bb2d-49dc347960f4,41,3248,31040.0,{}
4117,00003c59-a9c1-79c1-bb2d-49dc347960f4,41,3248,57230.0,{}
4118,00003c59-a9c1-79c1-bb2d-49dc347960f4,41,3248,52380.0,{}
4119,00003c59-a9c1-79c1-bb2d-49dc347960f4,41,3248,50925.0,{}
4120,00003c59-a9c1-79c1-bb2d-49dc347960f4,41,3248,51410.0,{}
4121,00003c59-a9c1-79c1-bb2d-49dc347960f4,41,3248,51895.0,{}
4122,00003c59-a9c1-79c1-bb2d-49dc347960f4,41,3280,339.0,{}
4123,00003c59-a9c1-79c1-bb2d-49dc347960f4,41,3280,324.0,{}
4124,00003c59-a9c1-79c1-bb2d-49dc347960f4,41,3280,285.0,{}
4125,00003c59-a9c1-79c1-bb2d-49dc347960f4,41,3280,372.0,{}
4126,00003c59-a9c1-79c1-bb2d-49dc347960f4,41,3280,312.0,{}
4127,00003c59-a9c1-79c1-bb2d-49dc347960f4,41,3280,192.0,{}
4128,00003c59-a9c1-79c1-bb2d-49dc347960f4,41,3280,192.0,{}
4129,00003c59-a9c1-79c1-bb2d-49dc347960f4,41,3280,192.0,{}
4130,00003c59-a9c1-79c1-bb2d-49dc347960f4,41,3280,192.0,{}
4131,00003c59-a9c1-79c1-bb2d-49dc347960f4,41,3280,192.0,{}
4132,00003c59-a9c1-79c1-bb2d-49dc347960f4,41,3280,192.0,{}
4133,00003c59-a9c1-79c1-bb2d-49dc347960f4,41,3280,192.0,{}
4134,00003c59-a9c1-79c1-bb2d-49dc347960f4,41,3280,192.0,{}
4135,00003c59-a9c1-79c1-bb2d-49dc347960f4,41,3280,192.0,{}
4136,00003c59-a9c1-79c1-bb2d-49dc347960f4,41,3280,192.0,{}
4137,00003c59-a9c1-79c1-bb2d-49dc347960f4,41,3280,354.0,{}
4138,00003c59-a9c1-79c1-bb2d-49dc347960f4,41,3280,324.0,{}
4139,00003c59-a9c1-79c1-bb2d-49dc347960f4,41,3280,315.0,{}
4140,00003c59-a9c1-79c1-bb2d-49dc347960f4,41,3280,318.0,{}
4141,00003c59-a9c1-79c1-bb2d-49dc347960f4,41,3280,321.0,{}
4142,00003c59-a9c1-79c1-bb2d-49dc347960f4,41,3298,0.0,{}
4143,00003c59-a9c1-79c1-bb2d-49dc347960f4,41,3298,0.0,{}
4144,00003c59-a9c1-79c1-bb2d-49dc347960f4,41,3298,0.0,{}
4145,00003c59-a9c1-79c1-bb2d-49dc347960f4,41,3298,0.0,{}
4146,00003c59-a9c1-79c1-bb2d-49dc347960f4,41,3298,0.0,{}
4147,00003c59-a9c1-79c1-bb2d-49dc347960f4,41,3298,0.0,{}
4148,00003c59-a9c1-79c1-bb2d-49dc347960f4,41,3298,0.0,{}
4149,00003c59-a9c1-79c1-bb2d-49dc347960f4,41,3298,0.0,{}
4150,00003c59-a9c1-79c1-bb2d-49dc347960f4,41,3298,0.0,{}
4151,00003c59-a9c1-79c1-bb2d-49dc347960f4,41,3298,0.0,{}
4152,00003c59-a9c1-79c1-bb2d-49dc347960f4,41,3298,0.0,{}
4153,00003c59-a9c1-79c1-bb2d-49dc347960f4,41,3298,0.0,{}
4154,00003c59-a9c1-79c1-bb2d-49dc347960f4,41,3298,0.0,{}
4155,00003c59-a9c1-79c1-bb2d-49dc347960f4,41,3298,0.0,{}
4156,00003c59-a9c1-79c1-bb2d-49dc347960f4,41,3298,0.0,{}
4157,00003c59-a9c1-79c1-bb2d-49dc347960f4,41,3298,0.0,{}
4158,00003c59-a9c1-79c1-bb2d-49dc347960f4,41,3298,0.0,{}
4159,00003c59-a9c1-79c1-bb2d-49dc347960f4,41,3298,0.0,{}
4160,00003c59-a9c1-79c1-bb2d-49dc347960f4,41,3298,0.0,{}
4161,00003c59-a9c1-79c1-bb2d-49dc347960f4,41,3298,0.0,{}
4162,00003c59-a9c1-79c1-bb2d-49dc347960f4,41,3334,2825339.0,{}
4163,00003c59-a9c1-79c1-bb2d-49dc347960f4,41,3334,2700324.0,{}
4164,00003c59-a9c1-79c1-bb2d-49dc347960f4,41,3334,2375285.0,{}
4165,00003c59-a9c1-79c1-bb2d-49dc347960f4,41,3334,3100372.0,{}
4166,00003c59-a9c1-79c1-bb2d-49dc347960f4,41,3334,2600312.0,{}
4167,00003c59-a9c1-79c1-bb2d-49dc347960f4,41,3334,1600192.0,{}
4168,00003c59-a9c1-79c1-bb2d-49dc347960f4,41,3334,1600192.0,{}
4169,00003c59-a9c1-79c1-bb2d-49dc347960f4,41,3334,1600192.0,{}
4170,00003c59-a9c1-79c1-bb2d-49dc347960f4,41,3334,1600192.0,{}
4171,00003c59-a9c1-79c1-bb2d-49dc347960f4,41,3334,1600192.0,{}
4172,00003c59-a9c1-79c1-bb2d-49dc347960f4,41,3334,1600192.0,{}
4173,00003c59-a9c1-79c1-bb2d-49dc347960f4,41,3334,1600192.0,{}
4174,00003c59-a9c1-79c1-bb2d-49dc347960f4,41,3334,1600192.0,{}
4175,00003c59-a9c1-79c1-bb2d-49dc347960f4,41,3334,1600192.0,{}
4176,00003c59-a9c1-79c1-bb2d-49dc347960f4,41,3334,1600192.0,{}
4177,00003c59-a9c1-79c1-bb2d-49dc347960f4,41,3334,2950354.0,{}
4178,00003c59-a9c1-79c1-bb2d-49dc347960f4,41,3334,2700324.0,{}
4179,00003c59-a9c1-79c1-bb2d-49dc347960f4,41,3334,2625315.0,{}
4180,00003c59-a9c1-79c1-bb2d-49dc347960f4,41,3334,2650318.0,{}
4181,00003c59-a9c1-79c1-bb2d-49dc347960f4,41,3334,2675321.0,{}
4182,00003c59-a9c1-79c1-bb2d-49dc347960f4,41,5642,25003.0,{}
4183,00003c59-a9c1-79c1-bb2d-49dc347960f4,42,2636,3.0,{}
4184,00003c59-a9c1-79c1-bb2d-49dc347960f4,42,3217,1052672.0,{}
4185,00003c59-a9c1-79c1-bb2d-49dc347960f4,42,3217,1052672.0,{}
4186,00003c59-a9c1-79c1-bb2d-49dc347960f4,42,3217,789504.0,{}
4187,00003c59-a9c1-79c1-bb2d-49dc347960f4,42,3217,526336.0,{}
4188,00003c59-a9c1-79c1-bb2d-49dc347960f4,42,3217,789504.0,{}
4189,00003c59-a9c1-79c1-bb2d-49dc347960f4,42,3217,526336.0,{}
4190,00003c59-a9c1-79c1-bb2d-49dc347960f4,42,3217,526336.0,{}
4191,00003c59-a9c1-79c1-bb2d-49dc347960f4,42,3217,526336.0,{}
4192,00003c59-a9c1-79c1-bb2d-49dc347960f4,42,3217,526336.0,{}
4193,00003c59-a9c1-79c1-bb2d-49dc347960f4,42,3217,789504.0,{}
4194,00003c59-a9c1-79c1-bb2d-49dc347960f4,42,3217,682592.0,{}
4195,00003c59-a9c1-79c1-bb2d-49dc347960f4,42,3217,682592.0,{}
4196,00003c59-a9c1-79c1-bb2d-49dc347960f4,42,3217,682592.0,{}
4197,00003c59-a9c1-79c1-bb2d-49dc347960f4,42,3217,682592.0,{}
4198,00003c59-a9c1-79c1-bb2d-49dc347960f4,42,3217,682592.0,{}
4199,00003c59-a9c1-79c1-bb2d-49dc347960f4,42,3217,756608.0,{}
4200,00003c59-a9c1-79c1-bb2d-49dc347960f4,42,3217,773056.0,{}
4201,00003c59-a9c1-79c1-bb2d-49dc347960f4,42,3217,715488.0,{}
4202,00003c59-a9c1-79c1-bb2d-49dc347960f4,42,3217,682592.0,{}
4203,00003c59-a9c1-79c1-bb2d-49dc347960f4,42,3217,764832.0,{}
4204,00003c59-a9c1-79c1-bb2d-49dc347960f4,42,3248,62080.0,{}
4205,00003c59-a9c1-79c1-bb2d-49dc347960f4,42,3248,62080.0,{}
4206,00003c59-a9c1-79c1-bb2d-49dc347960f4,42,3248,46560.0,{}
4207,00003c59-a9c1-79c1-bb2d-49dc347960f4,42,3248,31040.0,{}
4208,00003c59-a9c1-79c1-bb2d-49dc347960f4,42,3248,46560.0,{}
4209,00003c59-a9c1-79c1-bb2d-49dc347960f4,42,3248,31040.0,{}
4210,00003c59-a9c1-79c1-bb2d-49dc347960f4,42,3248,31040.0,{}
4211,00003c59-a9c1-79c1-bb2d-49dc347960f4,42,3248,31040.0,{}
4212,00003c59-a9c1-79c1-bb2d-49dc347960f4,42,3248,31040.0,{}
4213,00003c59-a9c1-79c1-bb2d-49dc347960f4,42,3248,46560.0,{}
4214,00003c59-a9c1-79c1-bb2d-49dc347960f4,42,3248,40255.0,{}
4215,00003c59-a9c1-79c1-bb2d-49dc347960f4,42,3248,40255.0,{}
4216,00003c59-a9c1-79c1-bb2d-49dc347960f4,42,3248,40255.0,{}
4217,00003c59-a9c1-79c1-bb2d-49dc347960f4,42,3248,40255.0,{}
4218,00003c59-a9c1-79c1-bb2d-49dc347960f4,42,3248,40255.0,{}
4219,00003c59-a9c1-79c1-bb2d-49dc347960f4,42,3248,44620.0,{}
4220,00003c59-a9c1-79c1-bb2d-49dc347960f4,42,3248,45590.0,{}
4221,00003c59-a9c1-79c1-bb2d-49dc347960f4,42,3248,42195.0,{}
4222,00003c59-a9c1-79c1-bb2d-49dc347960f4,42,3248,40255.0,{}
4223,00003c59-a9c1-79c1-bb2d-49dc347960f4,42,3248,45105.0,{}
4224,00003c59-a9c1-79c1-bb2d-49dc347960f4,42,3280,384.0,{}
4225,00003c59-a9c1-79c1-bb2d-49dc347960f4,42,3280,384.0,{}
4226,00003c59-a9c1-79c1-bb2d-49dc347960f4,42,3280,288.0,{}
4227,00003c59-a9c1-79c1-bb2d-49dc347960f4,42,3280,192.0,{}
4228,00003c59-a9c1-79c1-bb2d-49dc347960f4,42,3280,288.0,{}
4229,00003c59-a9c1-79c1-bb2d-49dc347960f4,42,3280,192.0,{}
4230,00003c59-a9c1-79c1-bb2d-49dc347960f4,42,3280,192.0,{}
4231,00003c59-a9c1-79c1-bb2d-49dc347960f4,42,3280,192.0,{}
4232,00003c59-a9c1-79c1-bb2d-49dc347960f4,42,3280,192.0,{}
4233,00003c59-a9c1-79c1-bb2d-49dc347960f4,42,3280,288.0,{}
4234,00003c59-a9c1-79c1-bb2d-49dc347960f4,42,3280,249.0,{}
4235,00003c59-a9c1-79c1-bb2d-49dc347960f4,42,3280,249.0,{}
4236,00003c59-a9c1-79c1-bb2d-49dc347960f4,42,3280,249.0,{}
4237,00003c59-a9c1-79c1-bb2d-49dc347960f4,42,3280,249.0,{}
4238,00003c59-a9c1-79c1-bb2d-49dc347960f4,42,3280,249.0,{}
4239,00003c59-a9c1-79c1-bb2d-49dc347960f4,42,3280,276.0,{}
4240,00003c59-a9c1-79c1-bb2d-49dc347960f4,42,3280,282.0,{}
4241,00003c59-a9c1-79c1-bb2d-49dc347960f4,42,3280,261.0,{}
4242,00003c59-a9c1-79c1-bb2d-49dc347960f4,42,3280,249.0,{}
4243,00003c59-a9c1-79c1-bb2d-49dc347960f4,42,3280,279.0,{}
4244,00003c59-a9c1-79c1-bb2d-49dc347960f4,42,3298,0.0,{}
4245,00003c59-a9c1-79c1-bb2d-49dc347960f4,42,3298,0.0,{}
4246,00003c59-a9c1-79c1-bb2d-49dc347960f4,42,3298,0.0,{}
4247,00003c59-a9c1-79c1-bb2d-49dc347960f4,42,3298,0.0,{}
4248,00003c59-a9c1-79c1-bb2d-49dc347960f4,42,3298,0.0,{}
4249,00003c59-a9c1-79c1-bb2d-49dc347960f4,42,3298,0.0,{}
4250,00003c59-a9c1-79c1-bb2d-49dc347960f4,42,3298,0.0,{}
4251,00003c59-a9c1-79c1-bb2d-49dc347960f4,42,3298,0.0,{}
4252,00003c59-a9c1-79c1-bb2d-49dc347960f4,42,3298,0.0,{}
4253,00003c59-a9c1-79c1-bb2d-49dc347960f4,42,3298,0.0,{}
4254,00003c59-a9c1-79c1-bb2d-49dc347960f4,42,3298,0.0,{}
4255,00003c59-a9c1-79c1-bb2d-49dc347960f4,42,3298,0.0,{}
4256,00003c59-a9c1-79c1-bb2d-49dc347960f4,42,3298,0.0,{}
4257,00003c59-a9c1-79c1-bb2d-49dc347960f4,42,3298,0.0,{}
4258,00003c59-a9c1-79c1-bb2d-49dc347960f4,42,3298,0.0,{}
4259,00003c59-a9c1-79c1-bb2d-49dc347960f4,42,3298,0.0,{}
4260,00003c59-a9c1-79c1-bb2d-49dc347960f4,42,3298,0.0,{}
4261,00003c59-a9c1-79c1-bb2d-49dc347960f4,42,3298,0.0,{}
4262,00003c59-a9c1-79c1-bb2d-49dc347960f4,42,3298,0.0,{}
4263,00003c59-a9c1-79c1-bb2d-49dc347960f4,42,3298,0.0,{}
4264,00003c59-a9c1-79c1-bb2d-49dc347960f4,42,3334,3200384.0,{}
4265,00003c59-a9c1-79c1-bb2d-49dc347960f4,42,3334,3200384.0,{}
4266,00003c59-a9c1-79c1-bb2d-49dc347960f4,42,3334,2400288.0,{}
4267,00003c59-a9c1-79c1-bb2d-49dc347960f4,42,3334,1600192.0,{}
4268,00003c59-a9c1-79c1-bb2d-49dc347960f4,42,3334,2400288.0,{}
4269,00003c59-a9c1-79c1-bb2d-49dc347960f4,42,3334,1600192.0,{}
4270,00003c59-a9c1-79c1-bb2d-49dc347960f4,42,3334,1600192.0,{}
4271,00003c59-a9c1-79c1-bb2d-49dc347960f4,42,3334,1600192.0,{}
4272,00003c59-a9c1-79c1-bb2d-49dc347960f4,42,3334,1600192.0,{}
4273,00003c59-a9c1-79c1-bb2d-49dc347960f4,42,3334,2400288.0,{}
4274,00003c59-a9c1-79c1-bb2d-49dc347960f4,42,3334,2075249.0,{}
4275,00003c59-a9c1-79c1-bb2d-49dc347960f4,42,3334,2075249.0,{}
4276,00003c59-a9c1-79c1-bb2d-49dc347960f4,42,3334,2075249.0,{}
4277,00003c59-a9c1-79c1-bb2d-49dc347960f4,42,3334,2075249.0,{}
4278,00003c59-a9c1-79c1-bb2d-49dc347960f4,42,3334,2075249.0,{}
4279,00003c59-a9c1-79c1-bb2d-49dc347960f4,42,3334,2300276.0,{}
4280,00003c59-a9c1-79c1-bb2d-49dc347960f4,42,3334,2350282.0,{}
4281,00003c59-a9c1-79c1-bb2d-49dc347960f4,42,3334,2175261.0,{}
4282,00003c59-a9c1-79c1-bb2d-49dc347960f4,42,3334,2075249.0,{}
4283,00003c59-a9c1-79c1-bb2d-49dc347960f4,42,3334,2325279.0,{}
4284,00003c59-a9c1-79c1-bb2d-49dc347960f4,42,5642,25003.0,{}
4285,00003c59-a9c1-79c1-bb2d-49dc347960f4,43,2636,3.0,{}
4286,00003c59-a9c1-79c1-bb2d-49dc347960f4,43,3217,789504.0,{}
4287,00003c59-a9c1-79c1-bb2d-49dc347960f4,43,3217,789504.0,{}
4288,00003c59-a9c1-79c1-bb2d-49dc347960f4,43,3217,1044448.0,{}
4289,00003c59-a9c1-79c1-bb2d-49dc347960f4,43,3217,773056.0,{}
4290,00003c59-a9c1-79c1-bb2d-49dc347960f4,43,3217,1052672.0,{}
4291,00003c59-a9c1-79c1-bb2d-49dc347960f4,43,3217,526336.0,{}
4292,00003c59-a9c1-79c1-bb2d-49dc347960f4,43,3217,534560.0,{}
4293,00003c59-a9c1-79c1-bb2d-49dc347960f4,43,3217,534560.0,{}
4294,00003c59-a9c1-79c1-bb2d-49dc347960f4,43,3217,534560.0,{}
4295,00003c59-a9c1-79c1-bb2d-49dc347960f4,43,3217,526336.0,{}
4296,00003c59-a9c1-79c1-bb2d-49dc347960f4,43,3217,534560.0,{}
4297,00003c59-a9c1-79c1-bb2d-49dc347960f4,43,3217,526336.0,{}
4298,00003c59-a9c1-79c1-bb2d-49dc347960f4,43,3217,526336.0,{}
4299,00003c59-a9c1-79c1-bb2d-49dc347960f4,43,3217,526336.0,{}
4300,00003c59-a9c1-79c1-bb2d-49dc347960f4,43,3217,526336.0,{}
4301,00003c59-a9c1-79c1-bb2d-49dc347960f4,43,3217,879968.0,{}
4302,00003c59-a9c1-79c1-bb2d-49dc347960f4,43,3217,904640.0,{}
4303,00003c59-a9c1-79c1-bb2d-49dc347960f4,43,3217,937536.0,{}
4304,00003c59-a9c1-79c1-bb2d-49dc347960f4,43,3217,879968.0,{}
4305,00003c59-a9c1-79c1-bb2d-49dc347960f4,43,3217,863520.0,{}
4306,00003c59-a9c1-79c1-bb2d-49dc347960f4,43,3248,46560.0,{}
4307,00003c59-a9c1-79c1-bb2d-49dc347960f4,43,3248,46560.0,{}
4308,00003c59-a9c1-79c1-bb2d-49dc347960f4,43,3248,61595.0,{}
4309,00003c59-a9c1-79c1-bb2d-49dc347960f4,43,3248,45590.0,{}
4310,00003c59-a9c1-79c1-bb2d-49dc347960f4,43,3248,62080.0,{}
4311,00003c59-a9c1-79c1-bb2d-49dc347960f4,43,3248,31040.0,{}
4312,00003c59-a9c1-79c1-bb2d-49dc347960f4,43,3248,31525.0,{}
4313,00003c59-a9c1-79c1-bb2d-49dc347960f4,43,3248,31525.0,{}
4314,00003c59-a9c1-79c1-bb2d-49dc347960f4,43,3248,31525.0,{}
4315,00003c59-a9c1-79c1-bb2d-49dc347960f4,43,3248,31040.0,{}
4316,00003c59-a9c1-79c1-bb2d-49dc347960f4,43,3248,31525.0,{}
4317,00003c59-a9c1-79c1-bb2d-49dc347960f4,43,3248,31040.0,{}
4318,00003c59-a9c1-79c1-bb2d-49dc347960f4,43,3248,31040.0,{}
4319,00003c59-a9c1-79c1-bb2d-49dc347960f4,43,3248,31040.0,{}
4320,00003c59-a9c1-79c1-bb2d-49dc347960f4,43,3248,31040.0,{}
4321,00003c59-a9c1-79c1-bb2d-49dc347960f4,43,3248,51895.0,{}
4322,00003c59-a9c1-79c1-bb2d-49dc347960f4,43,3248,53350.0,{}
4323,00003c59-a9c1-79c1-bb2d-49dc347960f4,43,3248,55290.0,{}
4324,00003c59-a9c1-79c1-bb2d-49dc347960f4,43,3248,51895.0,{}
4325,00003c59-a9c1-79c1-bb2d-49dc347960f4,43,3248,50925.0,{}
4326,00003c59-a9c1-79c1-bb2d-49dc347960f4,43,3280,288.0,{}
4327,00003c59-a9c1-79c1-bb2d-49dc347960f4,43,3280,288.0,{}
4328,00003c59-a9c1-79c1-bb2d-49dc347960f4,43,3280,381.0,{}
4329,00003c59-a9c1-79c1-bb2d-49dc347960f4,43,3280,282.0,{}
4330,00003c59-a9c1-79c1-bb2d-49dc347960f4,43,3280,384.0,{}
4331,00003c59-a9c1-79c1-bb2d-49dc347960f4,43,3280,192.0,{}
4332,00003c59-a9c1-79c1-bb2d-49dc347960f4,43,3280,195.0,{}
4333,00003c59-a9c1-79c1-bb2d-49dc347960f4,43,3280,195.0,{}
4334,00003c59-a9c1-79c1-bb2d-49dc347960f4,43,3280,195.0,{}
4335,00003c59-a9c1-79c1-bb2d-49dc347960f4,43,3280,192.0,{}
4336,00003c59-a9c1-79c1-bb2d-49dc347960f4,43,3280,195.0,{}
4337,00003c59-a9c1-79c1-bb2d-49dc347960f4,43,3280,192.0,{}
4338,00003c59-a9c1-79c1-bb2d-49dc347960f4,43,3280,192.0,{}
4339,00003c59-a9c1-79c1-bb2d-49dc347960f4,43,3280,192.0,{}
4340,00003c59-a9c1-79c1-bb2d-49dc347960f4,43,3280,192.0,{}
4341,00003c59-a9c1-79c1-bb2d-49dc347960f4,43,3280,321.0,{}
4342,00003c59-a9c1-79c1-bb2d-49dc347960f4,43,3280,330.0,{}
4343,00003c59-a9c1-79c1-bb2d-49dc347960f4,43,3280,342.0,{}
4344,00003c59-a9c1-79c1-bb2d-49dc347960f4,43,3280,321.0,{}
4345,00003c59-a9c1-79c1-bb2d-49dc347960f4,43,3280,315.0,{}
4346,00003c59-a9c1-79c1-bb2d-49dc347960f4,43,3298,0.0,{}
4347,00003c59-a9c1-79c1-bb2d-49dc347960f4,43,3298,0.0,{}
4348,00003c59-a9c1-79c1-bb2d-49dc347960f4,43,3298,0.0,{}
4349,00003c59-a9c1-79c1-bb2d-49dc347960f4,43,3298,0.0,{}
4350,00003c59-a9c1-79c1-bb2d-49dc347960f4,43,3298,0.0,{}
4351,00003c59-a9c1-79c1-bb2d-49dc347960f4,43,3298,0.0,{}
4352,00003c59-a9c1-79c1-bb2d-49dc347960f4,43,3298,0.0,{}
4353,00003c59-a9c1-79c1-bb2d-49dc347960f4,43,3298,0.0,{}
4354,00003c59-a9c1-79c1-bb2d-49dc347960f4,43,3298,0.0,{}
4355,00003c59-a9c1-79c1-bb2d-49dc347960f4,43,3298,0.0,{}
4356,00003c59-a9c1-79c1-bb2d-49dc347960f4,43,3298,0.0,{}
4357,00003c59-a9c1-79c1-bb2d-49dc347960f4,43,3298,0.0,{}
4358,00003c59-a9c1-79c1-bb2d-49dc347960f4,43,3298,0.0,{}
4359,00003c59-a9c1-79c1-bb2d-49dc347960f4,43,3298,0.0,{}
4360,00003c59-a9c1-79c1-bb2d-49dc347960f4,43,3298,0.0,{}
4361,00003c59-a9c1-79c1-bb2d-49dc347960f4,43,3298,0.0,{}
4362,00003c59-a9c1-79c1-bb2d-49dc347960f4,43,3298,0.0,{}
4363,00003c59-a9c1-79c1-bb2d-49dc347960f4,43,3298,0.0,{}
4364,00003c59-a9c1-79c1-bb2d-49dc347960f4,43,3298,0.0,{}
4365,00003c59-a9c1-79c1-bb2d-49dc347960f4,43,3298,0.0,{}
4366,00003c59-a9c1-79c1-bb2d-49dc347960f4,43,3334,2400288.0,{}
4367,00003c59-a9c1-79c1-bb2d-49dc347960f4,43,3334,2400288.0,{}
4368,00003c59-a9c1-79c1-bb2d-49dc347960f4,43,3334,3175381.0,{}
4369,00003c59-a9c1-79c1-bb2d-49dc347960f4,43,3334,2350282.0,{}
4370,00003c59-a9c1-79c1-bb2d-49dc347960f4,43,3334,3200384.0,{}
4371,00003c59-a9c1-79c1-bb2d-49dc347960f4,43,3334,1600192.0,{}
4372,00003c59-a9c1-79c1-bb2d-49dc347960f4,43,3334,1625195.0,{}
4373,00003c59-a9c1-79c1-bb2d-49dc347960f4,43,3334,1625195.0,{}
4374,00003c59-a9c1-79c1-bb2d-49dc347960f4,43,3334,1625195.0,{}
4375,00003c59-a9c1-79c1-bb2d-49dc347960f4,43,3334,1600192.0,{}
4376,00003c59-a9c1-79c1-bb2d-49dc347960f4,43,3334,1625195.0,{}
4377,00003c59-a9c1-79c1-bb2d-49dc347960f4,43,3334,1600192.0,{}
4378,00003c59-a9c1-79c1-bb2d-49dc347960f4,43,3334,1600192.0,{}
4379,00003c59-a9c1-79c1-bb2d-49dc347960f4,43,3334,1600192.0,{}
4380,00003c59-a9c1-79c1-bb2d-49dc347960f4,43,3334,1600192.0,{}
4381,00003c59-a9c1-79c1-bb2d-49dc347960f4,43,3334,2675321.0,{}
4382,00003c59-a9c1-79c1-bb2d-49dc347960f4,43,3334,2750330.0,{}
4383,00003c59-a9c1-79c1-bb2d-49dc347960f4,43,3334,2850342.0,{}
4384,00003c59-a9c1-79c1-bb2d-49dc347960f4,43,3334,2675321.0,{}
4385,00003c59-a9c1-79c1-bb2d-49dc347960f4,43,3334,2625315.0,{}
4386,00003c59-a9c1-79c1-bb2d-49dc347960f4,43,5642,25003.0,{}
4387,00003c59-a9c1-79c1-bb2d-49dc347960f4,44,2636,3.0,{}
4388,00003c59-a9c1-79c1-bb2d-49dc347960f4,44,3217,879968.0,{}
4389,00003c59-a9c1-79c1-bb2d-49dc347960f4,44,3217,871744.0,{}
4390,00003c59-a9c1-79c1-bb2d-49dc347960f4,44,3217,871744.0,{}
4391,00003c59-a9c1-79c1-bb2d-49dc347960f4,44,3217,962208.0,{}
4392,00003c59-a9c1-79c1-bb2d-49dc347960f4,44,3217,888192.0,{}
4393,00003c59-a9c1-79c1-bb2d-49dc347960f4,44,3217,526336.0,{}
4394,00003c59-a9c1-79c1-bb2d-49dc347960f4,44,3217,526336.0,{}
4395,00003c59-a9c1-79c1-bb2d-49dc347960f4,44,3217,526336.0,{}
4396,00003c59-a9c1-79c1-bb2d-49dc347960f4,44,3217,526336.0,{}
4397,00003c59-a9c1-79c1-bb2d-49dc347960f4,44,3217,526336.0,{}
4398,00003c59-a9c1-79c1-bb2d-49dc347960f4,44,3217,526336.0,{}
4399,00003c59-a9c1-79c1-bb2d-49dc347960f4,44,3217,526336.0,{}
4400,00003c59-a9c1-79c1-bb2d-49dc347960f4,44,3217,526336.0,{}
4401,00003c59-a9c1-79c1-bb2d-49dc347960f4,44,3217,526336.0,{}
4402,00003c59-a9c1-79c1-bb2d-49dc347960f4,44,3217,526336.0,{}
4403,00003c59-a9c1-79c1-bb2d-49dc347960f4,44,3217,1028000.0,{}
4404,00003c59-a9c1-79c1-bb2d-49dc347960f4,44,3217,822400.0,{}
4405,00003c59-a9c1-79c1-bb2d-49dc347960f4,44,3217,1036224.0,{}
4406,00003c59-a9c1-79c1-bb2d-49dc347960f4,44,3217,863520.0,{}
4407,00003c59-a9c1-79c1-bb2d-49dc347960f4,44,3217,723712.0,{}
4408,00003c59-a9c1-79c1-bb2d-49dc347960f4,44,3248,51895.0,{}
4409,00003c59-a9c1-79c1-bb2d-49dc347960f4,44,3248,51410.0,{}
4410,00003c59-a9c1-79c1-bb2d-49dc347960f4,44,3248,51410.0,{}
4411,00003c59-a9c1-79c1-bb2d-49dc347960f4,44,3248,56745.0,{}
4412,00003c59-a9c1-79c1-bb2d-49dc347960f4,44,3248,52380.0,{}
4413,00003c59-a9c1-79c1-bb2d-49dc347960f4,44,3248,31040.0,{}
4414,00003c59-a9c1-79c1-bb2d-49dc347960f4,44,3248,31040.0,{}
4415,00003c59-a9c1-79c1-bb2d-49dc347960f4,44,3248,31040.0,{}
4416,00003c59-a9c1-79c1-bb2d-49dc347960f4,44,3248,31040.0,{}
4417,00003c59-a9c1-79c1-bb2d-49dc347960f4,44,3248,31040.0,{}
4418,00003c59-a9c1-79c1-bb2d-49dc347960f4,44,3248,31040.0,{}
4419,00003c59-a9c1-79c1-bb2d-49dc347960f4,44,3248,31040.0,{}
4420,00003c59-a9c1-79c1-bb2d-49dc347960f4,44,3248,31040.0,{}
4421,00003c59-a9c1-79c1-bb2d-49dc347960f4,44,3248,31040.0,{}
4422,00003c59-a9c1-79c1-bb2d-49dc347960f4,44,3248,31040.0,{}
4423,00003c59-a9c1-79c1-bb2d-49dc347960f4,44,3248,60625.0,{}
4424,00003c59-a9c1-79c1-bb2d-49dc347960f4,44,3248,48500.0,{}
4425,00003c59-a9c1-79c1-bb2d-49dc347960f4,44,3248,61110.0,{}
4426,00003c59-a9c1-79c1-bb2d-49dc347960f4,44,3248,50925.0,{}
4427,00003c59-a9c1-79c1-bb2d-49dc347960f4,44,3248,42680.0,{}
4428,00003c59-a9c1-79c1-bb2d-49dc347960f4,44,3280,321.0,{}
4429,00003c59-a9c1-79c1-bb2d-49dc347960f4,44,3280,318.0,{}
4430,00003c59-a9c1-79c1-bb2d-49dc347960f4,44,3280,318.0,{}
4431,00003c59-a9c1-79c1-bb2d-49dc347960f4,44,3280,351.0,{}
4432,00003c59-a9c1-79c1-bb2d-49dc347960f4,44,3280,324.0,{}
4433,00003c59-a9c1-79c1-bb2d-49dc347960f4,44,3280,192.0,{}
4434,00003c59-a9c1-79c1-bb2d-49dc347960f4,44,3280,192.0,{}
4435,00003c59-a9c1-79c1-bb2d-49dc347960f4,44,3280,192.0,{}
4436,00003c59-a9c1-79c1-bb2d-49dc347960f4,44,3280,192.0,{}
4437,00003c59-a9c1-79c1-bb2d-49dc347960f4,44,3280,192.0,{}
4438,00003c59-a9c1-79c1-bb2d-49dc347960f4,44,3280,192.0,{}
4439,00003c59-a9c1-79c1-bb2d-49dc347960f4,44,3280,192.0,{}
4440,00003c59-a9c1-79c1-bb2d-49dc347960f4,44,3280,192.0,{}
4441,00003c59-a9c1-79c1-bb2d-49dc347960f4,44,3280,192.0,{}
4442,00003c59-a9c1-79c1-bb2d-49dc347960f4,44,3280,192.0,{}
4443,00003c59-a9c1-79c1-bb2d-49dc347960f4,44,3280,375.0,{}
4444,00003c59-a9c1-79c1-bb2d-49dc347960f4,44,3280,300.0,{}
4445,00003c59-a9c1-79c1-bb2d-49dc347960f4,44,3280,378.0,{}
4446,00003c59-a9c1-79c1-bb2d-49dc347960f4,44,3280,315.0,{}
4447,00003c59-a9c1-79c1-bb2d-49dc347960f4,44,3280,264.0,{}
4448,00003c59-a9c1-79c1-bb2d-49dc347960f4,44,3298,0.0,{}
4449,00003c59-a9c1-79c1-bb2d-49dc347960f4,44,3298,0.0,{}
4450,00003c59-a9c1-79c1-bb2d-49dc347960f4,44,3298,0.0,{}
4451,00003c59-a9c1-79c1-bb2d-49dc347960f4,44,3298,0.0,{}
4452,00003c59-a9c1-79c1-bb2d-49dc347960f4,44,3298,0.0,{}
4453,00003c59-a9c1-79c1-bb2d-49dc347960f4,44,3298,0.0,{}
4454,00003c59-a9c1-79c1-bb2d-49dc347960f4,44,3298,0.0,{}
4455,00003c59-a9c1-79c1-bb2d-49dc347960f4,44,3298,0.0,{}
4456,00003c59-a9c1-79c1-bb2d-49dc347960f4,44,3298,0.0,{}
4457,00003c59-a9c1-79c1-bb2d-49dc347960f4,44,3298,0.0,{}
4458,00003c59-a9c1-79c1-bb2d-49dc347960f4,44,3298,0.0,{}
4459,00003c59-a9c1-79c1-bb2d-49dc347960f4,44,3298,0.0,{}
4460,00003c59-a9c1-79c1-bb2d-49dc347960f4,44,3298,0.0,{}
4461,00003c59-a9c1-79c1-bb2d-49dc347960f4,44,3298,0.0,{}
4462,00003c59-a9c1-79c1-bb2d-49dc347960f4,44,3298,0.0,{}
4463,00003c59-a9c1-79c1-bb2d-49dc347960f4,44,3298,0.0,{}
4464,00003c59-a9c1-79c1-bb2d-49dc347960f4,44,3298,0.0,{}
4465,00003c59-a9c1-79c1-bb2d-49dc347960f4,44,3298,0.0,{}
4466,00003c59-a9c1-79c1-bb2d-49dc347960f4,44,3298,0.0,{}
4467,00003c59-a9c1-79c1-bb2d-49dc347960f4,44,3298,0.0,{}
4468,00003c59-a9c1-79c1-bb2d-49dc347960f4,44,3334,2675321.0,{}
4469,00003c59-a9c1-79c1-bb2d-49dc347960f4,44,3334,2650318.0,{}
4470,00003c59-a9c1-79c1-bb2d-49dc347960f4,44,3334,2650318.0,{}
4471,00003c59-a9c1-79c1-bb2d-49dc347960f4,44,3334,2925351.0,{}
4472,00003c59-a9c1-79c1-bb2d-49dc347960f4,44,3334,2700324.0,{}
4473,00003c59-a9c1-79c1-bb2d-49dc347960f4,44,3334,1600192.0,{}
4474,00003c59-a9c1-79c1-bb2d-49dc347960f4,44,3334,1600192.0,{}
4475,00003c59-a9c1-79c1-bb2d-49dc347960f4,44,3334,1600192.0,{}
4476,00003c59-a9c1-79c1-bb2d-49dc347960f4,44,3334,1600192.0,{}
4477,00003c59-a9c1-79c1-bb2d-49dc347960f4,44,3334,1600192.0,{}
4478,00003c59-a9c1-79c1-bb2d-49dc347960f4,44,3334,1600192.0,{}
4479,00003c59-a9c1-79c1-bb2d-49dc347960f4,44,3334,1600192.0,{}
4480,00003c59-a9c1-79c1-bb2d-49dc347960f4,44,3334,1600192.0,{}
4481,00003c59-a9c1-79c1-bb2d-49dc347960f4,44,3334,1600192.0,{}
4482,00003c59-a9c1-79c1-bb2d-49dc347960f4,44,3334,1600192.0,{}
4483,00003c59-a9c1-79c1-bb2d-49dc347960f4,44,3334,3125375.0,{}
4484,00003c59-a9c1-79c1-bb2d-49dc347960f4,44,3334,2500300.0,{}
4485,00003c59-a9c1-79c1-bb2d-49dc347960f4,44,3334,3150378.0,{}
4486,00003c59-a9c1-79c1-bb2d-49dc347960f4,44,3334,2625315.0,{}
4487,00003c59-a9c1-79c1-bb2d-49dc347960f4,44,3334,2200264.0,{}
4488,00003c59-a9c1-79c1-bb2d-49dc347960f4,44,5642,25003.0,{}
4489,00003c59-a9c1-79c1-bb2d-49dc347960f4,45,2636,3.0,{}
4490,00003c59-a9c1-79c1-bb2d-49dc347960f4,45,3217,937536.0,{}
4491,00003c59-a9c1-79c1-bb2d-49dc347960f4,45,3217,863520.0,{}
4492,00003c59-a9c1-79c1-bb2d-49dc347960f4,45,3217,995104.0,{}
4493,00003c59-a9c1-79c1-bb2d-49dc347960f4,45,3217,764832.0,{}
4494,00003c59-a9c1-79c1-bb2d-49dc347960f4,45,3217,912864.0,{}
4495,00003c59-a9c1-79c1-bb2d-49dc347960f4,45,3217,526336.0,{}
4496,00003c59-a9c1-79c1-bb2d-49dc347960f4,45,3217,526336.0,{}
4497,00003c59-a9c1-79c1-bb2d-49dc347960f4,45,3217,526336.0,{}
4498,00003c59-a9c1-79c1-bb2d-49dc347960f4,45,3217,526336.0,{}
4499,00003c59-a9c1-79c1-bb2d-49dc347960f4,45,3217,526336.0,{}
4500,00003c59-a9c1-79c1-bb2d-49dc347960f4,45,3217,526336.0,{}
4501,00003c59-a9c1-79c1-bb2d-49dc347960f4,45,3217,526336.0,{}
4502,00003c59-a9c1-79c1-bb2d-49dc347960f4,45,3217,526336.0,{}
4503,00003c59-a9c1-79c1-bb2d-49dc347960f4,45,3217,526336.0,{}
4504,00003c59-a9c1-79c1-bb2d-49dc347960f4,45,3217,526336.0,{}
4505,00003c59-a9c1-79c1-bb2d-49dc347960f4,45,3217,871744.0,{}
4506,00003c59-a9c1-79c1-bb2d-49dc347960f4,45,3217,1044448.0,{}
4507,00003c59-a9c1-79c1-bb2d-49dc347960f4,45,3217,855296.0,{}
4508,00003c59-a9c1-79c1-bb2d-49dc347960f4,45,3217,1003328.0,{}
4509,00003c59-a9c1-79c1-bb2d-49dc347960f4,45,3217,699040.0,{}
4510,00003c59-a9c1-79c1-bb2d-49dc347960f4,45,3248,55290.0,{}
4511,00003c59-a9c1-79c1-bb2d-49dc347960f4,45,3248,50925.0,{}
4512,00003c59-a9c1-79c1-bb2d-49dc347960f4,45,3248,58685.0,{}
4513,00003c59-a9c1-79c1-bb2d-49dc347960f4,45,3248,45105.0,{}
4514,00003c59-a9c1-79c1-bb2d-49dc347960f4,45,3248,53835.0,{}
4515,00003c59-a9c1-79c1-bb2d-49dc347960f4,45,3248,31040.0,{}
4516,00003c59-a9c1-79c1-bb2d-49dc347960f4,45,3248,31040.0,{}
4517,00003c59-a9c1-79c1-bb2d-49dc347960f4,45,3248,31040.0,{}
4518,00003c59-a9c1-79c1-bb2d-49dc347960f4,45,3248,31040.0,{}
4519,00003c59-a9c1-79c1-bb2d-49dc347960f4,45,3248,31040.0,{}
4520,00003c59-a9c1-79c1-bb2d-49dc347960f4,45,3248,31040.0,{}
4521,00003c59-a9c1-79c1-bb2d-49dc347960f4,45,3248,31040.0,{}
4522,00003c59-a9c1-79c1-bb2d-49dc347960f4,45,3248,31040.0,{}
4523,00003c59-a9c1-79c1-bb2d-49dc347960f4,45,3248,31040.0,{}
4524,00003c59-a9c1-79c1-bb2d-49dc347960f4,45,3248,31040.0,{}
4525,00003c59-a9c1-79c1-bb2d-49dc347960f4,45,3248,51410.0,{}
4526,00003c59-a9c1-79c1-bb2d-49dc347960f4,45,3248,61595.0,{}
4527,00003c59-a9c1-79c1-bb2d-49dc347960f4,45,3248,50440.0,{}
4528,00003c59-a9c1-79c1-bb2d-49dc347960f4,45,3248,59170.0,{}
4529,00003c59-a9c1-79c1-bb2d-49dc347960f4,45,3248,41225.0,{}
4530,00003c59-a9c1-79c1-bb2d-49dc347960f4,45,3280,342.0,{}
4531,00003c59-a9c1-79c1-bb2d-49dc347960f4,45,3280,315.0,{}
4532,00003c59-a9c1-79c1-bb2d-49dc347960f4,45,3280,363.0,{}
4533,00003c59-a9c1-79c1-bb2d-49dc347960f4,45,3280,279.0,{}
4534,00003c59-a9c1-79c1-bb2d-49dc347960f4,45,3280,333.0,{}
4535,00003c59-a9c1-79c1-bb2d-49dc347960f4,45,3280,192.0,{}
4536,00003c59-a9c1-79c1-bb2d-49dc347960f4,45,3280,192.0,{}
4537,00003c59-a9c1-79c1-bb2d-49dc347960f4,45,3280,192.0,{}
4538,00003c59-a9c1-79c1-bb2d-49dc347960f4,45,3280,192.0,{}
4539,00003c59-a9c1-79c1-bb2d-49dc347960f4,45,3280,192.0,{}
4540,00003c59-a9c1-79c1-bb2d-49dc347960f4,45,3280,192.0,{}
4541,00003c59-a9c1-79c1-bb2d-49dc347960f4,45,3280,192.0,{}
4542,00003c59-a9c1-79c1-bb2d-49dc347960f4,45,3280,192.0,{}
4543,00003c59-a9c1-79c1-bb2d-49dc347960f4,45,3280,192.0,{}
4544,00003c59-a9c1-79c1-bb2d-49dc347960f4,45,3280,192.0,{}
4545,00003c59-a9c1-79c1-bb2d-49dc347960f4,45,3280,318.0,{}
4546,00003c59-a9c1-79c1-bb2d-49dc347960f4,45,3280,381.0,{}
4547,00003c59-a9c1-79c1-bb2d-49dc347960f4,45,3280,312.0,{}
4548,00003c59-a9c1-79c1-bb2d-49dc347960f4,45,3280,366.0,{}
4549,00003c59-a9c1-79c1-bb2d-49dc347960f4,45,3280,255.0,{}
4550,00003c59-a9c1-79c1-bb2d-49dc347960f4,45,3298,0.0,{}
4551,00003c59-a9c1-79c1-bb2d-49dc347960f4,45,3298,0.0,{}
4552,00003c59-a9c1-79c1-bb2d-49dc347960f4,45,3298,0.0,{}
4553,00003c59-a9c1-79c1-bb2d-49dc347960f4,45,3298,0.0,{}
4554,00003c59-a9c1-79c1-bb2d-49dc347960f4,45,3298,0.0,{}
4555,00003c59-a9c1-79c1-bb2d-49dc347960f4,45,3298,0.0,{}
4556,00003c59-a9c1-79c1-bb2d-49dc347960f4,45,3298,0.0,{}
4557,00003c59-a9c1-79c1-bb2d-49dc347960f4,45,3298,0.0,{}
4558,00003c59-a9c1-79c1-bb2d-49dc347960f4,45,3298,0.0,{}
4559,00003c59-a9c1-79c1-bb2d-49dc347960f4,45,3298,0.0,{}
4560,00003c59-a9c1-79c1-bb2d-49dc347960f4,45,3298,0.0,{}
4561,00003c59-a9c1-79c1-bb2d-49dc347960f4,45,3298,0.0,{}
4562,00003c59-a9c1-79c1-bb2d-49dc347960f4,45,3298,0.0,{}
4563,00003c59-a9c1-79c1-bb2d-49dc347960f4,45,3298,0.0,{}
4564,00003c59-a9c1-79c1-bb2d-49dc347960f4,45,3298,0.0,{}
4565,00003c59-a9c1-79c1-bb2d-49dc347960f4,45,3298,0.0,{}
4566,00003c59-a9c1-79c1-bb2d-49dc347960f4,45,3298,0.0,{}
4567,00003c59-a9c1-79c1-bb2d-49dc347960f4,45,3298,0.0,{}
4568,00003c59-a9c1-79c1-bb2d-49dc347960f4,45,3298,0.0,{}
4569,00003c59-a9c1-79c1-bb2d-49dc347960f4,45,3298,0.0,{}
4570,00003c59-a9c1-79c1-bb2d-49dc347960f4,45,3334,2850342.0,{}
4571,00003c59-a9c1-79c1-bb2d-49dc347960f4,45,3334,2625315.0,{}
4572,00003c59-a9c1-79c1-bb2d-49dc347960f4,45,3334,3025363.0,{}
4573,00003c59-a9c1-79c1-bb2d-49dc347960f4,45,3334,2325279.0,{}
4574,00003c59-a9c1-79c1-bb2d-49dc347960f4,45,3334,2775333.0,{}
4575,00003c59-a9c1-79c1-bb2d-49dc347960f4,45,3334,1600192.0,{}
4576,00003c59-a9c1-79c1-bb2d-49dc347960f4,45,3334,1600192.0,{}
4577,00003c59-a9c1-79c1-bb2d-49dc347960f4,45,3334,1600192.0,{}
4578,00003c59-a9c1-79c1-bb2d-49dc347960f4,45,3334,1600192.0,{}
4579,00003c59-a9c1-79c1-bb2d-49dc347960f4,45,3334,1600192.0,{}
4580,00003c59-a9c1-79c1-bb2d-49dc347960f4,45,3334,1600192.0,{}
4581,00003c59-a9c1-79c1-bb2d-49dc347960f4,45,3334,1600192.0,{}
4582,00003c59-a9c1-79c1-bb2d-49dc347960f4,45,3334,1600192.0,{}
4583,00003c59-a9c1-79c1-bb2d-49dc347960f4,45,3334,1600192.0,{}
4584,00003c59-a9c1-79c1-bb2d-49dc347960f4,45,3334,1600192.0,{}
4585,00003c59-a9c1-79c1-bb2d-49dc347960f4,45,3334,2650318.0,{}
4586,00003c59-a9c1-79c1-bb2d-49dc347960f4,45,3334,3175381.0,{}
4587,00003c59-a9c1-79c1-bb2d-49dc347960f4,45,3334,2600312.0,{}
4588,00003c59-a9c1-79c1-bb2d-49dc347960f4,45,3334,3050366.0,{}
4589,00003c59-a9c1-79c1-bb2d-49dc347960f4,45,3334,2125255.0,{}
4590,00003c59-a9c1-79c1-bb2d-49dc347960f4,45,5642,25003.0,{}
4591,00003c59-a9c1-79c1-bb2d-49dc347960f4,46,2636,3.0,{}
4592,00003c59-a9c1-79c1-bb2d-49dc347960f4,46,3217,863520.0,{}
4593,00003c59-a9c1-79c1-bb2d-49dc347960f4,46,3217,945760.0,{}
4594,00003c59-a9c1-79c1-bb2d-49dc347960f4,46,3217,838848.0,{}
4595,00003c59-a9c1-79c1-bb2d-49dc347960f4,46,3217,921088.0,{}
4596,00003c59-a9c1-79c1-bb2d-49dc347960f4,46,3217,904640.0,{}
4597,00003c59-a9c1-79c1-bb2d-49dc347960f4,46,3217,526336.0,{}
4598,00003c59-a9c1-79c1-bb2d-49dc347960f4,46,3217,526336.0,{}
4599,00003c59-a9c1-79c1-bb2d-49dc347960f4,46,3217,526336.0,{}
4600,00003c59-a9c1-79c1-bb2d-49dc347960f4,46,3217,526336.0,{}
4601,00003c59-a9c1-79c1-bb2d-49dc347960f4,46,3217,526336.0,{}
4602,00003c59-a9c1-79c1-bb2d-49dc347960f4,46,3217,526336.0,{}
4603,00003c59-a9c1-79c1-bb2d-49dc347960f4,46,3217,526336.0,{}
4604,00003c59-a9c1-79c1-bb2d-49dc347960f4,46,3217,526336.0,{}
4605,00003c59-a9c1-79c1-bb2d-49dc347960f4,46,3217,526336.0,{}
4606,00003c59-a9c1-79c1-bb2d-49dc347960f4,46,3217,526336.0,{}
4607,00003c59-a9c1-79c1-bb2d-49dc347960f4,46,3217,789504.0,{}
4608,00003c59-a9c1-79c1-bb2d-49dc347960f4,46,3217,863520.0,{}
4609,00003c59-a9c1-79c1-bb2d-49dc347960f4,46,3217,978656.0,{}
4610,00003c59-a9c1-79c1-bb2d-49dc347960f4,46,3217,1052672.0,{}
4611,00003c59-a9c1-79c1-bb2d-49dc347960f4,46,3217,789504.0,{}
4612,00003c59-a9c1-79c1-bb2d-49dc347960f4,46,3248,50925.0,{}
4613,00003c59-a9c1-79c1-bb2d-49dc347960f4,46,3248,55775.0,{}
4614,00003c59-a9c1-79c1-bb2d-49dc347960f4,46,3248,49470.0,{}
4615,00003c59-a9c1-79c1-bb2d-49dc347960f4,46,3248,54320.0,{}
4616,00003c59-a9c1-79c1-bb2d-49dc347960f4,46,3248,53350.0,{}
4617,00003c59-a9c1-79c1-bb2d-49dc347960f4,46,3248,31040.0,{}
4618,00003c59-a9c1-79c1-bb2d-49dc347960f4,46,3248,31040.0,{}
4619,00003c59-a9c1-79c1-bb2d-49dc347960f4,46,3248,31040.0,{}
4620,00003c59-a9c1-79c1-bb2d-49dc347960f4,46,3248,31040.0,{}
4621,00003c59-a9c1-79c1-bb2d-49dc347960f4,46,3248,31040.0,{}
4622,00003c59-a9c1-79c1-bb2d-49dc347960f4,46,3248,31040.0,{}
4623,00003c59-a9c1-79c1-bb2d-49dc347960f4,46,3248,31040.0,{}
4624,00003c59-a9c1-79c1-bb2d-49dc347960f4,46,3248,31040.0,{}
4625,00003c59-a9c1-79c1-bb2d-49dc347960f4,46,3248,31040.0,{}
4626,00003c59-a9c1-79c1-bb2d-49dc347960f4,46,3248,31040.0,{}
4627,00003c59-a9c1-79c1-bb2d-49dc347960f4,46,3248,46560.0,{}
4628,00003c59-a9c1-79c1-bb2d-49dc347960f4,46,3248,50925.0,{}
4629,00003c59-a9c1-79c1-bb2d-49dc347960f4,46,3248,57715.0,{}
4630,00003c59-a9c1-79c1-bb2d-49dc347960f4,46,3248,62080.0,{}
4631,00003c59-a9c1-79c1-bb2d-49dc347960f4,46,3248,46560.0,{}
4632,00003c59-a9c1-79c1-bb2d-49dc347960f4,46,3280,315.0,{}
4633,00003c59-a9c1-79c1-bb2d-49dc347960f4,46,3280,345.0,{}
4634,00003c59-a9c1-79c1-bb2d-49dc347960f4,46,3280,306.0,{}
4635,00003c59-a9c1-79c1-bb2d-49dc347960f4,46,3280,336.0,{}
4636,00003c59-a9c1-79c1-bb2d-49dc347960f4,46,3280,330.0,{}
4637,00003c59-a9c1-79c1-bb2d-49dc347960f4,46,3280,192.0,{}
4638,00003c59-a9c1-79c1-bb2d-49dc347960f4,46,3280,192.0,{}
4639,00003c59-a9c1-79c1-bb2d-49dc347960f4,46,3280,192.0,{}
4640,00003c59-a9c1-79c1-bb2d-49dc347960f4,46,3280,192.0,{}
4641,00003c59-a9c1-79c1-bb2d-49dc347960f4,46,3280,192.0,{}
4642,00003c59-a9c1-79c1-bb2d-49dc347960f4,46,3280,192.0,{}
4643,00003c59-a9c1-79c1-bb2d-49dc347960f4,46,3280,192.0,{}
4644,00003c59-a9c1-79c1-bb2d-49dc347960f4,46,3280,192.0,{}
4645,00003c59-a9c1-79c1-bb2d-49dc347960f4,46,3280,192.0,{}
4646,00003c59-a9c1-79c1-bb2d-49dc347960f4,46,3280,192.0,{}
4647,00003c59-a9c1-79c1-bb2d-49dc347960f4,46,3280,288.0,{}
4648,00003c59-a9c1-79c1-bb2d-49dc347960f4,46,3280,315.0,{}
4649,00003c59-a9c1-79c1-bb2d-49dc347960f4,46,3280,357.0,{}
4650,00003c59-a9c1-79c1-bb2d-49dc347960f4,46,3280,384.0,{}
4651,00003c59-a9c1-79c1-bb2d-49dc347960f4,46,3280,288.0,{}
4652,00003c59-a9c1-79c1-bb2d-49dc347960f4,46,3298,0.0,{}
4653,00003c59-a9c1-79c1-bb2d-49dc347960f4,46,3298,0.0,{}
4654,00003c59-a9c1-79c1-bb2d-49dc347960f4,46,3298,0.0,{}
4655,00003c59-a9c1-79c1-bb2d-49dc347960f4,46,3298,0.0,{}
4656,00003c59-a9c1-79c1-bb2d-49dc347960f4,46,3298,0.0,{}
4657,00003c59-a9c1-79c1-bb2d-49dc347960f4,46,3298,0.0,{}
4658,00003c59-a9c1-79c1-bb2d-49dc347960f4,46,3298,0.0,{}
4659,00003c59-a9c1-79c1-bb2d-49dc347960f4,46,3298,0.0,{}
4660,00003c59-a9c1-79c1-bb2d-49dc347960f4,46,3298,0.0,{}
4661,00003c59-a9c1-79c1-bb2d-49dc347960f4,46,3298,0.0,{}
4662,00003c59-a9c1-79c1-bb2d-49dc347960f4,46,3298,0.0,{}
4663,00003c59-a9c1-79c1-bb2d-49dc347960f4,46,3298,0.0,{}
4664,00003c59-a9c1-79c1-bb2d-49dc347960f4,46,3298,0.0,{}
4665,00003c59-a9c1-79c1-bb2d-49dc347960f4,46,3298,0.0,{}
4666,00003c59-a9c1-79c1-bb2d-49dc347960f4,46,3298,0.0,{}
4667,00003c59-a9c1-79c1-bb2d-49dc347960f4,46,3298,0.0,{}
4668,00003c59-a9c1-79c1-bb2d-49dc347960f4,46,3298,0.0,{}
4669,00003c59-a9c1-79c1-bb2d-49dc347960f4,46,3298,0.0,{}
4670,00003c59-a9c1-79c1-bb2d-49dc347960f4,46,3298,0.0,{}
4671,00003c59-a9c1-79c1-bb2d-49dc347960f4,46,3298,0.0,{}
4672,00003c59-a9c1-79c1-bb2d-49dc347960f4,46,3334,2625315.0,{}
4673,00003c59-a9c1-79c1-bb2d-49dc347960f4,46,3334,2875345.0,{}
4674,00003c59-a9c1-79c1-bb2d-49dc347960f4,46,3334,2550306.0,{}
4675,00003c59-a9c1-79c1-bb2d-49dc347960f4,46,3334,2800336.0,{}
4676,00003c59-a9c1-79c1-bb2d-49dc347960f4,46,3334,2750330.0,{}
4677,00003c59-a9c1-79c1-bb2d-49dc347960f4,46,3334,1600192.0,{}
4678,00003c59-a9c1-79c1-bb2d-49dc347960f4,46,3334,1600192.0,{}
4679,00003c59-a9c1-79c1-bb2d-49dc347960f4,46,3334,1600192.0,{}
4680,00003c59-a9c1-79c1-bb2d-49dc347960f4,46,3334,1600192.0,{}
4681,00003c59-a9c1-79c1-bb2d-49dc347960f4,46,3334,1600192.0,{}
4682,00003c59-a9c1-79c1-bb2d-49dc347960f4,46,3334,1600192.0,{}
4683,00003c59-a9c1-79c1-bb2d-49dc347960f4,46,3334,1600192.0,{}
4684,00003c59-a9c1-79c1-bb2d-49dc347960f4,46,3334,1600192.0,{}
4685,00003c59-a9c1-79c1-bb2d-49dc347960f4,46,3334,1600192.0,{}
4686,00003c59-a9c1-79c1-bb2d-49dc347960f4,46,3334,1600192.0,{}
4687,00003c59-a9c1-79c1-bb2d-49dc347960f4,46,3334,2400288.0,{}
4688,00003c59-a9c1-79c1-bb2d-49dc347960f4,46,3334,2625315.0,{}
4689,00003c59-a9c1-79c1-bb2d-49dc347960f4,46,3334,2975357.0,{}
4690,00003c59-a9c1-79c1-bb2d-49dc347960f4,46,3334,3200384.0,{}
4691,00003c59-a9c1-79c1-bb2d-49dc347960f4,46,3334,2400288.0,{}
4692,00003c59-a9c1-79c1-bb2d-49dc347960f4,46,5642,25003.0,{}
4693,00003c59-a9c1-79c1-bb2d-49dc347960f4,47,2636,3.0,{}
4694,00003c59-a9c1-79c1-bb2d-49dc347960f4,47,3217,921088.0,{}
4695,00003c59-a9c1-79c1-bb2d-49dc347960f4,47,3217,986880.0,{}
4696,00003c59-a9c1-79c1-bb2d-49dc347960f4,47,3217,995104.0,{}
4697,00003c59-a9c1-79c1-bb2d-49dc347960f4,47,3217,773056.0,{}
4698,00003c59-a9c1-79c1-bb2d-49dc347960f4,47,3217,797728.0,{}
4699,00003c59-a9c1-79c1-bb2d-49dc347960f4,47,3217,526336.0,{}
4700,00003c59-a9c1-79c1-bb2d-49dc347960f4,47,3217,526336.0,{}
4701,00003c59-a9c1-79c1-bb2d-49dc347960f4,47,3217,526336.0,{}
4702,00003c59-a9c1-79c1-bb2d-49dc347960f4,47,3217,526336.0,{}
4703,00003c59-a9c1-79c1-bb2d-49dc347960f4,47,3217,526336.0,{}
4704,00003c59-a9c1-79c1-bb2d-49dc347960f4,47,3217,682592.0,{}
4705,00003c59-a9c1-79c1-bb2d-49dc347960f4,47,3217,682592.0,{}
4706,00003c59-a9c1-79c1-bb2d-49dc347960f4,47,3217,682592.0,{}
4707,00003c59-a9c1-79c1-bb2d-49dc347960f4,47,3217,682592.0,{}
4708,00003c59-a9c1-79c1-bb2d-49dc347960f4,47,3217,682592.0,{}
4709,00003c59-a9c1-79c1-bb2d-49dc347960f4,47,3217,921088.0,{}
4710,00003c59-a9c1-79c1-bb2d-49dc347960f4,47,3217,723712.0,{}
4711,00003c59-a9c1-79c1-bb2d-49dc347960f4,47,3217,682592.0,{}
4712,00003c59-a9c1-79c1-bb2d-49dc347960f4,47,3217,682592.0,{}
4713,00003c59-a9c1-79c1-bb2d-49dc347960f4,47,3217,682592.0,{}
4714,00003c59-a9c1-79c1-bb2d-49dc347960f4,47,3248,54320.0,{}
4715,00003c59-a9c1-79c1-bb2d-49dc347960f4,47,3248,58200.0,{}
4716,00003c59-a9c1-79c1-bb2d-49dc347960f4,47,3248,58685.0,{}
4717,00003c59-a9c1-79c1-bb2d-49dc347960f4,47,3248,45590.0,{}
4718,00003c59-a9c1-79c1-bb2d-49dc347960f4,47,3248,47045.0,{}
4719,00003c59-a9c1-79c1-bb2d-49dc347960f4,47,3248,31040.0,{}
4720,00003c59-a9c1-79c1-bb2d-49dc347960f4,47,3248,31040.0,{}
4721,00003c59-a9c1-79c1-bb2d-49dc347960f4,47,3248,31040.0,{}
4722,00003c59-a9c1-79c1-bb2d-49dc347960f4,47,3248,31040.0,{}
4723,00003c59-a9c1-79c1-bb2d-49dc347960f4,47,3248,31040.0,{}
4724,00003c59-a9c1-79c1-bb2d-49dc347960f4,47,3248,40255.0,{}
4725,00003c59-a9c1-79c1-bb2d-49dc347960f4,47,3248,40255.0,{}
4726,00003c59-a9c1-79c1-bb2d-49dc347960f4,47,3248,40255.0,{}
4727,00003c59-a9c1-79c1-bb2d-49dc347960f4,47,3248,40255.0,{}
4728,00003c59-a9c1-79c1-bb2d-49dc347960f4,47,3248,40255.0,{}
4729,00003c59-a9c1-79c1-bb2d-49dc347960f4,47,3248,54320.0,{}
4730,00003c59-a9c1-79c1-bb2d-49dc347960f4,47,3248,42680.0,{}
4731,00003c59-a9c1-79c1-bb2d-49dc347960f4,47,3248,40255.0,{}
4732,00003c59-a9c1-79c1-bb2d-49dc347960f4,47,3248,40255.0,{}
4733,00003c59-a9c1-79c1-bb2d-49dc347960f4,47,3248,40255.0,{}
4734,00003c59-a9c1-79c1-bb2d-49dc347960f4,47,3280,336.0,{}
4735,00003c59-a9c1-79c1-bb2d-49dc347960f4,47,3280,360.0,{}
4736,00003c59-a9c1-79c1-bb2d-49dc347960f4,47,3280,363.0,{}
4737,00003c59-a9c1-79c1-bb2d-49dc347960f4,47,3280,282.0,{}
4738,00003c59-a9c1-79c1-bb2d-49dc347960f4,47,3280,291.0,{}
4739,00003c59-a9c1-79c1-bb2d-49dc347960f4,47,3280,192.0,{}
4740,00003c59-a9c1-79c1-bb2d-49dc347960f4,47,3280,192.0,{}
4741,00003c59-a9c1-79c1-bb2d-49dc347960f4,47,3280,192.0,{}
4742,00003c59-a9c1-79c1-bb2d-49dc347960f4,47,3280,192.0,{}
4743,00003c59-a9c1-79c1-bb2d-49dc347960f4,47,3280,192.0,{}
4744,00003c59-a9c1-79c1-bb2d-49dc347960f4,47,3280,249.0,{}
4745,00003c59-a9c1-79c1-bb2d-49dc347960f4,47,3280,249.0,{}
4746,00003c59-a9c1-79c1-bb2d-49dc347960f4,47,3280,249.0,{}
4747,00003c59-a9c1-79c1-bb2d-49dc347960f4,47,3280,249.0,{}
4748,00003c59-a9c1-79c1-bb2d-49dc347960f4,47,3280,249.0,{}
4749,00003c59-a9c1-79c1-bb2d-49dc347960f4,47,3280,336.0,{}
4750,00003c59-a9c1-79c1-bb2d-49dc347960f4,47,3280,264.0,{}
4751,00003c59-a9c1-79c1-bb2d-49dc347960f4,47,3280,249.0,{}
4752,00003c59-a9c1-79c1-bb2d-49dc347960f4,47,3280,249.0,{}
4753,00003c59-a9c1-79c1-bb2d-49dc347960f4,47,3280,249.0,{}
4754,00003c59-a9c1-79c1-bb2d-49dc347960f4,47,3298,0.0,{}
4755,00003c59-a9c1-79c1-bb2d-49dc347960f4,47,3298,0.0,{}
4756,00003c59-a9c1-79c1-bb2d-49dc347960f4,47,3298,0.0,{}
4757,00003c59-a9c1-79c1-bb2d-49dc347960f4,47,3298,0.0,{}
4758,00003c59-a9c1-79c1-bb2d-49dc347960f4,47,3298,0.0,{}
4759,00003c59-a9c1-79c1-bb2d-49dc347960f4,47,3298,0.0,{}
4760,00003c59-a9c1-79c1-bb2d-49dc347960f4,47,3298,0.0,{}
4761,00003c59-a9c1-79c1-bb2d-49dc347960f4,47,3298,0.0,{}
4762,00003c59-a9c1-79c1-bb2d-49dc347960f4,47,3298,0.0,{}
4763,00003c59-a9c1-79c1-bb2d-49dc347960f4,47,3298,0.0,{}
4764,00003c59-a9c1-79c1-bb2d-49dc347960f4,47,3298,0.0,{}
4765,00003c59-a9c1-79c1-bb2d-49dc347960f4,47,3298,0.0,{}
4766,00003c59-a9c1-79c1-bb2d-49dc347960f4,47,3298,0.0,{}
4767,00003c59-a9c1-79c1-bb2d-49dc347960f4,47,3298,0.0,{}
4768,00003c59-a9c1-79c1-bb2d-49dc347960f4,47,3298,0.0,{}
4769,00003c59-a9c1-79c1-bb2d-49dc347960f4,47,3298,0.0,{}
4770,00003c59-a9c1-79c1-bb2d-49dc347960f4,47,3298,0.0,{}
4771,00003c59-a9c1-79c1-bb2d-49dc347960f4,47,3298,0.0,{}
4772,00003c59-a9c1-79c1-bb2d-49dc347960f4,47,3298,0.0,{}
4773,00003c59-a9c1-79c1-bb2d-49dc347960f4,47,3298,0.0,{}
4774,00003c59-a9c1-79c1-bb2d-49dc347960f4,47,3334,2800336.0,{}
4775,00003c59-a9c1-79c1-bb2d-49dc347960f4,47,3334,3000360.0,{}
4776,00003c59-a9c1-79c1-bb2d-49dc347960f4,47,3334,3025363.0,{}
4777,00003c59-a9c1-79c1-bb2d-49dc347960f4,47,3334,2350282.0,{}
4778,00003c59-a9c1-79c1-bb2d-49dc347960f4,47,3334,2425291.0,{}
4779,00003c59-a9c1-79c1-bb2d-49dc347960f4,47,3334,1600192.0,{}
4780,00003c59-a9c1-79c1-bb2d-49dc347960f4,47,3334,1600192.0,{}
4781,00003c59-a9c1-79c1-bb2d-49dc347960f4,47,3334,1600192.0,{}
4782,00003c59-a9c1-79c1-bb2d-49dc347960f4,47,3334,1600192.0,{}
4783,00003c59-a9c1-79c1-bb2d-49dc347960f4,47,3334,1600192.0,{}
4784,00003c59-a9c1-79c1-bb2d-49dc347960f4,47,3334,2075249.0,{}
4785,00003c59-a9c1-79c1-bb2d-49dc347960f4,47,3334,2075249.0,{}
4786,00003c59-a9c1-79c1-bb2d-49dc347960f4,47,3334,2075249.0,{}
4787,00003c59-a9c1-79c1-bb2d-49dc347960f4,47,3334,2075249.0,{}
4788,00003c59-a9c1-79c1-bb2d-49dc347960f4,47,3334,2075249.0,{}
4789,00003c59-a9c1-79c1-bb2d-49dc347960f4,47,3334,2800336.0,{}
4790,00003c59-a9c1-79c1-bb2d-49dc347960f4,47,3334,2200264.0,{}
4791,00003c59-a9c1-79c1-bb2d-49dc347960f4,47,3334,2075249.0,{}
4792,00003c59-a9c1-79c1-bb2d-49dc347960f4,47,3334,2075249.0,{}
4793,00003c59-a9c1-79c1-bb2d-49dc347960f4,47,3334,2075249.0,{}
4794,00003c59-a9c1-79c1-bb2d-49dc347960f4,47,5642,25003.0,{}
4795,00003c59-a9c1-79c1-bb2d-49dc347960f4,48,2636,3.0,{}
4796,00003c59-a9c1-79c1-bb2d-49dc347960f4,48,3217,1093792.0,{}
4797,00003c59-a9c1-79c1-bb2d-49dc347960f4,48,3217,830624.0,{}
4798,00003c59-a9c1-79c1-bb2d-49dc347960f4,48,3217,830624.0,{}
4799,00003c59-a9c1-79c1-bb2d-49dc347960f4,48,3217,822400.0,{}
4800,00003c59-a9c1-79c1-bb2d-49dc347960f4,48,3217,830624.0,{}
4801,00003c59-a9c1-79c1-bb2d-49dc347960f4,48,3217,551008.0,{}
4802,00003c59-a9c1-79c1-bb2d-49dc347960f4,48,3217,526336.0,{}
4803,00003c59-a9c1-79c1-bb2d-49dc347960f4,48,3217,526336.0,{}
4804,00003c59-a9c1-79c1-bb2d-49dc347960f4,48,3217,567456.0,{}
4805,00003c59-a9c1-79c1-bb2d-49dc347960f4,48,3217,526336.0,{}
4806,00003c59-a9c1-79c1-bb2d-49dc347960f4,48,3217,707264.0,{}
4807,00003c59-a9c1-79c1-bb2d-49dc347960f4,48,3217,657920.0,{}
4808,00003c59-a9c1-79c1-bb2d-49dc347960f4,48,3217,756608.0,{}
4809,00003c59-a9c1-79c1-bb2d-49dc347960f4,48,3217,896416.0,{}
4810,00003c59-a9c1-79c1-bb2d-49dc347960f4,48,3217,690816.0,{}
4811,00003c59-a9c1-79c1-bb2d-49dc347960f4,48,3217,797728.0,{}
4812,00003c59-a9c1-79c1-bb2d-49dc347960f4,48,3217,657920.0,{}
4813,00003c59-a9c1-79c1-bb2d-49dc347960f4,48,3217,666144.0,{}
4814,00003c59-a9c1-79c1-bb2d-49dc347960f4,48,3217,641472.0,{}
4815,00003c59-a9c1-79c1-bb2d-49dc347960f4,48,3217,633248.0,{}
4816,00003c59-a9c1-79c1-bb2d-49dc347960f4,48,3248,64505.0,{}
4817,00003c59-a9c1-79c1-bb2d-49dc347960f4,48,3248,48985.0,{}
4818,00003c59-a9c1-79c1-bb2d-49dc347960f4,48,3248,48985.0,{}
4819,00003c59-a9c1-79c1-bb2d-49dc347960f4,48,3248,48500.0,{}
4820,00003c59-a9c1-79c1-bb2d-49dc347960f4,48,3248,48985.0,{}
4821,00003c59-a9c1-79c1-bb2d-49dc347960f4,48,3248,32495.0,{}
4822,00003c59-a9c1-79c1-bb2d-49dc347960f4,48,3248,31040.0,{}
4823,00003c59-a9c1-79c1-bb2d-49dc347960f4,48,3248,31040.0,{}
4824,00003c59-a9c1-79c1-bb2d-49dc347960f4,48,3248,33465.0,{}
4825,00003c59-a9c1-79c1-bb2d-49dc347960f4,48,3248,31040.0,{}
4826,00003c59-a9c1-79c1-bb2d-49dc347960f4,48,3248,41710.0,{}
4827,00003c59-a9c1-79c1-bb2d-49dc347960f4,48,3248,38800.0,{}
4828,00003c59-a9c1-79c1-bb2d-49dc347960f4,48,3248,44620.0,{}
4829,00003c59-a9c1-79c1-bb2d-49dc347960f4,48,3248,52865.0,{}
4830,00003c59-a9c1-79c1-bb2d-49dc347960f4,48,3248,40740.0,{}
4831,00003c59-a9c1-79c1-bb2d-49dc347960f4,48,3248,47045.0,{}
4832,00003c59-a9c1-79c1-bb2d-49dc347960f4,48,3248,38800.0,{}
4833,00003c59-a9c1-79c1-bb2d-49dc347960f4,48,3248,39285.0,{}
4834,00003c59-a9c1-79c1-bb2d-49dc347960f4,48,3248,37830.0,{}
4835,00003c59-a9c1-79c1-bb2d-49dc347960f4,48,3248,37345.0,{}
4836,00003c59-a9c1-79c1-bb2d-49dc347960f4,48,3280,399.0,{}
4837,00003c59-a9c1-79c1-bb2d-49dc347960f4,48,3280,303.0,{}
4838,00003c59-a9c1-79c1-bb2d-49dc347960f4,48,3280,303.0,{}
4839,00003c59-a9c1-79c1-bb2d-49dc347960f4,48,3280,300.0,{}
4840,00003c59-a9c1-79c1-bb2d-49dc347960f4,48,3280,303.0,{}
4841,00003c59-a9c1-79c1-bb2d-49dc347960f4,48,3280,201.0,{}
4842,00003c59-a9c1-79c1-bb2d-49dc347960f4,48,3280,192.0,{}
4843,00003c59-a9c1-79c1-bb2d-49dc347960f4,48,3280,192.0,{}
4844,00003c59-a9c1-79c1-bb2d-49dc347960f4,48,3280,207.0,{}
4845,00003c59-a9c1-79c1-bb2d-49dc347960f4,48,3280,192.0,{}
4846,00003c59-a9c1-79c1-bb2d-49dc347960f4,48,3280,258.0,{}
4847,00003c59-a9c1-79c1-bb2d-49dc347960f4,48,3280,240.0,{}
4848,00003c59-a9c1-79c1-bb2d-49dc347960f4,48,3280,276.0,{}
4849,00003c59-a9c1-79c1-bb2d-49dc347960f4,48,3280,327.0,{}
4850,00003c59-a9c1-79c1-bb2d-49dc347960f4,48,3280,252.0,{}
4851,00003c59-a9c1-79c1-bb2d-49dc347960f4,48,3280,291.0,{}
4852,00003c59-a9c1-79c1-bb2d-49dc347960f4,48,3280,240.0,{}
4853,00003c59-a9c1-79c1-bb2d-49dc347960f4,48,3280,243.0,{}
4854,00003c59-a9c1-79c1-bb2d-49dc347960f4,48,3280,234.0,{}
4855,00003c59-a9c1-79c1-bb2d-49dc347960f4,48,3280,231.0,{}
4856,00003c59-a9c1-79c1-bb2d-49dc347960f4,48,3298,0.0,{}
4857,00003c59-a9c1-79c1-bb2d-49dc347960f4,48,3298,0.0,{}
4858,00003c59-a9c1-79c1-bb2d-49dc347960f4,48,3298,0.0,{}
4859,00003c59-a9c1-79c1-bb2d-49dc347960f4,48,3298,0.0,{}
4860,00003c59-a9c1-79c1-bb2d-49dc347960f4,48,3298,0.0,{}
4861,00003c59-a9c1-79c1-bb2d-49dc347960f4,48,3298,0.0,{}
4862,00003c59-a9c1-79c1-bb2d-49dc347960f4,48,3298,0.0,{}
4863,00003c59-a9c1-79c1-bb2d-49dc347960f4,48,3298,0.0,{}
4864,00003c59-a9c1-79c1-bb2d-49dc347960f4,48,3298,0.0,{}
4865,00003c59-a9c1-79c1-bb2d-49dc347960f4,48,3298,0.0,{}
4866,00003c59-a9c1-79c1-bb2d-49dc347960f4,48,3298,0.0,{}
4867,00003c59-a9c1-79c1-bb2d-49dc347960f4,48,3298,0.0,{}
4868,00003c59-a9c1-79c1-bb2d-49dc347960f4,48,3298,0.0,{}
4869,00003c59-a9c1-79c1-bb2d-49dc347960f4,48,3298,0.0,{}
4870,00003c59-a9c1-79c1-bb2d-49dc347960f4,48,3298,0.0,{}
4871,00003c59-a9c1-79c1-bb2d-49dc347960f4,48,3298,0.0,{}
4872,00003c59-a9c1-79c1-bb2d-49dc347960f4,48,3298,0.0,{}
4873,00003c59-a9c1-79c1-bb2d-49dc347960f4,48,3298,0.0,{}
4874,00003c59-a9c1-79c1-bb2d-49dc347960f4,48,3298,0.0,{}
4875,00003c59-a9c1-79c1-bb2d-49dc347960f4,48,3298,0.0,{}
4876,00003c59-a9c1-79c1-bb2d-49dc347960f4,48,3334,3325399.0,{}
4877,00003c59-a9c1-79c1-bb2d-49dc347960f4,48,3334,2525303.0,{}
4878,00003c59-a9c1-79c1-bb2d-49dc347960f4,48,3334,2525303.0,{}
4879,00003c59-a9c1-79c1-bb2d-49dc347960f4,48,3334,2500300.0,{}
4880,00003c59-a9c1-79c1-bb2d-49dc347960f4,48,3334,2525303.0,{}
4881,00003c59-a9c1-79c1-bb2d-49dc347960f4,48,3334,1675201.0,{}
4882,00003c59-a9c1-79c1-bb2d-49dc347960f4,48,3334,1600192.0,{}
4883,00003c59-a9c1-79c1-bb2d-49dc347960f4,48,3334,1600192.0,{}
4884,00003c59-a9c1-79c1-bb2d-49dc347960f4,48,3334,1725207.0,{}
4885,00003c59-a9c1-79c1-bb2d-49dc347960f4,48,3334,1600192.0,{}
4886,00003c59-a9c1-79c1-bb2d-49dc347960f4,48,3334,2150258.0,{}
4887,00003c59-a9c1-79c1-bb2d-49dc347960f4,48,3334,2000240.0,{}
4888,00003c59-a9c1-79c1-bb2d-49dc347960f4,48,3334,2300276.0,{}
4889,00003c59-a9c1-79c1-bb2d-49dc347960f4,48,3334,2725327.0,{}
4890,00003c59-a9c1-79c1-bb2d-49dc347960f4,48,3334,2100252.0,{}
4891,00003c59-a9c1-79c1-bb2d-49dc347960f4,48,3334,2425291.0,{}
4892,00003c59-a9c1-79c1-bb2d-49dc347960f4,48,3334,2000240.0,{}
4893,00003c59-a9c1-79c1-bb2d-49dc347960f4,48,3334,2025243.0,{}
4894,00003c59-a9c1-79c1-bb2d-49dc347960f4,48,3334,1950234.0,{}
4895,00003c59-a9c1-79c1-bb2d-49dc347960f4,48,3334,1925231.0,{}
4896,00003c59-a9c1-79c1-bb2d-49dc347960f4,48,5642,25003.0,{}

=== TABLE: top_kernels ===name,total_calls,total_duration,average,percentage
gemm_gate_up_mq4g256_lloyd_wmma,39,105983.954,2717.537,99.8955688193808
__amd_rocclr_fillBufferAligned,6,89.476,14.912,0.0843359355670285
convert_f32_to_f16,3,21.32,7.106,0.0200952450521821

