=== TABLE: busy ===agent_id,type,GpuTime,WallTime,Busy
1,GPU,107115871,2777156015,0.0385703469381788

=== TABLE: rocpd_info_kernel_symbol ===id,guid,nid,pid,code_object_id,kernel_name,display_name,kernel_object,kernarg_segment_size,kernarg_segment_alignment,group_segment_size,private_segment_size,sgpr_count,arch_vgpr_count,accum_vgpr_count,extdata
1,00003ca6-09b7-79b7-b725-3f83431792c1,1655282045,1291742,1,__amd_rocclr_initHeap.kd,__amd_rocclr_initHeap,131929863971584,24,16,0,0,128,16,0,"{""size"":88,""kernel_id"":1,""code_object_id"":1,""kernel_name"":""__amd_rocclr_initHeap.kd"",""kernel_object"":131929863971584,""kernarg_segment_size"":24,""kernarg_segment_alignment"":16,""group_segment_size"":0,""private_segment_size"":0,""sgpr_count"":128,""arch_vgpr_count"":16,""accum_vgpr_count"":0,""kernel_code_entry_byte_offset"":16896,""kernel_address"":{""handle"":131929863988480},""formatted_kernel_name"":""__amd_rocclr_initHeap"",""demangled_kernel_name"":""__amd_rocclr_initHeap.kd"",""truncated_kernel_name"":""__amd_rocclr_initHeap.kd""}"
2,00003ca6-09b7-79b7-b725-3f83431792c1,1655282045,1291742,1,__amd_rocclr_streamOpsIncrement.kd,__amd_rocclr_streamOpsIncrement,131929863971392,24,16,0,0,128,8,0,"{""size"":88,""kernel_id"":2,""code_object_id"":1,""kernel_name"":""__amd_rocclr_streamOpsIncrement.kd"",""kernel_object"":131929863971392,""kernarg_segment_size"":24,""kernarg_segment_alignment"":16,""group_segment_size"":0,""private_segment_size"":0,""sgpr_count"":128,""arch_vgpr_count"":8,""accum_vgpr_count"":0,""kernel_code_entry_byte_offset"":15808,""kernel_address"":{""handle"":131929863987200},""formatted_kernel_name"":""__amd_rocclr_streamOpsIncrement"",""demangled_kernel_name"":""__amd_rocclr_streamOpsIncrement.kd"",""truncated_kernel_name"":""__amd_rocclr_streamOpsIncrement.kd""}"
3,00003ca6-09b7-79b7-b725-3f83431792c1,1655282045,1291742,1,__amd_rocclr_streamOpsDecrement.kd,__amd_rocclr_streamOpsDecrement,131929863971456,24,16,0,0,128,8,0,"{""size"":88,""kernel_id"":3,""code_object_id"":1,""kernel_name"":""__amd_rocclr_streamOpsDecrement.kd"",""kernel_object"":131929863971456,""kernarg_segment_size"":24,""kernarg_segment_alignment"":16,""group_segment_size"":0,""private_segment_size"":0,""sgpr_count"":128,""arch_vgpr_count"":8,""accum_vgpr_count"":0,""kernel_code_entry_byte_offset"":16000,""kernel_address"":{""handle"":131929863987456},""formatted_kernel_name"":""__amd_rocclr_streamOpsDecrement"",""demangled_kernel_name"":""__amd_rocclr_streamOpsDecrement.kd"",""truncated_kernel_name"":""__amd_rocclr_streamOpsDecrement.kd""}"
4,00003ca6-09b7-79b7-b725-3f83431792c1,1655282045,1291742,1,__amd_rocclr_copyImage.kd,__amd_rocclr_copyImage,131929863971072,320,16,0,0,128,8,0,"{""size"":88,""kernel_id"":4,""code_object_id"":1,""kernel_name"":""__amd_rocclr_copyImage.kd"",""kernel_object"":131929863971072,""kernarg_segment_size"":320,""kernarg_segment_alignment"":16,""group_segment_size"":0,""private_segment_size"":0,""sgpr_count"":128,""arch_vgpr_count"":8,""accum_vgpr_count"":0,""kernel_code_entry_byte_offset"":12288,""kernel_address"":{""handle"":131929863983360},""formatted_kernel_name"":""__amd_rocclr_copyImage"",""demangled_kernel_name"":""__amd_rocclr_copyImage.kd"",""truncated_kernel_name"":""__amd_rocclr_copyImage.kd""}"
5,00003ca6-09b7-79b7-b725-3f83431792c1,1655282045,1291742,1,__amd_rocclr_fillBufferAligned2D.kd,__amd_rocclr_fillBufferAligned2D,131929863970624,336,16,0,0,128,8,0,"{""size"":88,""kernel_id"":5,""code_object_id"":1,""kernel_name"":""__amd_rocclr_fillBufferAligned2D.kd"",""kernel_object"":131929863970624,""kernarg_segment_size"":336,""kernarg_segment_alignment"":16,""group_segment_size"":0,""private_segment_size"":0,""sgpr_count"":128,""arch_vgpr_count"":8,""accum_vgpr_count"":0,""kernel_code_entry_byte_offset"":6848,""kernel_address"":{""handle"":131929863977472},""formatted_kernel_name"":""__amd_rocclr_fillBufferAligned2D"",""demangled_kernel_name"":""__amd_rocclr_fillBufferAligned2D.kd"",""truncated_kernel_name"":""__amd_rocclr_fillBufferAligned2D.kd""}"
6,00003ca6-09b7-79b7-b725-3f83431792c1,1655282045,1291742,1,__amd_rocclr_copyImage1DA.kd,__amd_rocclr_copyImage1DA,131929863971136,320,16,0,0,128,8,0,"{""size"":88,""kernel_id"":6,""code_object_id"":1,""kernel_name"":""__amd_rocclr_copyImage1DA.kd"",""kernel_object"":131929863971136,""kernarg_segment_size"":320,""kernarg_segment_alignment"":16,""group_segment_size"":0,""private_segment_size"":0,""sgpr_count"":128,""arch_vgpr_count"":8,""accum_vgpr_count"":0,""kernel_code_entry_byte_offset"":12736,""kernel_address"":{""handle"":131929863983872},""formatted_kernel_name"":""__amd_rocclr_copyImage1DA"",""demangled_kernel_name"":""__amd_rocclr_copyImage1DA.kd"",""truncated_kernel_name"":""__amd_rocclr_copyImage1DA.kd""}"
7,00003ca6-09b7-79b7-b725-3f83431792c1,1655282045,1291742,1,__amd_rocclr_copyBufferAligned.kd,__amd_rocclr_copyBufferAligned,131929863970752,304,16,0,0,128,8,0,"{""size"":88,""kernel_id"":7,""code_object_id"":1,""kernel_name"":""__amd_rocclr_copyBufferAligned.kd"",""kernel_object"":131929863970752,""kernarg_segment_size"":304,""kernarg_segment_alignment"":16,""group_segment_size"":0,""private_segment_size"":0,""sgpr_count"":128,""arch_vgpr_count"":8,""accum_vgpr_count"":0,""kernel_code_entry_byte_offset"":8256,""kernel_address"":{""handle"":131929863979008},""formatted_kernel_name"":""__amd_rocclr_copyBufferAligned"",""demangled_kernel_name"":""__amd_rocclr_copyBufferAligned.kd"",""truncated_kernel_name"":""__amd_rocclr_copyBufferAligned.kd""}"
8,00003ca6-09b7-79b7-b725-3f83431792c1,1655282045,1291742,1,__amd_rocclr_copyBufferRect.kd,__amd_rocclr_copyBufferRect,131929863970816,384,16,0,0,128,16,0,"{""size"":88,""kernel_id"":8,""code_object_id"":1,""kernel_name"":""__amd_rocclr_copyBufferRect.kd"",""kernel_object"":131929863970816,""kernarg_segment_size"":384,""kernarg_segment_alignment"":16,""group_segment_size"":0,""private_segment_size"":0,""sgpr_count"":128,""arch_vgpr_count"":16,""accum_vgpr_count"":0,""kernel_code_entry_byte_offset"":8704,""kernel_address"":{""handle"":131929863979520},""formatted_kernel_name"":""__amd_rocclr_copyBufferRect"",""demangled_kernel_name"":""__amd_rocclr_copyBufferRect.kd"",""truncated_kernel_name"":""__amd_rocclr_copyBufferRect.kd""}"
9,00003ca6-09b7-79b7-b725-3f83431792c1,1655282045,1291742,1,__amd_rocclr_batchMemOp.kd,__amd_rocclr_batchMemOp,131929863970944,272,16,0,0,128,8,0,"{""size"":88,""kernel_id"":9,""code_object_id"":1,""kernel_name"":""__amd_rocclr_batchMemOp.kd"",""kernel_object"":131929863970944,""kernarg_segment_size"":272,""kernarg_segment_alignment"":16,""group_segment_size"":0,""private_segment_size"":0,""sgpr_count"":128,""arch_vgpr_count"":8,""accum_vgpr_count"":0,""kernel_code_entry_byte_offset"":9856,""kernel_address"":{""handle"":131929863980800},""formatted_kernel_name"":""__amd_rocclr_batchMemOp"",""demangled_kernel_name"":""__amd_rocclr_batchMemOp.kd"",""truncated_kernel_name"":""__amd_rocclr_batchMemOp.kd""}"
10,00003ca6-09b7-79b7-b725-3f83431792c1,1655282045,1291742,1,__amd_rocclr_copyBufferRectAligned.kd,__amd_rocclr_copyBufferRectAligned,131929863970880,384,16,0,0,128,16,0,"{""size"":88,""kernel_id"":10,""code_object_id"":1,""kernel_name"":""__amd_rocclr_copyBufferRectAligned.kd"",""kernel_object"":131929863970880,""kernarg_segment_size"":384,""kernarg_segment_alignment"":16,""group_segment_size"":0,""private_segment_size"":0,""sgpr_count"":128,""arch_vgpr_count"":16,""accum_vgpr_count"":0,""kernel_code_entry_byte_offset"":9152,""kernel_address"":{""handle"":131929863980032},""formatted_kernel_name"":""__amd_rocclr_copyBufferRectAligned"",""demangled_kernel_name"":""__amd_rocclr_copyBufferRectAligned.kd"",""truncated_kernel_name"":""__amd_rocclr_copyBufferRectAligned.kd""}"
11,00003ca6-09b7-79b7-b725-3f83431792c1,1655282045,1291742,1,__amd_rocclr_fillImage.kd,__amd_rocclr_fillImage,131929863971008,360,16,0,0,128,16,0,"{""size"":88,""kernel_id"":11,""code_object_id"":1,""kernel_name"":""__amd_rocclr_fillImage.kd"",""kernel_object"":131929863971008,""kernarg_segment_size"":360,""kernarg_segment_alignment"":16,""group_segment_size"":0,""private_segment_size"":0,""sgpr_count"":128,""arch_vgpr_count"":16,""accum_vgpr_count"":0,""kernel_code_entry_byte_offset"":11584,""kernel_address"":{""handle"":131929863982592},""formatted_kernel_name"":""__amd_rocclr_fillImage"",""demangled_kernel_name"":""__amd_rocclr_fillImage.kd"",""truncated_kernel_name"":""__amd_rocclr_fillImage.kd""}"
12,00003ca6-09b7-79b7-b725-3f83431792c1,1655282045,1291742,1,__amd_rocclr_streamOpsWait.kd,__amd_rocclr_streamOpsWait,131929863971520,40,16,0,0,128,8,0,"{""size"":88,""kernel_id"":12,""code_object_id"":1,""kernel_name"":""__amd_rocclr_streamOpsWait.kd"",""kernel_object"":131929863971520,""kernarg_segment_size"":40,""kernarg_segment_alignment"":16,""group_segment_size"":0,""private_segment_size"":0,""sgpr_count"":128,""arch_vgpr_count"":8,""accum_vgpr_count"":0,""kernel_code_entry_byte_offset"":16192,""kernel_address"":{""handle"":131929863987712},""formatted_kernel_name"":""__amd_rocclr_streamOpsWait"",""demangled_kernel_name"":""__amd_rocclr_streamOpsWait.kd"",""truncated_kernel_name"":""__amd_rocclr_streamOpsWait.kd""}"
13,00003ca6-09b7-79b7-b725-3f83431792c1,1655282045,1291742,1,__amd_rocclr_fillBufferAligned.kd,__amd_rocclr_fillBufferAligned,131929863970560,40,16,0,0,128,16,0,"{""size"":88,""kernel_id"":13,""code_object_id"":1,""kernel_name"":""__amd_rocclr_fillBufferAligned.kd"",""kernel_object"":131929863970560,""kernarg_segment_size"":40,""kernarg_segment_alignment"":16,""group_segment_size"":0,""private_segment_size"":0,""sgpr_count"":128,""arch_vgpr_count"":16,""accum_vgpr_count"":0,""kernel_code_entry_byte_offset"":5376,""kernel_address"":{""handle"":131929863975936},""formatted_kernel_name"":""__amd_rocclr_fillBufferAligned"",""demangled_kernel_name"":""__amd_rocclr_fillBufferAligned.kd"",""truncated_kernel_name"":""__amd_rocclr_fillBufferAligned.kd""}"
14,00003ca6-09b7-79b7-b725-3f83431792c1,1655282045,1291742,1,__amd_rocclr_streamOpsWrite.kd,__amd_rocclr_streamOpsWrite,131929863971328,24,16,0,0,128,8,0,"{""size"":88,""kernel_id"":14,""code_object_id"":1,""kernel_name"":""__amd_rocclr_streamOpsWrite.kd"",""kernel_object"":131929863971328,""kernarg_segment_size"":24,""kernarg_segment_alignment"":16,""group_segment_size"":0,""private_segment_size"":0,""sgpr_count"":128,""arch_vgpr_count"":8,""accum_vgpr_count"":0,""kernel_code_entry_byte_offset"":15616,""kernel_address"":{""handle"":131929863986944},""formatted_kernel_name"":""__amd_rocclr_streamOpsWrite"",""demangled_kernel_name"":""__amd_rocclr_streamOpsWrite.kd"",""truncated_kernel_name"":""__amd_rocclr_streamOpsWrite.kd""}"
15,00003ca6-09b7-79b7-b725-3f83431792c1,1655282045,1291742,1,__amd_rocclr_copyBuffer.kd,__amd_rocclr_copyBuffer,131929863970688,48,16,0,0,128,16,0,"{""size"":88,""kernel_id"":15,""code_object_id"":1,""kernel_name"":""__amd_rocclr_copyBuffer.kd"",""kernel_object"":131929863970688,""kernarg_segment_size"":48,""kernarg_segment_alignment"":16,""group_segment_size"":0,""private_segment_size"":0,""sgpr_count"":128,""arch_vgpr_count"":16,""accum_vgpr_count"":0,""kernel_code_entry_byte_offset"":7552,""kernel_address"":{""handle"":131929863978240},""formatted_kernel_name"":""__amd_rocclr_copyBuffer"",""demangled_kernel_name"":""__amd_rocclr_copyBuffer.kd"",""truncated_kernel_name"":""__amd_rocclr_copyBuffer.kd""}"
16,00003ca6-09b7-79b7-b725-3f83431792c1,1655282045,1291742,1,__amd_rocclr_copyBufferToImage.kd,__amd_rocclr_copyBufferToImage,131929863971200,416,16,0,0,128,16,0,"{""size"":88,""kernel_id"":16,""code_object_id"":1,""kernel_name"":""__amd_rocclr_copyBufferToImage.kd"",""kernel_object"":131929863971200,""kernarg_segment_size"":416,""kernarg_segment_alignment"":16,""group_segment_size"":0,""private_segment_size"":0,""sgpr_count"":128,""arch_vgpr_count"":16,""accum_vgpr_count"":0,""kernel_code_entry_byte_offset"":13184,""kernel_address"":{""handle"":131929863984384},""formatted_kernel_name"":""__amd_rocclr_copyBufferToImage"",""demangled_kernel_name"":""__amd_rocclr_copyBufferToImage.kd"",""truncated_kernel_name"":""__amd_rocclr_copyBufferToImage.kd""}"
17,00003ca6-09b7-79b7-b725-3f83431792c1,1655282045,1291742,1,__amd_rocclr_copyImageToBuffer.kd,__amd_rocclr_copyImageToBuffer,131929863971264,416,16,0,0,128,16,0,"{""size"":88,""kernel_id"":17,""code_object_id"":1,""kernel_name"":""__amd_rocclr_copyImageToBuffer.kd"",""kernel_object"":131929863971264,""kernarg_segment_size"":416,""kernarg_segment_alignment"":16,""group_segment_size"":0,""private_segment_size"":0,""sgpr_count"":128,""arch_vgpr_count"":16,""accum_vgpr_count"":0,""kernel_code_entry_byte_offset"":14400,""kernel_address"":{""handle"":131929863985664},""formatted_kernel_name"":""__amd_rocclr_copyImageToBuffer"",""demangled_kernel_name"":""__amd_rocclr_copyImageToBuffer.kd"",""truncated_kernel_name"":""__amd_rocclr_copyImageToBuffer.kd""}"
18,00003ca6-09b7-79b7-b725-3f83431792c1,1655282045,1291742,2,gemm_gate_up_mq4g256_lloyd_wmma.kd,gemm_gate_up_mq4g256_lloyd_wmma,131929787959232,56,16,512,0,128,96,0,"{""size"":88,""kernel_id"":18,""code_object_id"":2,""kernel_name"":""gemm_gate_up_mq4g256_lloyd_wmma.kd"",""kernel_object"":131929787959232,""kernarg_segment_size"":56,""kernarg_segment_alignment"":16,""group_segment_size"":512,""private_segment_size"":0,""sgpr_count"":128,""arch_vgpr_count"":96,""accum_vgpr_count"":0,""kernel_code_entry_byte_offset"":4160,""kernel_address"":{""handle"":131929787963392},""formatted_kernel_name"":""gemm_gate_up_mq4g256_lloyd_wmma"",""demangled_kernel_name"":""gemm_gate_up_mq4g256_lloyd_wmma.kd"",""truncated_kernel_name"":""gemm_gate_up_mq4g256_lloyd_wmma.kd""}"
19,00003ca6-09b7-79b7-b725-3f83431792c1,1655282045,1291742,3,gemm_hfq4g256_residual_fp16.kd,gemm_hfq4g256_residual_fp16,131929787894272,36,16,0,0,128,104,0,"{""size"":88,""kernel_id"":19,""code_object_id"":3,""kernel_name"":""gemm_hfq4g256_residual_fp16.kd"",""kernel_object"":131929787894272,""kernarg_segment_size"":36,""kernarg_segment_alignment"":16,""group_segment_size"":0,""private_segment_size"":0,""sgpr_count"":128,""arch_vgpr_count"":104,""accum_vgpr_count"":0,""kernel_code_entry_byte_offset"":4608,""kernel_address"":{""handle"":131929787898880},""formatted_kernel_name"":""gemm_hfq4g256_residual_fp16"",""demangled_kernel_name"":""gemm_hfq4g256_residual_fp16.kd"",""truncated_kernel_name"":""gemm_hfq4g256_residual_fp16.kd""}"
20,00003ca6-09b7-79b7-b725-3f83431792c1,1655282045,1291742,3,convert_f32_to_f16.kd,convert_f32_to_f16,131929787894208,20,16,0,0,128,8,0,"{""size"":88,""kernel_id"":20,""code_object_id"":3,""kernel_name"":""convert_f32_to_f16.kd"",""kernel_object"":131929787894208,""kernarg_segment_size"":20,""kernarg_segment_alignment"":16,""group_segment_size"":0,""private_segment_size"":0,""sgpr_count"":128,""arch_vgpr_count"":8,""accum_vgpr_count"":0,""kernel_code_entry_byte_offset"":4416,""kernel_address"":{""handle"":131929787898624},""formatted_kernel_name"":""convert_f32_to_f16"",""demangled_kernel_name"":""convert_f32_to_f16.kd"",""truncated_kernel_name"":""convert_f32_to_f16.kd""}"
21,00003ca6-09b7-79b7-b725-3f83431792c1,1655282045,1291742,4,gemm_gate_up_mq4g256_lloyd_wmma.kd,gemm_gate_up_mq4g256_lloyd_wmma,131929787746240,56,16,512,0,128,96,0,"{""size"":88,""kernel_id"":21,""code_object_id"":4,""kernel_name"":""gemm_gate_up_mq4g256_lloyd_wmma.kd"",""kernel_object"":131929787746240,""kernarg_segment_size"":56,""kernarg_segment_alignment"":16,""group_segment_size"":512,""private_segment_size"":0,""sgpr_count"":128,""arch_vgpr_count"":96,""accum_vgpr_count"":0,""kernel_code_entry_byte_offset"":4160,""kernel_address"":{""handle"":131929787750400},""formatted_kernel_name"":""gemm_gate_up_mq4g256_lloyd_wmma"",""demangled_kernel_name"":""gemm_gate_up_mq4g256_lloyd_wmma.kd"",""truncated_kernel_name"":""gemm_gate_up_mq4g256_lloyd_wmma.kd""}"
22,00003ca6-09b7-79b7-b725-3f83431792c1,1655282045,1291742,5,gemm_hfq4g256_residual_fp16.kd,gemm_hfq4g256_residual_fp16,131929662753280,36,16,0,0,128,104,0,"{""size"":88,""kernel_id"":22,""code_object_id"":5,""kernel_name"":""gemm_hfq4g256_residual_fp16.kd"",""kernel_object"":131929662753280,""kernarg_segment_size"":36,""kernarg_segment_alignment"":16,""group_segment_size"":0,""private_segment_size"":0,""sgpr_count"":128,""arch_vgpr_count"":104,""accum_vgpr_count"":0,""kernel_code_entry_byte_offset"":4608,""kernel_address"":{""handle"":131929662757888},""formatted_kernel_name"":""gemm_hfq4g256_residual_fp16"",""demangled_kernel_name"":""gemm_hfq4g256_residual_fp16.kd"",""truncated_kernel_name"":""gemm_hfq4g256_residual_fp16.kd""}"
23,00003ca6-09b7-79b7-b725-3f83431792c1,1655282045,1291742,5,convert_f32_to_f16.kd,convert_f32_to_f16,131929662753216,20,16,0,0,128,8,0,"{""size"":88,""kernel_id"":23,""code_object_id"":5,""kernel_name"":""convert_f32_to_f16.kd"",""kernel_object"":131929662753216,""kernarg_segment_size"":20,""kernarg_segment_alignment"":16,""group_segment_size"":0,""private_segment_size"":0,""sgpr_count"":128,""arch_vgpr_count"":8,""accum_vgpr_count"":0,""kernel_code_entry_byte_offset"":4416,""kernel_address"":{""handle"":131929662757632},""formatted_kernel_name"":""convert_f32_to_f16"",""demangled_kernel_name"":""convert_f32_to_f16.kd"",""truncated_kernel_name"":""convert_f32_to_f16.kd""}"
24,00003ca6-09b7-79b7-b725-3f83431792c1,1655282045,1291742,6,gemm_gate_up_mq4g256_lloyd_wmma.kd,gemm_gate_up_mq4g256_lloyd_wmma,131929662670784,56,16,512,0,128,96,0,"{""size"":88,""kernel_id"":24,""code_object_id"":6,""kernel_name"":""gemm_gate_up_mq4g256_lloyd_wmma.kd"",""kernel_object"":131929662670784,""kernarg_segment_size"":56,""kernarg_segment_alignment"":16,""group_segment_size"":512,""private_segment_size"":0,""sgpr_count"":128,""arch_vgpr_count"":96,""accum_vgpr_count"":0,""kernel_code_entry_byte_offset"":4160,""kernel_address"":{""handle"":131929662674944},""formatted_kernel_name"":""gemm_gate_up_mq4g256_lloyd_wmma"",""demangled_kernel_name"":""gemm_gate_up_mq4g256_lloyd_wmma.kd"",""truncated_kernel_name"":""gemm_gate_up_mq4g256_lloyd_wmma.kd""}"
25,00003ca6-09b7-79b7-b725-3f83431792c1,1655282045,1291742,7,gemm_hfq4g256_residual_fp16.kd,gemm_hfq4g256_residual_fp16,131929662589440,36,16,0,0,128,104,0,"{""size"":88,""kernel_id"":25,""code_object_id"":7,""kernel_name"":""gemm_hfq4g256_residual_fp16.kd"",""kernel_object"":131929662589440,""kernarg_segment_size"":36,""kernarg_segment_alignment"":16,""group_segment_size"":0,""private_segment_size"":0,""sgpr_count"":128,""arch_vgpr_count"":104,""accum_vgpr_count"":0,""kernel_code_entry_byte_offset"":4608,""kernel_address"":{""handle"":131929662594048},""formatted_kernel_name"":""gemm_hfq4g256_residual_fp16"",""demangled_kernel_name"":""gemm_hfq4g256_residual_fp16.kd"",""truncated_kernel_name"":""gemm_hfq4g256_residual_fp16.kd""}"
26,00003ca6-09b7-79b7-b725-3f83431792c1,1655282045,1291742,7,convert_f32_to_f16.kd,convert_f32_to_f16,131929662589376,20,16,0,0,128,8,0,"{""size"":88,""kernel_id"":26,""code_object_id"":7,""kernel_name"":""convert_f32_to_f16.kd"",""kernel_object"":131929662589376,""kernarg_segment_size"":20,""kernarg_segment_alignment"":16,""group_segment_size"":0,""private_segment_size"":0,""sgpr_count"":128,""arch_vgpr_count"":8,""accum_vgpr_count"":0,""kernel_code_entry_byte_offset"":4416,""kernel_address"":{""handle"":131929662593792},""formatted_kernel_name"":""convert_f32_to_f16"",""demangled_kernel_name"":""convert_f32_to_f16.kd"",""truncated_kernel_name"":""convert_f32_to_f16.kd""}"

=== TABLE: rocpd_info_pmc ===id,guid,nid,pid,agent_id,target_arch,event_code,instance_id,name,symbol,description,long_description,component,units,value_type,block,expression,is_constant,is_derived,extdata
3248,00003ca6-09b7-79b7-b725-3f83431792c1,1655282045,1291742,1,GPU,,,SQ_INSTS_SALU,SQ_INSTS_SALU,"Total Number of SALU (Scalar ALU) instructions issued. This value is returned per-SE (aggregate of values in SIMDs in the SE). See AMD ISAs for more information on SALU instructions.","",rocm,"",ABS,SQ,"",0,0,"{""size"":312,""id"":{""handle"":64994},""type"":2,""cpu_cores_count"":0,""simd_count"":80,""mem_banks_count"":1,""caches_count"":86,""io_links_count"":1,""cpu_core_id_base"":0,""simd_id_base"":2147487744,""max_waves_per_simd"":16,""lds_size_in_kb"":64,""gds_size_in_kb"":0,""num_gws"":64,""wave_front_size"":32,""num_xcc"":1,""cu_count"":40,""array_count"":4,""num_shader_banks"":2,""simd_arrays_per_engine"":2,""cu_per_simd_array"":10,""simd_per_cu"":2,""max_slots_scratch_cu"":32,""gfx_target_version"":110501,""vendor_id"":4098,""device_id"":5510,""location_id"":50432,""domain"":0,""drm_render_minor"":128,""num_sdma_engines"":1,""num_sdma_xgmi_engines"":0,""num_sdma_queues_per_engine"":6,""num_cp_queues"":8,""max_engine_clk_ccompute"":5187,""max_engine_clk_fcompute"":2900,""sdma_fw_version"":{""uCodeSDMA"":14,""uCodeRes"":0},""fw_version"":{""uCode"":32,""Major"":0,""Minor"":0,""Stepping"":0},""capability"":{""HotPluggable"":0,""HSAMMUPresent"":0,""SharedWithGraphics"":0,""QueueSizePowerOfTwo"":0,""QueueSize32bit"":0,""QueueIdleEvent"":0,""VALimit"":0,""WatchPointsSupported"":1,""WatchPointsTotalBits"":2,""DoorbellType"":2,""AQLQueueDoubleMap"":0,""DebugTrapSupported"":1,""WaveLaunchTrapOverrideSupported"":1,""WaveLaunchModeSupported"":1,""PreciseMemoryOperationsSupported"":0,""DEPRECATED_SRAM_EDCSupport"":0,""Mem_EDCSupport"":0,""RASEventNotify"":0,""ASICRevision"":0,""SRAM_EDCSupport"":0,""SVMAPISupported"":1,""CoherentHostAccess"":0,""DebugSupportedFirmware"":1},""cu_per_engine"":20,""max_waves_per_cu"":32,""family_id"":150,""workgroup_max_size"":1024,""grid_max_size"":4294967295,""local_mem_size"":0,""hive_id"":0,""gpu_id"":35128,""workgroup_max_dim"":{""x"":1024,""y"":1024,""z"":1024},""grid_max_dim"":{""x"":2147483647,""y"":65535,""z"":65535},""name"":""gfx1151"",""vendor_name"":""AMD"",""product_name"":""Radeon 8060S Graphics"",""model_name"":""ip discovery"",""node_id"":1,""logical_node_id"":1,""logical_node_type_id"":0,""runtime_visibility"":{""hsa"":1,""hip"":1,""rccl"":1,""rocdecode"":1},""uuid"":{""bytes"":{""value0"":0,""value1"":0,""value2"":0,""value3"":0,""value4"":0,""value5"":0,""value6"":0,""value7"":0,""value8"":0,""value9"":0,""value10"":0,""value11"":0,""value12"":0,""value13"":0,""value14"":0,""value15"":0}},""mem_banks"":[{""heap_type"":1,""flags"":{""HotPluggable"":0,""NonVolatile"":0},""width"":256,""mem_clk_max"":1000,""size_in_bytes"":137438953472}],""caches"":[{""processor_id_low"":2147487744,""size"":32,""level"":1,""cache_line_size"":128,""cache_lines_per_tag"":0,""association"":0,""latency"":0,""type"":{""Data"":1,""Instruction"":0,""CPU"":0,""HSACU"":1}},{""processor_id_low"":2147487745,""size"":32,""level"":1,""cache_line_size"":128,""cache_lines_per_tag"":0,""association"":0,""latency"":0,""type"":{""Data"":1,""Instruction"":0,""CPU"":0,""HSACU"":1}},{""processor_id_low"":2147487746,""size"":32,""level"":1,""cache_line_size"":128,""cache_lines_per_tag"":0,""association"":0,""latency"":0,""type"":{""Data"":1,""Instruction"":0,""CPU"":0,""HSACU"":1}},{""processor_id_low"":2147487747,""size"":32,""level"":1,""cache_line_size"":128,""cache_lines_per_tag"":0,""association"":0,""latency"":0,""type"":{""Data"":1,""Instruction"":0,""CPU"":0,""HSACU"":1}},{""processor_id_low"":2147487748,""size"":32,""level"":1,""cache_line_size"":128,""cache_lines_per_tag"":0,""association"":0,""latency"":0,""type"":{""Data"":1,""Instruction"":0,""CPU"":0,""HSACU"":1}},{""processor_id_low"":2147487749,""size"":32,""level"":1,""cache_line_size"":128,""cache_lines_per_tag"":0,""association"":0,""latency"":0,""type"":{""Data"":1,""Instruction"":0,""CPU"":0,""HSACU"":1}},{""processor_id_low"":2147487750,""size"":32,""level"":1,""cache_line_size"":128,""cache_lines_per_tag"":0,""association"":0,""latency"":0,""type"":{""Data"":1,""Instruction"":0,""CPU"":0,""HSACU"":1}},{""processor_id_low"":2147487751,""size"":32,""level"":1,""cache_line_size"":128,""cache_lines_per_tag"":0,""association"":0,""latency"":0,""type"":{""Data"":1,""Instruction"":0,""CPU"":0,""HSACU"":1}},{""processor_id_low"":2147487752,""size"":32,""level"":1,""cache_line_size"":128,""cache_lines_per_tag"":0,""association"":0,""latency"":0,""type"":{""Data"":1,""Instruction"":0,""CPU"":0,""HSACU"":1}},{""processor_id_low"":2147487753,""size"":32,""level"":1,""cache_line_size"":128,""cache_lines_per_tag"":0,""association"":0,""latency"":0,""type"":{""Data"":1,""Instruction"":0,""CPU"":0,""HSACU"":1}},{""processor_id_low"":2147487754,""size"":32,""level"":1,""cache_line_size"":128,""cache_lines_per_tag"":0,""association"":0,""latency"":0,""type"":{""Data"":1,""Instruction"":0,""CPU"":0,""HSACU"":1}},{""processor_id_low"":2147487755,""size"":32,""level"":1,""cache_line_size"":128,""cache_lines_per_tag"":0,""association"":0,""latency"":0,""type"":{""Data"":1,""Instruction"":0,""CPU"":0,""HSACU"":1}},{""processor_id_low"":2147487756,""size"":32,""level"":1,""cache_line_size"":128,""cache_lines_per_tag"":0,""association"":0,""latency"":0,""type"":{""Data"":1,""Instruction"":0,""CPU"":0,""HSACU"":1}},{""processor_id_low"":2147487757,""size"":32,""level"":1,""cache_line_size"":128,""cache_lines_per_tag"":0,""association"":0,""latency"":0,""type"":{""Data"":1,""Instruction"":0,""CPU"":0,""HSACU"":1}},{""processor_id_low"":2147487758,""size"":32,""level"":1,""cache_line_size"":128,""cache_lines_per_tag"":0,""association"":0,""latency"":0,""type"":{""Data"":1,""Instruction"":0,""CPU"":0,""HSACU"":1}},{""processor_id_low"":2147487759,""size"":32,""level"":1,""cache_line_size"":128,""cache_lines_per_tag"":0,""association"":0,""latency"":0,""type"":{""Data"":1,""Instruction"":0,""CPU"":0,""HSACU"":1}},{""processor_id_low"":2147487760,""size"":32,""level"":1,""cache_line_size"":128,""cache_lines_per_tag"":0,""association"":0,""latency"":0,""type"":{""Data"":1,""Instruction"":0,""CPU"":0,""HSACU"":1}},{""processor_id_low"":2147487761,""size"":32,""level"":1,""cache_line_size"":128,""cache_lines_per_tag"":0,""association"":0,""latency"":0,""type"":{""Data"":1,""Instruction"":0,""CPU"":0,""HSACU"":1}},{""processor_id_low"":2147487762,""size"":32,""level"":1,""cache_line_size"":128,""cache_lines_per_tag"":0,""association"":0,""latency"":0,""type"":{""Data"":1,""Instruction"":0,""CPU"":0,""HSACU"":1}},{""processor_id_low"":2147487763,""size"":32,""level"":1,""cache_line_size"":128,""cache_lines_per_tag"":0,""association"":0,""latency"":0,""type"":{""Data"":1,""Instruction"":0,""CPU"":0,""HSACU"":1}},{""processor_id_low"":2147487764,""size"":32,""level"":1,""cache_line_size"":128,""cache_lines_per_tag"":0,""association"":0,""latency"":0,""type"":{""Data"":1,""Instruction"":0,""CPU"":0,""HSACU"":1}},{""processor_id_low"":2147487765,""size"":32,""level"":1,""cache_line_size"":128,""cache_lines_per_tag"":0,""association"":0,""latency"":0,""type"":{""Data"":1,""Instruction"":0,""CPU"":0,""HSACU"":1}},{""processor_id_low"":2147487766,""size"":32,""level"":1,""cache_line_size"":128,""cache_lines_per_tag"":0,""association"":0,""latency"":0,""type"":{""Data"":1,""Instruction"":0,""CPU"":0,""HSACU"":1}},{""processor_id_low"":2147487767,""size"":32,""level"":1,""cache_line_size"":128,""cache_lines_per_tag"":0,""association"":0,""latency"":0,""type"":{""Data"":1,""Instruction"":0,""CPU"":0,""HSACU"":1}},{""processor_id_low"":2147487768,""size"":32,""level"":1,""cache_line_size"":128,""cache_lines_per_tag"":0,""association"":0,""latency"":0,""type"":{""Data"":1,""Instruction"":0,""CPU"":0,""HSACU"":1}},{""processor_id_low"":2147487769,""size"":32,""level"":1,""cache_line_size"":128,""cache_lines_per_tag"":0,""association"":0,""latency"":0,""type"":{""Data"":1,""Instruction"":0,""CPU"":0,""HSACU"":1}},{""processor_id_low"":2147487770,""size"":32,""level"":1,""cache_line_size"":128,""cache_lines_per_tag"":0,""association"":0,""latency"":0,""type"":{""Data"":1,""Instruction"":0,""CPU"":0,""HSACU"":1}},{""processor_id_low"":2147487771,""size"":32,""level"":1,""cache_line_size"":128,""cache_lines_per_tag"":0,""association"":0,""latency"":0,""type"":{""Data"":1,""Instruction"":0,""CPU"":0,""HSACU"":1}},{""processor_id_low"":2147487772,""size"":32,""level"":1,""cache_line_size"":128,""cache_lines_per_tag"":0,""association"":0,""latency"":0,""type"":{""Data"":1,""Instruction"":0,""CPU"":0,""HSACU"":1}},{""processor_id_low"":2147487773,""size"":32,""level"":1,""cache_line_size"":128,""cache_lines_per_tag"":0,""association"":0,""latency"":0,""type"":{""Data"":1,""Instruction"":0,""CPU"":0,""HSACU"":1}},{""processor_id_low"":2147487774,""size"":32,""level"":1,""cache_line_size"":128,""cache_lines_per_tag"":0,""association"":0,""latency"":0,""type"":{""Data"":1,""Instruction"":0,""CPU"":0,""HSACU"":1}},{""processor_id_low"":2147487775,""size"":32,""level"":1,""cache_line_size"":128,""cache_lines_per_tag"":0,""association"":0,""latency"":0,""type"":{""Data"":1,""Instruction"":0,""CPU"":0,""HSACU"":1}},{""processor_id_low"":2147487776,""size"":32,""level"":1,""cache_line_size"":128,""cache_lines_per_tag"":0,""association"":0,""latency"":0,""type"":{""Data"":1,""Instruction"":0,""CPU"":0,""HSACU"":1}},{""processor_id_low"":2147487777,""size"":32,""level"":1,""cache_line_size"":128,""cache_lines_per_tag"":0,""association"":0,""latency"":0,""type"":{""Data"":1,""Instruction"":0,""CPU"":0,""HSACU"":1}},{""processor_id_low"":2147487778,""size"":32,""level"":1,""cache_line_size"":128,""cache_lines_per_tag"":0,""association"":0,""latency"":0,""type"":{""Data"":1,""Instruction"":0,""CPU"":0,""HSACU"":1}},{""processor_id_low"":2147487779,""size"":32,""level"":1,""cache_line_size"":128,""cache_lines_per_tag"":0,""association"":0,""latency"":0,""type"":{""Data"":1,""Instruction"":0,""CPU"":0,""HSACU"":1}},{""processor_id_low"":2147487780,""size"":32,""level"":1,""cache_line_size"":128,""cache_lines_per_tag"":0,""association"":0,""latency"":0,""type"":{""Data"":1,""Instruction"":0,""CPU"":0,""HSACU"":1}},{""processor_id_low"":2147487781,""size"":32,""level"":1,""cache_line_size"":128,""cache_lines_per_tag"":0,""association"":0,""latency"":0,""type"":{""Data"":1,""Instruction"":0,""CPU"":0,""HSACU"":1}},{""processor_id_low"":2147487782,""size"":32,""level"":1,""cache_line_size"":128,""cache_lines_per_tag"":0,""association"":0,""latency"":0,""type"":{""Data"":1,""Instruction"":0,""CPU"":0,""HSACU"":1}},{""processor_id_low"":2147487783,""size"":32,""level"":1,""cache_line_size"":128,""cache_lines_per_tag"":0,""association"":0,""latency"":0,""type"":{""Data"":1,""Instruction"":0,""CPU"":0,""HSACU"":1}},{""processor_id_low"":2147487744,""size"":32,""level"":1,""cache_line_size"":128,""cache_lines_per_tag"":0,""association"":0,""latency"":0,""type"":{""Data"":0,""Instruction"":1,""CPU"":0,""HSACU"":1}},{""processor_id_low"":2147487746,""size"":32,""level"":1,""cache_line_size"":128,""cache_lines_per_tag"":0,""association"":0,""latency"":0,""type"":{""Data"":0,""Instruction"":1,""CPU"":0,""HSACU"":1}},{""processor_id_low"":2147487748,""size"":32,""level"":1,""cache_line_size"":128,""cache_lines_per_tag"":0,""association"":0,""latency"":0,""type"":{""Data"":0,""Instruction"":1,""CPU"":0,""HSACU"":1}},{""processor_id_low"":2147487750,""size"":32,""level"":1,""cache_line_size"":128,""cache_lines_per_tag"":0,""association"":0,""latency"":0,""type"":{""Data"":0,""Instruction"":1,""CPU"":0,""HSACU"":1}},{""processor_id_low"":2147487752,""size"":32,""level"":1,""cache_line_size"":128,""cache_lines_per_tag"":0,""association"":0,""latency"":0,""type"":{""Data"":0,""Instruction"":1,""CPU"":0,""HSACU"":1}},{""processor_id_low"":2147487754,""size"":32,""level"":1,""cache_line_size"":128,""cache_lines_per_tag"":0,""association"":0,""latency"":0,""type"":{""Data"":0,""Instruction"":1,""CPU"":0,""HSACU"":1}},{""processor_id_low"":2147487756,""size"":32,""level"":1,""cache_line_size"":128,""cache_lines_per_tag"":0,""association"":0,""latency"":0,""type"":{""Data"":0,""Instruction"":1,""CPU"":0,""HSACU"":1}},{""processor_id_low"":2147487758,""size"":32,""level"":1,""cache_line_size"":128,""cache_lines_per_tag"":0,""association"":0,""latency"":0,""type"":{""Data"":0,""Instruction"":1,""CPU"":0,""HSACU"":1}},{""processor_id_low"":2147487760,""size"":32,""level"":1,""cache_line_size"":128,""cache_lines_per_tag"":0,""association"":0,""latency"":0,""type"":{""Data"":0,""Instruction"":1,""CPU"":0,""HSACU"":1}},{""processor_id_low"":2147487762,""size"":32,""level"":1,""cache_line_size"":128,""cache_lines_per_tag"":0,""association"":0,""latency"":0,""type"":{""Data"":0,""Instruction"":1,""CPU"":0,""HSACU"":1}},{""processor_id_low"":2147487764,""size"":32,""level"":1,""cache_line_size"":128,""cache_lines_per_tag"":0,""association"":0,""latency"":0,""type"":{""Data"":0,""Instruction"":1,""CPU"":0,""HSACU"":1}},{""processor_id_low"":2147487766,""size"":32,""level"":1,""cache_line_size"":128,""cache_lines_per_tag"":0,""association"":0,""latency"":0,""type"":{""Data"":0,""Instruction"":1,""CPU"":0,""HSACU"":1}},{""processor_id_low"":2147487768,""size"":32,""level"":1,""cache_line_size"":128,""cache_lines_per_tag"":0,""association"":0,""latency"":0,""type"":{""Data"":0,""Instruction"":1,""CPU"":0,""HSACU"":1}},{""processor_id_low"":2147487770,""size"":32,""level"":1,""cache_line_size"":128,""cache_lines_per_tag"":0,""association"":0,""latency"":0,""type"":{""Data"":0,""Instruction"":1,""CPU"":0,""HSACU"":1}},{""processor_id_low"":2147487772,""size"":32,""level"":1,""cache_line_size"":128,""cache_lines_per_tag"":0,""association"":0,""latency"":0,""type"":{""Data"":0,""Instruction"":1,""CPU"":0,""HSACU"":1}},{""processor_id_low"":2147487774,""size"":32,""level"":1,""cache_line_size"":128,""cache_lines_per_tag"":0,""association"":0,""latency"":0,""type"":{""Data"":0,""Instruction"":1,""CPU"":0,""HSACU"":1}},{""processor_id_low"":2147487776,""size"":32,""level"":1,""cache_line_size"":128,""cache_lines_per_tag"":0,""association"":0,""latency"":0,""type"":{""Data"":0,""Instruction"":1,""CPU"":0,""HSACU"":1}},{""processor_id_low"":2147487778,""size"":32,""level"":1,""cache_line_size"":128,""cache_lines_per_tag"":0,""association"":0,""latency"":0,""type"":{""Data"":0,""Instruction"":1,""CPU"":0,""HSACU"":1}},{""processor_id_low"":2147487780,""size"":32,""level"":1,""cache_line_size"":128,""cache_lines_per_tag"":0,""association"":0,""latency"":0,""type"":{""Data"":0,""Instruction"":1,""CPU"":0,""HSACU"":1}},{""processor_id_low"":2147487782,""size"":32,""level"":1,""cache_line_size"":128,""cache_lines_per_tag"":0,""association"":0,""latency"":0,""type"":{""Data"":0,""Instruction"":1,""CPU"":0,""HSACU"":1}},{""processor_id_low"":2147487744,""size"":16,""level"":1,""cache_line_size"":64,""cache_lines_per_tag"":0,""association"":0,""latency"":0,""type"":{""Data"":1,""Instruction"":0,""CPU"":0,""HSACU"":1}},{""processor_id_low"":2147487746,""size"":16,""level"":1,""cache_line_size"":64,""cache_lines_per_tag"":0,""association"":0,""latency"":0,""type"":{""Data"":1,""Instruction"":0,""CPU"":0,""HSACU"":1}},{""processor_id_low"":2147487748,""size"":16,""level"":1,""cache_line_size"":64,""cache_lines_per_tag"":0,""association"":0,""latency"":0,""type"":{""Data"":1,""Instruction"":0,""CPU"":0,""HSACU"":1}},{""processor_id_low"":2147487750,""size"":16,""level"":1,""cache_line_size"":64,""cache_lines_per_tag"":0,""association"":0,""latency"":0,""type"":{""Data"":1,""Instruction"":0,""CPU"":0,""HSACU"":1}},{""processor_id_low"":2147487752,""size"":16,""level"":1,""cache_line_size"":64,""cache_lines_per_tag"":0,""association"":0,""latency"":0,""type"":{""Data"":1,""Instruction"":0,""CPU"":0,""HSACU"":1}},{""processor_id_low"":2147487754,""size"":16,""level"":1,""cache_line_size"":64,""cache_lines_per_tag"":0,""association"":0,""latency"":0,""type"":{""Data"":1,""Instruction"":0,""CPU"":0,""HSACU"":1}},{""processor_id_low"":2147487756,""size"":16,""level"":1,""cache_line_size"":64,""cache_lines_per_tag"":0,""association"":0,""latency"":0,""type"":{""Data"":1,""Instruction"":0,""CPU"":0,""HSACU"":1}},{""processor_id_low"":2147487758,""size"":16,""level"":1,""cache_line_size"":64,""cache_lines_per_tag"":0,""association"":0,""latency"":0,""type"":{""Data"":1,""Instruction"":0,""CPU"":0,""HSACU"":1}},{""processor_id_low"":2147487760,""size"":16,""level"":1,""cache_line_size"":64,""cache_lines_per_tag"":0,""association"":0,""latency"":0,""type"":{""Data"":1,""Instruction"":0,""CPU"":0,""HSACU"":1}},{""processor_id_low"":2147487762,""size"":16,""level"":1,""cache_line_size"":64,""cache_lines_per_tag"":0,""association"":0,""latency"":0,""type"":{""Data"":1,""Instruction"":0,""CPU"":0,""HSACU"":1}},{""processor_id_low"":2147487764,""size"":16,""level"":1,""cache_line_size"":64,""cache_lines_per_tag"":0,""association"":0,""latency"":0,""type"":{""Data"":1,""Instruction"":0,""CPU"":0,""HSACU"":1}},{""processor_id_low"":2147487766,""size"":16,""level"":1,""cache_line_size"":64,""cache_lines_per_tag"":0,""association"":0,""latency"":0,""type"":{""Data"":1,""Instruction"":0,""CPU"":0,""HSACU"":1}},{""processor_id_low"":2147487768,""size"":16,""level"":1,""cache_line_size"":64,""cache_lines_per_tag"":0,""association"":0,""latency"":0,""type"":{""Data"":1,""Instruction"":0,""CPU"":0,""HSACU"":1}},{""processor_id_low"":2147487770,""size"":16,""level"":1,""cache_line_size"":64,""cache_lines_per_tag"":0,""association"":0,""latency"":0,""type"":{""Data"":1,""Instruction"":0,""CPU"":0,""HSACU"":1}},{""processor_id_low"":2147487772,""size"":16,""level"":1,""cache_line_size"":64,""cache_lines_per_tag"":0,""association"":0,""latency"":0,""type"":{""Data"":1,""Instruction"":0,""CPU"":0,""HSACU"":1}},{""processor_id_low"":2147487774,""size"":16,""level"":1,""cache_line_size"":64,""cache_lines_per_tag"":0,""association"":0,""latency"":0,""type"":{""Data"":1,""Instruction"":0,""CPU"":0,""HSACU"":1}},{""processor_id_low"":2147487776,""size"":16,""level"":1,""cache_line_size"":64,""cache_lines_per_tag"":0,""association"":0,""latency"":0,""type"":{""Data"":1,""Instruction"":0,""CPU"":0,""HSACU"":1}},{""processor_id_low"":2147487778,""size"":16,""level"":1,""cache_line_size"":64,""cache_lines_per_tag"":0,""association"":0,""latency"":0,""type"":{""Data"":1,""Instruction"":0,""CPU"":0,""HSACU"":1}},{""processor_id_low"":2147487780,""size"":16,""level"":1,""cache_line_size"":64,""cache_lines_per_tag"":0,""association"":0,""latency"":0,""type"":{""Data"":1,""Instruction"":0,""CPU"":0,""HSACU"":1}},{""processor_id_low"":2147487782,""size"":16,""level"":1,""cache_line_size"":64,""cache_lines_per_tag"":0,""association"":0,""latency"":0,""type"":{""Data"":1,""Instruction"":0,""CPU"":0,""HSACU"":1}},{""processor_id_low"":2147487744,""size"":256,""level"":1,""cache_line_size"":128,""cache_lines_per_tag"":0,""association"":0,""latency"":0,""type"":{""Data"":1,""Instruction"":0,""CPU"":0,""HSACU"":1}},{""processor_id_low"":2147487754,""size"":256,""level"":1,""cache_line_size"":128,""cache_lines_per_tag"":0,""association"":0,""latency"":0,""type"":{""Data"":1,""Instruction"":0,""CPU"":0,""HSACU"":1}},{""processor_id_low"":2147487764,""size"":256,""level"":1,""cache_line_size"":128,""cache_lines_per_tag"":0,""association"":0,""latency"":0,""type"":{""Data"":1,""Instruction"":0,""CPU"":0,""HSACU"":1}},{""processor_id_low"":2147487774,""size"":256,""level"":1,""cache_line_size"":128,""cache_lines_per_tag"":0,""association"":0,""latency"":0,""type"":{""Data"":1,""Instruction"":0,""CPU"":0,""HSACU"":1}},{""processor_id_low"":2147487744,""size"":2048,""level"":2,""cache_line_size"":128,""cache_lines_per_tag"":0,""association"":0,""latency"":0,""type"":{""Data"":1,""Instruction"":0,""CPU"":0,""HSACU"":1}},{""processor_id_low"":2147487744,""size"":32768,""level"":3,""cache_line_size"":64,""cache_lines_per_tag"":0,""association"":0,""latency"":0,""type"":{""Data"":1,""Instruction"":0,""CPU"":0,""HSACU"":1}}],""io_links"":[{""type"":2,""version_major"":0,""version_minor"":0,""node_from"":1,""node_to"":0,""weight"":20,""min_latency"":0,""max_latency"":0,""min_bandwidth"":0,""max_bandwidth"":32000,""recommended_transfer_size"":0,""flags"":{""Override"":1,""NonCoherent"":0,""NoAtomics32bit"":0,""NoAtomics64bit"":0,""NoPeerToPeerDMA"":0}}],""gpu_index"":0}"
4266,00003ca6-09b7-79b7-b725-3f83431792c1,1655282045,1291742,1,GPU,,,TA_TA_BUSY,TA_TA_BUSY,"TA block is busy. Perf_Windowing not supported for this counter.","",rocm,"",ABS,TA,"",0,0,"{""size"":312,""id"":{""handle"":64994},""type"":2,""cpu_cores_count"":0,""simd_count"":80,""mem_banks_count"":1,""caches_count"":86,""io_links_count"":1,""cpu_core_id_base"":0,""simd_id_base"":2147487744,""max_waves_per_simd"":16,""lds_size_in_kb"":64,""gds_size_in_kb"":0,""num_gws"":64,""wave_front_size"":32,""num_xcc"":1,""cu_count"":40,""array_count"":4,""num_shader_banks"":2,""simd_arrays_per_engine"":2,""cu_per_simd_array"":10,""simd_per_cu"":2,""max_slots_scratch_cu"":32,""gfx_target_version"":110501,""vendor_id"":4098,""device_id"":5510,""location_id"":50432,""domain"":0,""drm_render_minor"":128,""num_sdma_engines"":1,""num_sdma_xgmi_engines"":0,""num_sdma_queues_per_engine"":6,""num_cp_queues"":8,""max_engine_clk_ccompute"":5187,""max_engine_clk_fcompute"":2900,""sdma_fw_version"":{""uCodeSDMA"":14,""uCodeRes"":0},""fw_version"":{""uCode"":32,""Major"":0,""Minor"":0,""Stepping"":0},""capability"":{""HotPluggable"":0,""HSAMMUPresent"":0,""SharedWithGraphics"":0,""QueueSizePowerOfTwo"":0,""QueueSize32bit"":0,""QueueIdleEvent"":0,""VALimit"":0,""WatchPointsSupported"":1,""WatchPointsTotalBits"":2,""DoorbellType"":2,""AQLQueueDoubleMap"":0,""DebugTrapSupported"":1,""WaveLaunchTrapOverrideSupported"":1,""WaveLaunchModeSupported"":1,""PreciseMemoryOperationsSupported"":0,""DEPRECATED_SRAM_EDCSupport"":0,""Mem_EDCSupport"":0,""RASEventNotify"":0,""ASICRevision"":0,""SRAM_EDCSupport"":0,""SVMAPISupported"":1,""CoherentHostAccess"":0,""DebugSupportedFirmware"":1},""cu_per_engine"":20,""max_waves_per_cu"":32,""family_id"":150,""workgroup_max_size"":1024,""grid_max_size"":4294967295,""local_mem_size"":0,""hive_id"":0,""gpu_id"":35128,""workgroup_max_dim"":{""x"":1024,""y"":1024,""z"":1024},""grid_max_dim"":{""x"":2147483647,""y"":65535,""z"":65535},""name"":""gfx1151"",""vendor_name"":""AMD"",""product_name"":""Radeon 8060S Graphics"",""model_name"":""ip discovery"",""node_id"":1,""logical_node_id"":1,""logical_node_type_id"":0,""runtime_visibility"":{""hsa"":1,""hip"":1,""rccl"":1,""rocdecode"":1},""uuid"":{""bytes"":{""value0"":0,""value1"":0,""value2"":0,""value3"":0,""value4"":0,""value5"":0,""value6"":0,""value7"":0,""value8"":0,""value9"":0,""value10"":0,""value11"":0,""value12"":0,""value13"":0,""value14"":0,""value15"":0}},""mem_banks"":[{""heap_type"":1,""flags"":{""HotPluggable"":0,""NonVolatile"":0},""width"":256,""mem_clk_max"":1000,""size_in_bytes"":137438953472}],""caches"":[{""processor_id_low"":2147487744,""size"":32,""level"":1,""cache_line_size"":128,""cache_lines_per_tag"":0,""association"":0,""latency"":0,""type"":{""Data"":1,""Instruction"":0,""CPU"":0,""HSACU"":1}},{""processor_id_low"":2147487745,""size"":32,""level"":1,""cache_line_size"":128,""cache_lines_per_tag"":0,""association"":0,""latency"":0,""type"":{""Data"":1,""Instruction"":0,""CPU"":0,""HSACU"":1}},{""processor_id_low"":2147487746,""size"":32,""level"":1,""cache_line_size"":128,""cache_lines_per_tag"":0,""association"":0,""latency"":0,""type"":{""Data"":1,""Instruction"":0,""CPU"":0,""HSACU"":1}},{""processor_id_low"":2147487747,""size"":32,""level"":1,""cache_line_size"":128,""cache_lines_per_tag"":0,""association"":0,""latency"":0,""type"":{""Data"":1,""Instruction"":0,""CPU"":0,""HSACU"":1}},{""processor_id_low"":2147487748,""size"":32,""level"":1,""cache_line_size"":128,""cache_lines_per_tag"":0,""association"":0,""latency"":0,""type"":{""Data"":1,""Instruction"":0,""CPU"":0,""HSACU"":1}},{""processor_id_low"":2147487749,""size"":32,""level"":1,""cache_line_size"":128,""cache_lines_per_tag"":0,""association"":0,""latency"":0,""type"":{""Data"":1,""Instruction"":0,""CPU"":0,""HSACU"":1}},{""processor_id_low"":2147487750,""size"":32,""level"":1,""cache_line_size"":128,""cache_lines_per_tag"":0,""association"":0,""latency"":0,""type"":{""Data"":1,""Instruction"":0,""CPU"":0,""HSACU"":1}},{""processor_id_low"":2147487751,""size"":32,""level"":1,""cache_line_size"":128,""cache_lines_per_tag"":0,""association"":0,""latency"":0,""type"":{""Data"":1,""Instruction"":0,""CPU"":0,""HSACU"":1}},{""processor_id_low"":2147487752,""size"":32,""level"":1,""cache_line_size"":128,""cache_lines_per_tag"":0,""association"":0,""latency"":0,""type"":{""Data"":1,""Instruction"":0,""CPU"":0,""HSACU"":1}},{""processor_id_low"":2147487753,""size"":32,""level"":1,""cache_line_size"":128,""cache_lines_per_tag"":0,""association"":0,""latency"":0,""type"":{""Data"":1,""Instruction"":0,""CPU"":0,""HSACU"":1}},{""processor_id_low"":2147487754,""size"":32,""level"":1,""cache_line_size"":128,""cache_lines_per_tag"":0,""association"":0,""latency"":0,""type"":{""Data"":1,""Instruction"":0,""CPU"":0,""HSACU"":1}},{""processor_id_low"":2147487755,""size"":32,""level"":1,""cache_line_size"":128,""cache_lines_per_tag"":0,""association"":0,""latency"":0,""type"":{""Data"":1,""Instruction"":0,""CPU"":0,""HSACU"":1}},{""processor_id_low"":2147487756,""size"":32,""level"":1,""cache_line_size"":128,""cache_lines_per_tag"":0,""association"":0,""latency"":0,""type"":{""Data"":1,""Instruction"":0,""CPU"":0,""HSACU"":1}},{""processor_id_low"":2147487757,""size"":32,""level"":1,""cache_line_size"":128,""cache_lines_per_tag"":0,""association"":0,""latency"":0,""type"":{""Data"":1,""Instruction"":0,""CPU"":0,""HSACU"":1}},{""processor_id_low"":2147487758,""size"":32,""level"":1,""cache_line_size"":128,""cache_lines_per_tag"":0,""association"":0,""latency"":0,""type"":{""Data"":1,""Instruction"":0,""CPU"":0,""HSACU"":1}},{""processor_id_low"":2147487759,""size"":32,""level"":1,""cache_line_size"":128,""cache_lines_per_tag"":0,""association"":0,""latency"":0,""type"":{""Data"":1,""Instruction"":0,""CPU"":0,""HSACU"":1}},{""processor_id_low"":2147487760,""size"":32,""level"":1,""cache_line_size"":128,""cache_lines_per_tag"":0,""association"":0,""latency"":0,""type"":{""Data"":1,""Instruction"":0,""CPU"":0,""HSACU"":1}},{""processor_id_low"":2147487761,""size"":32,""level"":1,""cache_line_size"":128,""cache_lines_per_tag"":0,""association"":0,""latency"":0,""type"":{""Data"":1,""Instruction"":0,""CPU"":0,""HSACU"":1}},{""processor_id_low"":2147487762,""size"":32,""level"":1,""cache_line_size"":128,""cache_lines_per_tag"":0,""association"":0,""latency"":0,""type"":{""Data"":1,""Instruction"":0,""CPU"":0,""HSACU"":1}},{""processor_id_low"":2147487763,""size"":32,""level"":1,""cache_line_size"":128,""cache_lines_per_tag"":0,""association"":0,""latency"":0,""type"":{""Data"":1,""Instruction"":0,""CPU"":0,""HSACU"":1}},{""processor_id_low"":2147487764,""size"":32,""level"":1,""cache_line_size"":128,""cache_lines_per_tag"":0,""association"":0,""latency"":0,""type"":{""Data"":1,""Instruction"":0,""CPU"":0,""HSACU"":1}},{""processor_id_low"":2147487765,""size"":32,""level"":1,""cache_line_size"":128,""cache_lines_per_tag"":0,""association"":0,""latency"":0,""type"":{""Data"":1,""Instruction"":0,""CPU"":0,""HSACU"":1}},{""processor_id_low"":2147487766,""size"":32,""level"":1,""cache_line_size"":128,""cache_lines_per_tag"":0,""association"":0,""latency"":0,""type"":{""Data"":1,""Instruction"":0,""CPU"":0,""HSACU"":1}},{""processor_id_low"":2147487767,""size"":32,""level"":1,""cache_line_size"":128,""cache_lines_per_tag"":0,""association"":0,""latency"":0,""type"":{""Data"":1,""Instruction"":0,""CPU"":0,""HSACU"":1}},{""processor_id_low"":2147487768,""size"":32,""level"":1,""cache_line_size"":128,""cache_lines_per_tag"":0,""association"":0,""latency"":0,""type"":{""Data"":1,""Instruction"":0,""CPU"":0,""HSACU"":1}},{""processor_id_low"":2147487769,""size"":32,""level"":1,""cache_line_size"":128,""cache_lines_per_tag"":0,""association"":0,""latency"":0,""type"":{""Data"":1,""Instruction"":0,""CPU"":0,""HSACU"":1}},{""processor_id_low"":2147487770,""size"":32,""level"":1,""cache_line_size"":128,""cache_lines_per_tag"":0,""association"":0,""latency"":0,""type"":{""Data"":1,""Instruction"":0,""CPU"":0,""HSACU"":1}},{""processor_id_low"":2147487771,""size"":32,""level"":1,""cache_line_size"":128,""cache_lines_per_tag"":0,""association"":0,""latency"":0,""type"":{""Data"":1,""Instruction"":0,""CPU"":0,""HSACU"":1}},{""processor_id_low"":2147487772,""size"":32,""level"":1,""cache_line_size"":128,""cache_lines_per_tag"":0,""association"":0,""latency"":0,""type"":{""Data"":1,""Instruction"":0,""CPU"":0,""HSACU"":1}},{""processor_id_low"":2147487773,""size"":32,""level"":1,""cache_line_size"":128,""cache_lines_per_tag"":0,""association"":0,""latency"":0,""type"":{""Data"":1,""Instruction"":0,""CPU"":0,""HSACU"":1}},{""processor_id_low"":2147487774,""size"":32,""level"":1,""cache_line_size"":128,""cache_lines_per_tag"":0,""association"":0,""latency"":0,""type"":{""Data"":1,""Instruction"":0,""CPU"":0,""HSACU"":1}},{""processor_id_low"":2147487775,""size"":32,""level"":1,""cache_line_size"":128,""cache_lines_per_tag"":0,""association"":0,""latency"":0,""type"":{""Data"":1,""Instruction"":0,""CPU"":0,""HSACU"":1}},{""processor_id_low"":2147487776,""size"":32,""level"":1,""cache_line_size"":128,""cache_lines_per_tag"":0,""association"":0,""latency"":0,""type"":{""Data"":1,""Instruction"":0,""CPU"":0,""HSACU"":1}},{""processor_id_low"":2147487777,""size"":32,""level"":1,""cache_line_size"":128,""cache_lines_per_tag"":0,""association"":0,""latency"":0,""type"":{""Data"":1,""Instruction"":0,""CPU"":0,""HSACU"":1}},{""processor_id_low"":2147487778,""size"":32,""level"":1,""cache_line_size"":128,""cache_lines_per_tag"":0,""association"":0,""latency"":0,""type"":{""Data"":1,""Instruction"":0,""CPU"":0,""HSACU"":1}},{""processor_id_low"":2147487779,""size"":32,""level"":1,""cache_line_size"":128,""cache_lines_per_tag"":0,""association"":0,""latency"":0,""type"":{""Data"":1,""Instruction"":0,""CPU"":0,""HSACU"":1}},{""processor_id_low"":2147487780,""size"":32,""level"":1,""cache_line_size"":128,""cache_lines_per_tag"":0,""association"":0,""latency"":0,""type"":{""Data"":1,""Instruction"":0,""CPU"":0,""HSACU"":1}},{""processor_id_low"":2147487781,""size"":32,""level"":1,""cache_line_size"":128,""cache_lines_per_tag"":0,""association"":0,""latency"":0,""type"":{""Data"":1,""Instruction"":0,""CPU"":0,""HSACU"":1}},{""processor_id_low"":2147487782,""size"":32,""level"":1,""cache_line_size"":128,""cache_lines_per_tag"":0,""association"":0,""latency"":0,""type"":{""Data"":1,""Instruction"":0,""CPU"":0,""HSACU"":1}},{""processor_id_low"":2147487783,""size"":32,""level"":1,""cache_line_size"":128,""cache_lines_per_tag"":0,""association"":0,""latency"":0,""type"":{""Data"":1,""Instruction"":0,""CPU"":0,""HSACU"":1}},{""processor_id_low"":2147487744,""size"":32,""level"":1,""cache_line_size"":128,""cache_lines_per_tag"":0,""association"":0,""latency"":0,""type"":{""Data"":0,""Instruction"":1,""CPU"":0,""HSACU"":1}},{""processor_id_low"":2147487746,""size"":32,""level"":1,""cache_line_size"":128,""cache_lines_per_tag"":0,""association"":0,""latency"":0,""type"":{""Data"":0,""Instruction"":1,""CPU"":0,""HSACU"":1}},{""processor_id_low"":2147487748,""size"":32,""level"":1,""cache_line_size"":128,""cache_lines_per_tag"":0,""association"":0,""latency"":0,""type"":{""Data"":0,""Instruction"":1,""CPU"":0,""HSACU"":1}},{""processor_id_low"":2147487750,""size"":32,""level"":1,""cache_line_size"":128,""cache_lines_per_tag"":0,""association"":0,""latency"":0,""type"":{""Data"":0,""Instruction"":1,""CPU"":0,""HSACU"":1}},{""processor_id_low"":2147487752,""size"":32,""level"":1,""cache_line_size"":128,""cache_lines_per_tag"":0,""association"":0,""latency"":0,""type"":{""Data"":0,""Instruction"":1,""CPU"":0,""HSACU"":1}},{""processor_id_low"":2147487754,""size"":32,""level"":1,""cache_line_size"":128,""cache_lines_per_tag"":0,""association"":0,""latency"":0,""type"":{""Data"":0,""Instruction"":1,""CPU"":0,""HSACU"":1}},{""processor_id_low"":2147487756,""size"":32,""level"":1,""cache_line_size"":128,""cache_lines_per_tag"":0,""association"":0,""latency"":0,""type"":{""Data"":0,""Instruction"":1,""CPU"":0,""HSACU"":1}},{""processor_id_low"":2147487758,""size"":32,""level"":1,""cache_line_size"":128,""cache_lines_per_tag"":0,""association"":0,""latency"":0,""type"":{""Data"":0,""Instruction"":1,""CPU"":0,""HSACU"":1}},{""processor_id_low"":2147487760,""size"":32,""level"":1,""cache_line_size"":128,""cache_lines_per_tag"":0,""association"":0,""latency"":0,""type"":{""Data"":0,""Instruction"":1,""CPU"":0,""HSACU"":1}},{""processor_id_low"":2147487762,""size"":32,""level"":1,""cache_line_size"":128,""cache_lines_per_tag"":0,""association"":0,""latency"":0,""type"":{""Data"":0,""Instruction"":1,""CPU"":0,""HSACU"":1}},{""processor_id_low"":2147487764,""size"":32,""level"":1,""cache_line_size"":128,""cache_lines_per_tag"":0,""association"":0,""latency"":0,""type"":{""Data"":0,""Instruction"":1,""CPU"":0,""HSACU"":1}},{""processor_id_low"":2147487766,""size"":32,""level"":1,""cache_line_size"":128,""cache_lines_per_tag"":0,""association"":0,""latency"":0,""type"":{""Data"":0,""Instruction"":1,""CPU"":0,""HSACU"":1}},{""processor_id_low"":2147487768,""size"":32,""level"":1,""cache_line_size"":128,""cache_lines_per_tag"":0,""association"":0,""latency"":0,""type"":{""Data"":0,""Instruction"":1,""CPU"":0,""HSACU"":1}},{""processor_id_low"":2147487770,""size"":32,""level"":1,""cache_line_size"":128,""cache_lines_per_tag"":0,""association"":0,""latency"":0,""type"":{""Data"":0,""Instruction"":1,""CPU"":0,""HSACU"":1}},{""processor_id_low"":2147487772,""size"":32,""level"":1,""cache_line_size"":128,""cache_lines_per_tag"":0,""association"":0,""latency"":0,""type"":{""Data"":0,""Instruction"":1,""CPU"":0,""HSACU"":1}},{""processor_id_low"":2147487774,""size"":32,""level"":1,""cache_line_size"":128,""cache_lines_per_tag"":0,""association"":0,""latency"":0,""type"":{""Data"":0,""Instruction"":1,""CPU"":0,""HSACU"":1}},{""processor_id_low"":2147487776,""size"":32,""level"":1,""cache_line_size"":128,""cache_lines_per_tag"":0,""association"":0,""latency"":0,""type"":{""Data"":0,""Instruction"":1,""CPU"":0,""HSACU"":1}},{""processor_id_low"":2147487778,""size"":32,""level"":1,""cache_line_size"":128,""cache_lines_per_tag"":0,""association"":0,""latency"":0,""type"":{""Data"":0,""Instruction"":1,""CPU"":0,""HSACU"":1}},{""processor_id_low"":2147487780,""size"":32,""level"":1,""cache_line_size"":128,""cache_lines_per_tag"":0,""association"":0,""latency"":0,""type"":{""Data"":0,""Instruction"":1,""CPU"":0,""HSACU"":1}},{""processor_id_low"":2147487782,""size"":32,""level"":1,""cache_line_size"":128,""cache_lines_per_tag"":0,""association"":0,""latency"":0,""type"":{""Data"":0,""Instruction"":1,""CPU"":0,""HSACU"":1}},{""processor_id_low"":2147487744,""size"":16,""level"":1,""cache_line_size"":64,""cache_lines_per_tag"":0,""association"":0,""latency"":0,""type"":{""Data"":1,""Instruction"":0,""CPU"":0,""HSACU"":1}},{""processor_id_low"":2147487746,""size"":16,""level"":1,""cache_line_size"":64,""cache_lines_per_tag"":0,""association"":0,""latency"":0,""type"":{""Data"":1,""Instruction"":0,""CPU"":0,""HSACU"":1}},{""processor_id_low"":2147487748,""size"":16,""level"":1,""cache_line_size"":64,""cache_lines_per_tag"":0,""association"":0,""latency"":0,""type"":{""Data"":1,""Instruction"":0,""CPU"":0,""HSACU"":1}},{""processor_id_low"":2147487750,""size"":16,""level"":1,""cache_line_size"":64,""cache_lines_per_tag"":0,""association"":0,""latency"":0,""type"":{""Data"":1,""Instruction"":0,""CPU"":0,""HSACU"":1}},{""processor_id_low"":2147487752,""size"":16,""level"":1,""cache_line_size"":64,""cache_lines_per_tag"":0,""association"":0,""latency"":0,""type"":{""Data"":1,""Instruction"":0,""CPU"":0,""HSACU"":1}},{""processor_id_low"":2147487754,""size"":16,""level"":1,""cache_line_size"":64,""cache_lines_per_tag"":0,""association"":0,""latency"":0,""type"":{""Data"":1,""Instruction"":0,""CPU"":0,""HSACU"":1}},{""processor_id_low"":2147487756,""size"":16,""level"":1,""cache_line_size"":64,""cache_lines_per_tag"":0,""association"":0,""latency"":0,""type"":{""Data"":1,""Instruction"":0,""CPU"":0,""HSACU"":1}},{""processor_id_low"":2147487758,""size"":16,""level"":1,""cache_line_size"":64,""cache_lines_per_tag"":0,""association"":0,""latency"":0,""type"":{""Data"":1,""Instruction"":0,""CPU"":0,""HSACU"":1}},{""processor_id_low"":2147487760,""size"":16,""level"":1,""cache_line_size"":64,""cache_lines_per_tag"":0,""association"":0,""latency"":0,""type"":{""Data"":1,""Instruction"":0,""CPU"":0,""HSACU"":1}},{""processor_id_low"":2147487762,""size"":16,""level"":1,""cache_line_size"":64,""cache_lines_per_tag"":0,""association"":0,""latency"":0,""type"":{""Data"":1,""Instruction"":0,""CPU"":0,""HSACU"":1}},{""processor_id_low"":2147487764,""size"":16,""level"":1,""cache_line_size"":64,""cache_lines_per_tag"":0,""association"":0,""latency"":0,""type"":{""Data"":1,""Instruction"":0,""CPU"":0,""HSACU"":1}},{""processor_id_low"":2147487766,""size"":16,""level"":1,""cache_line_size"":64,""cache_lines_per_tag"":0,""association"":0,""latency"":0,""type"":{""Data"":1,""Instruction"":0,""CPU"":0,""HSACU"":1}},{""processor_id_low"":2147487768,""size"":16,""level"":1,""cache_line_size"":64,""cache_lines_per_tag"":0,""association"":0,""latency"":0,""type"":{""Data"":1,""Instruction"":0,""CPU"":0,""HSACU"":1}},{""processor_id_low"":2147487770,""size"":16,""level"":1,""cache_line_size"":64,""cache_lines_per_tag"":0,""association"":0,""latency"":0,""type"":{""Data"":1,""Instruction"":0,""CPU"":0,""HSACU"":1}},{""processor_id_low"":2147487772,""size"":16,""level"":1,""cache_line_size"":64,""cache_lines_per_tag"":0,""association"":0,""latency"":0,""type"":{""Data"":1,""Instruction"":0,""CPU"":0,""HSACU"":1}},{""processor_id_low"":2147487774,""size"":16,""level"":1,""cache_line_size"":64,""cache_lines_per_tag"":0,""association"":0,""latency"":0,""type"":{""Data"":1,""Instruction"":0,""CPU"":0,""HSACU"":1}},{""processor_id_low"":2147487776,""size"":16,""level"":1,""cache_line_size"":64,""cache_lines_per_tag"":0,""association"":0,""latency"":0,""type"":{""Data"":1,""Instruction"":0,""CPU"":0,""HSACU"":1}},{""processor_id_low"":2147487778,""size"":16,""level"":1,""cache_line_size"":64,""cache_lines_per_tag"":0,""association"":0,""latency"":0,""type"":{""Data"":1,""Instruction"":0,""CPU"":0,""HSACU"":1}},{""processor_id_low"":2147487780,""size"":16,""level"":1,""cache_line_size"":64,""cache_lines_per_tag"":0,""association"":0,""latency"":0,""type"":{""Data"":1,""Instruction"":0,""CPU"":0,""HSACU"":1}},{""processor_id_low"":2147487782,""size"":16,""level"":1,""cache_line_size"":64,""cache_lines_per_tag"":0,""association"":0,""latency"":0,""type"":{""Data"":1,""Instruction"":0,""CPU"":0,""HSACU"":1}},{""processor_id_low"":2147487744,""size"":256,""level"":1,""cache_line_size"":128,""cache_lines_per_tag"":0,""association"":0,""latency"":0,""type"":{""Data"":1,""Instruction"":0,""CPU"":0,""HSACU"":1}},{""processor_id_low"":2147487754,""size"":256,""level"":1,""cache_line_size"":128,""cache_lines_per_tag"":0,""association"":0,""latency"":0,""type"":{""Data"":1,""Instruction"":0,""CPU"":0,""HSACU"":1}},{""processor_id_low"":2147487764,""size"":256,""level"":1,""cache_line_size"":128,""cache_lines_per_tag"":0,""association"":0,""latency"":0,""type"":{""Data"":1,""Instruction"":0,""CPU"":0,""HSACU"":1}},{""processor_id_low"":2147487774,""size"":256,""level"":1,""cache_line_size"":128,""cache_lines_per_tag"":0,""association"":0,""latency"":0,""type"":{""Data"":1,""Instruction"":0,""CPU"":0,""HSACU"":1}},{""processor_id_low"":2147487744,""size"":2048,""level"":2,""cache_line_size"":128,""cache_lines_per_tag"":0,""association"":0,""latency"":0,""type"":{""Data"":1,""Instruction"":0,""CPU"":0,""HSACU"":1}},{""processor_id_low"":2147487744,""size"":32768,""level"":3,""cache_line_size"":64,""cache_lines_per_tag"":0,""association"":0,""latency"":0,""type"":{""Data"":1,""Instruction"":0,""CPU"":0,""HSACU"":1}}],""io_links"":[{""type"":2,""version_major"":0,""version_minor"":0,""node_from"":1,""node_to"":0,""weight"":20,""min_latency"":0,""max_latency"":0,""min_bandwidth"":0,""max_bandwidth"":32000,""recommended_transfer_size"":0,""flags"":{""Override"":1,""NonCoherent"":0,""NoAtomics32bit"":0,""NoAtomics64bit"":0,""NoPeerToPeerDMA"":0}}],""gpu_index"":0}"
8070450532247928832,00003ca6-09b7-79b7-b725-3f83431792c1,1655282045,1291742,,,,,KFD_EVENT_PAGE_MIGRATE,KFD_EVENT_PAGE_MIGRATE,"KFD page migration events","",rocm,"",ABS,KFD,,0,0,{}
8070450532247928833,00003ca6-09b7-79b7-b725-3f83431792c1,1655282045,1291742,,,,,KFD_EVENT_PAGE_FAULT,KFD_EVENT_PAGE_FAULT,"KFD page fault events","",rocm,"",ABS,KFD,,0,0,{}
8070450532247928834,00003ca6-09b7-79b7-b725-3f83431792c1,1655282045,1291742,,,,,KFD_EVENT_QUEUE,KFD_EVENT_QUEUE,"KFD queue eviction/restore events","",rocm,"",ABS,KFD,,0,0,{}
8070450532247928835,00003ca6-09b7-79b7-b725-3f83431792c1,1655282045,1291742,,,,,KFD_EVENT_UNMAP_FROM_GPU,KFD_EVENT_UNMAP_FROM_GPU,"KFD unmap from GPU events","",rocm,"",ABS,KFD,,0,0,{}
8070450532247928836,00003ca6-09b7-79b7-b725-3f83431792c1,1655282045,1291742,,,,,KFD_EVENT_DROPPED_EVENTS,KFD_EVENT_DROPPED_EVENTS,"KFD dropped_events events","",rocm,"",ABS,KFD,,0,0,{}
8070450532247928837,00003ca6-09b7-79b7-b725-3f83431792c1,1655282045,1291742,,,,,KFD_PAGE_MIGRATE,KFD_PAGE_MIGRATE,"KFD page migration paired records","",rocm,"",ABS,KFD,,0,0,{}
8070450532247928838,00003ca6-09b7-79b7-b725-3f83431792c1,1655282045,1291742,,,,,KFD_PAGE_FAULT,KFD_PAGE_FAULT,"KFD page fault paired records","",rocm,"",ABS,KFD,,0,0,{}
8070450532247928839,00003ca6-09b7-79b7-b725-3f83431792c1,1655282045,1291742,,,,,KFD_QUEUE,KFD_QUEUE,"KFD queue eviction/restore paired records","",rocm,"",ABS,KFD,,0,0,{}

=== TABLE: rocpd_pmc_event ===id,guid,event_id,pmc_id,value,extdata
1,00003ca6-09b7-79b7-b725-3f83431792c1,1,3248,3968.0,{}
2,00003ca6-09b7-79b7-b725-3f83431792c1,1,3248,3968.0,{}
3,00003ca6-09b7-79b7-b725-3f83431792c1,1,3248,3968.0,{}
4,00003ca6-09b7-79b7-b725-3f83431792c1,1,3248,4056.0,{}
5,00003ca6-09b7-79b7-b725-3f83431792c1,1,3248,4056.0,{}
6,00003ca6-09b7-79b7-b725-3f83431792c1,1,3248,3968.0,{}
7,00003ca6-09b7-79b7-b725-3f83431792c1,1,3248,3968.0,{}
8,00003ca6-09b7-79b7-b725-3f83431792c1,1,3248,3968.0,{}
9,00003ca6-09b7-79b7-b725-3f83431792c1,1,3248,3968.0,{}
10,00003ca6-09b7-79b7-b725-3f83431792c1,1,3248,3968.0,{}
11,00003ca6-09b7-79b7-b725-3f83431792c1,1,3248,3968.0,{}
12,00003ca6-09b7-79b7-b725-3f83431792c1,1,3248,3968.0,{}
13,00003ca6-09b7-79b7-b725-3f83431792c1,1,3248,4056.0,{}
14,00003ca6-09b7-79b7-b725-3f83431792c1,1,3248,4056.0,{}
15,00003ca6-09b7-79b7-b725-3f83431792c1,1,3248,3968.0,{}
16,00003ca6-09b7-79b7-b725-3f83431792c1,1,3248,3968.0,{}
17,00003ca6-09b7-79b7-b725-3f83431792c1,1,3248,3968.0,{}
18,00003ca6-09b7-79b7-b725-3f83431792c1,1,3248,3968.0,{}
19,00003ca6-09b7-79b7-b725-3f83431792c1,1,3248,3968.0,{}
20,00003ca6-09b7-79b7-b725-3f83431792c1,1,3248,3968.0,{}
21,00003ca6-09b7-79b7-b725-3f83431792c1,1,4266,73088.0,{}
22,00003ca6-09b7-79b7-b725-3f83431792c1,1,4266,68468.0,{}
23,00003ca6-09b7-79b7-b725-3f83431792c1,1,4266,72313.0,{}
24,00003ca6-09b7-79b7-b725-3f83431792c1,1,4266,72713.0,{}
25,00003ca6-09b7-79b7-b725-3f83431792c1,2,3248,3968.0,{}
26,00003ca6-09b7-79b7-b725-3f83431792c1,2,3248,3968.0,{}
27,00003ca6-09b7-79b7-b725-3f83431792c1,2,3248,3968.0,{}
28,00003ca6-09b7-79b7-b725-3f83431792c1,2,3248,4056.0,{}
29,00003ca6-09b7-79b7-b725-3f83431792c1,2,3248,4056.0,{}
30,00003ca6-09b7-79b7-b725-3f83431792c1,2,3248,3968.0,{}
31,00003ca6-09b7-79b7-b725-3f83431792c1,2,3248,3968.0,{}
32,00003ca6-09b7-79b7-b725-3f83431792c1,2,3248,3968.0,{}
33,00003ca6-09b7-79b7-b725-3f83431792c1,2,3248,3968.0,{}
34,00003ca6-09b7-79b7-b725-3f83431792c1,2,3248,3968.0,{}
35,00003ca6-09b7-79b7-b725-3f83431792c1,2,3248,3968.0,{}
36,00003ca6-09b7-79b7-b725-3f83431792c1,2,3248,3968.0,{}
37,00003ca6-09b7-79b7-b725-3f83431792c1,2,3248,4056.0,{}
38,00003ca6-09b7-79b7-b725-3f83431792c1,2,3248,4056.0,{}
39,00003ca6-09b7-79b7-b725-3f83431792c1,2,3248,3968.0,{}
40,00003ca6-09b7-79b7-b725-3f83431792c1,2,3248,3968.0,{}
41,00003ca6-09b7-79b7-b725-3f83431792c1,2,3248,3968.0,{}
42,00003ca6-09b7-79b7-b725-3f83431792c1,2,3248,3968.0,{}
43,00003ca6-09b7-79b7-b725-3f83431792c1,2,3248,3968.0,{}
44,00003ca6-09b7-79b7-b725-3f83431792c1,2,3248,3968.0,{}
45,00003ca6-09b7-79b7-b725-3f83431792c1,2,4266,65975.0,{}
46,00003ca6-09b7-79b7-b725-3f83431792c1,2,4266,67862.0,{}
47,00003ca6-09b7-79b7-b725-3f83431792c1,2,4266,67679.0,{}
48,00003ca6-09b7-79b7-b725-3f83431792c1,2,4266,55655.0,{}
49,00003ca6-09b7-79b7-b725-3f83431792c1,3,3248,832.0,{}
50,00003ca6-09b7-79b7-b725-3f83431792c1,3,3248,832.0,{}
51,00003ca6-09b7-79b7-b725-3f83431792c1,3,3248,832.0,{}
52,00003ca6-09b7-79b7-b725-3f83431792c1,3,3248,824.0,{}
53,00003ca6-09b7-79b7-b725-3f83431792c1,3,3248,792.0,{}
54,00003ca6-09b7-79b7-b725-3f83431792c1,3,3248,808.0,{}
55,00003ca6-09b7-79b7-b725-3f83431792c1,3,3248,848.0,{}
56,00003ca6-09b7-79b7-b725-3f83431792c1,3,3248,832.0,{}
57,00003ca6-09b7-79b7-b725-3f83431792c1,3,3248,816.0,{}
58,00003ca6-09b7-79b7-b725-3f83431792c1,3,3248,776.0,{}
59,00003ca6-09b7-79b7-b725-3f83431792c1,3,3248,848.0,{}
60,00003ca6-09b7-79b7-b725-3f83431792c1,3,3248,832.0,{}
61,00003ca6-09b7-79b7-b725-3f83431792c1,3,3248,832.0,{}
62,00003ca6-09b7-79b7-b725-3f83431792c1,3,3248,816.0,{}
63,00003ca6-09b7-79b7-b725-3f83431792c1,3,3248,792.0,{}
64,00003ca6-09b7-79b7-b725-3f83431792c1,3,3248,816.0,{}
65,00003ca6-09b7-79b7-b725-3f83431792c1,3,3248,824.0,{}
66,00003ca6-09b7-79b7-b725-3f83431792c1,3,3248,832.0,{}
67,00003ca6-09b7-79b7-b725-3f83431792c1,3,3248,824.0,{}
68,00003ca6-09b7-79b7-b725-3f83431792c1,3,3248,776.0,{}
69,00003ca6-09b7-79b7-b725-3f83431792c1,3,4266,13312.0,{}
70,00003ca6-09b7-79b7-b725-3f83431792c1,3,4266,13821.0,{}
71,00003ca6-09b7-79b7-b725-3f83431792c1,3,4266,13543.0,{}
72,00003ca6-09b7-79b7-b725-3f83431792c1,3,4266,13787.0,{}
73,00003ca6-09b7-79b7-b725-3f83431792c1,4,3248,192545.0,{}
74,00003ca6-09b7-79b7-b725-3f83431792c1,4,3248,194485.0,{}
75,00003ca6-09b7-79b7-b725-3f83431792c1,4,3248,199820.0,{}
76,00003ca6-09b7-79b7-b725-3f83431792c1,4,3248,194970.0,{}
77,00003ca6-09b7-79b7-b725-3f83431792c1,4,3248,196910.0,{}
78,00003ca6-09b7-79b7-b725-3f83431792c1,4,3248,138225.0,{}
79,00003ca6-09b7-79b7-b725-3f83431792c1,4,3248,134345.0,{}
80,00003ca6-09b7-79b7-b725-3f83431792c1,4,3248,134830.0,{}
81,00003ca6-09b7-79b7-b725-3f83431792c1,4,3248,145015.0,{}
82,00003ca6-09b7-79b7-b725-3f83431792c1,4,3248,145015.0,{}
83,00003ca6-09b7-79b7-b725-3f83431792c1,4,3248,165870.0,{}
84,00003ca6-09b7-79b7-b725-3f83431792c1,4,3248,171205.0,{}
85,00003ca6-09b7-79b7-b725-3f83431792c1,4,3248,177025.0,{}
86,00003ca6-09b7-79b7-b725-3f83431792c1,4,3248,166355.0,{}
87,00003ca6-09b7-79b7-b725-3f83431792c1,4,3248,166355.0,{}
88,00003ca6-09b7-79b7-b725-3f83431792c1,4,3248,165870.0,{}
89,00003ca6-09b7-79b7-b725-3f83431792c1,4,3248,165870.0,{}
90,00003ca6-09b7-79b7-b725-3f83431792c1,4,3248,165870.0,{}
91,00003ca6-09b7-79b7-b725-3f83431792c1,4,3248,165870.0,{}
92,00003ca6-09b7-79b7-b725-3f83431792c1,4,3248,165870.0,{}
93,00003ca6-09b7-79b7-b725-3f83431792c1,4,4266,14807195.0,{}
94,00003ca6-09b7-79b7-b725-3f83431792c1,4,4266,13448328.0,{}
95,00003ca6-09b7-79b7-b725-3f83431792c1,4,4266,14590929.0,{}
96,00003ca6-09b7-79b7-b725-3f83431792c1,4,4266,13304607.0,{}
97,00003ca6-09b7-79b7-b725-3f83431792c1,5,3248,208550.0,{}
98,00003ca6-09b7-79b7-b725-3f83431792c1,5,3248,212915.0,{}
99,00003ca6-09b7-79b7-b725-3f83431792c1,5,3248,215340.0,{}
100,00003ca6-09b7-79b7-b725-3f83431792c1,5,3248,213400.0,{}
101,00003ca6-09b7-79b7-b725-3f83431792c1,5,3248,205155.0,{}
102,00003ca6-09b7-79b7-b725-3f83431792c1,5,3248,124160.0,{}
103,00003ca6-09b7-79b7-b725-3f83431792c1,5,3248,124160.0,{}
104,00003ca6-09b7-79b7-b725-3f83431792c1,5,3248,124160.0,{}
105,00003ca6-09b7-79b7-b725-3f83431792c1,5,3248,124160.0,{}
106,00003ca6-09b7-79b7-b725-3f83431792c1,5,3248,124160.0,{}
107,00003ca6-09b7-79b7-b725-3f83431792c1,5,3248,161020.0,{}
108,00003ca6-09b7-79b7-b725-3f83431792c1,5,3248,164900.0,{}
109,00003ca6-09b7-79b7-b725-3f83431792c1,5,3248,161990.0,{}
110,00003ca6-09b7-79b7-b725-3f83431792c1,5,3248,161990.0,{}
111,00003ca6-09b7-79b7-b725-3f83431792c1,5,3248,157140.0,{}
112,00003ca6-09b7-79b7-b725-3f83431792c1,5,3248,175085.0,{}
113,00003ca6-09b7-79b7-b725-3f83431792c1,5,3248,174115.0,{}
114,00003ca6-09b7-79b7-b725-3f83431792c1,5,3248,170720.0,{}
115,00003ca6-09b7-79b7-b725-3f83431792c1,5,3248,178480.0,{}
116,00003ca6-09b7-79b7-b725-3f83431792c1,5,3248,170720.0,{}
117,00003ca6-09b7-79b7-b725-3f83431792c1,5,4266,13258179.0,{}
118,00003ca6-09b7-79b7-b725-3f83431792c1,5,4266,12484654.0,{}
119,00003ca6-09b7-79b7-b725-3f83431792c1,5,4266,13555706.0,{}
120,00003ca6-09b7-79b7-b725-3f83431792c1,5,4266,12363600.0,{}
121,00003ca6-09b7-79b7-b725-3f83431792c1,6,3248,186240.0,{}
122,00003ca6-09b7-79b7-b725-3f83431792c1,6,3248,186240.0,{}
123,00003ca6-09b7-79b7-b725-3f83431792c1,6,3248,186240.0,{}
124,00003ca6-09b7-79b7-b725-3f83431792c1,6,3248,186240.0,{}
125,00003ca6-09b7-79b7-b725-3f83431792c1,6,3248,186240.0,{}
126,00003ca6-09b7-79b7-b725-3f83431792c1,6,3248,151320.0,{}
127,00003ca6-09b7-79b7-b725-3f83431792c1,6,3248,148895.0,{}
128,00003ca6-09b7-79b7-b725-3f83431792c1,6,3248,153260.0,{}
129,00003ca6-09b7-79b7-b725-3f83431792c1,6,3248,145985.0,{}
130,00003ca6-09b7-79b7-b725-3f83431792c1,6,3248,145500.0,{}
131,00003ca6-09b7-79b7-b725-3f83431792c1,6,3248,186240.0,{}
132,00003ca6-09b7-79b7-b725-3f83431792c1,6,3248,186240.0,{}
133,00003ca6-09b7-79b7-b725-3f83431792c1,6,3248,185755.0,{}
134,00003ca6-09b7-79b7-b725-3f83431792c1,6,3248,186240.0,{}
135,00003ca6-09b7-79b7-b725-3f83431792c1,6,3248,180905.0,{}
136,00003ca6-09b7-79b7-b725-3f83431792c1,6,3248,152290.0,{}
137,00003ca6-09b7-79b7-b725-3f83431792c1,6,3248,147925.0,{}
138,00003ca6-09b7-79b7-b725-3f83431792c1,6,3248,145015.0,{}
139,00003ca6-09b7-79b7-b725-3f83431792c1,6,3248,150835.0,{}
140,00003ca6-09b7-79b7-b725-3f83431792c1,6,3248,154715.0,{}
141,00003ca6-09b7-79b7-b725-3f83431792c1,6,4266,12800390.0,{}
142,00003ca6-09b7-79b7-b725-3f83431792c1,6,4266,12663788.0,{}
143,00003ca6-09b7-79b7-b725-3f83431792c1,6,4266,12502331.0,{}
144,00003ca6-09b7-79b7-b725-3f83431792c1,6,4266,12764100.0,{}
145,00003ca6-09b7-79b7-b725-3f83431792c1,7,3248,124160.0,{}
146,00003ca6-09b7-79b7-b725-3f83431792c1,7,3248,124160.0,{}
147,00003ca6-09b7-79b7-b725-3f83431792c1,7,3248,124160.0,{}
148,00003ca6-09b7-79b7-b725-3f83431792c1,7,3248,124160.0,{}
149,00003ca6-09b7-79b7-b725-3f83431792c1,7,3248,124160.0,{}
150,00003ca6-09b7-79b7-b725-3f83431792c1,7,3248,214370.0,{}
151,00003ca6-09b7-79b7-b725-3f83431792c1,7,3248,211945.0,{}
152,00003ca6-09b7-79b7-b725-3f83431792c1,7,3248,212915.0,{}
153,00003ca6-09b7-79b7-b725-3f83431792c1,7,3248,208065.0,{}
154,00003ca6-09b7-79b7-b725-3f83431792c1,7,3248,208065.0,{}
155,00003ca6-09b7-79b7-b725-3f83431792c1,7,3248,163930.0,{}
156,00003ca6-09b7-79b7-b725-3f83431792c1,7,3248,174600.0,{}
157,00003ca6-09b7-79b7-b725-3f83431792c1,7,3248,174115.0,{}
158,00003ca6-09b7-79b7-b725-3f83431792c1,7,3248,174115.0,{}
159,00003ca6-09b7-79b7-b725-3f83431792c1,7,3248,174115.0,{}
160,00003ca6-09b7-79b7-b725-3f83431792c1,7,3248,169750.0,{}
161,00003ca6-09b7-79b7-b725-3f83431792c1,7,3248,161020.0,{}
162,00003ca6-09b7-79b7-b725-3f83431792c1,7,3248,158595.0,{}
163,00003ca6-09b7-79b7-b725-3f83431792c1,7,3248,166355.0,{}
164,00003ca6-09b7-79b7-b725-3f83431792c1,7,3248,159565.0,{}
165,00003ca6-09b7-79b7-b725-3f83431792c1,7,4266,13846299.0,{}
166,00003ca6-09b7-79b7-b725-3f83431792c1,7,4266,12441362.0,{}
167,00003ca6-09b7-79b7-b725-3f83431792c1,7,4266,13814762.0,{}
168,00003ca6-09b7-79b7-b725-3f83431792c1,7,4266,12922804.0,{}
169,00003ca6-09b7-79b7-b725-3f83431792c1,8,3248,210975.0,{}
170,00003ca6-09b7-79b7-b725-3f83431792c1,8,3248,206610.0,{}
171,00003ca6-09b7-79b7-b725-3f83431792c1,8,3248,214855.0,{}
172,00003ca6-09b7-79b7-b725-3f83431792c1,8,3248,207580.0,{}
173,00003ca6-09b7-79b7-b725-3f83431792c1,8,3248,215340.0,{}
174,00003ca6-09b7-79b7-b725-3f83431792c1,8,3248,124160.0,{}
175,00003ca6-09b7-79b7-b725-3f83431792c1,8,3248,124160.0,{}
176,00003ca6-09b7-79b7-b725-3f83431792c1,8,3248,124160.0,{}
177,00003ca6-09b7-79b7-b725-3f83431792c1,8,3248,124160.0,{}
178,00003ca6-09b7-79b7-b725-3f83431792c1,8,3248,124160.0,{}
179,00003ca6-09b7-79b7-b725-3f83431792c1,8,3248,150835.0,{}
180,00003ca6-09b7-79b7-b725-3f83431792c1,8,3248,149380.0,{}
181,00003ca6-09b7-79b7-b725-3f83431792c1,8,3248,146470.0,{}
182,00003ca6-09b7-79b7-b725-3f83431792c1,8,3248,154230.0,{}
183,00003ca6-09b7-79b7-b725-3f83431792c1,8,3248,145985.0,{}
184,00003ca6-09b7-79b7-b725-3f83431792c1,8,3248,186725.0,{}
185,00003ca6-09b7-79b7-b725-3f83431792c1,8,3248,186725.0,{}
186,00003ca6-09b7-79b7-b725-3f83431792c1,8,3248,185755.0,{}
187,00003ca6-09b7-79b7-b725-3f83431792c1,8,3248,188180.0,{}
188,00003ca6-09b7-79b7-b725-3f83431792c1,8,3248,181875.0,{}
189,00003ca6-09b7-79b7-b725-3f83431792c1,8,4266,13132288.0,{}
190,00003ca6-09b7-79b7-b725-3f83431792c1,8,4266,13172474.0,{}
191,00003ca6-09b7-79b7-b725-3f83431792c1,8,4266,12922495.0,{}
192,00003ca6-09b7-79b7-b725-3f83431792c1,8,4266,12865600.0,{}
193,00003ca6-09b7-79b7-b725-3f83431792c1,9,3248,155200.0,{}
194,00003ca6-09b7-79b7-b725-3f83431792c1,9,3248,169265.0,{}
195,00003ca6-09b7-79b7-b725-3f83431792c1,9,3248,155200.0,{}
196,00003ca6-09b7-79b7-b725-3f83431792c1,9,3248,155200.0,{}
197,00003ca6-09b7-79b7-b725-3f83431792c1,9,3248,155200.0,{}
198,00003ca6-09b7-79b7-b725-3f83431792c1,9,3248,185755.0,{}
199,00003ca6-09b7-79b7-b725-3f83431792c1,9,3248,170720.0,{}
200,00003ca6-09b7-79b7-b725-3f83431792c1,9,3248,172175.0,{}
201,00003ca6-09b7-79b7-b725-3f83431792c1,9,3248,171205.0,{}
202,00003ca6-09b7-79b7-b725-3f83431792c1,9,3248,186240.0,{}
203,00003ca6-09b7-79b7-b725-3f83431792c1,9,3248,173145.0,{}
204,00003ca6-09b7-79b7-b725-3f83431792c1,9,3248,168295.0,{}
205,00003ca6-09b7-79b7-b725-3f83431792c1,9,3248,169750.0,{}
206,00003ca6-09b7-79b7-b725-3f83431792c1,9,3248,165870.0,{}
207,00003ca6-09b7-79b7-b725-3f83431792c1,9,3248,169750.0,{}
208,00003ca6-09b7-79b7-b725-3f83431792c1,9,3248,165870.0,{}
209,00003ca6-09b7-79b7-b725-3f83431792c1,9,3248,165870.0,{}
210,00003ca6-09b7-79b7-b725-3f83431792c1,9,3248,165870.0,{}
211,00003ca6-09b7-79b7-b725-3f83431792c1,9,3248,165870.0,{}
212,00003ca6-09b7-79b7-b725-3f83431792c1,9,3248,165870.0,{}
213,00003ca6-09b7-79b7-b725-3f83431792c1,9,4266,15126696.0,{}
214,00003ca6-09b7-79b7-b725-3f83431792c1,9,4266,13180563.0,{}
215,00003ca6-09b7-79b7-b725-3f83431792c1,9,4266,14789643.0,{}
216,00003ca6-09b7-79b7-b725-3f83431792c1,9,4266,13044825.0,{}
217,00003ca6-09b7-79b7-b725-3f83431792c1,10,3248,162475.0,{}
218,00003ca6-09b7-79b7-b725-3f83431792c1,10,3248,161020.0,{}
219,00003ca6-09b7-79b7-b725-3f83431792c1,10,3248,162475.0,{}
220,00003ca6-09b7-79b7-b725-3f83431792c1,10,3248,149380.0,{}
221,00003ca6-09b7-79b7-b725-3f83431792c1,10,3248,149380.0,{}
222,00003ca6-09b7-79b7-b725-3f83431792c1,10,3248,179935.0,{}
223,00003ca6-09b7-79b7-b725-3f83431792c1,10,3248,178965.0,{}
224,00003ca6-09b7-79b7-b725-3f83431792c1,10,3248,179935.0,{}
225,00003ca6-09b7-79b7-b725-3f83431792c1,10,3248,173145.0,{}
226,00003ca6-09b7-79b7-b725-3f83431792c1,10,3248,179450.0,{}
227,00003ca6-09b7-79b7-b725-3f83431792c1,10,3248,191575.0,{}
228,00003ca6-09b7-79b7-b725-3f83431792c1,10,3248,196425.0,{}
229,00003ca6-09b7-79b7-b725-3f83431792c1,10,3248,190120.0,{}
230,00003ca6-09b7-79b7-b725-3f83431792c1,10,3248,188180.0,{}
231,00003ca6-09b7-79b7-b725-3f83431792c1,10,3248,189150.0,{}
232,00003ca6-09b7-79b7-b725-3f83431792c1,10,3248,141620.0,{}
233,00003ca6-09b7-79b7-b725-3f83431792c1,10,3248,142105.0,{}
234,00003ca6-09b7-79b7-b725-3f83431792c1,10,3248,155200.0,{}
235,00003ca6-09b7-79b7-b725-3f83431792c1,10,3248,140650.0,{}
236,00003ca6-09b7-79b7-b725-3f83431792c1,10,3248,141135.0,{}
237,00003ca6-09b7-79b7-b725-3f83431792c1,10,4266,12963992.0,{}
238,00003ca6-09b7-79b7-b725-3f83431792c1,10,4266,13870254.0,{}
239,00003ca6-09b7-79b7-b725-3f83431792c1,10,4266,13661744.0,{}
240,00003ca6-09b7-79b7-b725-3f83431792c1,10,4266,13642194.0,{}
241,00003ca6-09b7-79b7-b725-3f83431792c1,11,3248,171690.0,{}
242,00003ca6-09b7-79b7-b725-3f83431792c1,11,3248,167325.0,{}
243,00003ca6-09b7-79b7-b725-3f83431792c1,11,3248,167810.0,{}
244,00003ca6-09b7-79b7-b725-3f83431792c1,11,3248,173630.0,{}
245,00003ca6-09b7-79b7-b725-3f83431792c1,11,3248,166355.0,{}
246,00003ca6-09b7-79b7-b725-3f83431792c1,11,3248,165870.0,{}
247,00003ca6-09b7-79b7-b725-3f83431792c1,11,3248,165870.0,{}
248,00003ca6-09b7-79b7-b725-3f83431792c1,11,3248,165870.0,{}
249,00003ca6-09b7-79b7-b725-3f83431792c1,11,3248,165870.0,{}
250,00003ca6-09b7-79b7-b725-3f83431792c1,11,3248,165870.0,{}
251,00003ca6-09b7-79b7-b725-3f83431792c1,11,3248,180905.0,{}
252,00003ca6-09b7-79b7-b725-3f83431792c1,11,3248,175570.0,{}
253,00003ca6-09b7-79b7-b725-3f83431792c1,11,3248,168295.0,{}
254,00003ca6-09b7-79b7-b725-3f83431792c1,11,3248,173145.0,{}
255,00003ca6-09b7-79b7-b725-3f83431792c1,11,3248,165870.0,{}
256,00003ca6-09b7-79b7-b725-3f83431792c1,11,3248,170720.0,{}
257,00003ca6-09b7-79b7-b725-3f83431792c1,11,3248,161505.0,{}
258,00003ca6-09b7-79b7-b725-3f83431792c1,11,3248,159080.0,{}
259,00003ca6-09b7-79b7-b725-3f83431792c1,11,3248,160535.0,{}
260,00003ca6-09b7-79b7-b725-3f83431792c1,11,3248,160535.0,{}
261,00003ca6-09b7-79b7-b725-3f83431792c1,11,4266,12004046.0,{}
262,00003ca6-09b7-79b7-b725-3f83431792c1,11,4266,14031415.0,{}
263,00003ca6-09b7-79b7-b725-3f83431792c1,11,4266,12246644.0,{}
264,00003ca6-09b7-79b7-b725-3f83431792c1,11,4266,13964612.0,{}
265,00003ca6-09b7-79b7-b725-3f83431792c1,12,3248,146470.0,{}
266,00003ca6-09b7-79b7-b725-3f83431792c1,12,3248,147925.0,{}
267,00003ca6-09b7-79b7-b725-3f83431792c1,12,3248,137740.0,{}
268,00003ca6-09b7-79b7-b725-3f83431792c1,12,3248,141135.0,{}
269,00003ca6-09b7-79b7-b725-3f83431792c1,12,3248,139680.0,{}
270,00003ca6-09b7-79b7-b725-3f83431792c1,12,3248,190120.0,{}
271,00003ca6-09b7-79b7-b725-3f83431792c1,12,3248,197395.0,{}
272,00003ca6-09b7-79b7-b725-3f83431792c1,12,3248,192545.0,{}
273,00003ca6-09b7-79b7-b725-3f83431792c1,12,3248,189635.0,{}
274,00003ca6-09b7-79b7-b725-3f83431792c1,12,3248,193515.0,{}
275,00003ca6-09b7-79b7-b725-3f83431792c1,12,3248,173630.0,{}
276,00003ca6-09b7-79b7-b725-3f83431792c1,12,3248,171690.0,{}
277,00003ca6-09b7-79b7-b725-3f83431792c1,12,3248,172175.0,{}
278,00003ca6-09b7-79b7-b725-3f83431792c1,12,3248,173630.0,{}
279,00003ca6-09b7-79b7-b725-3f83431792c1,12,3248,174115.0,{}
280,00003ca6-09b7-79b7-b725-3f83431792c1,12,3248,161505.0,{}
281,00003ca6-09b7-79b7-b725-3f83431792c1,12,3248,164900.0,{}
282,00003ca6-09b7-79b7-b725-3f83431792c1,12,3248,167810.0,{}
283,00003ca6-09b7-79b7-b725-3f83431792c1,12,3248,156655.0,{}
284,00003ca6-09b7-79b7-b725-3f83431792c1,12,3248,160050.0,{}
285,00003ca6-09b7-79b7-b725-3f83431792c1,12,4266,15615146.0,{}
286,00003ca6-09b7-79b7-b725-3f83431792c1,12,4266,14803598.0,{}
287,00003ca6-09b7-79b7-b725-3f83431792c1,12,4266,15345991.0,{}
288,00003ca6-09b7-79b7-b725-3f83431792c1,12,4266,14788136.0,{}
289,00003ca6-09b7-79b7-b725-3f83431792c1,13,3248,166355.0,{}
290,00003ca6-09b7-79b7-b725-3f83431792c1,13,3248,166355.0,{}
291,00003ca6-09b7-79b7-b725-3f83431792c1,13,3248,165870.0,{}
292,00003ca6-09b7-79b7-b725-3f83431792c1,13,3248,165870.0,{}
293,00003ca6-09b7-79b7-b725-3f83431792c1,13,3248,165870.0,{}
294,00003ca6-09b7-79b7-b725-3f83431792c1,13,3248,169750.0,{}
295,00003ca6-09b7-79b7-b725-3f83431792c1,13,3248,169750.0,{}
296,00003ca6-09b7-79b7-b725-3f83431792c1,13,3248,167810.0,{}
297,00003ca6-09b7-79b7-b725-3f83431792c1,13,3248,169750.0,{}
298,00003ca6-09b7-79b7-b725-3f83431792c1,13,3248,168780.0,{}
299,00003ca6-09b7-79b7-b725-3f83431792c1,13,3248,171205.0,{}
300,00003ca6-09b7-79b7-b725-3f83431792c1,13,3248,186240.0,{}
301,00003ca6-09b7-79b7-b725-3f83431792c1,13,3248,172175.0,{}
302,00003ca6-09b7-79b7-b725-3f83431792c1,13,3248,186240.0,{}
303,00003ca6-09b7-79b7-b725-3f83431792c1,13,3248,184300.0,{}
304,00003ca6-09b7-79b7-b725-3f83431792c1,13,3248,155200.0,{}
305,00003ca6-09b7-79b7-b725-3f83431792c1,13,3248,155200.0,{}
306,00003ca6-09b7-79b7-b725-3f83431792c1,13,3248,155200.0,{}
307,00003ca6-09b7-79b7-b725-3f83431792c1,13,3248,155200.0,{}
308,00003ca6-09b7-79b7-b725-3f83431792c1,13,3248,155200.0,{}
309,00003ca6-09b7-79b7-b725-3f83431792c1,13,4266,12258078.0,{}
310,00003ca6-09b7-79b7-b725-3f83431792c1,13,4266,13991048.0,{}
311,00003ca6-09b7-79b7-b725-3f83431792c1,13,4266,12147917.0,{}
312,00003ca6-09b7-79b7-b725-3f83431792c1,13,4266,14477223.0,{}
313,00003ca6-09b7-79b7-b725-3f83431792c1,14,3248,124160.0,{}
314,00003ca6-09b7-79b7-b725-3f83431792c1,14,3248,124160.0,{}
315,00003ca6-09b7-79b7-b725-3f83431792c1,14,3248,124160.0,{}
316,00003ca6-09b7-79b7-b725-3f83431792c1,14,3248,124160.0,{}
317,00003ca6-09b7-79b7-b725-3f83431792c1,14,3248,137255.0,{}
318,00003ca6-09b7-79b7-b725-3f83431792c1,14,3248,210490.0,{}
319,00003ca6-09b7-79b7-b725-3f83431792c1,14,3248,208550.0,{}
320,00003ca6-09b7-79b7-b725-3f83431792c1,14,3248,210490.0,{}
321,00003ca6-09b7-79b7-b725-3f83431792c1,14,3248,205155.0,{}
322,00003ca6-09b7-79b7-b725-3f83431792c1,14,3248,207580.0,{}
323,00003ca6-09b7-79b7-b725-3f83431792c1,14,3248,166355.0,{}
324,00003ca6-09b7-79b7-b725-3f83431792c1,14,3248,165870.0,{}
325,00003ca6-09b7-79b7-b725-3f83431792c1,14,3248,165870.0,{}
326,00003ca6-09b7-79b7-b725-3f83431792c1,14,3248,165870.0,{}
327,00003ca6-09b7-79b7-b725-3f83431792c1,14,3248,165870.0,{}
328,00003ca6-09b7-79b7-b725-3f83431792c1,14,3248,170720.0,{}
329,00003ca6-09b7-79b7-b725-3f83431792c1,14,3248,168780.0,{}
330,00003ca6-09b7-79b7-b725-3f83431792c1,14,3248,170235.0,{}
331,00003ca6-09b7-79b7-b725-3f83431792c1,14,3248,170235.0,{}
332,00003ca6-09b7-79b7-b725-3f83431792c1,14,3248,166355.0,{}
333,00003ca6-09b7-79b7-b725-3f83431792c1,14,4266,13160823.0,{}
334,00003ca6-09b7-79b7-b725-3f83431792c1,14,4266,11603538.0,{}
335,00003ca6-09b7-79b7-b725-3f83431792c1,14,4266,13350001.0,{}
336,00003ca6-09b7-79b7-b725-3f83431792c1,14,4266,11606766.0,{}
337,00003ca6-09b7-79b7-b725-3f83431792c1,15,3248,170720.0,{}
338,00003ca6-09b7-79b7-b725-3f83431792c1,15,3248,181875.0,{}
339,00003ca6-09b7-79b7-b725-3f83431792c1,15,3248,184785.0,{}
340,00003ca6-09b7-79b7-b725-3f83431792c1,15,3248,183330.0,{}
341,00003ca6-09b7-79b7-b725-3f83431792c1,15,3248,177995.0,{}
342,00003ca6-09b7-79b7-b725-3f83431792c1,15,3248,155200.0,{}
343,00003ca6-09b7-79b7-b725-3f83431792c1,15,3248,156655.0,{}
344,00003ca6-09b7-79b7-b725-3f83431792c1,15,3248,155200.0,{}
345,00003ca6-09b7-79b7-b725-3f83431792c1,15,3248,155200.0,{}
346,00003ca6-09b7-79b7-b725-3f83431792c1,15,3248,155200.0,{}
347,00003ca6-09b7-79b7-b725-3f83431792c1,15,3248,172175.0,{}
348,00003ca6-09b7-79b7-b725-3f83431792c1,15,3248,173145.0,{}
349,00003ca6-09b7-79b7-b725-3f83431792c1,15,3248,172175.0,{}
350,00003ca6-09b7-79b7-b725-3f83431792c1,15,3248,170235.0,{}
351,00003ca6-09b7-79b7-b725-3f83431792c1,15,3248,178965.0,{}
352,00003ca6-09b7-79b7-b725-3f83431792c1,15,3248,170235.0,{}
353,00003ca6-09b7-79b7-b725-3f83431792c1,15,3248,156655.0,{}
354,00003ca6-09b7-79b7-b725-3f83431792c1,15,3248,162960.0,{}
355,00003ca6-09b7-79b7-b725-3f83431792c1,15,3248,156655.0,{}
356,00003ca6-09b7-79b7-b725-3f83431792c1,15,3248,162960.0,{}
357,00003ca6-09b7-79b7-b725-3f83431792c1,15,4266,14656265.0,{}
358,00003ca6-09b7-79b7-b725-3f83431792c1,15,4266,12180834.0,{}
359,00003ca6-09b7-79b7-b725-3f83431792c1,15,4266,14017468.0,{}
360,00003ca6-09b7-79b7-b725-3f83431792c1,15,4266,12120294.0,{}
361,00003ca6-09b7-79b7-b725-3f83431792c1,16,3248,165870.0,{}
362,00003ca6-09b7-79b7-b725-3f83431792c1,16,3248,165870.0,{}
363,00003ca6-09b7-79b7-b725-3f83431792c1,16,3248,165870.0,{}
364,00003ca6-09b7-79b7-b725-3f83431792c1,16,3248,165870.0,{}
365,00003ca6-09b7-79b7-b725-3f83431792c1,16,3248,165870.0,{}
366,00003ca6-09b7-79b7-b725-3f83431792c1,16,3248,174115.0,{}
367,00003ca6-09b7-79b7-b725-3f83431792c1,16,3248,170720.0,{}
368,00003ca6-09b7-79b7-b725-3f83431792c1,16,3248,166355.0,{}
369,00003ca6-09b7-79b7-b725-3f83431792c1,16,3248,169750.0,{}
370,00003ca6-09b7-79b7-b725-3f83431792c1,16,3248,165870.0,{}
371,00003ca6-09b7-79b7-b725-3f83431792c1,16,3248,182360.0,{}
372,00003ca6-09b7-79b7-b725-3f83431792c1,16,3248,183330.0,{}
373,00003ca6-09b7-79b7-b725-3f83431792c1,16,3248,185270.0,{}
374,00003ca6-09b7-79b7-b725-3f83431792c1,16,3248,177025.0,{}
375,00003ca6-09b7-79b7-b725-3f83431792c1,16,3248,172175.0,{}
376,00003ca6-09b7-79b7-b725-3f83431792c1,16,3248,155200.0,{}
377,00003ca6-09b7-79b7-b725-3f83431792c1,16,3248,155200.0,{}
378,00003ca6-09b7-79b7-b725-3f83431792c1,16,3248,155200.0,{}
379,00003ca6-09b7-79b7-b725-3f83431792c1,16,3248,155200.0,{}
380,00003ca6-09b7-79b7-b725-3f83431792c1,16,3248,155200.0,{}
381,00003ca6-09b7-79b7-b725-3f83431792c1,16,4266,11800047.0,{}
382,00003ca6-09b7-79b7-b725-3f83431792c1,16,4266,12963116.0,{}
383,00003ca6-09b7-79b7-b725-3f83431792c1,16,4266,11733152.0,{}
384,00003ca6-09b7-79b7-b725-3f83431792c1,16,4266,12880237.0,{}
385,00003ca6-09b7-79b7-b725-3f83431792c1,17,3248,1152.0,{}
386,00003ca6-09b7-79b7-b725-3f83431792c1,17,3248,1152.0,{}
387,00003ca6-09b7-79b7-b725-3f83431792c1,17,3248,1152.0,{}
388,00003ca6-09b7-79b7-b725-3f83431792c1,17,3248,1064.0,{}
389,00003ca6-09b7-79b7-b725-3f83431792c1,17,3248,1064.0,{}
390,00003ca6-09b7-79b7-b725-3f83431792c1,17,3248,1152.0,{}
391,00003ca6-09b7-79b7-b725-3f83431792c1,17,3248,1152.0,{}
392,00003ca6-09b7-79b7-b725-3f83431792c1,17,3248,1152.0,{}
393,00003ca6-09b7-79b7-b725-3f83431792c1,17,3248,1152.0,{}
394,00003ca6-09b7-79b7-b725-3f83431792c1,17,3248,1152.0,{}
395,00003ca6-09b7-79b7-b725-3f83431792c1,17,3248,1152.0,{}
396,00003ca6-09b7-79b7-b725-3f83431792c1,17,3248,1152.0,{}
397,00003ca6-09b7-79b7-b725-3f83431792c1,17,3248,1064.0,{}
398,00003ca6-09b7-79b7-b725-3f83431792c1,17,3248,1064.0,{}
399,00003ca6-09b7-79b7-b725-3f83431792c1,17,3248,1152.0,{}
400,00003ca6-09b7-79b7-b725-3f83431792c1,17,3248,1152.0,{}
401,00003ca6-09b7-79b7-b725-3f83431792c1,17,3248,1152.0,{}
402,00003ca6-09b7-79b7-b725-3f83431792c1,17,3248,1152.0,{}
403,00003ca6-09b7-79b7-b725-3f83431792c1,17,3248,1152.0,{}
404,00003ca6-09b7-79b7-b725-3f83431792c1,17,3248,1152.0,{}
405,00003ca6-09b7-79b7-b725-3f83431792c1,17,4266,2042.0,{}
406,00003ca6-09b7-79b7-b725-3f83431792c1,17,4266,2036.0,{}
407,00003ca6-09b7-79b7-b725-3f83431792c1,17,4266,2061.0,{}
408,00003ca6-09b7-79b7-b725-3f83431792c1,17,4266,2011.0,{}
409,00003ca6-09b7-79b7-b725-3f83431792c1,18,3248,1152.0,{}
410,00003ca6-09b7-79b7-b725-3f83431792c1,18,3248,1152.0,{}
411,00003ca6-09b7-79b7-b725-3f83431792c1,18,3248,1152.0,{}
412,00003ca6-09b7-79b7-b725-3f83431792c1,18,3248,1064.0,{}
413,00003ca6-09b7-79b7-b725-3f83431792c1,18,3248,1064.0,{}
414,00003ca6-09b7-79b7-b725-3f83431792c1,18,3248,1152.0,{}
415,00003ca6-09b7-79b7-b725-3f83431792c1,18,3248,1152.0,{}
416,00003ca6-09b7-79b7-b725-3f83431792c1,18,3248,1152.0,{}
417,00003ca6-09b7-79b7-b725-3f83431792c1,18,3248,1152.0,{}
418,00003ca6-09b7-79b7-b725-3f83431792c1,18,3248,1152.0,{}
419,00003ca6-09b7-79b7-b725-3f83431792c1,18,3248,1152.0,{}
420,00003ca6-09b7-79b7-b725-3f83431792c1,18,3248,1152.0,{}
421,00003ca6-09b7-79b7-b725-3f83431792c1,18,3248,1064.0,{}
422,00003ca6-09b7-79b7-b725-3f83431792c1,18,3248,1064.0,{}
423,00003ca6-09b7-79b7-b725-3f83431792c1,18,3248,1152.0,{}
424,00003ca6-09b7-79b7-b725-3f83431792c1,18,3248,1152.0,{}
425,00003ca6-09b7-79b7-b725-3f83431792c1,18,3248,1152.0,{}
426,00003ca6-09b7-79b7-b725-3f83431792c1,18,3248,1152.0,{}
427,00003ca6-09b7-79b7-b725-3f83431792c1,18,3248,1152.0,{}
428,00003ca6-09b7-79b7-b725-3f83431792c1,18,3248,1152.0,{}
429,00003ca6-09b7-79b7-b725-3f83431792c1,18,4266,2673.0,{}
430,00003ca6-09b7-79b7-b725-3f83431792c1,18,4266,2702.0,{}
431,00003ca6-09b7-79b7-b725-3f83431792c1,18,4266,2705.0,{}
432,00003ca6-09b7-79b7-b725-3f83431792c1,18,4266,2557.0,{}
433,00003ca6-09b7-79b7-b725-3f83431792c1,19,3248,800.0,{}
434,00003ca6-09b7-79b7-b725-3f83431792c1,19,3248,824.0,{}
435,00003ca6-09b7-79b7-b725-3f83431792c1,19,3248,816.0,{}
436,00003ca6-09b7-79b7-b725-3f83431792c1,19,3248,800.0,{}
437,00003ca6-09b7-79b7-b725-3f83431792c1,19,3248,800.0,{}
438,00003ca6-09b7-79b7-b725-3f83431792c1,19,3248,848.0,{}
439,00003ca6-09b7-79b7-b725-3f83431792c1,19,3248,840.0,{}
440,00003ca6-09b7-79b7-b725-3f83431792c1,19,3248,832.0,{}
441,00003ca6-09b7-79b7-b725-3f83431792c1,19,3248,832.0,{}
442,00003ca6-09b7-79b7-b725-3f83431792c1,19,3248,800.0,{}
443,00003ca6-09b7-79b7-b725-3f83431792c1,19,3248,800.0,{}
444,00003ca6-09b7-79b7-b725-3f83431792c1,19,3248,808.0,{}
445,00003ca6-09b7-79b7-b725-3f83431792c1,19,3248,816.0,{}
446,00003ca6-09b7-79b7-b725-3f83431792c1,19,3248,824.0,{}
447,00003ca6-09b7-79b7-b725-3f83431792c1,19,3248,784.0,{}
448,00003ca6-09b7-79b7-b725-3f83431792c1,19,3248,856.0,{}
449,00003ca6-09b7-79b7-b725-3f83431792c1,19,3248,840.0,{}
450,00003ca6-09b7-79b7-b725-3f83431792c1,19,3248,832.0,{}
451,00003ca6-09b7-79b7-b725-3f83431792c1,19,3248,832.0,{}
452,00003ca6-09b7-79b7-b725-3f83431792c1,19,3248,800.0,{}
453,00003ca6-09b7-79b7-b725-3f83431792c1,19,4266,24747.0,{}
454,00003ca6-09b7-79b7-b725-3f83431792c1,19,4266,24982.0,{}
455,00003ca6-09b7-79b7-b725-3f83431792c1,19,4266,28665.0,{}
456,00003ca6-09b7-79b7-b725-3f83431792c1,19,4266,28812.0,{}
457,00003ca6-09b7-79b7-b725-3f83431792c1,20,3248,41225.0,{}
458,00003ca6-09b7-79b7-b725-3f83431792c1,20,3248,42195.0,{}
459,00003ca6-09b7-79b7-b725-3f83431792c1,20,3248,40255.0,{}
460,00003ca6-09b7-79b7-b725-3f83431792c1,20,3248,39770.0,{}
461,00003ca6-09b7-79b7-b725-3f83431792c1,20,3248,49470.0,{}
462,00003ca6-09b7-79b7-b725-3f83431792c1,20,3248,35405.0,{}
463,00003ca6-09b7-79b7-b725-3f83431792c1,20,3248,50925.0,{}
464,00003ca6-09b7-79b7-b725-3f83431792c1,20,3248,48500.0,{}
465,00003ca6-09b7-79b7-b725-3f83431792c1,20,3248,35405.0,{}
466,00003ca6-09b7-79b7-b725-3f83431792c1,20,3248,35890.0,{}
467,00003ca6-09b7-79b7-b725-3f83431792c1,20,3248,43165.0,{}
468,00003ca6-09b7-79b7-b725-3f83431792c1,20,3248,42680.0,{}
469,00003ca6-09b7-79b7-b725-3f83431792c1,20,3248,56745.0,{}
470,00003ca6-09b7-79b7-b725-3f83431792c1,20,3248,43165.0,{}
471,00003ca6-09b7-79b7-b725-3f83431792c1,20,3248,47530.0,{}
472,00003ca6-09b7-79b7-b725-3f83431792c1,20,3248,35890.0,{}
473,00003ca6-09b7-79b7-b725-3f83431792c1,20,3248,35890.0,{}
474,00003ca6-09b7-79b7-b725-3f83431792c1,20,3248,35890.0,{}
475,00003ca6-09b7-79b7-b725-3f83431792c1,20,3248,42680.0,{}
476,00003ca6-09b7-79b7-b725-3f83431792c1,20,3248,35405.0,{}
477,00003ca6-09b7-79b7-b725-3f83431792c1,20,4266,3240253.0,{}
478,00003ca6-09b7-79b7-b725-3f83431792c1,20,4266,3080916.0,{}
479,00003ca6-09b7-79b7-b725-3f83431792c1,20,4266,3329418.0,{}
480,00003ca6-09b7-79b7-b725-3f83431792c1,20,4266,3073006.0,{}
481,00003ca6-09b7-79b7-b725-3f83431792c1,21,3248,46560.0,{}
482,00003ca6-09b7-79b7-b725-3f83431792c1,21,3248,46560.0,{}
483,00003ca6-09b7-79b7-b725-3f83431792c1,21,3248,45590.0,{}
484,00003ca6-09b7-79b7-b725-3f83431792c1,21,3248,46560.0,{}
485,00003ca6-09b7-79b7-b725-3f83431792c1,21,3248,46075.0,{}
486,00003ca6-09b7-79b7-b725-3f83431792c1,21,3248,31040.0,{}
487,00003ca6-09b7-79b7-b725-3f83431792c1,21,3248,31040.0,{}
488,00003ca6-09b7-79b7-b725-3f83431792c1,21,3248,31040.0,{}
489,00003ca6-09b7-79b7-b725-3f83431792c1,21,3248,44620.0,{}
490,00003ca6-09b7-79b7-b725-3f83431792c1,21,3248,49955.0,{}
491,00003ca6-09b7-79b7-b725-3f83431792c1,21,3248,51410.0,{}
492,00003ca6-09b7-79b7-b725-3f83431792c1,21,3248,47045.0,{}
493,00003ca6-09b7-79b7-b725-3f83431792c1,21,3248,57715.0,{}
494,00003ca6-09b7-79b7-b725-3f83431792c1,21,3248,47045.0,{}
495,00003ca6-09b7-79b7-b725-3f83431792c1,21,3248,47045.0,{}
496,00003ca6-09b7-79b7-b725-3f83431792c1,21,3248,35890.0,{}
497,00003ca6-09b7-79b7-b725-3f83431792c1,21,3248,31040.0,{}
498,00003ca6-09b7-79b7-b725-3f83431792c1,21,3248,35405.0,{}
499,00003ca6-09b7-79b7-b725-3f83431792c1,21,3248,35405.0,{}
500,00003ca6-09b7-79b7-b725-3f83431792c1,21,3248,31040.0,{}
501,00003ca6-09b7-79b7-b725-3f83431792c1,21,4266,2874373.0,{}
502,00003ca6-09b7-79b7-b725-3f83431792c1,21,4266,2538877.0,{}
503,00003ca6-09b7-79b7-b725-3f83431792c1,21,4266,2302613.0,{}
504,00003ca6-09b7-79b7-b725-3f83431792c1,21,4266,2626222.0,{}
505,00003ca6-09b7-79b7-b725-3f83431792c1,22,3248,31040.0,{}
506,00003ca6-09b7-79b7-b725-3f83431792c1,22,3248,46560.0,{}
507,00003ca6-09b7-79b7-b725-3f83431792c1,22,3248,62080.0,{}
508,00003ca6-09b7-79b7-b725-3f83431792c1,22,3248,46560.0,{}
509,00003ca6-09b7-79b7-b725-3f83431792c1,22,3248,46560.0,{}
510,00003ca6-09b7-79b7-b725-3f83431792c1,22,3248,31040.0,{}
511,00003ca6-09b7-79b7-b725-3f83431792c1,22,3248,31040.0,{}
512,00003ca6-09b7-79b7-b725-3f83431792c1,22,3248,46560.0,{}
513,00003ca6-09b7-79b7-b725-3f83431792c1,22,3248,31040.0,{}
514,00003ca6-09b7-79b7-b725-3f83431792c1,22,3248,46560.0,{}
515,00003ca6-09b7-79b7-b725-3f83431792c1,22,3248,42195.0,{}
516,00003ca6-09b7-79b7-b725-3f83431792c1,22,3248,40255.0,{}
517,00003ca6-09b7-79b7-b725-3f83431792c1,22,3248,48500.0,{}
518,00003ca6-09b7-79b7-b725-3f83431792c1,22,3248,40255.0,{}
519,00003ca6-09b7-79b7-b725-3f83431792c1,22,3248,46560.0,{}
520,00003ca6-09b7-79b7-b725-3f83431792c1,22,3248,40740.0,{}
521,00003ca6-09b7-79b7-b725-3f83431792c1,22,3248,40255.0,{}
522,00003ca6-09b7-79b7-b725-3f83431792c1,22,3248,40255.0,{}
523,00003ca6-09b7-79b7-b725-3f83431792c1,22,3248,40255.0,{}
524,00003ca6-09b7-79b7-b725-3f83431792c1,22,3248,39770.0,{}
525,00003ca6-09b7-79b7-b725-3f83431792c1,22,4266,2330201.0,{}
526,00003ca6-09b7-79b7-b725-3f83431792c1,22,4266,2334508.0,{}
527,00003ca6-09b7-79b7-b725-3f83431792c1,22,4266,2276660.0,{}
528,00003ca6-09b7-79b7-b725-3f83431792c1,22,4266,2290063.0,{}
529,00003ca6-09b7-79b7-b725-3f83431792c1,23,3248,62080.0,{}
530,00003ca6-09b7-79b7-b725-3f83431792c1,23,3248,62080.0,{}
531,00003ca6-09b7-79b7-b725-3f83431792c1,23,3248,39770.0,{}
532,00003ca6-09b7-79b7-b725-3f83431792c1,23,3248,51895.0,{}
533,00003ca6-09b7-79b7-b725-3f83431792c1,23,3248,46560.0,{}
534,00003ca6-09b7-79b7-b725-3f83431792c1,23,3248,31040.0,{}
535,00003ca6-09b7-79b7-b725-3f83431792c1,23,3248,31040.0,{}
536,00003ca6-09b7-79b7-b725-3f83431792c1,23,3248,31040.0,{}
537,00003ca6-09b7-79b7-b725-3f83431792c1,23,3248,32495.0,{}
538,00003ca6-09b7-79b7-b725-3f83431792c1,23,3248,31040.0,{}
539,00003ca6-09b7-79b7-b725-3f83431792c1,23,3248,62080.0,{}
540,00003ca6-09b7-79b7-b725-3f83431792c1,23,3248,36375.0,{}
541,00003ca6-09b7-79b7-b725-3f83431792c1,23,3248,62080.0,{}
542,00003ca6-09b7-79b7-b725-3f83431792c1,23,3248,48015.0,{}
543,00003ca6-09b7-79b7-b725-3f83431792c1,23,3248,55290.0,{}
544,00003ca6-09b7-79b7-b725-3f83431792c1,23,3248,31040.0,{}
545,00003ca6-09b7-79b7-b725-3f83431792c1,23,3248,31040.0,{}
546,00003ca6-09b7-79b7-b725-3f83431792c1,23,3248,31040.0,{}
547,00003ca6-09b7-79b7-b725-3f83431792c1,23,3248,31040.0,{}
548,00003ca6-09b7-79b7-b725-3f83431792c1,23,3248,31040.0,{}
549,00003ca6-09b7-79b7-b725-3f83431792c1,23,4266,2932531.0,{}
550,00003ca6-09b7-79b7-b725-3f83431792c1,23,4266,2824648.0,{}
551,00003ca6-09b7-79b7-b725-3f83431792c1,23,4266,2873173.0,{}
552,00003ca6-09b7-79b7-b725-3f83431792c1,23,4266,2822769.0,{}
553,00003ca6-09b7-79b7-b725-3f83431792c1,24,3248,45105.0,{}
554,00003ca6-09b7-79b7-b725-3f83431792c1,24,3248,31040.0,{}
555,00003ca6-09b7-79b7-b725-3f83431792c1,24,3248,31040.0,{}
556,00003ca6-09b7-79b7-b725-3f83431792c1,24,3248,55290.0,{}
557,00003ca6-09b7-79b7-b725-3f83431792c1,24,3248,45105.0,{}
558,00003ca6-09b7-79b7-b725-3f83431792c1,24,3248,44135.0,{}
559,00003ca6-09b7-79b7-b725-3f83431792c1,24,3248,31040.0,{}
560,00003ca6-09b7-79b7-b725-3f83431792c1,24,3248,31040.0,{}
561,00003ca6-09b7-79b7-b725-3f83431792c1,24,3248,49955.0,{}
562,00003ca6-09b7-79b7-b725-3f83431792c1,24,3248,55290.0,{}
563,00003ca6-09b7-79b7-b725-3f83431792c1,24,3248,45590.0,{}
564,00003ca6-09b7-79b7-b725-3f83431792c1,24,3248,50925.0,{}
565,00003ca6-09b7-79b7-b725-3f83431792c1,24,3248,39770.0,{}
566,00003ca6-09b7-79b7-b725-3f83431792c1,24,3248,40255.0,{}
567,00003ca6-09b7-79b7-b725-3f83431792c1,24,3248,41225.0,{}
568,00003ca6-09b7-79b7-b725-3f83431792c1,24,3248,39770.0,{}
569,00003ca6-09b7-79b7-b725-3f83431792c1,24,3248,40740.0,{}
570,00003ca6-09b7-79b7-b725-3f83431792c1,24,3248,39770.0,{}
571,00003ca6-09b7-79b7-b725-3f83431792c1,24,3248,40740.0,{}
572,00003ca6-09b7-79b7-b725-3f83431792c1,24,3248,40255.0,{}
573,00003ca6-09b7-79b7-b725-3f83431792c1,24,4266,3021224.0,{}
574,00003ca6-09b7-79b7-b725-3f83431792c1,24,4266,2643379.0,{}
575,00003ca6-09b7-79b7-b725-3f83431792c1,24,4266,2490551.0,{}
576,00003ca6-09b7-79b7-b725-3f83431792c1,24,4266,2492486.0,{}
577,00003ca6-09b7-79b7-b725-3f83431792c1,25,3248,31040.0,{}
578,00003ca6-09b7-79b7-b725-3f83431792c1,25,3248,46560.0,{}
579,00003ca6-09b7-79b7-b725-3f83431792c1,25,3248,48985.0,{}
580,00003ca6-09b7-79b7-b725-3f83431792c1,25,3248,48985.0,{}
581,00003ca6-09b7-79b7-b725-3f83431792c1,25,3248,62080.0,{}
582,00003ca6-09b7-79b7-b725-3f83431792c1,25,3248,31040.0,{}
583,00003ca6-09b7-79b7-b725-3f83431792c1,25,3248,31040.0,{}
584,00003ca6-09b7-79b7-b725-3f83431792c1,25,3248,33465.0,{}
585,00003ca6-09b7-79b7-b725-3f83431792c1,25,3248,40740.0,{}
586,00003ca6-09b7-79b7-b725-3f83431792c1,25,3248,45105.0,{}
587,00003ca6-09b7-79b7-b725-3f83431792c1,25,3248,31040.0,{}
588,00003ca6-09b7-79b7-b725-3f83431792c1,25,3248,31040.0,{}
589,00003ca6-09b7-79b7-b725-3f83431792c1,25,3248,39770.0,{}
590,00003ca6-09b7-79b7-b725-3f83431792c1,25,3248,31040.0,{}
591,00003ca6-09b7-79b7-b725-3f83431792c1,25,3248,38800.0,{}
592,00003ca6-09b7-79b7-b725-3f83431792c1,25,3248,62080.0,{}
593,00003ca6-09b7-79b7-b725-3f83431792c1,25,3248,31040.0,{}
594,00003ca6-09b7-79b7-b725-3f83431792c1,25,3248,45590.0,{}
595,00003ca6-09b7-79b7-b725-3f83431792c1,25,3248,46560.0,{}
596,00003ca6-09b7-79b7-b725-3f83431792c1,25,3248,62080.0,{}
597,00003ca6-09b7-79b7-b725-3f83431792c1,25,4266,2241817.0,{}
598,00003ca6-09b7-79b7-b725-3f83431792c1,25,4266,2304276.0,{}
599,00003ca6-09b7-79b7-b725-3f83431792c1,25,4266,2276253.0,{}
600,00003ca6-09b7-79b7-b725-3f83431792c1,25,4266,2347266.0,{}
601,00003ca6-09b7-79b7-b725-3f83431792c1,26,3248,55290.0,{}
602,00003ca6-09b7-79b7-b725-3f83431792c1,26,3248,53350.0,{}
603,00003ca6-09b7-79b7-b725-3f83431792c1,26,3248,62080.0,{}
604,00003ca6-09b7-79b7-b725-3f83431792c1,26,3248,31040.0,{}
605,00003ca6-09b7-79b7-b725-3f83431792c1,26,3248,62080.0,{}
606,00003ca6-09b7-79b7-b725-3f83431792c1,26,3248,31040.0,{}
607,00003ca6-09b7-79b7-b725-3f83431792c1,26,3248,31040.0,{}
608,00003ca6-09b7-79b7-b725-3f83431792c1,26,3248,31040.0,{}
609,00003ca6-09b7-79b7-b725-3f83431792c1,26,3248,31040.0,{}
610,00003ca6-09b7-79b7-b725-3f83431792c1,26,3248,31040.0,{}
611,00003ca6-09b7-79b7-b725-3f83431792c1,26,3248,31040.0,{}
612,00003ca6-09b7-79b7-b725-3f83431792c1,26,3248,31040.0,{}
613,00003ca6-09b7-79b7-b725-3f83431792c1,26,3248,43650.0,{}
614,00003ca6-09b7-79b7-b725-3f83431792c1,26,3248,61595.0,{}
615,00003ca6-09b7-79b7-b725-3f83431792c1,26,3248,54320.0,{}
616,00003ca6-09b7-79b7-b725-3f83431792c1,26,3248,31040.0,{}
617,00003ca6-09b7-79b7-b725-3f83431792c1,26,3248,43650.0,{}
618,00003ca6-09b7-79b7-b725-3f83431792c1,26,3248,56260.0,{}
619,00003ca6-09b7-79b7-b725-3f83431792c1,26,3248,34920.0,{}
620,00003ca6-09b7-79b7-b725-3f83431792c1,26,3248,31525.0,{}
621,00003ca6-09b7-79b7-b725-3f83431792c1,26,4266,3095645.0,{}
622,00003ca6-09b7-79b7-b725-3f83431792c1,26,4266,2359909.0,{}
623,00003ca6-09b7-79b7-b725-3f83431792c1,26,4266,2787632.0,{}
624,00003ca6-09b7-79b7-b725-3f83431792c1,26,4266,2330227.0,{}
625,00003ca6-09b7-79b7-b725-3f83431792c1,27,3248,31040.0,{}
626,00003ca6-09b7-79b7-b725-3f83431792c1,27,3248,31040.0,{}
627,00003ca6-09b7-79b7-b725-3f83431792c1,27,3248,32980.0,{}
628,00003ca6-09b7-79b7-b725-3f83431792c1,27,3248,32980.0,{}
629,00003ca6-09b7-79b7-b725-3f83431792c1,27,3248,31040.0,{}
630,00003ca6-09b7-79b7-b725-3f83431792c1,27,3248,42680.0,{}
631,00003ca6-09b7-79b7-b725-3f83431792c1,27,3248,62080.0,{}
632,00003ca6-09b7-79b7-b725-3f83431792c1,27,3248,51410.0,{}
633,00003ca6-09b7-79b7-b725-3f83431792c1,27,3248,50925.0,{}
634,00003ca6-09b7-79b7-b725-3f83431792c1,27,3248,52865.0,{}
635,00003ca6-09b7-79b7-b725-3f83431792c1,27,3248,52865.0,{}
636,00003ca6-09b7-79b7-b725-3f83431792c1,27,3248,49955.0,{}
637,00003ca6-09b7-79b7-b725-3f83431792c1,27,3248,52380.0,{}
638,00003ca6-09b7-79b7-b725-3f83431792c1,27,3248,51410.0,{}
639,00003ca6-09b7-79b7-b725-3f83431792c1,27,3248,49470.0,{}
640,00003ca6-09b7-79b7-b725-3f83431792c1,27,3248,33465.0,{}
641,00003ca6-09b7-79b7-b725-3f83431792c1,27,3248,31040.0,{}
642,00003ca6-09b7-79b7-b725-3f83431792c1,27,3248,32495.0,{}
643,00003ca6-09b7-79b7-b725-3f83431792c1,27,3248,34920.0,{}
644,00003ca6-09b7-79b7-b725-3f83431792c1,27,3248,31040.0,{}
645,00003ca6-09b7-79b7-b725-3f83431792c1,27,4266,2967395.0,{}
646,00003ca6-09b7-79b7-b725-3f83431792c1,27,4266,3271686.0,{}
647,00003ca6-09b7-79b7-b725-3f83431792c1,27,4266,2933129.0,{}
648,00003ca6-09b7-79b7-b725-3f83431792c1,27,4266,3457710.0,{}
649,00003ca6-09b7-79b7-b725-3f83431792c1,28,3248,31040.0,{}
650,00003ca6-09b7-79b7-b725-3f83431792c1,28,3248,31040.0,{}
651,00003ca6-09b7-79b7-b725-3f83431792c1,28,3248,39285.0,{}
652,00003ca6-09b7-79b7-b725-3f83431792c1,28,3248,37830.0,{}
653,00003ca6-09b7-79b7-b725-3f83431792c1,28,3248,39770.0,{}
654,00003ca6-09b7-79b7-b725-3f83431792c1,28,3248,35890.0,{}
655,00003ca6-09b7-79b7-b725-3f83431792c1,28,3248,55290.0,{}
656,00003ca6-09b7-79b7-b725-3f83431792c1,28,3248,46560.0,{}
657,00003ca6-09b7-79b7-b725-3f83431792c1,28,3248,46560.0,{}
658,00003ca6-09b7-79b7-b725-3f83431792c1,28,3248,55775.0,{}
659,00003ca6-09b7-79b7-b725-3f83431792c1,28,3248,42680.0,{}
660,00003ca6-09b7-79b7-b725-3f83431792c1,28,3248,40255.0,{}
661,00003ca6-09b7-79b7-b725-3f83431792c1,28,3248,40255.0,{}
662,00003ca6-09b7-79b7-b725-3f83431792c1,28,3248,45105.0,{}
663,00003ca6-09b7-79b7-b725-3f83431792c1,28,3248,44135.0,{}
664,00003ca6-09b7-79b7-b725-3f83431792c1,28,3248,41225.0,{}
665,00003ca6-09b7-79b7-b725-3f83431792c1,28,3248,40255.0,{}
666,00003ca6-09b7-79b7-b725-3f83431792c1,28,3248,42680.0,{}
667,00003ca6-09b7-79b7-b725-3f83431792c1,28,3248,41225.0,{}
668,00003ca6-09b7-79b7-b725-3f83431792c1,28,3248,41225.0,{}
669,00003ca6-09b7-79b7-b725-3f83431792c1,28,4266,2685412.0,{}
670,00003ca6-09b7-79b7-b725-3f83431792c1,28,4266,2651330.0,{}
671,00003ca6-09b7-79b7-b725-3f83431792c1,28,4266,2684403.0,{}
672,00003ca6-09b7-79b7-b725-3f83431792c1,28,4266,2705760.0,{}
673,00003ca6-09b7-79b7-b725-3f83431792c1,29,3248,31040.0,{}
674,00003ca6-09b7-79b7-b725-3f83431792c1,29,3248,46560.0,{}
675,00003ca6-09b7-79b7-b725-3f83431792c1,29,3248,46560.0,{}
676,00003ca6-09b7-79b7-b725-3f83431792c1,29,3248,42195.0,{}
677,00003ca6-09b7-79b7-b725-3f83431792c1,29,3248,34920.0,{}
678,00003ca6-09b7-79b7-b725-3f83431792c1,29,3248,46560.0,{}
679,00003ca6-09b7-79b7-b725-3f83431792c1,29,3248,46560.0,{}
680,00003ca6-09b7-79b7-b725-3f83431792c1,29,3248,31040.0,{}
681,00003ca6-09b7-79b7-b725-3f83431792c1,29,3248,53350.0,{}
682,00003ca6-09b7-79b7-b725-3f83431792c1,29,3248,40255.0,{}
683,00003ca6-09b7-79b7-b725-3f83431792c1,29,3248,37345.0,{}
684,00003ca6-09b7-79b7-b725-3f83431792c1,29,3248,31040.0,{}
685,00003ca6-09b7-79b7-b725-3f83431792c1,29,3248,43165.0,{}
686,00003ca6-09b7-79b7-b725-3f83431792c1,29,3248,31040.0,{}
687,00003ca6-09b7-79b7-b725-3f83431792c1,29,3248,59170.0,{}
688,00003ca6-09b7-79b7-b725-3f83431792c1,29,3248,62080.0,{}
689,00003ca6-09b7-79b7-b725-3f83431792c1,29,3248,46560.0,{}
690,00003ca6-09b7-79b7-b725-3f83431792c1,29,3248,31040.0,{}
691,00003ca6-09b7-79b7-b725-3f83431792c1,29,3248,46560.0,{}
692,00003ca6-09b7-79b7-b725-3f83431792c1,29,3248,31040.0,{}
693,00003ca6-09b7-79b7-b725-3f83431792c1,29,4266,2267672.0,{}
694,00003ca6-09b7-79b7-b725-3f83431792c1,29,4266,2521696.0,{}
695,00003ca6-09b7-79b7-b725-3f83431792c1,29,4266,2312781.0,{}
696,00003ca6-09b7-79b7-b725-3f83431792c1,29,4266,2725285.0,{}
697,00003ca6-09b7-79b7-b725-3f83431792c1,30,3248,46560.0,{}
698,00003ca6-09b7-79b7-b725-3f83431792c1,30,3248,45590.0,{}
699,00003ca6-09b7-79b7-b725-3f83431792c1,30,3248,31040.0,{}
700,00003ca6-09b7-79b7-b725-3f83431792c1,30,3248,46560.0,{}
701,00003ca6-09b7-79b7-b725-3f83431792c1,30,3248,54320.0,{}
702,00003ca6-09b7-79b7-b725-3f83431792c1,30,3248,31040.0,{}
703,00003ca6-09b7-79b7-b725-3f83431792c1,30,3248,31040.0,{}
704,00003ca6-09b7-79b7-b725-3f83431792c1,30,3248,47530.0,{}
705,00003ca6-09b7-79b7-b725-3f83431792c1,30,3248,54320.0,{}
706,00003ca6-09b7-79b7-b725-3f83431792c1,30,3248,31040.0,{}
707,00003ca6-09b7-79b7-b725-3f83431792c1,30,3248,31040.0,{}
708,00003ca6-09b7-79b7-b725-3f83431792c1,30,3248,49955.0,{}
709,00003ca6-09b7-79b7-b725-3f83431792c1,30,3248,37345.0,{}
710,00003ca6-09b7-79b7-b725-3f83431792c1,30,3248,38315.0,{}
711,00003ca6-09b7-79b7-b725-3f83431792c1,30,3248,42680.0,{}
712,00003ca6-09b7-79b7-b725-3f83431792c1,30,3248,39770.0,{}
713,00003ca6-09b7-79b7-b725-3f83431792c1,30,3248,40255.0,{}
714,00003ca6-09b7-79b7-b725-3f83431792c1,30,3248,38315.0,{}
715,00003ca6-09b7-79b7-b725-3f83431792c1,30,3248,53350.0,{}
716,00003ca6-09b7-79b7-b725-3f83431792c1,30,3248,48015.0,{}
717,00003ca6-09b7-79b7-b725-3f83431792c1,30,4266,2340981.0,{}
718,00003ca6-09b7-79b7-b725-3f83431792c1,30,4266,2249766.0,{}
719,00003ca6-09b7-79b7-b725-3f83431792c1,30,4266,2948957.0,{}
720,00003ca6-09b7-79b7-b725-3f83431792c1,30,4266,2332395.0,{}
721,00003ca6-09b7-79b7-b725-3f83431792c1,31,3248,31040.0,{}
722,00003ca6-09b7-79b7-b725-3f83431792c1,31,3248,31040.0,{}
723,00003ca6-09b7-79b7-b725-3f83431792c1,31,3248,31040.0,{}
724,00003ca6-09b7-79b7-b725-3f83431792c1,31,3248,31040.0,{}
725,00003ca6-09b7-79b7-b725-3f83431792c1,31,3248,31040.0,{}
726,00003ca6-09b7-79b7-b725-3f83431792c1,31,3248,46560.0,{}
727,00003ca6-09b7-79b7-b725-3f83431792c1,31,3248,46560.0,{}
728,00003ca6-09b7-79b7-b725-3f83431792c1,31,3248,62080.0,{}
729,00003ca6-09b7-79b7-b725-3f83431792c1,31,3248,62080.0,{}
730,00003ca6-09b7-79b7-b725-3f83431792c1,31,3248,46560.0,{}
731,00003ca6-09b7-79b7-b725-3f83431792c1,31,3248,46560.0,{}
732,00003ca6-09b7-79b7-b725-3f83431792c1,31,3248,50440.0,{}
733,00003ca6-09b7-79b7-b725-3f83431792c1,31,3248,46560.0,{}
734,00003ca6-09b7-79b7-b725-3f83431792c1,31,3248,62080.0,{}
735,00003ca6-09b7-79b7-b725-3f83431792c1,31,3248,46560.0,{}
736,00003ca6-09b7-79b7-b725-3f83431792c1,31,3248,31525.0,{}
737,00003ca6-09b7-79b7-b725-3f83431792c1,31,3248,42195.0,{}
738,00003ca6-09b7-79b7-b725-3f83431792c1,31,3248,31040.0,{}
739,00003ca6-09b7-79b7-b725-3f83431792c1,31,3248,31040.0,{}
740,00003ca6-09b7-79b7-b725-3f83431792c1,31,3248,31040.0,{}
741,00003ca6-09b7-79b7-b725-3f83431792c1,31,4266,2989729.0,{}
742,00003ca6-09b7-79b7-b725-3f83431792c1,31,4266,2916767.0,{}
743,00003ca6-09b7-79b7-b725-3f83431792c1,31,4266,2930345.0,{}
744,00003ca6-09b7-79b7-b725-3f83431792c1,31,4266,3509726.0,{}
745,00003ca6-09b7-79b7-b725-3f83431792c1,32,3248,31040.0,{}
746,00003ca6-09b7-79b7-b725-3f83431792c1,32,3248,31040.0,{}
747,00003ca6-09b7-79b7-b725-3f83431792c1,32,3248,43165.0,{}
748,00003ca6-09b7-79b7-b725-3f83431792c1,32,3248,39285.0,{}
749,00003ca6-09b7-79b7-b725-3f83431792c1,32,3248,53350.0,{}
750,00003ca6-09b7-79b7-b725-3f83431792c1,32,3248,31040.0,{}
751,00003ca6-09b7-79b7-b725-3f83431792c1,32,3248,31040.0,{}
752,00003ca6-09b7-79b7-b725-3f83431792c1,32,3248,51410.0,{}
753,00003ca6-09b7-79b7-b725-3f83431792c1,32,3248,46075.0,{}
754,00003ca6-09b7-79b7-b725-3f83431792c1,32,3248,61595.0,{}
755,00003ca6-09b7-79b7-b725-3f83431792c1,32,3248,31040.0,{}
756,00003ca6-09b7-79b7-b725-3f83431792c1,32,3248,31040.0,{}
757,00003ca6-09b7-79b7-b725-3f83431792c1,32,3248,31040.0,{}
758,00003ca6-09b7-79b7-b725-3f83431792c1,32,3248,31040.0,{}
759,00003ca6-09b7-79b7-b725-3f83431792c1,32,3248,31040.0,{}
760,00003ca6-09b7-79b7-b725-3f83431792c1,32,3248,54320.0,{}
761,00003ca6-09b7-79b7-b725-3f83431792c1,32,3248,55290.0,{}
762,00003ca6-09b7-79b7-b725-3f83431792c1,32,3248,52865.0,{}
763,00003ca6-09b7-79b7-b725-3f83431792c1,32,3248,52865.0,{}
764,00003ca6-09b7-79b7-b725-3f83431792c1,32,3248,48500.0,{}
765,00003ca6-09b7-79b7-b725-3f83431792c1,32,4266,2459914.0,{}
766,00003ca6-09b7-79b7-b725-3f83431792c1,32,4266,2800213.0,{}
767,00003ca6-09b7-79b7-b725-3f83431792c1,32,4266,2590175.0,{}
768,00003ca6-09b7-79b7-b725-3f83431792c1,32,4266,2896734.0,{}
769,00003ca6-09b7-79b7-b725-3f83431792c1,33,3248,1152.0,{}
770,00003ca6-09b7-79b7-b725-3f83431792c1,33,3248,1152.0,{}
771,00003ca6-09b7-79b7-b725-3f83431792c1,33,3248,1064.0,{}
772,00003ca6-09b7-79b7-b725-3f83431792c1,33,3248,1064.0,{}
773,00003ca6-09b7-79b7-b725-3f83431792c1,33,3248,1152.0,{}
774,00003ca6-09b7-79b7-b725-3f83431792c1,33,3248,1152.0,{}
775,00003ca6-09b7-79b7-b725-3f83431792c1,33,3248,1152.0,{}
776,00003ca6-09b7-79b7-b725-3f83431792c1,33,3248,1152.0,{}
777,00003ca6-09b7-79b7-b725-3f83431792c1,33,3248,1152.0,{}
778,00003ca6-09b7-79b7-b725-3f83431792c1,33,3248,1152.0,{}
779,00003ca6-09b7-79b7-b725-3f83431792c1,33,3248,1152.0,{}
780,00003ca6-09b7-79b7-b725-3f83431792c1,33,3248,1152.0,{}
781,00003ca6-09b7-79b7-b725-3f83431792c1,33,3248,1152.0,{}
782,00003ca6-09b7-79b7-b725-3f83431792c1,33,3248,1152.0,{}
783,00003ca6-09b7-79b7-b725-3f83431792c1,33,3248,1152.0,{}
784,00003ca6-09b7-79b7-b725-3f83431792c1,33,3248,1152.0,{}
785,00003ca6-09b7-79b7-b725-3f83431792c1,33,3248,1152.0,{}
786,00003ca6-09b7-79b7-b725-3f83431792c1,33,3248,1064.0,{}
787,00003ca6-09b7-79b7-b725-3f83431792c1,33,3248,1064.0,{}
788,00003ca6-09b7-79b7-b725-3f83431792c1,33,3248,1152.0,{}
789,00003ca6-09b7-79b7-b725-3f83431792c1,33,4266,1928.0,{}
790,00003ca6-09b7-79b7-b725-3f83431792c1,33,4266,1990.0,{}
791,00003ca6-09b7-79b7-b725-3f83431792c1,33,4266,2099.0,{}
792,00003ca6-09b7-79b7-b725-3f83431792c1,33,4266,2169.0,{}
793,00003ca6-09b7-79b7-b725-3f83431792c1,34,3248,1152.0,{}
794,00003ca6-09b7-79b7-b725-3f83431792c1,34,3248,1152.0,{}
795,00003ca6-09b7-79b7-b725-3f83431792c1,34,3248,1064.0,{}
796,00003ca6-09b7-79b7-b725-3f83431792c1,34,3248,1064.0,{}
797,00003ca6-09b7-79b7-b725-3f83431792c1,34,3248,1152.0,{}
798,00003ca6-09b7-79b7-b725-3f83431792c1,34,3248,1152.0,{}
799,00003ca6-09b7-79b7-b725-3f83431792c1,34,3248,1152.0,{}
800,00003ca6-09b7-79b7-b725-3f83431792c1,34,3248,1152.0,{}
801,00003ca6-09b7-79b7-b725-3f83431792c1,34,3248,1152.0,{}
802,00003ca6-09b7-79b7-b725-3f83431792c1,34,3248,1152.0,{}
803,00003ca6-09b7-79b7-b725-3f83431792c1,34,3248,1152.0,{}
804,00003ca6-09b7-79b7-b725-3f83431792c1,34,3248,1152.0,{}
805,00003ca6-09b7-79b7-b725-3f83431792c1,34,3248,1152.0,{}
806,00003ca6-09b7-79b7-b725-3f83431792c1,34,3248,1152.0,{}
807,00003ca6-09b7-79b7-b725-3f83431792c1,34,3248,1152.0,{}
808,00003ca6-09b7-79b7-b725-3f83431792c1,34,3248,1152.0,{}
809,00003ca6-09b7-79b7-b725-3f83431792c1,34,3248,1152.0,{}
810,00003ca6-09b7-79b7-b725-3f83431792c1,34,3248,1064.0,{}
811,00003ca6-09b7-79b7-b725-3f83431792c1,34,3248,1064.0,{}
812,00003ca6-09b7-79b7-b725-3f83431792c1,34,3248,1152.0,{}
813,00003ca6-09b7-79b7-b725-3f83431792c1,34,4266,1898.0,{}
814,00003ca6-09b7-79b7-b725-3f83431792c1,34,4266,2002.0,{}
815,00003ca6-09b7-79b7-b725-3f83431792c1,34,4266,2024.0,{}
816,00003ca6-09b7-79b7-b725-3f83431792c1,34,4266,2014.0,{}
817,00003ca6-09b7-79b7-b725-3f83431792c1,35,3248,200.0,{}
818,00003ca6-09b7-79b7-b725-3f83431792c1,35,3248,192.0,{}
819,00003ca6-09b7-79b7-b725-3f83431792c1,35,3248,224.0,{}
820,00003ca6-09b7-79b7-b725-3f83431792c1,35,3248,216.0,{}
821,00003ca6-09b7-79b7-b725-3f83431792c1,35,3248,200.0,{}
822,00003ca6-09b7-79b7-b725-3f83431792c1,35,3248,200.0,{}
823,00003ca6-09b7-79b7-b725-3f83431792c1,35,3248,200.0,{}
824,00003ca6-09b7-79b7-b725-3f83431792c1,35,3248,216.0,{}
825,00003ca6-09b7-79b7-b725-3f83431792c1,35,3248,200.0,{}
826,00003ca6-09b7-79b7-b725-3f83431792c1,35,3248,200.0,{}
827,00003ca6-09b7-79b7-b725-3f83431792c1,35,3248,200.0,{}
828,00003ca6-09b7-79b7-b725-3f83431792c1,35,3248,208.0,{}
829,00003ca6-09b7-79b7-b725-3f83431792c1,35,3248,208.0,{}
830,00003ca6-09b7-79b7-b725-3f83431792c1,35,3248,208.0,{}
831,00003ca6-09b7-79b7-b725-3f83431792c1,35,3248,192.0,{}
832,00003ca6-09b7-79b7-b725-3f83431792c1,35,3248,208.0,{}
833,00003ca6-09b7-79b7-b725-3f83431792c1,35,3248,200.0,{}
834,00003ca6-09b7-79b7-b725-3f83431792c1,35,3248,216.0,{}
835,00003ca6-09b7-79b7-b725-3f83431792c1,35,3248,208.0,{}
836,00003ca6-09b7-79b7-b725-3f83431792c1,35,3248,200.0,{}
837,00003ca6-09b7-79b7-b725-3f83431792c1,35,4266,4575.0,{}
838,00003ca6-09b7-79b7-b725-3f83431792c1,35,4266,4621.0,{}
839,00003ca6-09b7-79b7-b725-3f83431792c1,35,4266,4577.0,{}
840,00003ca6-09b7-79b7-b725-3f83431792c1,35,4266,4682.0,{}
841,00003ca6-09b7-79b7-b725-3f83431792c1,36,3248,46560.0,{}
842,00003ca6-09b7-79b7-b725-3f83431792c1,36,3248,31040.0,{}
843,00003ca6-09b7-79b7-b725-3f83431792c1,36,3248,44620.0,{}
844,00003ca6-09b7-79b7-b725-3f83431792c1,36,3248,31040.0,{}
845,00003ca6-09b7-79b7-b725-3f83431792c1,36,3248,31040.0,{}
846,00003ca6-09b7-79b7-b725-3f83431792c1,36,3248,48015.0,{}
847,00003ca6-09b7-79b7-b725-3f83431792c1,36,3248,46560.0,{}
848,00003ca6-09b7-79b7-b725-3f83431792c1,36,3248,46560.0,{}
849,00003ca6-09b7-79b7-b725-3f83431792c1,36,3248,46560.0,{}
850,00003ca6-09b7-79b7-b725-3f83431792c1,36,3248,47045.0,{}
851,00003ca6-09b7-79b7-b725-3f83431792c1,36,3248,43165.0,{}
852,00003ca6-09b7-79b7-b725-3f83431792c1,36,3248,31040.0,{}
853,00003ca6-09b7-79b7-b725-3f83431792c1,36,3248,36860.0,{}
854,00003ca6-09b7-79b7-b725-3f83431792c1,36,3248,31040.0,{}
855,00003ca6-09b7-79b7-b725-3f83431792c1,36,3248,37345.0,{}
856,00003ca6-09b7-79b7-b725-3f83431792c1,36,3248,43650.0,{}
857,00003ca6-09b7-79b7-b725-3f83431792c1,36,3248,48015.0,{}
858,00003ca6-09b7-79b7-b725-3f83431792c1,36,3248,46075.0,{}
859,00003ca6-09b7-79b7-b725-3f83431792c1,36,3248,48985.0,{}
860,00003ca6-09b7-79b7-b725-3f83431792c1,36,3248,52865.0,{}
861,00003ca6-09b7-79b7-b725-3f83431792c1,36,4266,6891462.0,{}
862,00003ca6-09b7-79b7-b725-3f83431792c1,36,4266,6976733.0,{}
863,00003ca6-09b7-79b7-b725-3f83431792c1,36,4266,7501615.0,{}
864,00003ca6-09b7-79b7-b725-3f83431792c1,36,4266,7006398.0,{}
865,00003ca6-09b7-79b7-b725-3f83431792c1,37,3248,46560.0,{}
866,00003ca6-09b7-79b7-b725-3f83431792c1,37,3248,31040.0,{}
867,00003ca6-09b7-79b7-b725-3f83431792c1,37,3248,31040.0,{}
868,00003ca6-09b7-79b7-b725-3f83431792c1,37,3248,46560.0,{}
869,00003ca6-09b7-79b7-b725-3f83431792c1,37,3248,31040.0,{}
870,00003ca6-09b7-79b7-b725-3f83431792c1,37,3248,46560.0,{}
871,00003ca6-09b7-79b7-b725-3f83431792c1,37,3248,46560.0,{}
872,00003ca6-09b7-79b7-b725-3f83431792c1,37,3248,46560.0,{}
873,00003ca6-09b7-79b7-b725-3f83431792c1,37,3248,46560.0,{}
874,00003ca6-09b7-79b7-b725-3f83431792c1,37,3248,46560.0,{}
875,00003ca6-09b7-79b7-b725-3f83431792c1,37,3248,46075.0,{}
876,00003ca6-09b7-79b7-b725-3f83431792c1,37,3248,43650.0,{}
877,00003ca6-09b7-79b7-b725-3f83431792c1,37,3248,43650.0,{}
878,00003ca6-09b7-79b7-b725-3f83431792c1,37,3248,36860.0,{}
879,00003ca6-09b7-79b7-b725-3f83431792c1,37,3248,44135.0,{}
880,00003ca6-09b7-79b7-b725-3f83431792c1,37,3248,46560.0,{}
881,00003ca6-09b7-79b7-b725-3f83431792c1,37,3248,37830.0,{}
882,00003ca6-09b7-79b7-b725-3f83431792c1,37,3248,45105.0,{}
883,00003ca6-09b7-79b7-b725-3f83431792c1,37,3248,44135.0,{}
884,00003ca6-09b7-79b7-b725-3f83431792c1,37,3248,31040.0,{}
885,00003ca6-09b7-79b7-b725-3f83431792c1,37,4266,5925730.0,{}
886,00003ca6-09b7-79b7-b725-3f83431792c1,37,4266,5888197.0,{}
887,00003ca6-09b7-79b7-b725-3f83431792c1,37,4266,6620409.0,{}
888,00003ca6-09b7-79b7-b725-3f83431792c1,37,4266,6558434.0,{}
889,00003ca6-09b7-79b7-b725-3f83431792c1,38,3248,62080.0,{}
890,00003ca6-09b7-79b7-b725-3f83431792c1,38,3248,46560.0,{}
891,00003ca6-09b7-79b7-b725-3f83431792c1,38,3248,62080.0,{}
892,00003ca6-09b7-79b7-b725-3f83431792c1,38,3248,46560.0,{}
893,00003ca6-09b7-79b7-b725-3f83431792c1,38,3248,31040.0,{}
894,00003ca6-09b7-79b7-b725-3f83431792c1,38,3248,31040.0,{}
895,00003ca6-09b7-79b7-b725-3f83431792c1,38,3248,46560.0,{}
896,00003ca6-09b7-79b7-b725-3f83431792c1,38,3248,31040.0,{}
897,00003ca6-09b7-79b7-b725-3f83431792c1,38,3248,31040.0,{}
898,00003ca6-09b7-79b7-b725-3f83431792c1,38,3248,31040.0,{}
899,00003ca6-09b7-79b7-b725-3f83431792c1,38,3248,37345.0,{}
900,00003ca6-09b7-79b7-b725-3f83431792c1,38,3248,43165.0,{}
901,00003ca6-09b7-79b7-b725-3f83431792c1,38,3248,31040.0,{}
902,00003ca6-09b7-79b7-b725-3f83431792c1,38,3248,31040.0,{}
903,00003ca6-09b7-79b7-b725-3f83431792c1,38,3248,40255.0,{}
904,00003ca6-09b7-79b7-b725-3f83431792c1,38,3248,43650.0,{}
905,00003ca6-09b7-79b7-b725-3f83431792c1,38,3248,46075.0,{}
906,00003ca6-09b7-79b7-b725-3f83431792c1,38,3248,48015.0,{}
907,00003ca6-09b7-79b7-b725-3f83431792c1,38,3248,49955.0,{}
908,00003ca6-09b7-79b7-b725-3f83431792c1,38,3248,48500.0,{}
909,00003ca6-09b7-79b7-b725-3f83431792c1,38,4266,6046819.0,{}
910,00003ca6-09b7-79b7-b725-3f83431792c1,38,4266,5499766.0,{}
911,00003ca6-09b7-79b7-b725-3f83431792c1,38,4266,6063043.0,{}
912,00003ca6-09b7-79b7-b725-3f83431792c1,38,4266,5254263.0,{}
913,00003ca6-09b7-79b7-b725-3f83431792c1,39,3248,31040.0,{}
914,00003ca6-09b7-79b7-b725-3f83431792c1,39,3248,31040.0,{}
915,00003ca6-09b7-79b7-b725-3f83431792c1,39,3248,31040.0,{}
916,00003ca6-09b7-79b7-b725-3f83431792c1,39,3248,31040.0,{}
917,00003ca6-09b7-79b7-b725-3f83431792c1,39,3248,31040.0,{}
918,00003ca6-09b7-79b7-b725-3f83431792c1,39,3248,51895.0,{}
919,00003ca6-09b7-79b7-b725-3f83431792c1,39,3248,52380.0,{}
920,00003ca6-09b7-79b7-b725-3f83431792c1,39,3248,56745.0,{}
921,00003ca6-09b7-79b7-b725-3f83431792c1,39,3248,51410.0,{}
922,00003ca6-09b7-79b7-b725-3f83431792c1,39,3248,51410.0,{}
923,00003ca6-09b7-79b7-b725-3f83431792c1,39,3248,31040.0,{}
924,00003ca6-09b7-79b7-b725-3f83431792c1,39,3248,31040.0,{}
925,00003ca6-09b7-79b7-b725-3f83431792c1,39,3248,31040.0,{}
926,00003ca6-09b7-79b7-b725-3f83431792c1,39,3248,31040.0,{}
927,00003ca6-09b7-79b7-b725-3f83431792c1,39,3248,31040.0,{}
928,00003ca6-09b7-79b7-b725-3f83431792c1,39,3248,62080.0,{}
929,00003ca6-09b7-79b7-b725-3f83431792c1,39,3248,62080.0,{}
930,00003ca6-09b7-79b7-b725-3f83431792c1,39,3248,61110.0,{}
931,00003ca6-09b7-79b7-b725-3f83431792c1,39,3248,32010.0,{}
932,00003ca6-09b7-79b7-b725-3f83431792c1,39,3248,46560.0,{}
933,00003ca6-09b7-79b7-b725-3f83431792c1,39,4266,5231920.0,{}
934,00003ca6-09b7-79b7-b725-3f83431792c1,39,4266,4796007.0,{}
935,00003ca6-09b7-79b7-b725-3f83431792c1,39,4266,4869333.0,{}
936,00003ca6-09b7-79b7-b725-3f83431792c1,39,4266,4843342.0,{}
937,00003ca6-09b7-79b7-b725-3f83431792c1,40,3248,48015.0,{}
938,00003ca6-09b7-79b7-b725-3f83431792c1,40,3248,49470.0,{}
939,00003ca6-09b7-79b7-b725-3f83431792c1,40,3248,62080.0,{}
940,00003ca6-09b7-79b7-b725-3f83431792c1,40,3248,57715.0,{}
941,00003ca6-09b7-79b7-b725-3f83431792c1,40,3248,46560.0,{}
942,00003ca6-09b7-79b7-b725-3f83431792c1,40,3248,31040.0,{}
943,00003ca6-09b7-79b7-b725-3f83431792c1,40,3248,31040.0,{}
944,00003ca6-09b7-79b7-b725-3f83431792c1,40,3248,31040.0,{}
945,00003ca6-09b7-79b7-b725-3f83431792c1,40,3248,31040.0,{}
946,00003ca6-09b7-79b7-b725-3f83431792c1,40,3248,31040.0,{}
947,00003ca6-09b7-79b7-b725-3f83431792c1,40,3248,52865.0,{}
948,00003ca6-09b7-79b7-b725-3f83431792c1,40,3248,61110.0,{}
949,00003ca6-09b7-79b7-b725-3f83431792c1,40,3248,60140.0,{}
950,00003ca6-09b7-79b7-b725-3f83431792c1,40,3248,44620.0,{}
951,00003ca6-09b7-79b7-b725-3f83431792c1,40,3248,45105.0,{}
952,00003ca6-09b7-79b7-b725-3f83431792c1,40,3248,31040.0,{}
953,00003ca6-09b7-79b7-b725-3f83431792c1,40,3248,31040.0,{}
954,00003ca6-09b7-79b7-b725-3f83431792c1,40,3248,31040.0,{}
955,00003ca6-09b7-79b7-b725-3f83431792c1,40,3248,31040.0,{}
956,00003ca6-09b7-79b7-b725-3f83431792c1,40,3248,31040.0,{}
957,00003ca6-09b7-79b7-b725-3f83431792c1,40,4266,4711738.0,{}
958,00003ca6-09b7-79b7-b725-3f83431792c1,40,4266,5246855.0,{}
959,00003ca6-09b7-79b7-b725-3f83431792c1,40,4266,5640499.0,{}
960,00003ca6-09b7-79b7-b725-3f83431792c1,40,4266,5633640.0,{}
961,00003ca6-09b7-79b7-b725-3f83431792c1,41,3248,52380.0,{}
962,00003ca6-09b7-79b7-b725-3f83431792c1,41,3248,58200.0,{}
963,00003ca6-09b7-79b7-b725-3f83431792c1,41,3248,46075.0,{}
964,00003ca6-09b7-79b7-b725-3f83431792c1,41,3248,46075.0,{}
965,00003ca6-09b7-79b7-b725-3f83431792c1,41,3248,61110.0,{}
966,00003ca6-09b7-79b7-b725-3f83431792c1,41,3248,31040.0,{}
967,00003ca6-09b7-79b7-b725-3f83431792c1,41,3248,31040.0,{}
968,00003ca6-09b7-79b7-b725-3f83431792c1,41,3248,31040.0,{}
969,00003ca6-09b7-79b7-b725-3f83431792c1,41,3248,31040.0,{}
970,00003ca6-09b7-79b7-b725-3f83431792c1,41,3248,31040.0,{}
971,00003ca6-09b7-79b7-b725-3f83431792c1,41,3248,31040.0,{}
972,00003ca6-09b7-79b7-b725-3f83431792c1,41,3248,31040.0,{}
973,00003ca6-09b7-79b7-b725-3f83431792c1,41,3248,31040.0,{}
974,00003ca6-09b7-79b7-b725-3f83431792c1,41,3248,31040.0,{}
975,00003ca6-09b7-79b7-b725-3f83431792c1,41,3248,31040.0,{}
976,00003ca6-09b7-79b7-b725-3f83431792c1,41,3248,62080.0,{}
977,00003ca6-09b7-79b7-b725-3f83431792c1,41,3248,46560.0,{}
978,00003ca6-09b7-79b7-b725-3f83431792c1,41,3248,52380.0,{}
979,00003ca6-09b7-79b7-b725-3f83431792c1,41,3248,45105.0,{}
980,00003ca6-09b7-79b7-b725-3f83431792c1,41,3248,57715.0,{}
981,00003ca6-09b7-79b7-b725-3f83431792c1,41,4266,4720887.0,{}
982,00003ca6-09b7-79b7-b725-3f83431792c1,41,4266,4582248.0,{}
983,00003ca6-09b7-79b7-b725-3f83431792c1,41,4266,4856431.0,{}
984,00003ca6-09b7-79b7-b725-3f83431792c1,41,4266,4485375.0,{}
985,00003ca6-09b7-79b7-b725-3f83431792c1,42,3248,49955.0,{}
986,00003ca6-09b7-79b7-b725-3f83431792c1,42,3248,51895.0,{}
987,00003ca6-09b7-79b7-b725-3f83431792c1,42,3248,55775.0,{}
988,00003ca6-09b7-79b7-b725-3f83431792c1,42,3248,56260.0,{}
989,00003ca6-09b7-79b7-b725-3f83431792c1,42,3248,49955.0,{}
990,00003ca6-09b7-79b7-b725-3f83431792c1,42,3248,31040.0,{}
991,00003ca6-09b7-79b7-b725-3f83431792c1,42,3248,31040.0,{}
992,00003ca6-09b7-79b7-b725-3f83431792c1,42,3248,31040.0,{}
993,00003ca6-09b7-79b7-b725-3f83431792c1,42,3248,31040.0,{}
994,00003ca6-09b7-79b7-b725-3f83431792c1,42,3248,31040.0,{}
995,00003ca6-09b7-79b7-b725-3f83431792c1,42,3248,50925.0,{}
996,00003ca6-09b7-79b7-b725-3f83431792c1,42,3248,59655.0,{}
997,00003ca6-09b7-79b7-b725-3f83431792c1,42,3248,59170.0,{}
998,00003ca6-09b7-79b7-b725-3f83431792c1,42,3248,45105.0,{}
999,00003ca6-09b7-79b7-b725-3f83431792c1,42,3248,48985.0,{}
1000,00003ca6-09b7-79b7-b725-3f83431792c1,42,3248,31040.0,{}
1001,00003ca6-09b7-79b7-b725-3f83431792c1,42,3248,31040.0,{}
1002,00003ca6-09b7-79b7-b725-3f83431792c1,42,3248,31040.0,{}
1003,00003ca6-09b7-79b7-b725-3f83431792c1,42,3248,31040.0,{}
1004,00003ca6-09b7-79b7-b725-3f83431792c1,42,3248,31040.0,{}
1005,00003ca6-09b7-79b7-b725-3f83431792c1,42,4266,5120447.0,{}
1006,00003ca6-09b7-79b7-b725-3f83431792c1,42,4266,5108089.0,{}
1007,00003ca6-09b7-79b7-b725-3f83431792c1,42,4266,5219487.0,{}
1008,00003ca6-09b7-79b7-b725-3f83431792c1,42,4266,5810044.0,{}
1009,00003ca6-09b7-79b7-b725-3f83431792c1,43,3248,36860.0,{}
1010,00003ca6-09b7-79b7-b725-3f83431792c1,43,3248,36860.0,{}
1011,00003ca6-09b7-79b7-b725-3f83431792c1,43,3248,36860.0,{}
1012,00003ca6-09b7-79b7-b725-3f83431792c1,43,3248,41710.0,{}
1013,00003ca6-09b7-79b7-b725-3f83431792c1,43,3248,37345.0,{}
1014,00003ca6-09b7-79b7-b725-3f83431792c1,43,3248,54320.0,{}
1015,00003ca6-09b7-79b7-b725-3f83431792c1,43,3248,42680.0,{}
1016,00003ca6-09b7-79b7-b725-3f83431792c1,43,3248,42680.0,{}
1017,00003ca6-09b7-79b7-b725-3f83431792c1,43,3248,47045.0,{}
1018,00003ca6-09b7-79b7-b725-3f83431792c1,43,3248,42680.0,{}
1019,00003ca6-09b7-79b7-b725-3f83431792c1,43,3248,46560.0,{}
1020,00003ca6-09b7-79b7-b725-3f83431792c1,43,3248,51895.0,{}
1021,00003ca6-09b7-79b7-b725-3f83431792c1,43,3248,46560.0,{}
1022,00003ca6-09b7-79b7-b725-3f83431792c1,43,3248,46560.0,{}
1023,00003ca6-09b7-79b7-b725-3f83431792c1,43,3248,46560.0,{}
1024,00003ca6-09b7-79b7-b725-3f83431792c1,43,3248,31040.0,{}
1025,00003ca6-09b7-79b7-b725-3f83431792c1,43,3248,41710.0,{}
1026,00003ca6-09b7-79b7-b725-3f83431792c1,43,3248,46075.0,{}
1027,00003ca6-09b7-79b7-b725-3f83431792c1,43,3248,31040.0,{}
1028,00003ca6-09b7-79b7-b725-3f83431792c1,43,3248,31040.0,{}
1029,00003ca6-09b7-79b7-b725-3f83431792c1,43,4266,5011421.0,{}
1030,00003ca6-09b7-79b7-b725-3f83431792c1,43,4266,5410643.0,{}
1031,00003ca6-09b7-79b7-b725-3f83431792c1,43,4266,5295680.0,{}
1032,00003ca6-09b7-79b7-b725-3f83431792c1,43,4266,6108665.0,{}
1033,00003ca6-09b7-79b7-b725-3f83431792c1,44,3248,37345.0,{}
1034,00003ca6-09b7-79b7-b725-3f83431792c1,44,3248,37345.0,{}
1035,00003ca6-09b7-79b7-b725-3f83431792c1,44,3248,36860.0,{}
1036,00003ca6-09b7-79b7-b725-3f83431792c1,44,3248,36860.0,{}
1037,00003ca6-09b7-79b7-b725-3f83431792c1,44,3248,36860.0,{}
1038,00003ca6-09b7-79b7-b725-3f83431792c1,44,3248,50925.0,{}
1039,00003ca6-09b7-79b7-b725-3f83431792c1,44,3248,48985.0,{}
1040,00003ca6-09b7-79b7-b725-3f83431792c1,44,3248,43650.0,{}
1041,00003ca6-09b7-79b7-b725-3f83431792c1,44,3248,44135.0,{}
1042,00003ca6-09b7-79b7-b725-3f83431792c1,44,3248,46075.0,{}
1043,00003ca6-09b7-79b7-b725-3f83431792c1,44,3248,48500.0,{}
1044,00003ca6-09b7-79b7-b725-3f83431792c1,44,3248,60140.0,{}
1045,00003ca6-09b7-79b7-b725-3f83431792c1,44,3248,46560.0,{}
1046,00003ca6-09b7-79b7-b725-3f83431792c1,44,3248,46560.0,{}
1047,00003ca6-09b7-79b7-b725-3f83431792c1,44,3248,46560.0,{}
1048,00003ca6-09b7-79b7-b725-3f83431792c1,44,3248,31040.0,{}
1049,00003ca6-09b7-79b7-b725-3f83431792c1,44,3248,31040.0,{}
1050,00003ca6-09b7-79b7-b725-3f83431792c1,44,3248,46560.0,{}
1051,00003ca6-09b7-79b7-b725-3f83431792c1,44,3248,31040.0,{}
1052,00003ca6-09b7-79b7-b725-3f83431792c1,44,3248,31040.0,{}
1053,00003ca6-09b7-79b7-b725-3f83431792c1,44,4266,5071522.0,{}
1054,00003ca6-09b7-79b7-b725-3f83431792c1,44,4266,6173774.0,{}
1055,00003ca6-09b7-79b7-b725-3f83431792c1,44,4266,5384629.0,{}
1056,00003ca6-09b7-79b7-b725-3f83431792c1,44,4266,5486170.0,{}
1057,00003ca6-09b7-79b7-b725-3f83431792c1,45,3248,51410.0,{}
1058,00003ca6-09b7-79b7-b725-3f83431792c1,45,3248,49955.0,{}
1059,00003ca6-09b7-79b7-b725-3f83431792c1,45,3248,47045.0,{}
1060,00003ca6-09b7-79b7-b725-3f83431792c1,45,3248,46560.0,{}
1061,00003ca6-09b7-79b7-b725-3f83431792c1,45,3248,54805.0,{}
1062,00003ca6-09b7-79b7-b725-3f83431792c1,45,3248,38800.0,{}
1063,00003ca6-09b7-79b7-b725-3f83431792c1,45,3248,31040.0,{}
1064,00003ca6-09b7-79b7-b725-3f83431792c1,45,3248,31040.0,{}
1065,00003ca6-09b7-79b7-b725-3f83431792c1,45,3248,37345.0,{}
1066,00003ca6-09b7-79b7-b725-3f83431792c1,45,3248,31040.0,{}
1067,00003ca6-09b7-79b7-b725-3f83431792c1,45,3248,31040.0,{}
1068,00003ca6-09b7-79b7-b725-3f83431792c1,45,3248,46560.0,{}
1069,00003ca6-09b7-79b7-b725-3f83431792c1,45,3248,42680.0,{}
1070,00003ca6-09b7-79b7-b725-3f83431792c1,45,3248,45105.0,{}
1071,00003ca6-09b7-79b7-b725-3f83431792c1,45,3248,58685.0,{}
1072,00003ca6-09b7-79b7-b725-3f83431792c1,45,3248,43165.0,{}
1073,00003ca6-09b7-79b7-b725-3f83431792c1,45,3248,44620.0,{}
1074,00003ca6-09b7-79b7-b725-3f83431792c1,45,3248,45105.0,{}
1075,00003ca6-09b7-79b7-b725-3f83431792c1,45,3248,31040.0,{}
1076,00003ca6-09b7-79b7-b725-3f83431792c1,45,3248,31040.0,{}
1077,00003ca6-09b7-79b7-b725-3f83431792c1,45,4266,5544343.0,{}
1078,00003ca6-09b7-79b7-b725-3f83431792c1,45,4266,5799855.0,{}
1079,00003ca6-09b7-79b7-b725-3f83431792c1,45,4266,5863137.0,{}
1080,00003ca6-09b7-79b7-b725-3f83431792c1,45,4266,5566781.0,{}
1081,00003ca6-09b7-79b7-b725-3f83431792c1,46,3248,36860.0,{}
1082,00003ca6-09b7-79b7-b725-3f83431792c1,46,3248,36375.0,{}
1083,00003ca6-09b7-79b7-b725-3f83431792c1,46,3248,31040.0,{}
1084,00003ca6-09b7-79b7-b725-3f83431792c1,46,3248,31040.0,{}
1085,00003ca6-09b7-79b7-b725-3f83431792c1,46,3248,36375.0,{}
1086,00003ca6-09b7-79b7-b725-3f83431792c1,46,3248,53835.0,{}
1087,00003ca6-09b7-79b7-b725-3f83431792c1,46,3248,46075.0,{}
1088,00003ca6-09b7-79b7-b725-3f83431792c1,46,3248,50440.0,{}
1089,00003ca6-09b7-79b7-b725-3f83431792c1,46,3248,50925.0,{}
1090,00003ca6-09b7-79b7-b725-3f83431792c1,46,3248,46075.0,{}
1091,00003ca6-09b7-79b7-b725-3f83431792c1,46,3248,38315.0,{}
1092,00003ca6-09b7-79b7-b725-3f83431792c1,46,3248,38800.0,{}
1093,00003ca6-09b7-79b7-b725-3f83431792c1,46,3248,42195.0,{}
1094,00003ca6-09b7-79b7-b725-3f83431792c1,46,3248,41710.0,{}
1095,00003ca6-09b7-79b7-b725-3f83431792c1,46,3248,31040.0,{}
1096,00003ca6-09b7-79b7-b725-3f83431792c1,46,3248,45590.0,{}
1097,00003ca6-09b7-79b7-b725-3f83431792c1,46,3248,52865.0,{}
1098,00003ca6-09b7-79b7-b725-3f83431792c1,46,3248,44620.0,{}
1099,00003ca6-09b7-79b7-b725-3f83431792c1,46,3248,52865.0,{}
1100,00003ca6-09b7-79b7-b725-3f83431792c1,46,3248,31040.0,{}
1101,00003ca6-09b7-79b7-b725-3f83431792c1,46,4266,5530387.0,{}
1102,00003ca6-09b7-79b7-b725-3f83431792c1,46,4266,5518367.0,{}
1103,00003ca6-09b7-79b7-b725-3f83431792c1,46,4266,5592570.0,{}
1104,00003ca6-09b7-79b7-b725-3f83431792c1,46,4266,5703258.0,{}
1105,00003ca6-09b7-79b7-b725-3f83431792c1,47,3248,32980.0,{}
1106,00003ca6-09b7-79b7-b725-3f83431792c1,47,3248,38315.0,{}
1107,00003ca6-09b7-79b7-b725-3f83431792c1,47,3248,32495.0,{}
1108,00003ca6-09b7-79b7-b725-3f83431792c1,47,3248,46560.0,{}
1109,00003ca6-09b7-79b7-b725-3f83431792c1,47,3248,46560.0,{}
1110,00003ca6-09b7-79b7-b725-3f83431792c1,47,3248,46560.0,{}
1111,00003ca6-09b7-79b7-b725-3f83431792c1,47,3248,48015.0,{}
1112,00003ca6-09b7-79b7-b725-3f83431792c1,47,3248,50440.0,{}
1113,00003ca6-09b7-79b7-b725-3f83431792c1,47,3248,43650.0,{}
1114,00003ca6-09b7-79b7-b725-3f83431792c1,47,3248,33465.0,{}
1115,00003ca6-09b7-79b7-b725-3f83431792c1,47,3248,40255.0,{}
1116,00003ca6-09b7-79b7-b725-3f83431792c1,47,3248,40255.0,{}
1117,00003ca6-09b7-79b7-b725-3f83431792c1,47,3248,40255.0,{}
1118,00003ca6-09b7-79b7-b725-3f83431792c1,47,3248,40255.0,{}
1119,00003ca6-09b7-79b7-b725-3f83431792c1,47,3248,40255.0,{}
1120,00003ca6-09b7-79b7-b725-3f83431792c1,47,3248,41225.0,{}
1121,00003ca6-09b7-79b7-b725-3f83431792c1,47,3248,40740.0,{}
1122,00003ca6-09b7-79b7-b725-3f83431792c1,47,3248,40740.0,{}
1123,00003ca6-09b7-79b7-b725-3f83431792c1,47,3248,53835.0,{}
1124,00003ca6-09b7-79b7-b725-3f83431792c1,47,3248,41225.0,{}
1125,00003ca6-09b7-79b7-b725-3f83431792c1,47,4266,5372387.0,{}
1126,00003ca6-09b7-79b7-b725-3f83431792c1,47,4266,4642823.0,{}
1127,00003ca6-09b7-79b7-b725-3f83431792c1,47,4266,5372786.0,{}
1128,00003ca6-09b7-79b7-b725-3f83431792c1,47,4266,4675954.0,{}
1129,00003ca6-09b7-79b7-b725-3f83431792c1,48,3248,31040.0,{}
1130,00003ca6-09b7-79b7-b725-3f83431792c1,48,3248,37345.0,{}
1131,00003ca6-09b7-79b7-b725-3f83431792c1,48,3248,37830.0,{}
1132,00003ca6-09b7-79b7-b725-3f83431792c1,48,3248,31040.0,{}
1133,00003ca6-09b7-79b7-b725-3f83431792c1,48,3248,31040.0,{}
1134,00003ca6-09b7-79b7-b725-3f83431792c1,48,3248,54320.0,{}
1135,00003ca6-09b7-79b7-b725-3f83431792c1,48,3248,48500.0,{}
1136,00003ca6-09b7-79b7-b725-3f83431792c1,48,3248,52865.0,{}
1137,00003ca6-09b7-79b7-b725-3f83431792c1,48,3248,48015.0,{}
1138,00003ca6-09b7-79b7-b725-3f83431792c1,48,3248,47045.0,{}
1139,00003ca6-09b7-79b7-b725-3f83431792c1,48,3248,41710.0,{}
1140,00003ca6-09b7-79b7-b725-3f83431792c1,48,3248,31040.0,{}
1141,00003ca6-09b7-79b7-b725-3f83431792c1,48,3248,52865.0,{}
1142,00003ca6-09b7-79b7-b725-3f83431792c1,48,3248,44620.0,{}
1143,00003ca6-09b7-79b7-b725-3f83431792c1,48,3248,31040.0,{}
1144,00003ca6-09b7-79b7-b725-3f83431792c1,48,3248,54320.0,{}
1145,00003ca6-09b7-79b7-b725-3f83431792c1,48,3248,42680.0,{}
1146,00003ca6-09b7-79b7-b725-3f83431792c1,48,3248,31040.0,{}
1147,00003ca6-09b7-79b7-b725-3f83431792c1,48,3248,44135.0,{}
1148,00003ca6-09b7-79b7-b725-3f83431792c1,48,3248,45590.0,{}
1149,00003ca6-09b7-79b7-b725-3f83431792c1,48,4266,5567904.0,{}
1150,00003ca6-09b7-79b7-b725-3f83431792c1,48,4266,5870242.0,{}
1151,00003ca6-09b7-79b7-b725-3f83431792c1,48,4266,5562187.0,{}
1152,00003ca6-09b7-79b7-b725-3f83431792c1,48,4266,5523352.0,{}

=== TABLE: top_kernels ===name,total_calls,total_duration,average,percentage
gemm_gate_up_mq4g256_lloyd_wmma,39,106996.717,2743.505,99.8887615823056
__amd_rocclr_fillBufferAligned,6,98.955,16.492,0.0923812681315918
convert_f32_to_f16,3,20.199,6.733,0.0188571495628318

